date,hub,hub_name,month,season,day_of_week,capacity,passengers_expected,passengers_boarded,load_factor,on_time,cancelled,ticket_revenue,ancillary_revenue,total_revenue,complaints,bags_checked,bags_mishandled
2025-03-13,BOM,Mumbai,3,Spring,Sat,180,154,154,0.856,True,False,694757,47749,742506,0,167,0
2025-12-01,BOM,Mumbai,12,Winter,Mon,180,150,150,0.834,True,False,621288,54708,675996,0,172,1
2025-05-20,BOM,Mumbai,5,Summer,Tue,180,169,169,0.936,True,False,705936,51606,757542,0,189,1
2025-02-12,HYD,Hyderabad,2,Winter,Thu,180,121,121,0.67,True,False,392323,34754,427077,0,136,2
2025-05-24,DEL,Delhi,5,Summer,Sun,180,151,151,0.841,True,False,689913,47159,737072,0,172,2
2025-09-16,HYD,Hyderabad,9,Monsoon,Mon,180,140,140,0.78,True,False,528196,42229,570425,0,157,1
2025-06-25,DEL,Delhi,6,Summer,Mon,180,142,142,0.789,True,False,648779,44803,693582,0,167,2
2025-07-17,BOM,Mumbai,7,Monsoon,Sun,180,133,133,0.741,True,False,540888,47781,588669,0,153,0
2025-10-12,HYD,Hyderabad,10,Post-Monsoon,Sat,180,153,153,0.852,True,False,644655,51848,696503,0,165,1
2025-01-14,DEL,Delhi,1,Winter,Sun,180,132,132,0.736,True,False,492199,53073,545272,0,141,0
2025-12-10,DEL,Delhi,12,Winter,Wed,180,146,146,0.812,True,False,622843,59738,682581,0,169,0
2025-02-01,CCU,Kolkata,2,Winter,Thu,180,110,110,0.614,False,False,392994,34900,427894,0,127,1
2025-10-08,BLR,Bengaluru,10,Post-Monsoon,Sat,180,140,140,0.775,True,False,613109,48566,661675,0,143,1
2025-01-22,DEL,Delhi,1,Winter,Mon,180,148,148,0.824,True,False,589825,46952,636777,0,164,0
2025-12-17,BLR,Bengaluru,12,Winter,Wed,180,120,120,0.665,False,False,446203,46430,492633,0,140,1
2025-11-13,DEL,Delhi,11,Post-Monsoon,Mon,180,143,143,0.796,False,False,721791,44410,766201,0,147,2
2025-01-03,DEL,Delhi,1,Winter,Tue,180,115,115,0.637,False,False,480950,43356,524306,0,122,1
2025-01-03,HYD,Hyderabad,1,Winter,Sat,180,119,119,0.662,True,False,419467,39977,459444,0,138,0
2025-12-04,BLR,Bengaluru,12,Winter,Sat,180,133,133,0.74,True,False,495076,46315,541391,0,145,1
2025-06-02,BLR,Bengaluru,6,Summer,Sat,180,162,162,0.903,True,False,647914,52056,699970,0,182,0
2025-04-19,HYD,Hyderabad,4,Spring,Wed,180,152,152,0.844,True,False,592392,56531,648923,0,163,0
2025-07-14,HYD,Hyderabad,7,Monsoon,Fri,180,140,140,0.779,True,False,520822,40829,561651,0,153,0
2025-12-04,HYD,Hyderabad,12,Winter,Wed,180,139,139,0.773,True,False,490714,46779,537493,0,159,1
2025-09-14,DEL,Delhi,9,Monsoon,Sun,180,125,125,0.693,True,False,570583,49724,620307,0,128,1
2025-12-25,BLR,Bengaluru,12,Winter,Sun,180,158,158,0.88,True,False,628780,47227,676007,0,181,1
2025-12-05,CCU,Kolkata,12,Winter,Mon,180,149,149,0.825,False,False,538882,47574,586456,0,154,0
2025-08-19,BLR,Bengaluru,8,Monsoon,Thu,180,132,132,0.732,False,False,510922,40202,551124,0,135,2
2025-06-18,HYD,Hyderabad,6,Summer,Thu,180,155,155,0.864,True,False,560746,44508,605254,0,160,1
2025-01-23,BLR,Bengaluru,1,Winter,Tue,180,112,112,0.62,True,False,406747,36952,443699,0,128,0
2025-06-22,DEL,Delhi,6,Summer,Sun,180,139,139,0.774,True,False,616842,43195,660037,0,145,1
2025-01-03,BLR,Bengaluru,1,Winter,Fri,180,131,131,0.725,True,False,480295,44783,525078,0,139,1
2025-10-23,BOM,Mumbai,10,Post-Monsoon,Mon,180,160,160,0.889,True,False,811150,56734,867884,0,178,0
2025-12-11,DEL,Delhi,12,Winter,Tue,180,136,136,0.754,True,False,582417,47655,630072,0,148,1
2025-03-04,CCU,Kolkata,3,Spring,Fri,180,138,138,0.768,True,False,511201,49093,560294,0,149,1
2025-11-24,CCU,Kolkata,11,Post-Monsoon,Tue,180,162,162,0.9,True,False,719460,56301,775761,0,180,1
2025-10-15,BOM,Mumbai,10,Post-Monsoon,Sat,180,160,160,0.887,True,False,819706,53874,873580,0,184,0
2025-12-22,DEL,Delhi,12,Winter,Sat,180,150,150,0.836,False,False,646880,61938,708818,3,164,1
2025-02-07,BLR,Bengaluru,2,Winter,Sun,180,141,0,0.783,False,True,0,0,0,0,0,0
2025-11-15,HYD,Hyderabad,11,Post-Monsoon,Sun,180,163,163,0.904,True,False,725180,49334,774514,0,186,0
2025-04-16,BLR,Bengaluru,4,Spring,Mon,180,148,148,0.824,True,False,565161,57549,622710,0,158,0
2025-11-22,DEL,Delhi,11,Post-Monsoon,Sat,180,132,132,0.736,True,False,628108,44706,672814,0,156,0
2025-04-15,DEL,Delhi,4,Spring,Tue,180,156,156,0.865,False,False,659501,61559,721060,0,180,0
2025-11-15,BLR,Bengaluru,11,Post-Monsoon,Sat,180,163,163,0.904,True,False,706964,62146,769110,0,190,1
2025-02-15,DEL,Delhi,2,Winter,Tue,180,131,131,0.73,False,False,501924,40902,542826,0,146,2
2025-07-07,DEL,Delhi,7,Monsoon,Sat,180,143,143,0.792,True,False,617030,47804,664834,0,167,1
2025-03-15,DEL,Delhi,3,Spring,Thu,180,145,145,0.807,False,False,620932,47468,668400,0,159,2
2025-02-04,DEL,Delhi,2,Winter,Sun,180,152,152,0.842,True,False,578907,46720,625627,0,167,0
2025-02-19,BOM,Mumbai,2,Winter,Sun,180,129,129,0.717,True,False,498779,43055,541834,0,132,0
2025-04-23,CCU,Kolkata,4,Spring,Tue,180,146,146,0.809,True,False,544611,57788,602399,0,171,0
2025-06-25,DEL,Delhi,6,Summer,Sun,180,152,152,0.842,True,False,676521,54329,730850,0,167,0
2025-05-09,CCU,Kolkata,5,Summer,Sat,180,162,162,0.897,True,False,597546,46069,643615,0,170,0
2025-12-05,BLR,Bengaluru,12,Winter,Tue,180,145,145,0.804,True,False,579689,41849,621538,0,170,2
2025-02-17,DEL,Delhi,2,Winter,Fri,180,151,151,0.841,True,False,586659,46695,633354,0,159,1
2025-12-13,CCU,Kolkata,12,Winter,Fri,180,126,126,0.701,True,False,493342,44437,537779,0,146,1
2025-12-11,BLR,Bengaluru,12,Winter,Thu,180,149,149,0.826,True,False,590739,49681,640420,0,170,0
2025-08-26,CCU,Kolkata,8,Monsoon,Thu,180,137,137,0.763,True,False,504214,52161,556375,0,145,0
2025-12-07,CCU,Kolkata,12,Winter,Sat,180,151,151,0.84,True,False,552826,60143,612969,0,166,0
2025-04-02,DEL,Delhi,4,Spring,Sat,180,148,148,0.823,True,False,687940,44733,732673,0,160,0
2025-06-17,BOM,Mumbai,6,Summer,Fri,180,149,149,0.829,False,False,647852,50210,698062,0,162,1
2025-11-21,HYD,Hyderabad,11,Post-Monsoon,Sat,180,145,145,0.804,True,False,597216,54973,652189,0,160,1
2025-09-13,CCU,Kolkata,9,Monsoon,Tue,180,137,137,0.76,True,False,500926,48693,549619,0,154,0
2025-03-04,DEL,Delhi,3,Spring,Sun,180,133,133,0.738,True,False,552249,52799,605048,0,141,0
2025-08-25,CCU,Kolkata,8,Monsoon,Sun,180,126,126,0.7,True,False,459690,40121,499811,0,134,3
2025-01-26,BLR,Bengaluru,1,Winter,Fri,180,136,136,0.757,True,False,465060,38550,503610,0,146,0
2025-04-03,CCU,Kolkata,4,Spring,Mon,180,125,125,0.696,True,False,493668,47103,540771,0,147,0
2025-02-11,DEL,Delhi,2,Winter,Sun,180,139,139,0.771,True,False,553944,46573,600517,0,153,1
2025-05-26,DEL,Delhi,5,Summer,Wed,180,144,144,0.799,True,False,607736,58755,666491,0,154,1
2025-01-01,BLR,Bengaluru,1,Winter,Mon,180,130,130,0.72,True,False,450086,40233,490319,0,150,0
2025-07-20,BOM,Mumbai,7,Monsoon,Sat,180,130,130,0.724,True,False,564111,47228,611339,0,150,2
2025-10-19,DEL,Delhi,10,Post-Monsoon,Wed,180,132,132,0.734,True,False,638395,46484,684879,0,144,2
2025-06-13,DEL,Delhi,6,Summer,Mon,180,153,153,0.848,False,False,693605,57368,750973,0,163,1
2025-10-18,DEL,Delhi,10,Post-Monsoon,Mon,180,162,162,0.897,False,False,864002,49321,913323,1,190,1
2025-01-09,BOM,Mumbai,1,Winter,Fri,180,138,138,0.769,True,False,533804,46185,579989,0,144,1
2025-10-03,BLR,Bengaluru,10,Post-Monsoon,Tue,180,156,156,0.869,False,False,716534,61003,777537,0,181,0
2025-04-22,DEL,Delhi,4,Spring,Mon,180,150,150,0.836,True,False,639278,58397,697675,0,161,1
2025-09-01,BOM,Mumbai,9,Monsoon,Tue,180,122,122,0.677,False,False,548670,42277,590947,0,141,0
2025-12-10,BLR,Bengaluru,12,Winter,Wed,180,155,155,0.864,True,False,607839,47952,655791,0,174,1
2025-03-08,DEL,Delhi,3,Spring,Sun,180,136,136,0.758,True,False,587875,53369,641244,0,159,1
2025-11-20,HYD,Hyderabad,11,Post-Monsoon,Thu,180,132,132,0.736,False,False,563970,53017,616987,0,147,0
2025-06-15,DEL,Delhi,6,Summer,Mon,180,145,145,0.803,True,False,623238,54115,677353,0,162,1
2025-03-17,BOM,Mumbai,3,Spring,Tue,180,146,146,0.812,True,False,603829,48396,652225,0,153,0
2025-05-04,DEL,Delhi,5,Summer,Mon,180,142,142,0.791,True,False,591449,44633,636082,0,147,0
2025-02-20,BOM,Mumbai,2,Winter,Sat,180,117,117,0.652,True,False,462931,33971,496902,0,124,2
2025-04-23,BOM,Mumbai,4,Spring,Sun,180,141,141,0.783,True,False,593633,53851,647484,0,149,1
2025-06-25,DEL,Delhi,6,Summer,Wed,180,142,142,0.789,True,False,610099,46131,656230,0,165,0
2025-03-16,BOM,Mumbai,3,Spring,Sat,180,168,168,0.934,True,False,705684,64823,770507,0,190,1
2025-12-20,BLR,Bengaluru,12,Winter,Mon,180,138,138,0.767,True,False,553539,52539,606078,0,143,0
2025-04-20,BLR,Bengaluru,4,Spring,Sun,180,153,153,0.85,True,False,574323,45320,619643,0,164,2
2025-03-06,BOM,Mumbai,3,Spring,Mon,180,154,154,0.854,True,False,632652,47409,680061,0,179,3
2025-05-02,BOM,Mumbai,5,Summer,Fri,180,143,143,0.796,True,False,608692,53290,661982,0,158,2
2025-01-25,BLR,Bengaluru,1,Winter,Sat,180,105,105,0.583,True,False,357980,34454,392434,0,122,0
2025-03-11,BLR,Bengaluru,3,Spring,Tue,180,141,141,0.785,True,False,533436,44010,577446,0,154,1
2025-07-14,BLR,Bengaluru,7,Monsoon,Thu,180,147,147,0.816,True,False,567749,45843,613592,0,153,1
2025-07-04,CCU,Kolkata,7,Monsoon,Sun,180,149,149,0.826,False,False,570679,54551,625230,0,162,2
2025-08-14,DEL,Delhi,8,Monsoon,Tue,180,143,143,0.797,True,False,663237,56021,719258,0,146,0
2025-02-09,HYD,Hyderabad,2,Winter,Fri,180,129,129,0.716,True,False,431654,50845,482499,0,147,0
2025-10-09,CCU,Kolkata,10,Post-Monsoon,Fri,180,176,176,0.98,True,False,794132,62484,856616,0,203,0
2025-07-10,HYD,Hyderabad,7,Monsoon,Wed,180,130,130,0.723,True,False,474104,42747,516851,0,152,0
2025-08-15,BOM,Mumbai,8,Monsoon,Wed,180,132,132,0.736,True,False,600225,46483,646708,1,138,2
2025-09-22,HYD,Hyderabad,9,Monsoon,Thu,180,147,147,0.816,False,False,542495,59839,602334,0,150,1
2025-04-06,HYD,Hyderabad,4,Spring,Wed,180,161,161,0.892,True,False,561396,67226,628622,0,175,0
2025-09-10,HYD,Hyderabad,9,Monsoon,Sat,180,126,126,0.698,True,False,490869,39277,530146,0,132,0
2025-11-26,DEL,Delhi,11,Post-Monsoon,Mon,180,169,169,0.939,True,False,894343,70227,964570,0,174,0
2025-05-20,BLR,Bengaluru,5,Summer,Tue,180,150,150,0.835,True,False,595113,60940,656053,0,176,2
2025-09-01,BLR,Bengaluru,9,Monsoon,Tue,180,127,127,0.704,True,False,472798,45201,517999,0,138,3
2025-10-13,BLR,Bengaluru,10,Post-Monsoon,Thu,180,142,142,0.789,True,False,643569,55753,699322,0,161,0
2025-12-24,BLR,Bengaluru,12,Winter,Sat,180,152,152,0.845,False,False,626535,51646,678181,0,179,1
2025-03-25,BLR,Bengaluru,3,Spring,Wed,180,141,141,0.782,True,False,534823,57515,592338,0,159,0
2025-05-25,BLR,Bengaluru,5,Summer,Fri,180,158,158,0.878,True,False,600700,65090,665790,0,175,2
2025-09-11,BLR,Bengaluru,9,Monsoon,Sun,180,140,140,0.78,False,False,513365,50006,563371,0,162,1
2025-02-09,BOM,Mumbai,2,Winter,Tue,180,127,127,0.703,True,False,513576,50736,564312,0,146,1
2025-08-21,BOM,Mumbai,8,Monsoon,Thu,180,132,132,0.732,True,False,546989,37624,584613,0,146,1
2025-03-24,CCU,Kolkata,3,Spring,Sun,180,160,160,0.887,True,False,581868,60817,642685,0,183,2
2025-08-04,BLR,Bengaluru,8,Monsoon,Thu,180,154,154,0.858,True,False,582487,43289,625776,0,177,2
2025-04-26,HYD,Hyderabad,4,Spring,Fri,180,144,144,0.798,True,False,561700,57301,619001,0,168,1
2025-04-03,DEL,Delhi,4,Spring,Wed,180,154,154,0.857,True,False,716233,58290,774523,0,172,3
2025-08-05,BOM,Mumbai,8,Monsoon,Sat,180,128,128,0.709,True,False,574373,52953,627326,0,146,1
2025-06-18,BLR,Bengaluru,6,Summer,Sat,180,115,115,0.637,True,False,474968,44841,519809,0,123,1
2025-03-28,BLR,Bengaluru,3,Spring,Sat,180,134,134,0.746,True,False,492305,53743,546048,0,155,2
2025-09-09,DEL,Delhi,9,Monsoon,Thu,180,143,143,0.794,True,False,609467,43020,652487,0,148,0
2025-10-24,DEL,Delhi,10,Post-Monsoon,Mon,180,174,174,0.969,True,False,918849,60662,979511,0,188,1
2025-07-26,DEL,Delhi,7,Monsoon,Tue,180,136,136,0.756,False,False,615921,43305,659226,0,157,2
2025-01-22,BLR,Bengaluru,1,Winter,Tue,180,139,139,0.77,True,False,505688,42279,547967,0,144,1
2025-04-24,HYD,Hyderabad,4,Spring,Sat,180,142,142,0.789,False,False,515810,49960,565770,2,165,6
2025-09-19,BOM,Mumbai,9,Monsoon,Fri,180,144,144,0.8,False,False,601656,52307,653963,0,166,2
2025-05-11,BOM,Mumbai,5,Summer,Fri,180,152,152,0.843,True,False,623575,62778,686353,0,167,1
2025-03-28,DEL,Delhi,3,Spring,Thu,180,142,142,0.789,True,False,647553,47553,695106,0,151,1
2025-09-16,CCU,Kolkata,9,Monsoon,Tue,180,174,174,0.969,True,False,670406,48752,719158,1,190,3
2025-04-18,DEL,Delhi,4,Spring,Sun,180,149,149,0.83,True,False,656757,51646,708403,0,166,1
2025-06-21,BOM,Mumbai,6,Summer,Sun,180,129,0,0.719,False,True,0,0,0,0,0,0
2025-05-05,BOM,Mumbai,5,Summer,Sun,180,127,127,0.708,True,False,518277,49500,567777,0,135,0
2025-07-22,BOM,Mumbai,7,Monsoon,Sun,180,127,127,0.704,True,False,560715,47127,607842,0,143,0
2025-12-08,HYD,Hyderabad,12,Winter,Sun,180,140,140,0.779,False,False,505347,43669,549016,2,153,1
2025-06-22,DEL,Delhi,6,Summer,Fri,180,134,134,0.743,True,False,587020,38276,625296,0,140,2
2025-07-02,DEL,Delhi,7,Monsoon,Sat,180,138,138,0.766,True,False,573310,51817,625127,0,156,1
2025-10-21,DEL,Delhi,10,Post-Monsoon,Mon,180,156,156,0.865,True,False,813202,44677,857879,0,181,1
2025-08-08,BOM,Mumbai,8,Monsoon,Fri,180,122,122,0.676,False,False,532475,49044,581519,0,132,1
2025-01-22,DEL,Delhi,1,Winter,Tue,180,114,114,0.634,True,False,450118,45111,495229,0,133,0
2025-03-15,BLR,Bengaluru,3,Spring,Wed,180,136,136,0.755,True,False,534089,51282,585371,0,152,0
2025-06-19,BOM,Mumbai,6,Summer,Tue,180,131,131,0.73,True,False,575975,37874,613849,0,137,0
2025-11-27,DEL,Delhi,11,Post-Monsoon,Fri,180,157,157,0.87,True,False,790802,61327,852129,0,167,1
2025-09-09,HYD,Hyderabad,9,Monsoon,Sun,180,139,139,0.77,True,False,544273,47887,592160,0,151,1
2025-08-08,DEL,Delhi,8,Monsoon,Mon,180,139,139,0.774,True,False,634123,56297,690420,0,157,0
2025-05-08,DEL,Delhi,5,Summer,Fri,180,163,163,0.904,True,False,726287,59836,786123,1,175,1
2025-07-24,BLR,Bengaluru,7,Monsoon,Tue,180,143,143,0.793,True,False,542429,46526,588955,0,150,0
2025-05-04,BLR,Bengaluru,5,Summer,Thu,180,148,148,0.823,True,False,585139,62129,647268,0,163,0
2025-03-17,DEL,Delhi,3,Spring,Fri,180,147,147,0.816,True,False,639658,53537,693195,0,153,2
2025-11-15,BOM,Mumbai,11,Post-Monsoon,Sat,180,159,159,0.882,False,False,767630,56340,823970,0,185,2
2025-01-15,BOM,Mumbai,1,Winter,Sat,180,138,138,0.764,True,False,545183,47399,592582,0,149,2
2025-03-06,BLR,Bengaluru,3,Spring,Fri,180,151,151,0.839,True,False,589390,44826,634216,0,174,1
2025-05-19,CCU,Kolkata,5,Summer,Tue,180,132,132,0.735,True,False,484153,38517,522670,0,135,0
2025-11-15,HYD,Hyderabad,11,Post-Monsoon,Fri,180,162,162,0.903,False,False,662115,54962,717077,0,169,1
2025-02-19,CCU,Kolkata,2,Winter,Sat,180,131,131,0.727,True,False,423223,42516,465739,0,154,1
2025-07-03,DEL,Delhi,7,Monsoon,Sat,180,127,127,0.705,True,False,546049,50661,596710,0,143,0
2025-02-22,BLR,Bengaluru,2,Winter,Tue,180,137,137,0.759,False,False,503583,55020,558603,0,144,3
2025-12-27,HYD,Hyderabad,12,Winter,Tue,180,147,147,0.818,True,False,533396,58460,591856,0,165,1
2025-07-23,BLR,Bengaluru,7,Monsoon,Fri,180,158,158,0.878,True,False,606897,61797,668694,0,182,0
2025-08-12,BLR,Bengaluru,8,Monsoon,Wed,180,136,136,0.757,True,False,508423,54687,563110,0,160,1
2025-07-24,HYD,Hyderabad,7,Monsoon,Sat,180,137,137,0.76,True,False,480975,57412,538387,0,152,0
2025-12-09,DEL,Delhi,12,Winter,Wed,180,158,158,0.876,True,False,732117,49203,781320,0,166,2
2025-11-07,DEL,Delhi,11,Post-Monsoon,Fri,180,165,165,0.918,False,False,799424,64531,863955,0,183,0
2025-10-19,BOM,Mumbai,10,Post-Monsoon,Tue,180,150,150,0.833,True,False,741262,43282,784544,0,161,4
2025-11-17,BLR,Bengaluru,11,Post-Monsoon,Thu,180,150,150,0.834,True,False,646042,51801,697843,0,158,2
2025-09-07,BLR,Bengaluru,9,Monsoon,Tue,180,134,134,0.743,True,False,549973,42381,592354,0,155,1
2025-06-05,HYD,Hyderabad,6,Summer,Wed,180,133,133,0.737,True,False,520260,39375,559635,0,140,3
2025-12-06,DEL,Delhi,12,Winter,Mon,180,128,128,0.709,False,False,574163,53659,627822,0,140,0
2025-03-23,HYD,Hyderabad,3,Spring,Sat,180,139,139,0.773,True,False,542800,41338,584138,0,163,0
2025-06-24,BLR,Bengaluru,6,Summer,Wed,180,146,146,0.813,True,False,565513,42686,608199,0,166,1
2025-10-07,DEL,Delhi,10,Post-Monsoon,Fri,180,143,143,0.795,True,False,754761,45720,800481,0,149,0
2025-12-15,BLR,Bengaluru,12,Winter,Sun,180,142,142,0.789,True,False,570343,54850,625193,0,162,0
2025-05-21,BLR,Bengaluru,5,Summer,Thu,180,155,155,0.863,False,False,583836,58834,642670,0,161,0
2025-09-27,DEL,Delhi,9,Monsoon,Wed,180,127,127,0.708,True,False,557373,35631,593004,0,135,2
2025-01-06,HYD,Hyderabad,1,Winter,Sat,180,118,118,0.656,True,False,389528,45432,434960,0,132,0
2025-07-20,DEL,Delhi,7,Monsoon,Fri,180,120,120,0.664,True,False,548566,36815,585381,0,137,0
2025-11-08,BOM,Mumbai,11,Post-Monsoon,Sat,180,157,157,0.871,True,False,776233,58892,835125,0,178,0
2025-08-23,HYD,Hyderabad,8,Monsoon,Sun,180,138,138,0.769,True,False,490481,39894,530375,0,154,0
2025-09-08,DEL,Delhi,9,Monsoon,Fri,180,156,156,0.867,True,False,685202,60630,745832,0,164,0
2025-12-18,CCU,Kolkata,12,Winter,Mon,180,132,132,0.736,True,False,507837,41055,548892,2,145,0
2025-01-20,DEL,Delhi,1,Winter,Thu,180,140,140,0.778,True,False,584136,46335,630471,0,152,0
2025-02-14,BLR,Bengaluru,2,Winter,Thu,180,127,127,0.708,False,False,455035,47896,502931,0,132,0
2025-12-02,BOM,Mumbai,12,Winter,Sun,180,140,140,0.778,False,False,610930,40896,651826,0,146,1
2025-11-21,BOM,Mumbai,11,Post-Monsoon,Mon,180,135,135,0.753,False,False,633609,50961,684570,0,141,1
2025-04-07,DEL,Delhi,4,Spring,Wed,180,133,0,0.737,False,True,0,0,0,0,0,0
2025-04-02,CCU,Kolkata,4,Spring,Fri,180,158,158,0.876,True,False,587745,62560,650305,0,170,0
2025-08-07,DEL,Delhi,8,Monsoon,Thu,180,122,122,0.676,True,False,529695,49646,579341,0,144,2
2025-10-20,BLR,Bengaluru,10,Post-Monsoon,Thu,180,154,154,0.855,True,False,662209,47457,709666,0,158,1
2025-12-17,HYD,Hyderabad,12,Winter,Thu,180,156,156,0.869,True,False,553157,65490,618647,0,162,0
2025-03-27,BOM,Mumbai,3,Spring,Sun,180,138,138,0.768,False,False,620736,39745,660481,0,155,3
2025-04-10,DEL,Delhi,4,Spring,Wed,180,143,143,0.794,True,False,621548,45384,666932,0,152,0
2025-12-16,BLR,Bengaluru,12,Winter,Sat,180,117,117,0.649,True,False,478715,32824,511539,0,134,1
2025-07-08,BLR,Bengaluru,7,Monsoon,Sat,180,149,149,0.829,True,False,594928,52529,647457,1,172,0
2025-02-09,BLR,Bengaluru,2,Winter,Tue,180,154,154,0.855,True,False,520120,54428,574548,0,181,1
2025-04-20,DEL,Delhi,4,Spring,Fri,180,152,152,0.846,True,False,704770,61072,765842,0,163,0
2025-08-17,DEL,Delhi,8,Monsoon,Thu,180,120,120,0.669,False,False,521271,46489,567760,1,126,0
2025-09-04,HYD,Hyderabad,9,Monsoon,Sat,180,132,132,0.731,True,False,490845,52957,543802,0,153,0
2025-03-20,BOM,Mumbai,3,Spring,Tue,180,156,156,0.866,True,False,661989,45149,707138,0,181,0
2025-05-13,DEL,Delhi,5,Summer,Wed,180,131,131,0.726,True,False,564934,40881,605815,0,142,0
2025-05-23,DEL,Delhi,5,Summer,Wed,180,146,146,0.814,True,False,633789,54722,688511,0,153,1
2025-04-05,BOM,Mumbai,4,Spring,Mon,180,142,142,0.787,True,False,585112,57739,642851,0,150,0
2025-07-26,BOM,Mumbai,7,Monsoon,Sat,180,142,142,0.787,False,False,604047,41746,645793,0,163,0
2025-12-23,CCU,Kolkata,12,Winter,Sun,180,153,153,0.851,False,False,552220,62460,614680,0,167,4
2025-10-21,CCU,Kolkata,10,Post-Monsoon,Mon,180,176,176,0.98,True,False,756169,62195,818364,0,188,1
2025-09-25,DEL,Delhi,9,Monsoon,Thu,180,151,151,0.84,True,False,669444,49012,718456,0,166,0
2025-11-16,BOM,Mumbai,11,Post-Monsoon,Mon,180,145,145,0.806,True,False,682931,51812,734743,0,166,0
2025-11-20,BLR,Bengaluru,11,Post-Monsoon,Sun,180,152,152,0.843,False,False,646890,48196,695086,0,159,0
2025-09-12,CCU,Kolkata,9,Monsoon,Thu,180,117,117,0.649,True,False,431967,39491,471458,0,137,0
2025-06-26,DEL,Delhi,6,Summer,Thu,180,150,150,0.835,True,False,658863,48866,707729,0,166,2
2025-08-17,BLR,Bengaluru,8,Monsoon,Sat,180,141,141,0.784,True,False,566661,39969,606630,1,154,0
2025-01-04,CCU,Kolkata,1,Winter,Tue,180,141,141,0.784,True,False,480103,52315,532418,0,144,0
2025-07-06,BLR,Bengaluru,7,Monsoon,Fri,180,165,165,0.919,True,False,653392,59563,712955,0,191,0
2025-04-22,BOM,Mumbai,4,Spring,Thu,180,133,133,0.739,True,False,586808,47626,634434,0,147,0
2025-03-10,DEL,Delhi,3,Spring,Thu,180,154,154,0.856,True,False,718056,63713,781769,0,166,3
2025-01-25,BLR,Bengaluru,1,Winter,Sat,180,131,131,0.727,True,False,485497,44945,530442,0,140,0
2025-10-13,CCU,Kolkata,10,Post-Monsoon,Sun,180,145,145,0.803,False,False,607211,42508,649719,0,162,1
2025-07-22,BOM,Mumbai,7,Monsoon,Wed,180,135,135,0.748,False,False,564328,39674,604002,0,147,3
2025-07-25,HYD,Hyderabad,7,Monsoon,Wed,180,121,121,0.674,True,False,421531,49210,470741,0,128,1
2025-07-20,BLR,Bengaluru,7,Monsoon,Mon,180,146,146,0.809,True,False,602239,42294,644533,0,161,0
2025-05-02,HYD,Hyderabad,5,Summer,Sun,180,108,108,0.599,True,False,416749,40624,457373,0,117,1
2025-11-05,BLR,Bengaluru,11,Post-Monsoon,Mon,180,139,139,0.774,True,False,649570,43419,692989,0,150,0
2025-08-28,BLR,Bengaluru,8,Monsoon,Wed,180,139,139,0.774,True,False,518483,52866,571349,0,142,1
2025-03-22,BOM,Mumbai,3,Spring,Wed,180,129,129,0.717,False,False,528040,41111,569151,0,144,0
2025-06-06,BOM,Mumbai,6,Summer,Thu,180,128,128,0.709,True,False,573163,41592,614755,0,148,2
2025-09-11,BOM,Mumbai,9,Monsoon,Wed,180,151,151,0.837,True,False,634843,44314,679157,0,166,2
2025-06-26,DEL,Delhi,6,Summer,Mon,180,150,150,0.833,True,False,625680,61768,687448,0,171,0
2025-03-27,BLR,Bengaluru,3,Spring,Mon,180,131,131,0.726,False,False,515895,42974,558869,0,145,1
2025-12-27,BOM,Mumbai,12,Winter,Sat,180,121,121,0.674,True,False,543992,45658,589650,0,139,1
2025-01-02,BLR,Bengaluru,1,Winter,Sun,180,134,134,0.746,True,False,484518,51701,536219,0,158,0
2025-03-11,CCU,Kolkata,3,Spring,Sat,180,127,127,0.706,True,False,499045,47635,546680,0,139,3
2025-06-02,CCU,Kolkata,6,Summer,Tue,180,140,140,0.776,False,False,557835,47009,604844,0,155,0
2025-09-07,CCU,Kolkata,9,Monsoon,Fri,180,149,149,0.829,True,False,561586,45735,607321,0,175,0
2025-10-25,DEL,Delhi,10,Post-Monsoon,Wed,180,161,161,0.893,True,False,791940,60152,852092,0,188,1
2025-06-07,BLR,Bengaluru,6,Summer,Thu,180,128,128,0.71,True,False,500621,37908,538529,0,133,1
2025-11-06,HYD,Hyderabad,11,Post-Monsoon,Mon,180,148,148,0.823,True,False,637552,48079,685631,0,155,0
2025-05-21,BLR,Bengaluru,5,Summer,Sat,180,145,145,0.806,True,False,555952,45876,601828,0,150,0
2025-06-08,BLR,Bengaluru,6,Summer,Sat,180,135,135,0.751,True,False,551331,48097,599428,0,139,0
2025-11-22,HYD,Hyderabad,11,Post-Monsoon,Sun,180,160,160,0.887,True,False,714136,57065,771201,0,175,1
2025-01-07,BLR,Bengaluru,1,Winter,Sun,180,131,131,0.727,True,False,470752,39528,510280,0,144,0
2025-02-15,BOM,Mumbai,2,Winter,Sat,180,141,141,0.782,True,False,575009,53822,628831,0,147,0
2025-04-17,BOM,Mumbai,4,Spring,Sun,180,135,135,0.751,True,False,558992,48433,607425,0,150,0
2025-04-11,HYD,Hyderabad,4,Spring,Thu,180,150,150,0.831,True,False,542929,54524,597453,0,165,0
2025-04-17,DEL,Delhi,4,Spring,Sun,180,150,150,0.833,False,False,653245,58913,712158,0,155,2
2025-08-23,CCU,Kolkata,8,Monsoon,Sat,180,116,116,0.644,False,False,434134,48580,482714,2,135,2
2025-03-25,BOM,Mumbai,3,Spring,Tue,180,155,155,0.863,True,False,657010,57531,714541,0,168,2
2025-10-04,BOM,Mumbai,10,Post-Monsoon,Sun,180,164,164,0.914,True,False,787089,54629,841718,0,180,2
2025-06-19,BLR,Bengaluru,6,Summer,Wed,180,146,146,0.809,True,False,543384,43339,586723,0,158,1
2025-10-18,DEL,Delhi,10,Post-Monsoon,Fri,180,153,153,0.848,True,False,765173,54363,819536,0,174,1
2025-02-22,BOM,Mumbai,2,Winter,Fri,180,130,130,0.721,True,False,499403,38106,537509,0,146,0
2025-09-03,BLR,Bengaluru,9,Monsoon,Sun,180,134,134,0.746,False,False,518130,45663,563793,0,144,1
2025-10-02,BLR,Bengaluru,10,Post-Monsoon,Sun,180,148,148,0.823,True,False,636276,60969,697245,0,158,1
2025-09-17,HYD,Hyderabad,9,Monsoon,Thu,180,136,136,0.756,True,False,496282,50114,546396,0,160,0
2025-09-05,DEL,Delhi,9,Monsoon,Sun,180,129,129,0.716,True,False,557576,37573,595149,0,145,2
2025-03-11,DEL,Delhi,3,Spring,Sun,180,150,150,0.833,False,False,656495,54329,710824,0,160,5
2025-04-12,BLR,Bengaluru,4,Spring,Sun,180,146,146,0.813,True,False,570994,57041,628035,0,165,0
2025-12-11,BLR,Bengaluru,12,Winter,Sun,180,129,129,0.717,True,False,480292,51274,531566,0,146,1
2025-11-22,BLR,Bengaluru,11,Post-Monsoon,Tue,180,155,155,0.862,True,False,727208,47510,774718,0,163,1
2025-03-23,DEL,Delhi,3,Spring,Sat,180,146,146,0.81,True,False,640582,46882,687464,0,167,0
2025-05-20,CCU,Kolkata,5,Summer,Tue,180,154,154,0.857,True,False,556636,46964,603600,0,175,2
2025-03-23,DEL,Delhi,3,Spring,Sat,180,135,135,0.752,True,False,620850,46635,667485,0,157,0
2025-01-26,CCU,Kolkata,1,Winter,Thu,180,138,138,0.764,True,False,499974,56920,556894,0,142,0
2025-10-04,BOM,Mumbai,10,Post-Monsoon,Mon,180,147,147,0.817,False,False,750604,52269,802873,0,165,2
2025-12-15,BLR,Bengaluru,12,Winter,Sun,180,121,121,0.673,True,False,461302,43936,505238,0,142,1
2025-11-23,BLR,Bengaluru,11,Post-Monsoon,Mon,180,151,151,0.838,True,False,674947,62723,737670,0,164,2
2025-06-20,BOM,Mumbai,6,Summer,Wed,180,142,142,0.787,True,False,619504,43930,663434,0,151,3
2025-04-22,BLR,Bengaluru,4,Spring,Mon,180,132,132,0.733,True,False,524782,45635,570417,0,150,1
2025-08-15,CCU,Kolkata,8,Monsoon,Sun,180,136,136,0.758,False,False,492975,41688,534663,0,146,2
2025-04-09,HYD,Hyderabad,4,Spring,Sun,180,134,134,0.744,True,False,507969,50055,558024,0,139,0
2025-01-08,DEL,Delhi,1,Winter,Mon,180,120,120,0.667,True,False,462107,41697,503804,0,133,0
2025-03-25,BOM,Mumbai,3,Spring,Wed,180,128,128,0.709,False,False,574003,48355,622358,0,131,0
2025-07-10,HYD,Hyderabad,7,Monsoon,Sat,180,121,121,0.674,True,False,429287,43721,473008,0,137,0
2025-05-22,HYD,Hyderabad,5,Summer,Fri,180,135,135,0.751,True,False,503996,49945,553941,0,145,0
2025-07-15,BLR,Bengaluru,7,Monsoon,Fri,180,172,172,0.956,False,False,633872,62911,696783,0,183,1
2025-05-12,BOM,Mumbai,5,Summer,Sun,180,141,141,0.784,True,False,574144,55178,629322,0,160,1
2025-05-12,BLR,Bengaluru,5,Summer,Sun,180,136,136,0.756,True,False,549826,46696,596522,0,143,1
2025-01-05,BOM,Mumbai,1,Winter,Sun,180,122,122,0.679,True,False,491625,45367,536992,0,135,0
2025-08-24,BLR,Bengaluru,8,Monsoon,Tue,180,139,139,0.774,True,False,515904,40982,556886,0,155,1
2025-03-20,BOM,Mumbai,3,Spring,Sun,180,156,156,0.864,False,False,660605,58206,718811,2,182,0
2025-05-07,BOM,Mumbai,5,Summer,Mon,180,130,130,0.723,True,False,544673,39492,584165,0,139,0
2025-06-15,HYD,Hyderabad,6,Summer,Thu,180,150,150,0.831,True,False,558864,52664,611528,0,172,0
2025-11-23,HYD,Hyderabad,11,Post-Monsoon,Sat,180,171,171,0.949,True,False,723248,58116,781364,0,199,1
2025-09-20,BOM,Mumbai,9,Monsoon,Tue,180,129,129,0.715,False,False,527103,38289,565392,0,140,1
2025-06-08,DEL,Delhi,6,Summer,Sat,180,143,143,0.792,True,False,624843,47232,672075,0,149,2
2025-09-16,BOM,Mumbai,9,Monsoon,Fri,180,131,131,0.729,False,False,560221,42420,602641,0,141,0
2025-05-15,BOM,Mumbai,5,Summer,Fri,180,144,144,0.798,True,False,603263,47499,650762,0,169,1
2025-02-12,DEL,Delhi,2,Winter,Wed,180,128,128,0.713,False,False,502595,39246,541841,0,131,0
2025-04-16,BLR,Bengaluru,4,Spring,Wed,180,148,148,0.822,True,False,591186,50793,641979,0,175,2
2025-08-18,DEL,Delhi,8,Monsoon,Sat,180,141,141,0.786,True,False,589296,47152,636448,0,153,0
2025-03-23,BOM,Mumbai,3,Spring,Sun,180,157,157,0.87,True,False,643206,45822,689028,1,175,3
2025-01-07,DEL,Delhi,1,Winter,Mon,180,127,127,0.706,True,False,521347,51638,572985,1,140,1
2025-04-02,HYD,Hyderabad,4,Spring,Sat,180,136,136,0.757,True,False,503868,51762,555630,1,156,1
2025-05-26,BOM,Mumbai,5,Summer,Tue,180,139,139,0.773,True,False,600349,57079,657428,0,150,1
2025-11-05,BOM,Mumbai,11,Post-Monsoon,Thu,180,148,148,0.824,True,False,736106,46995,783101,0,171,0
2025-05-11,DEL,Delhi,5,Summer,Fri,180,131,0,0.725,False,True,0,0,0,0,0,0
2025-07-07,BLR,Bengaluru,7,Monsoon,Thu,180,150,150,0.832,True,False,575753,53575,629328,0,160,0
2025-05-02,HYD,Hyderabad,5,Summer,Mon,180,122,122,0.678,True,False,431730,45338,477068,0,135,1
2025-03-21,BLR,Bengaluru,3,Spring,Thu,180,142,142,0.787,True,False,580912,40412,621324,0,162,1
2025-08-23,DEL,Delhi,8,Monsoon,Sun,180,152,152,0.845,False,False,694471,49940,744411,0,160,0
2025-10-18,BOM,Mumbai,10,Post-Monsoon,Thu,180,136,136,0.754,False,False,711051,48914,759965,0,148,1
2025-10-18,BOM,Mumbai,10,Post-Monsoon,Sun,180,140,140,0.775,True,False,699037,43480,742517,0,155,1
2025-10-20,BOM,Mumbai,10,Post-Monsoon,Sat,180,143,143,0.795,True,False,709383,55250,764633,0,148,2
2025-04-15,HYD,Hyderabad,4,Spring,Mon,180,158,158,0.881,True,False,593300,44654,637954,0,171,0
2025-10-11,DEL,Delhi,10,Post-Monsoon,Thu,180,161,161,0.895,True,False,800471,57252,857723,0,170,1
2025-04-04,BOM,Mumbai,4,Spring,Sun,180,130,130,0.721,True,False,592176,47885,640061,0,146,1
2025-08-20,HYD,Hyderabad,8,Monsoon,Mon,180,154,154,0.857,True,False,585708,63428,649136,0,160,0
2025-08-11,BLR,Bengaluru,8,Monsoon,Fri,180,144,144,0.803,True,False,549248,47426,596674,0,148,0
2025-01-22,CCU,Kolkata,1,Winter,Tue,180,112,112,0.623,True,False,396221,39626,435847,0,127,1
2025-11-06,HYD,Hyderabad,11,Post-Monsoon,Sat,180,148,148,0.822,True,False,626563,60699,687262,0,161,2
2025-08-25,CCU,Kolkata,8,Monsoon,Mon,180,130,130,0.721,True,False,467158,39694,506852,0,151,2
2025-04-12,BOM,Mumbai,4,Spring,Fri,180,125,125,0.693,False,False,566642,35680,602322,0,132,0
2025-03-26,BOM,Mumbai,3,Spring,Fri,180,139,139,0.773,False,False,626237,44344,670581,0,160,0
2025-03-15,BOM,Mumbai,3,Spring,Tue,180,144,144,0.802,True,False,608879,48972,657851,0,169,0
2025-08-15,HYD,Hyderabad,8,Monsoon,Sat,180,137,137,0.761,False,False,487574,43486,531060,0,158,0
2025-07-13,BOM,Mumbai,7,Monsoon,Mon,180,130,130,0.725,True,False,530084,37785,567869,0,144,1
2025-02-23,DEL,Delhi,2,Winter,Mon,180,123,123,0.685,True,False,462879,41472,504351,0,142,0
2025-06-17,HYD,Hyderabad,6,Summer,Thu,180,143,143,0.794,True,False,536603,46805,583408,0,154,0
2025-11-20,BOM,Mumbai,11,Post-Monsoon,Wed,180,157,157,0.873,False,False,760786,47194,807980,0,168,2
2025-02-15,DEL,Delhi,2,Winter,Sun,180,142,142,0.79,True,False,533893,55020,588913,0,157,1
2025-04-21,HYD,Hyderabad,4,Spring,Tue,180,150,150,0.831,True,False,552391,61435,613826,0,166,0
2025-07-13,BOM,Mumbai,7,Monsoon,Mon,180,137,137,0.762,True,False,593537,41273,634810,1,149,0
2025-04-02,BOM,Mumbai,4,Spring,Fri,180,154,154,0.855,True,False,682433,52186,734619,0,164,1
2025-03-20,CCU,Kolkata,3,Spring,Fri,180,156,156,0.867,True,False,611243,47373,658616,0,164,2
2025-06-21,DEL,Delhi,6,Summer,Thu,180,140,140,0.777,True,False,585845,56786,642631,0,148,1
2025-04-27,BOM,Mumbai,4,Spring,Fri,180,154,154,0.856,True,False,685765,52896,738661,0,180,0
2025-12-01,CCU,Kolkata,12,Winter,Fri,180,130,130,0.721,False,False,489698,37791,527489,0,145,0
2025-01-01,BOM,Mumbai,1,Winter,Mon,180,127,127,0.706,True,False,484628,48366,532994,0,137,1
2025-09-11,DEL,Delhi,9,Monsoon,Mon,180,151,151,0.841,True,False,682031,63330,745361,0,156,0
2025-02-10,BLR,Bengaluru,2,Winter,Sat,180,142,142,0.79,True,False,499736,52178,551914,0,148,2
2025-02-18,BLR,Bengaluru,2,Winter,Tue,180,127,127,0.707,True,False,455044,42757,497801,0,145,0
2025-02-24,BOM,Mumbai,2,Winter,Wed,180,132,132,0.734,True,False,537117,46629,583746,0,140,0
2025-03-24,BLR,Bengaluru,3,Spring,Fri,180,153,153,0.852,True,False,617803,44491,662294,0,167,4
2025-04-21,DEL,Delhi,4,Spring,Fri,180,143,143,0.793,False,False,634726,54486,689212,0,154,2
2025-01-02,DEL,Delhi,1,Winter,Fri,180,137,137,0.761,False,False,526169,46169,572338,0,151,3
2025-07-11,DEL,Delhi,7,Monsoon,Mon,180,145,145,0.808,True,False,640650,46278,686928,0,153,1
2025-02-23,DEL,Delhi,2,Winter,Wed,180,126,126,0.702,True,False,496513,48948,545461,0,139,2
2025-06-27,CCU,Kolkata,6,Summer,Mon,180,137,137,0.763,True,False,519697,48181,567878,0,140,2
2025-11-11,BOM,Mumbai,11,Post-Monsoon,Wed,180,159,159,0.883,True,False,808512,54307,862819,0,185,2
2025-03-09,HYD,Hyderabad,3,Spring,Sun,180,135,135,0.752,True,False,514476,55995,570471,0,138,1
2025-02-19,DEL,Delhi,2,Winter,Tue,180,146,146,0.811,True,False,581516,41475,622991,0,151,0
2025-05-04,HYD,Hyderabad,5,Summer,Thu,180,138,138,0.765,True,False,513384,55204,568588,0,151,2
2025-05-08,HYD,Hyderabad,5,Summer,Mon,180,127,127,0.707,True,False,446026,53106,499132,0,149,0
2025-09-03,DEL,Delhi,9,Monsoon,Mon,180,123,0,0.681,False,True,0,0,0,1,0,0
2025-01-21,BLR,Bengaluru,1,Winter,Wed,180,139,139,0.771,True,False,488530,40644,529174,0,153,1
2025-05-09,BOM,Mumbai,5,Summer,Tue,180,121,121,0.67,False,False,538628,34193,572821,0,140,0
2025-06-28,BOM,Mumbai,6,Summer,Sat,180,128,128,0.711,True,False,565139,43837,608976,0,148,1
2025-10-28,CCU,Kolkata,10,Post-Monsoon,Sun,180,144,144,0.802,True,False,640390,60070,700460,0,147,0
2025-11-08,DEL,Delhi,11,Post-Monsoon,Mon,180,147,147,0.815,True,False,716051,53831,769882,0,168,2
2025-06-22,CCU,Kolkata,6,Summer,Thu,180,133,133,0.738,True,False,489363,50360,539723,0,151,1
2025-05-18,BOM,Mumbai,5,Summer,Sun,180,129,129,0.715,True,False,561795,51529,613324,0,146,0
2025-04-01,CCU,Kolkata,4,Spring,Mon,180,126,126,0.701,True,False,506849,48975,555824,0,141,1
2025-12-06,DEL,Delhi,12,Winter,Thu,180,127,127,0.704,False,False,552187,45060,597247,0,149,2
2025-09-28,DEL,Delhi,9,Monsoon,Sat,180,142,142,0.789,True,False,626666,44149,670815,0,146,1
2025-03-14,BLR,Bengaluru,3,Spring,Sun,180,135,135,0.747,True,False,536476,39401,575877,0,154,0
2025-06-02,BLR,Bengaluru,6,Summer,Sat,180,153,153,0.85,True,False,570038,45594,615632,0,171,1
2025-02-17,HYD,Hyderabad,2,Winter,Wed,180,114,114,0.635,False,False,379980,44648,424628,0,117,1
2025-04-19,BOM,Mumbai,4,Spring,Wed,180,125,125,0.694,True,False,531133,46142,577275,0,133,0
2025-03-09,BOM,Mumbai,3,Spring,Sun,180,151,151,0.839,True,False,639946,43672,683618,0,172,2
2025-12-03,BLR,Bengaluru,12,Winter,Fri,180,146,146,0.812,True,False,536905,56318,593223,0,165,2
2025-12-04,BLR,Bengaluru,12,Winter,Tue,180,143,143,0.796,False,False,589779,47569,637348,0,158,0
2025-01-14,BOM,Mumbai,1,Winter,Sun,180,126,126,0.702,True,False,465560,40576,506136,0,137,0
2025-10-13,DEL,Delhi,10,Post-Monsoon,Mon,180,163,163,0.903,True,False,848228,59790,908018,0,189,1
2025-06-14,DEL,Delhi,6,Summer,Mon,180,157,157,0.875,True,False,724401,63424,787825,0,175,2
2025-01-21,BLR,Bengaluru,1,Winter,Tue,180,129,129,0.716,False,False,451491,41516,493007,0,140,0
2025-03-10,DEL,Delhi,3,Spring,Sun,180,147,147,0.817,True,False,684250,41838,726088,0,161,2
2025-01-22,DEL,Delhi,1,Winter,Mon,180,139,139,0.771,True,False,530883,58146,589029,0,150,0
2025-11-23,BLR,Bengaluru,11,Post-Monsoon,Tue,180,154,154,0.857,True,False,672962,64316,737278,0,161,0
2025-10-03,DEL,Delhi,10,Post-Monsoon,Sun,180,149,149,0.83,True,False,764061,57149,821210,0,168,0
2025-10-20,BOM,Mumbai,10,Post-Monsoon,Sun,180,144,144,0.8,True,False,752628,47501,800129,0,167,0
2025-09-16,HYD,Hyderabad,9,Monsoon,Mon,180,147,147,0.815,True,False,533438,41816,575254,0,159,0
2025-04-04,DEL,Delhi,4,Spring,Mon,180,151,151,0.836,False,False,658483,51164,709647,0,168,1
2025-10-17,BLR,Bengaluru,10,Post-Monsoon,Tue,180,173,173,0.959,False,False,767050,60461,827511,0,204,1
2025-04-24,DEL,Delhi,4,Spring,Sat,180,150,0,0.833,False,True,0,0,0,2,0,0
2025-06-21,DEL,Delhi,6,Summer,Thu,180,150,150,0.832,True,False,690044,52455,742499,0,172,0
2025-02-23,BOM,Mumbai,2,Winter,Mon,180,131,0,0.73,False,True,0,0,0,2,0,0
2025-11-25,BOM,Mumbai,11,Post-Monsoon,Sat,180,152,152,0.846,True,False,769605,54825,824430,0,162,1
2025-08-16,HYD,Hyderabad,8,Monsoon,Tue,180,129,129,0.717,False,False,470804,46595,517399,0,152,1
2025-09-05,BOM,Mumbai,9,Monsoon,Sat,180,122,122,0.675,True,False,545447,42316,587763,0,134,2
2025-07-10,HYD,Hyderabad,7,Monsoon,Thu,180,147,147,0.817,True,False,550971,52796,603767,0,157,1
2025-04-14,DEL,Delhi,4,Spring,Tue,180,156,156,0.865,True,False,673124,51161,724285,0,166,0
2025-07-04,DEL,Delhi,7,Monsoon,Sat,180,143,143,0.794,True,False,619777,51943,671720,0,155,0
2025-05-20,DEL,Delhi,5,Summer,Mon,180,153,153,0.849,True,False,639413,56983,696396,0,179,0
2025-05-25,BOM,Mumbai,5,Summer,Wed,180,135,135,0.752,True,False,556341,48506,604847,0,159,2
2025-03-05,BOM,Mumbai,3,Spring,Mon,180,137,137,0.763,True,False,581099,38387,619486,0,152,1
2025-11-14,HYD,Hyderabad,11,Post-Monsoon,Wed,180,165,165,0.919,False,False,717540,46894,764434,0,191,3
2025-02-21,DEL,Delhi,2,Winter,Fri,180,133,0,0.737,False,True,0,0,0,0,0,0
2025-09-25,BOM,Mumbai,9,Monsoon,Tue,180,131,131,0.73,True,False,542847,40541,583388,0,141,0
2025-05-24,DEL,Delhi,5,Summer,Wed,180,143,143,0.793,True,False,630804,48097,678901,0,167,4
2025-10-08,DEL,Delhi,10,Post-Monsoon,Tue,180,137,137,0.76,True,False,719019,51303,770322,0,152,1
2025-06-15,BOM,Mumbai,6,Summer,Mon,180,140,140,0.778,True,False,606828,57962,664790,0,157,0
2025-11-05,DEL,Delhi,11,Post-Monsoon,Wed,180,161,161,0.894,True,False,843055,55028,898083,0,179,1
2025-09-04,DEL,Delhi,9,Monsoon,Wed,180,147,147,0.818,True,False,641871,52124,693995,0,152,1
2025-06-25,BLR,Bengaluru,6,Summer,Sat,180,153,153,0.851,True,False,561751,54158,615909,0,161,3
2025-08-05,BOM,Mumbai,8,Monsoon,Thu,180,153,153,0.852,False,False,637080,55868,692948,1,161,3
2025-02-25,BOM,Mumbai,2,Winter,Wed,180,115,115,0.64,False,False,439217,47738,486955,0,131,4
2025-09-24,HYD,Hyderabad,9,Monsoon,Wed,180,127,127,0.707,True,False,451396,50488,501884,0,147,2
2025-02-04,BLR,Bengaluru,2,Winter,Wed,180,146,146,0.812,True,False,524103,49467,573570,0,167,0
2025-04-10,DEL,Delhi,4,Spring,Fri,180,159,159,0.885,True,False,740750,60745,801495,0,175,1
2025-12-06,BOM,Mumbai,12,Winter,Wed,180,132,132,0.735,True,False,583722,43720,627442,0,143,1
2025-01-21,BOM,Mumbai,1,Winter,Wed,180,127,127,0.705,False,False,497160,41382,538542,0,148,0
2025-09-06,BLR,Bengaluru,9,Monsoon,Sat,180,161,161,0.895,True,False,641379,49260,690639,1,178,0
2025-05-17,BOM,Mumbai,5,Summer,Tue,180,139,139,0.773,False,False,580027,53685,633712,0,160,1
2025-08-21,DEL,Delhi,8,Monsoon,Fri,180,149,149,0.826,False,False,650729,45230,695959,0,154,4
2025-05-21,BOM,Mumbai,5,Summer,Tue,180,144,144,0.798,True,False,589240,43418,632658,0,160,1
2025-06-07,BLR,Bengaluru,6,Summer,Sat,180,126,126,0.7,True,False,507096,37067,544163,0,130,0
2025-09-26,DEL,Delhi,9,Monsoon,Wed,180,150,150,0.836,False,False,644112,51437,695549,0,166,0
2025-06-09,BLR,Bengaluru,6,Summer,Tue,180,131,131,0.728,True,False,525781,46100,571881,0,142,2
2025-08-27,BLR,Bengaluru,8,Monsoon,Wed,180,153,153,0.849,True,False,575186,45622,620808,0,159,0
2025-04-18,DEL,Delhi,4,Spring,Thu,180,134,134,0.744,True,False,587884,42917,630801,0,137,0
2025-06-02,BLR,Bengaluru,6,Summer,Sun,180,155,155,0.863,True,False,576684,48653,625337,0,172,1
2025-11-07,HYD,Hyderabad,11,Post-Monsoon,Sat,180,156,156,0.867,True,False,626236,51805,678041,0,183,1
2025-09-28,BLR,Bengaluru,9,Monsoon,Fri,180,163,163,0.908,True,False,650232,50614,700846,0,188,0
2025-02-16,CCU,Kolkata,2,Winter,Tue,180,128,128,0.709,True,False,436336,50444,486780,0,136,0
2025-07-28,DEL,Delhi,7,Monsoon,Mon,180,151,151,0.841,True,False,669125,42443,711568,0,166,1
2025-11-11,BOM,Mumbai,11,Post-Monsoon,Tue,180,156,156,0.867,True,False,759176,48240,807416,0,167,0
2025-03-18,HYD,Hyderabad,3,Spring,Sun,180,131,131,0.725,True,False,478335,38342,516677,0,140,0
2025-05-20,BLR,Bengaluru,5,Summer,Fri,180,147,0,0.819,False,True,0,0,0,0,0,0
2025-02-26,HYD,Hyderabad,2,Winter,Mon,180,121,121,0.671,True,False,386596,49144,435740,0,140,1
2025-05-14,BOM,Mumbai,5,Summer,Thu,180,121,121,0.674,True,False,521756,43221,564977,0,127,0
2025-01-16,BOM,Mumbai,1,Winter,Fri,180,143,143,0.792,True,False,554666,57022,611688,0,161,1
2025-08-18,DEL,Delhi,8,Monsoon,Tue,180,152,152,0.842,True,False,661984,46846,708830,0,155,0
2025-03-12,BOM,Mumbai,3,Spring,Sun,180,140,140,0.78,False,False,617412,40606,658018,0,165,1
2025-12-13,BOM,Mumbai,12,Winter,Tue,180,124,124,0.688,True,False,537939,38104,576043,0,143,0
2025-04-28,BLR,Bengaluru,4,Spring,Tue,180,140,140,0.778,True,False,519433,48495,567928,0,152,1
2025-08-19,BOM,Mumbai,8,Monsoon,Thu,180,124,124,0.691,True,False,563578,38662,602240,0,140,0
2025-07-13,DEL,Delhi,7,Monsoon,Fri,180,130,130,0.723,True,False,587244,53697,640941,0,133,1
2025-03-18,BOM,Mumbai,3,Spring,Sun,180,151,151,0.836,True,False,638642,53204,691846,0,166,0
2025-07-04,BLR,Bengaluru,7,Monsoon,Mon,180,153,153,0.85,True,False,611019,47425,658444,0,168,0
2025-10-11,BOM,Mumbai,10,Post-Monsoon,Mon,180,155,155,0.862,False,False,798089,64542,862631,0,172,1
2025-03-02,BLR,Bengaluru,3,Spring,Sat,180,140,140,0.779,True,False,550711,51389,602100,0,155,0
2025-07-24,DEL,Delhi,7,Monsoon,Wed,180,146,146,0.811,True,False,626499,42395,668894,0,154,2
2025-12-24,DEL,Delhi,12,Winter,Wed,180,146,146,0.814,True,False,631321,42629,673950,0,153,0
2025-04-06,DEL,Delhi,4,Spring,Sat,180,141,141,0.786,False,False,623729,56523,680252,0,162,2
2025-04-10,DEL,Delhi,4,Spring,Thu,180,141,141,0.785,True,False,599137,42454,641591,0,161,1
2025-02-08,HYD,Hyderabad,2,Winter,Thu,180,125,125,0.695,True,False,409164,49345,458509,0,134,1
2025-02-11,BLR,Bengaluru,2,Winter,Tue,180,129,129,0.718,True,False,474894,53278,528172,0,132,2
2025-07-16,BOM,Mumbai,7,Monsoon,Tue,180,116,116,0.644,False,False,506356,37613,543969,3,125,0
2025-03-08,DEL,Delhi,3,Spring,Sat,180,144,144,0.798,True,False,623361,56494,679855,0,166,3
2025-10-21,DEL,Delhi,10,Post-Monsoon,Tue,180,144,144,0.799,True,False,709507,43503,753010,0,161,2
2025-04-12,BLR,Bengaluru,4,Spring,Sat,180,140,140,0.776,True,False,514561,44467,559028,0,151,0
2025-06-08,CCU,Kolkata,6,Summer,Mon,180,128,128,0.714,True,False,475671,49946,525617,0,136,0
2025-11-13,HYD,Hyderabad,11,Post-Monsoon,Thu,180,151,151,0.841,True,False,604487,54619,659106,0,160,0
2025-11-22,HYD,Hyderabad,11,Post-Monsoon,Sat,180,155,155,0.862,True,False,643106,47246,690352,0,171,0
2025-09-12,HYD,Hyderabad,9,Monsoon,Sun,180,160,160,0.889,True,False,571690,59382,631072,0,183,0
2025-04-02,BOM,Mumbai,4,Spring,Sun,180,151,151,0.841,True,False,618415,43807,662222,0,165,1
2025-10-22,BOM,Mumbai,10,Post-Monsoon,Mon,180,137,137,0.76,True,False,695162,55235,750397,0,154,0
2025-07-19,BOM,Mumbai,7,Monsoon,Sun,180,136,136,0.758,True,False,584189,40042,624231,0,145,0
2025-08-03,BLR,Bengaluru,8,Monsoon,Mon,180,147,147,0.815,True,False,582283,42361,624644,0,165,1
2025-05-15,BLR,Bengaluru,5,Summer,Fri,180,146,146,0.813,True,False,581178,51845,633023,0,150,0
2025-04-14,BOM,Mumbai,4,Spring,Tue,180,124,124,0.687,True,False,524426,51670,576096,0,140,0
2025-09-09,BLR,Bengaluru,9,Monsoon,Thu,180,171,171,0.951,True,False,691478,59304,750782,0,182,2
2025-06-05,HYD,Hyderabad,6,Summer,Sun,180,147,147,0.819,True,False,570488,46447,616935,0,164,1
2025-09-26,DEL,Delhi,9,Monsoon,Mon,180,133,133,0.737,True,False,581729,38962,620691,0,146,0
2025-05-07,BLR,Bengaluru,5,Summer,Mon,180,119,119,0.663,True,False,455917,45540,501457,1,138,0
2025-05-21,BOM,Mumbai,5,Summer,Mon,180,137,137,0.763,True,False,619989,46185,666174,0,147,3
2025-10-08,HYD,Hyderabad,10,Post-Monsoon,Thu,180,160,160,0.887,True,False,679291,58794,738085,0,188,1
2025-07-12,CCU,Kolkata,7,Monsoon,Mon,180,138,138,0.764,True,False,550899,46732,597631,0,144,0
2025-09-06,HYD,Hyderabad,9,Monsoon,Mon,180,147,147,0.818,True,False,556958,52937,609895,0,162,2
2025-12-16,HYD,Hyderabad,12,Winter,Fri,180,132,132,0.734,True,False,492242,49976,542218,0,147,1
2025-10-22,BLR,Bengaluru,10,Post-Monsoon,Sat,180,136,136,0.757,True,False,591860,55317,647177,0,149,1
2025-07-15,BOM,Mumbai,7,Monsoon,Wed,180,139,139,0.771,False,False,626537,55253,681790,0,158,1
2025-02-16,BLR,Bengaluru,2,Winter,Sat,180,151,151,0.84,True,False,538806,57179,595985,0,175,1
2025-05-14,DEL,Delhi,5,Summer,Fri,180,151,151,0.838,True,False,645225,57121,702346,0,167,0
2025-05-06,BLR,Bengaluru,5,Summer,Sun,180,134,134,0.746,True,False,522825,50490,573315,0,140,3
2025-08-22,BOM,Mumbai,8,Monsoon,Wed,180,142,142,0.789,True,False,614031,54980,669011,0,163,1
2025-11-13,BOM,Mumbai,11,Post-Monsoon,Thu,180,157,157,0.871,True,False,819992,51311,871303,0,171,1
2025-09-04,HYD,Hyderabad,9,Monsoon,Tue,180,144,144,0.801,True,False,561418,60111,621529,0,153,0
2025-05-17,BOM,Mumbai,5,Summer,Wed,180,136,136,0.754,True,False,615093,40939,656032,0,151,0
2025-05-16,DEL,Delhi,5,Summer,Tue,180,145,145,0.804,True,False,659356,45883,705239,0,152,0
2025-03-25,HYD,Hyderabad,3,Spring,Mon,180,150,150,0.832,True,False,540652,43744,584396,0,162,1
2025-09-04,BOM,Mumbai,9,Monsoon,Sat,180,124,124,0.687,True,False,504462,41118,545580,0,138,0
2025-05-22,DEL,Delhi,5,Summer,Fri,180,147,147,0.819,True,False,636109,49287,685396,0,171,2
2025-05-06,BOM,Mumbai,5,Summer,Fri,180,130,130,0.725,True,False,542612,36488,579100,1,139,2
2025-08-08,HYD,Hyderabad,8,Monsoon,Wed,180,144,144,0.801,True,False,553726,56586,610312,0,158,0
2025-07-11,BOM,Mumbai,7,Monsoon,Sun,180,124,124,0.689,True,False,542393,43446,585839,0,135,1
2025-05-22,BLR,Bengaluru,5,Summer,Sun,180,153,153,0.852,False,False,610397,44511,654908,1,162,1
2025-10-13,BOM,Mumbai,10,Post-Monsoon,Fri,180,144,144,0.8,True,False,671748,41718,713466,0,156,1
2025-04-22,CCU,Kolkata,4,Spring,Sun,180,125,125,0.697,True,False,469737,36946,506683,0,134,0
2025-02-12,BOM,Mumbai,2,Winter,Sun,180,127,127,0.708,True,False,474983,41762,516745,0,143,0
2025-04-01,BLR,Bengaluru,4,Spring,Sun,180,150,150,0.834,True,False,551554,48117,599671,0,157,3
2025-03-28,BOM,Mumbai,3,Spring,Sat,180,161,161,0.892,True,False,679136,56853,735989,0,173,0
2025-06-02,DEL,Delhi,6,Summer,Wed,180,145,145,0.807,True,False,620288,44310,664598,0,163,1
2025-09-07,BOM,Mumbai,9,Monsoon,Mon,180,135,135,0.75,True,False,574835,40579,615414,0,143,1
2025-07-20,DEL,Delhi,7,Monsoon,Sun,180,149,149,0.829,True,False,661658,57255,718913,0,167,1
2025-05-27,HYD,Hyderabad,5,Summer,Tue,180,169,169,0.941,True,False,605963,58444,664407,0,197,0
2025-10-16,BOM,Mumbai,10,Post-Monsoon,Sat,180,169,169,0.937,True,False,844882,56088,900970,0,188,1
2025-11-16,BLR,Bengaluru,11,Post-Monsoon,Wed,180,152,152,0.844,True,False,691545,54927,746472,0,168,0
2025-09-20,DEL,Delhi,9,Monsoon,Sun,180,158,158,0.876,False,False,687174,44298,731472,0,161,2
2025-01-08,CCU,Kolkata,1,Winter,Tue,180,135,135,0.751,False,False,455391,39710,495101,0,141,0
2025-01-15,BOM,Mumbai,1,Winter,Wed,180,132,132,0.736,True,False,526787,49093,575880,0,154,1
2025-10-17,BLR,Bengaluru,10,Post-Monsoon,Sun,180,157,157,0.874,True,False,741422,61088,802510,0,175,1
2025-06-23,DEL,Delhi,6,Summer,Mon,180,171,171,0.95,True,False,724380,58954,783334,0,178,1
2025-02-25,DEL,Delhi,2,Winter,Wed,180,139,139,0.775,True,False,571871,56302,628173,0,157,2
2025-09-08,BLR,Bengaluru,9,Monsoon,Mon,180,142,142,0.79,False,False,562664,51907,614571,0,152,2
2025-01-09,DEL,Delhi,1,Winter,Mon,180,129,129,0.715,False,False,502173,38546,540719,0,149,1
2025-12-26,DEL,Delhi,12,Winter,Tue,180,153,153,0.851,False,False,683282,53682,736964,0,172,2
2025-08-25,BOM,Mumbai,8,Monsoon,Tue,180,127,127,0.704,True,False,544396,51353,595749,0,132,0
2025-08-20,DEL,Delhi,8,Monsoon,Mon,180,148,148,0.822,True,False,626812,45837,672649,0,172,1
2025-10-11,DEL,Delhi,10,Post-Monsoon,Sun,180,166,166,0.924,True,False,848220,68356,916576,0,195,2
2025-06-17,DEL,Delhi,6,Summer,Wed,180,143,143,0.795,True,False,613569,46297,659866,0,155,0
2025-04-03,BLR,Bengaluru,4,Spring,Sat,180,156,156,0.865,True,False,572067,46834,618901,0,175,2
2025-06-18,CCU,Kolkata,6,Summer,Mon,180,122,122,0.677,True,False,481046,34841,515887,0,138,1
2025-08-16,CCU,Kolkata,8,Monsoon,Thu,180,127,127,0.707,False,False,489850,46702,536552,0,141,1
2025-12-04,DEL,Delhi,12,Winter,Tue,180,134,134,0.744,False,False,571104,50299,621403,1,153,1
2025-02-05,BOM,Mumbai,2,Winter,Thu,180,138,138,0.768,True,False,513141,57682,570823,0,162,2
2025-02-17,BOM,Mumbai,2,Winter,Tue,180,123,123,0.681,True,False,458952,45405,504357,0,141,0
2025-03-13,HYD,Hyderabad,3,Spring,Sat,180,147,147,0.815,True,False,552316,51018,603334,0,161,0
2025-11-14,BOM,Mumbai,11,Post-Monsoon,Sat,180,152,152,0.843,True,False,750003,59960,809963,0,166,1
2025-05-07,HYD,Hyderabad,5,Summer,Thu,180,133,133,0.74,True,False,502222,38114,540336,0,144,1
2025-03-19,BLR,Bengaluru,3,Spring,Tue,180,149,149,0.829,True,False,547263,53305,600568,0,163,0
2025-04-10,DEL,Delhi,4,Spring,Tue,180,123,123,0.682,True,False,516090,40865,556955,0,144,0
2025-11-03,BOM,Mumbai,11,Post-Monsoon,Sun,180,160,160,0.887,True,False,820500,45479,865979,0,187,0
2025-07-06,HYD,Hyderabad,7,Monsoon,Sun,180,150,150,0.836,False,False,583384,52632,636016,0,158,1
2025-10-27,BLR,Bengaluru,10,Post-Monsoon,Tue,180,162,162,0.899,False,False,758905,60538,819443,2,174,0
2025-10-17,BLR,Bengaluru,10,Post-Monsoon,Fri,180,152,152,0.843,True,False,714880,45665,760545,0,172,1
2025-06-07,CCU,Kolkata,6,Summer,Fri,180,132,132,0.731,False,False,473254,43383,516637,2,140,0
2025-08-13,BLR,Bengaluru,8,Monsoon,Thu,180,134,134,0.742,True,False,498169,54503,552672,0,156,0
2025-12-13,DEL,Delhi,12,Winter,Sun,180,137,137,0.763,False,False,636001,53166,689167,0,144,0
2025-04-27,BOM,Mumbai,4,Spring,Sun,180,139,139,0.774,True,False,580282,49387,629669,0,156,0
2025-07-19,DEL,Delhi,7,Monsoon,Mon,180,151,151,0.838,True,False,646407,47333,693740,0,159,1
2025-12-05,HYD,Hyderabad,12,Winter,Tue,180,158,158,0.876,False,False,566216,44950,611166,1,166,4
2025-10-14,HYD,Hyderabad,10,Post-Monsoon,Sat,180,134,134,0.744,True,False,549374,51562,600936,0,149,1
2025-10-25,BLR,Bengaluru,10,Post-Monsoon,Tue,180,160,160,0.891,True,False,740955,56796,797751,0,178,1
2025-12-10,DEL,Delhi,12,Winter,Fri,180,128,128,0.709,True,False,529677,46413,576090,0,133,0
2025-11-06,CCU,Kolkata,11,Post-Monsoon,Sat,180,150,150,0.834,True,False,635100,56811,691911,0,161,1
2025-05-10,BLR,Bengaluru,5,Summer,Thu,180,143,143,0.796,True,False,559307,50944,610251,0,153,2
2025-05-23,DEL,Delhi,5,Summer,Fri,180,126,126,0.701,True,False,547179,45904,593083,0,144,1
2025-06-16,DEL,Delhi,6,Summer,Thu,180,121,121,0.67,True,False,558570,48029,606599,0,135,0
2025-03-11,BLR,Bengaluru,3,Spring,Tue,180,141,141,0.782,True,False,529294,44088,573382,0,154,0
2025-07-14,DEL,Delhi,7,Monsoon,Thu,180,139,139,0.773,True,False,644799,54912,699711,0,158,0
2025-01-23,HYD,Hyderabad,1,Winter,Fri,180,126,126,0.697,True,False,411652,50494,462146,0,142,1
2025-09-25,BOM,Mumbai,9,Monsoon,Sat,180,152,152,0.843,True,False,637706,48171,685877,0,165,2
2025-08-14,BOM,Mumbai,8,Monsoon,Thu,180,140,140,0.776,False,False,608340,52307,660647,0,152,1
2025-12-09,CCU,Kolkata,12,Winter,Tue,180,118,118,0.658,True,False,437051,39814,476865,0,130,1
2025-07-26,HYD,Hyderabad,7,Monsoon,Wed,180,135,135,0.748,True,False,503223,55485,558708,0,158,3
2025-01-01,DEL,Delhi,1,Winter,Tue,180,145,145,0.804,False,False,541776,58707,600483,0,151,0
2025-12-22,BOM,Mumbai,12,Winter,Sun,180,142,142,0.789,False,False,605894,58819,664713,0,149,0
2025-01-16,BLR,Bengaluru,1,Winter,Mon,180,135,135,0.749,True,False,478424,47989,526413,0,143,0
2025-09-16,HYD,Hyderabad,9,Monsoon,Mon,180,147,147,0.814,True,False,566704,49389,616093,0,153,1
2025-04-01,DEL,Delhi,4,Spring,Mon,180,137,137,0.763,True,False,589718,57038,646756,0,146,0
2025-11-24,CCU,Kolkata,11,Post-Monsoon,Sun,180,150,150,0.833,True,False,635109,48438,683547,0,156,0
2025-02-18,BOM,Mumbai,2,Winter,Sat,180,125,125,0.697,True,False,503436,40991,544427,0,144,0
2025-08-22,BOM,Mumbai,8,Monsoon,Fri,180,144,144,0.801,False,False,582318,42818,625136,2,151,0
2025-07-19,CCU,Kolkata,7,Monsoon,Mon,180,137,137,0.76,False,False,533523,47004,580527,0,161,0
2025-10-27,DEL,Delhi,10,Post-Monsoon,Thu,180,161,161,0.895,True,False,829571,46016,875587,0,171,1
2025-11-24,BOM,Mumbai,11,Post-Monsoon,Sun,180,149,149,0.827,True,False,765830,60933,826763,0,171,2
2025-11-11,BLR,Bengaluru,11,Post-Monsoon,Fri,180,154,154,0.856,True,False,676123,48867,724990,0,176,1
2025-05-26,CCU,Kolkata,5,Summer,Fri,180,154,154,0.855,True,False,600796,55316,656112,0,171,2
2025-05-20,DEL,Delhi,5,Summer,Sat,180,139,139,0.77,True,False,602753,49970,652723,0,155,0
2025-06-13,BOM,Mumbai,6,Summer,Sun,180,144,144,0.8,True,False,625785,52733,678518,0,151,0
2025-01-22,DEL,Delhi,1,Winter,Sun,180,135,135,0.748,False,False,530695,48708,579403,0,148,1
2025-01-17,BOM,Mumbai,1,Winter,Wed,180,144,144,0.8,False,False,590344,45352,635696,0,148,1
2025-03-05,BLR,Bengaluru,3,Spring,Wed,180,142,142,0.789,True,False,553151,43745,596896,0,148,0
2025-09-26,DEL,Delhi,9,Monsoon,Sat,180,144,144,0.801,True,False,596083,53297,649380,0,161,2
2025-01-18,BLR,Bengaluru,1,Winter,Fri,180,134,134,0.745,True,False,465512,49029,514541,0,149,2
2025-10-10,CCU,Kolkata,10,Post-Monsoon,Wed,180,136,136,0.757,True,False,589535,42045,631580,0,147,0
2025-08-08,HYD,Hyderabad,8,Monsoon,Wed,180,148,148,0.822,True,False,538798,61042,599840,0,156,1
2025-01-27,DEL,Delhi,1,Winter,Sat,180,118,118,0.653,True,False,492790,37485,530275,0,122,0
2025-05-19,BOM,Mumbai,5,Summer,Mon,180,149,149,0.827,True,False,650843,51577,702420,0,153,0
2025-03-12,HYD,Hyderabad,3,Spring,Sat,180,174,174,0.965,False,False,630283,60281,690564,0,192,2
2025-08-27,HYD,Hyderabad,8,Monsoon,Sat,180,141,141,0.784,True,False,514664,53532,568196,0,149,1
2025-10-18,BOM,Mumbai,10,Post-Monsoon,Sat,180,160,160,0.887,True,False,760966,57058,818024,0,183,0
2025-03-10,HYD,Hyderabad,3,Spring,Fri,180,145,145,0.804,True,False,550917,42312,593229,0,161,0
2025-07-15,DEL,Delhi,7,Monsoon,Thu,180,155,155,0.858,False,False,642976,57215,700191,0,182,1
2025-08-18,BLR,Bengaluru,8,Monsoon,Thu,180,148,148,0.821,True,False,561313,43809,605122,0,153,2
2025-12-08,HYD,Hyderabad,12,Winter,Tue,180,157,157,0.874,False,False,570033,46947,616980,0,179,1
2025-05-04,BLR,Bengaluru,5,Summer,Tue,180,129,129,0.715,True,False,522812,47771,570583,0,151,1
2025-10-28,DEL,Delhi,10,Post-Monsoon,Tue,180,168,168,0.935,False,False,811499,56034,867533,0,176,3
2025-12-03,BLR,Bengaluru,12,Winter,Wed,180,146,146,0.81,False,False,571146,59489,630635,1,159,2
2025-06-15,BLR,Bengaluru,6,Summer,Thu,180,146,146,0.811,True,False,590477,46118,636595,0,166,0
2025-09-24,CCU,Kolkata,9,Monsoon,Mon,180,134,134,0.742,True,False,509244,50482,559726,1,148,0
2025-05-16,DEL,Delhi,5,Summer,Mon,180,143,143,0.796,True,False,602027,55557,657584,0,158,1
2025-06-12,DEL,Delhi,6,Summer,Sat,180,146,146,0.81,True,False,628332,42875,671207,0,160,1
2025-04-11,BLR,Bengaluru,4,Spring,Tue,180,150,150,0.833,True,False,617389,50143,667532,0,161,0
2025-02-11,DEL,Delhi,2,Winter,Sun,180,136,136,0.756,True,False,547359,50914,598273,0,146,0
2025-12-24,BOM,Mumbai,12,Winter,Mon,180,136,136,0.755,True,False,549882,47218,597100,0,157,0
2025-09-18,DEL,Delhi,9,Monsoon,Wed,180,147,0,0.814,False,True,0,0,0,0,0,0
2025-06-12,DEL,Delhi,6,Summer,Thu,180,153,153,0.85,True,False,654130,52861,706991,0,160,0
2025-03-06,HYD,Hyderabad,3,Spring,Fri,180,148,148,0.82,True,False,569900,46833,616733,0,157,0
2025-03-20,BOM,Mumbai,3,Spring,Mon,180,135,135,0.75,True,False,581493,42157,623650,1,156,2
2025-05-05,HYD,Hyderabad,5,Summer,Sat,180,125,125,0.695,True,False,468538,35313,503851,0,139,0
2025-05-10,HYD,Hyderabad,5,Summer,Sun,180,143,143,0.796,True,False,527790,40616,568406,0,158,0
2025-01-17,BLR,Bengaluru,1,Winter,Fri,180,124,124,0.691,True,False,459674,45282,504956,0,136,0
2025-04-11,DEL,Delhi,4,Spring,Thu,180,143,143,0.794,True,False,664882,60017,724899,0,166,2
2025-01-11,CCU,Kolkata,1,Winter,Tue,180,126,126,0.701,True,False,442472,37976,480448,0,148,2
2025-09-05,DEL,Delhi,9,Monsoon,Tue,180,161,161,0.895,True,False,727647,48054,775701,0,189,1
2025-08-21,BLR,Bengaluru,8,Monsoon,Thu,180,144,144,0.8,True,False,587946,41964,629910,0,157,1
2025-05-07,DEL,Delhi,5,Summer,Wed,180,146,146,0.81,True,False,665522,43857,709379,0,161,0
2025-03-21,BLR,Bengaluru,3,Spring,Tue,180,135,135,0.752,True,False,520309,41439,561748,0,155,0
2025-03-24,BLR,Bengaluru,3,Spring,Sat,180,129,129,0.717,True,False,480522,47867,528389,0,151,1
2025-03-06,HYD,Hyderabad,3,Spring,Sat,180,134,134,0.744,True,False,470854,41266,512120,0,152,0
2025-02-15,DEL,Delhi,2,Winter,Wed,180,133,133,0.737,True,False,515619,46989,562608,0,141,1
2025-04-06,HYD,Hyderabad,4,Spring,Sun,180,132,132,0.736,True,False,466012,41438,507450,0,155,0
2025-03-19,HYD,Hyderabad,3,Spring,Fri,180,126,126,0.701,True,False,492642,36066,528708,0,130,0
2025-07-25,DEL,Delhi,7,Monsoon,Sun,180,150,150,0.834,True,False,676846,51085,727931,0,159,0
2025-02-25,HYD,Hyderabad,2,Winter,Mon,180,127,127,0.703,True,False,412445,37949,450394,0,139,0
2025-03-16,BOM,Mumbai,3,Spring,Sun,180,125,125,0.693,True,False,558989,43339,602328,0,128,0
2025-07-17,DEL,Delhi,7,Monsoon,Fri,180,150,150,0.834,True,False,655393,44945,700338,0,159,1
2025-05-13,DEL,Delhi,5,Summer,Sat,180,136,136,0.753,True,False,567913,52697,620610,0,141,0
2025-03-21,DEL,Delhi,3,Spring,Thu,180,151,151,0.841,True,False,645432,57054,702486,0,167,1
2025-05-08,BLR,Bengaluru,5,Summer,Thu,180,144,144,0.801,True,False,584784,48345,633129,0,161,0
2025-07-27,BLR,Bengaluru,7,Monsoon,Sat,180,140,140,0.779,True,False,540079,45067,585146,0,162,2
2025-11-11,BOM,Mumbai,11,Post-Monsoon,Tue,180,158,158,0.876,True,False,746999,53109,800108,0,179,1
2025-08-25,BOM,Mumbai,8,Monsoon,Tue,180,127,127,0.707,True,False,517121,43510,560631,0,146,4
2025-10-19,BLR,Bengaluru,10,Post-Monsoon,Sun,180,147,147,0.816,True,False,664109,42511,706620,0,159,1
2025-05-19,BLR,Bengaluru,5,Summer,Mon,180,144,144,0.801,False,False,539535,44315,583850,0,165,3
2025-02-24,BLR,Bengaluru,2,Winter,Mon,180,141,141,0.785,True,False,467862,44044,511906,0,157,1
2025-03-18,BOM,Mumbai,3,Spring,Sat,180,147,147,0.817,False,False,665492,57840,723332,0,172,2
2025-08-20,BOM,Mumbai,8,Monsoon,Thu,180,127,127,0.707,True,False,515665,48445,564110,0,133,1
2025-01-03,DEL,Delhi,1,Winter,Thu,180,130,130,0.723,False,False,520864,47114,567978,1,136,1
2025-06-07,DEL,Delhi,6,Summer,Sun,180,147,147,0.815,True,False,647294,49426,696720,0,171,5
2025-07-17,BOM,Mumbai,7,Monsoon,Mon,180,153,153,0.852,True,False,619534,64055,683589,0,172,1
2025-04-09,CCU,Kolkata,4,Spring,Wed,180,158,158,0.877,False,False,623988,47050,671038,2,184,1
2025-11-05,DEL,Delhi,11,Post-Monsoon,Wed,180,153,153,0.849,True,False,736856,45260,782116,0,177,0
2025-02-27,DEL,Delhi,2,Winter,Wed,180,128,128,0.713,True,False,487097,48777,535874,0,134,4
2025-05-08,BOM,Mumbai,5,Summer,Wed,180,128,128,0.71,True,False,574746,36511,611257,0,149,0
2025-06-05,CCU,Kolkata,6,Summer,Mon,180,154,154,0.855,True,False,607304,62038,669342,0,173,1
2025-01-01,BLR,Bengaluru,1,Winter,Sun,180,131,131,0.728,False,False,463940,44000,507940,2,138,2
2025-06-12,DEL,Delhi,6,Summer,Fri,180,144,144,0.798,True,False,620892,50695,671587,0,152,0
2025-08-06,BLR,Bengaluru,8,Monsoon,Fri,180,140,140,0.779,False,False,554137,53301,607438,0,164,2
2025-01-16,BOM,Mumbai,1,Winter,Tue,180,129,129,0.715,True,False,498297,36533,534830,0,142,0
2025-11-16,BLR,Bengaluru,11,Post-Monsoon,Fri,180,154,154,0.857,True,False,716470,50480,766950,0,159,0
2025-04-14,HYD,Hyderabad,4,Spring,Fri,180,154,154,0.857,True,False,569730,61509,631239,0,181,0
2025-08-14,BLR,Bengaluru,8,Monsoon,Mon,180,143,143,0.797,True,False,558243,58887,617130,0,162,0
2025-08-10,BLR,Bengaluru,8,Monsoon,Wed,180,128,128,0.712,False,False,493177,52847,546024,0,140,2
2025-08-06,BOM,Mumbai,8,Monsoon,Tue,180,109,109,0.606,False,False,472988,45515,518503,1,119,1
2025-02-11,BOM,Mumbai,2,Winter,Sat,180,126,126,0.701,True,False,467178,42529,509707,0,147,1
2025-12-15,BLR,Bengaluru,12,Winter,Sat,180,132,132,0.731,True,False,490647,48557,539204,0,141,1
2025-12-28,BLR,Bengaluru,12,Winter,Mon,180,162,162,0.901,False,False,618069,47858,665927,0,184,1
2025-06-16,HYD,Hyderabad,6,Summer,Tue,180,148,148,0.821,False,False,514904,59441,574345,1,152,1
2025-09-10,CCU,Kolkata,9,Monsoon,Tue,180,176,176,0.979,True,False,651171,71902,723073,0,203,0
2025-10-17,CCU,Kolkata,10,Post-Monsoon,Sun,180,165,165,0.915,True,False,758323,57986,816309,0,191,0
2025-02-21,CCU,Kolkata,2,Winter,Fri,180,127,127,0.705,True,False,420556,41071,461627,0,133,0
2025-07-08,BLR,Bengaluru,7,Monsoon,Sun,180,145,145,0.805,True,False,574256,52818,627074,0,164,1
2025-05-25,BLR,Bengaluru,5,Summer,Sat,180,127,127,0.706,True,False,521334,43963,565297,0,145,0
2025-06-09,BOM,Mumbai,6,Summer,Sat,180,127,127,0.705,True,False,521826,49336,571162,0,142,1
2025-05-25,HYD,Hyderabad,5,Summer,Wed,180,152,152,0.846,True,False,536523,45646,582169,0,167,1
2025-08-08,HYD,Hyderabad,8,Monsoon,Sat,180,138,138,0.767,True,False,480987,38686,519673,0,155,0
2025-02-08,BOM,Mumbai,2,Winter,Mon,180,125,125,0.694,True,False,475391,51690,527081,0,144,0
2025-10-10,DEL,Delhi,10,Post-Monsoon,Sun,180,156,156,0.869,False,False,749514,59390,808904,0,161,2
2025-04-23,HYD,Hyderabad,4,Spring,Thu,180,143,143,0.793,True,False,530032,48934,578966,0,156,0
2025-06-20,DEL,Delhi,6,Summer,Sat,180,140,140,0.778,True,False,604067,43224,647291,0,154,1
2025-08-17,BLR,Bengaluru,8,Monsoon,Mon,180,134,134,0.746,True,False,528294,42098,570392,0,148,2
2025-09-23,BOM,Mumbai,9,Monsoon,Sun,180,129,129,0.714,True,False,575827,39605,615432,0,146,1
2025-12-15,HYD,Hyderabad,12,Winter,Thu,180,136,136,0.754,True,False,516792,41091,557883,0,142,0
2025-12-21,HYD,Hyderabad,12,Winter,Thu,180,136,136,0.757,True,False,491996,39049,531045,0,141,1
2025-04-24,DEL,Delhi,4,Spring,Wed,180,129,129,0.716,True,False,579405,41958,621363,0,140,0
2025-07-20,HYD,Hyderabad,7,Monsoon,Sun,180,128,128,0.713,True,False,446425,44706,491131,0,131,1
2025-06-15,DEL,Delhi,6,Summer,Sun,180,148,148,0.822,True,False,654136,41466,695602,0,171,0
2025-09-05,HYD,Hyderabad,9,Monsoon,Sat,180,148,148,0.821,True,False,566655,59367,626022,0,158,0
2025-11-21,DEL,Delhi,11,Post-Monsoon,Sun,180,158,158,0.88,True,False,836063,50844,886907,0,167,0
2025-04-01,DEL,Delhi,4,Spring,Thu,180,131,131,0.727,True,False,562779,49928,612707,0,139,1
2025-11-09,DEL,Delhi,11,Post-Monsoon,Mon,180,160,160,0.891,False,False,833104,56523,889627,0,165,2
2025-07-11,BOM,Mumbai,7,Monsoon,Wed,180,135,135,0.749,True,False,615096,54620,669716,0,154,0
2025-09-05,BLR,Bengaluru,9,Monsoon,Fri,180,162,162,0.899,False,False,608777,65506,674283,1,190,0
2025-07-05,BLR,Bengaluru,7,Monsoon,Tue,180,161,161,0.896,True,False,650661,46539,697200,0,165,1
2025-04-14,BOM,Mumbai,4,Spring,Sun,180,160,160,0.889,True,False,727164,56653,783817,0,177,2
2025-04-06,BLR,Bengaluru,4,Spring,Sat,180,148,148,0.822,True,False,582791,44337,627128,0,156,0
2025-11-19,BLR,Bengaluru,11,Post-Monsoon,Thu,180,176,176,0.98,True,False,821732,67176,888908,0,202,2
2025-12-14,BLR,Bengaluru,12,Winter,Fri,180,150,150,0.835,False,False,619207,60094,679301,1,160,1
2025-01-07,BOM,Mumbai,1,Winter,Fri,180,147,147,0.816,True,False,564014,60256,624270,2,171,3
2025-10-16,BOM,Mumbai,10,Post-Monsoon,Fri,180,159,159,0.882,True,False,820644,53953,874597,0,171,0
2025-07-12,BLR,Bengaluru,7,Monsoon,Mon,180,137,137,0.759,True,False,502947,48599,551546,0,143,0
2025-01-09,BLR,Bengaluru,1,Winter,Sun,180,122,122,0.68,True,False,428927,44058,472985,0,138,0
2025-06-04,BOM,Mumbai,6,Summer,Mon,180,149,149,0.826,False,False,604637,57703,662340,1,171,1
2025-03-08,BLR,Bengaluru,3,Spring,Sun,180,151,151,0.839,True,False,584164,50141,634305,0,156,0
2025-02-07,HYD,Hyderabad,2,Winter,Sat,180,136,136,0.756,True,False,439462,40087,479549,0,160,1
2025-07-22,DEL,Delhi,7,Monsoon,Thu,180,143,143,0.793,True,False,629378,42233,671611,0,151,1
2025-03-27,DEL,Delhi,3,Spring,Tue,180,150,150,0.833,True,False,646666,48895,695561,0,162,2
2025-12-08,HYD,Hyderabad,12,Winter,Sat,180,137,137,0.759,True,False,535252,41255,576507,0,155,0
2025-06-22,DEL,Delhi,6,Summer,Tue,180,147,147,0.817,True,False,678392,42381,720773,0,153,1
2025-06-04,DEL,Delhi,6,Summer,Thu,180,137,137,0.763,True,False,614482,38667,653149,0,149,1
2025-02-01,BLR,Bengaluru,2,Winter,Mon,180,160,160,0.891,True,False,541165,63654,604819,0,175,1
2025-12-13,DEL,Delhi,12,Winter,Sun,180,129,129,0.718,True,False,545403,44438,589841,1,147,0
2025-09-03,CCU,Kolkata,9,Monsoon,Thu,180,138,138,0.767,True,False,550921,40833,591754,0,150,0
2025-08-02,BOM,Mumbai,8,Monsoon,Fri,180,154,154,0.854,True,False,698442,55086,753528,0,177,0
2025-05-12,BOM,Mumbai,5,Summer,Thu,180,135,135,0.749,True,False,599864,40380,640244,0,142,1
2025-04-02,BOM,Mumbai,4,Spring,Thu,180,153,153,0.848,True,False,641037,62159,703196,0,178,0
2025-04-14,DEL,Delhi,4,Spring,Wed,180,151,151,0.84,False,False,672389,61826,734215,0,158,1
2025-01-26,DEL,Delhi,1,Winter,Fri,180,128,128,0.713,True,False,516743,45549,562292,0,134,1
2025-09-06,DEL,Delhi,9,Monsoon,Sat,180,162,162,0.898,True,False,736869,45447,782316,0,189,0
2025-10-04,DEL,Delhi,10,Post-Monsoon,Mon,180,171,171,0.951,True,False,875298,47896,923194,0,198,1
2025-03-03,BOM,Mumbai,3,Spring,Mon,180,146,146,0.812,True,False,663263,42173,705436,0,161,1
2025-11-25,DEL,Delhi,11,Post-Monsoon,Sat,180,163,163,0.908,True,False,807216,47124,854340,0,190,1
2025-12-01,BOM,Mumbai,12,Winter,Fri,180,123,123,0.682,True,False,498305,35547,533852,1,144,1
2025-05-25,DEL,Delhi,5,Summer,Fri,180,134,134,0.743,True,False,584766,38545,623311,0,147,0
2025-09-03,BOM,Mumbai,9,Monsoon,Tue,180,126,126,0.698,False,False,568234,47056,615290,1,129,2
2025-04-08,HYD,Hyderabad,4,Spring,Mon,180,143,143,0.793,True,False,537535,54753,592288,0,161,0
2025-05-23,BOM,Mumbai,5,Summer,Wed,180,139,139,0.769,True,False,591503,46603,638106,0,148,0
2025-05-24,BOM,Mumbai,5,Summer,Tue,180,128,128,0.713,True,False,522542,49591,572133,0,144,0
2025-09-26,BOM,Mumbai,9,Monsoon,Tue,180,115,115,0.641,True,False,510300,42070,552370,0,128,1
2025-11-14,BOM,Mumbai,11,Post-Monsoon,Thu,180,166,166,0.921,True,False,821417,69517,890934,0,182,5
2025-06-28,DEL,Delhi,6,Summer,Mon,180,133,133,0.739,True,False,554906,40520,595426,0,139,0
2025-11-21,BOM,Mumbai,11,Post-Monsoon,Fri,180,156,156,0.865,False,False,768723,50075,818798,0,184,4
2025-03-10,CCU,Kolkata,3,Spring,Sat,180,141,141,0.786,True,False,563453,43290,606743,0,153,1
2025-04-06,HYD,Hyderabad,4,Spring,Wed,180,125,125,0.694,False,False,459158,36556,495714,2,147,0
2025-09-05,CCU,Kolkata,9,Monsoon,Mon,180,137,137,0.761,True,False,545474,53407,598881,0,150,0
2025-08-02,DEL,Delhi,8,Monsoon,Fri,180,143,143,0.792,True,False,646265,57899,704164,0,150,0
2025-04-26,HYD,Hyderabad,4,Spring,Tue,180,165,165,0.918,True,False,646473,49038,695511,0,183,0
2025-11-17,BOM,Mumbai,11,Post-Monsoon,Thu,180,151,151,0.84,False,False,713546,61618,775164,0,155,1
2025-04-26,BOM,Mumbai,4,Spring,Wed,180,146,146,0.812,True,False,658284,60977,719261,0,169,2
2025-09-02,CCU,Kolkata,9,Monsoon,Mon,180,140,140,0.777,False,False,504770,42171,546941,0,162,0
2025-05-10,BOM,Mumbai,5,Summer,Fri,180,149,149,0.829,True,False,616125,48198,664323,0,154,0
2025-02-21,BOM,Mumbai,2,Winter,Tue,180,95,95,0.53,False,False,348816,37848,386664,0,106,0
2025-03-13,DEL,Delhi,3,Spring,Thu,180,137,137,0.762,False,False,609981,41717,651698,0,145,1
2025-10-27,CCU,Kolkata,10,Post-Monsoon,Sun,180,149,149,0.827,True,False,634203,44853,679056,0,162,0
2025-08-22,HYD,Hyderabad,8,Monsoon,Sun,180,141,141,0.781,True,False,495635,56674,552309,0,147,0
2025-11-01,DEL,Delhi,11,Post-Monsoon,Sun,180,158,158,0.879,True,False,826675,48398,875073,1,174,0
2025-07-07,BOM,Mumbai,7,Monsoon,Fri,180,130,130,0.724,True,False,580984,49321,630305,0,147,0
2025-04-08,BOM,Mumbai,4,Spring,Sun,180,147,147,0.815,False,False,641593,42532,684125,0,160,1
2025-11-24,DEL,Delhi,11,Post-Monsoon,Sat,180,154,154,0.853,False,False,795058,61794,856852,0,175,0
2025-05-23,BLR,Bengaluru,5,Summer,Fri,180,140,140,0.776,True,False,534535,54316,588851,0,150,0
2025-09-25,HYD,Hyderabad,9,Monsoon,Mon,180,161,161,0.895,True,False,586344,56314,642658,0,185,0
2025-12-20,HYD,Hyderabad,12,Winter,Tue,180,149,149,0.83,True,False,519412,61655,581067,0,158,2
2025-12-24,BOM,Mumbai,12,Winter,Tue,180,157,157,0.872,True,False,682161,56209,738370,0,167,1
2025-02-09,BLR,Bengaluru,2,Winter,Sun,180,135,135,0.751,True,False,496926,40883,537809,0,153,0
2025-11-19,BLR,Bengaluru,11,Post-Monsoon,Wed,180,157,157,0.873,True,False,699907,52442,752349,0,168,0
2025-06-12,BOM,Mumbai,6,Summer,Sun,180,144,144,0.802,True,False,585021,45803,630824,0,157,1
2025-04-14,BLR,Bengaluru,4,Spring,Tue,180,146,146,0.809,True,False,547547,49364,596911,0,172,0
2025-01-18,HYD,Hyderabad,1,Winter,Sat,180,150,150,0.836,True,False,516307,61443,577750,0,166,0
2025-02-26,BOM,Mumbai,2,Winter,Thu,180,137,137,0.759,True,False,523193,42008,565201,0,140,1
2025-04-20,CCU,Kolkata,4,Spring,Mon,180,125,125,0.694,True,False,473456,44094,517550,0,137,3
2025-03-12,HYD,Hyderabad,3,Spring,Sun,180,138,138,0.765,False,False,528951,41250,570201,0,158,1
2025-07-03,DEL,Delhi,7,Monsoon,Mon,180,149,149,0.83,True,False,676373,61335,737708,0,170,0
2025-03-17,BLR,Bengaluru,3,Spring,Mon,180,128,128,0.71,True,False,504362,45657,550019,1,148,2
2025-12-04,BOM,Mumbai,12,Winter,Tue,180,154,154,0.853,True,False,650239,52867,703106,0,179,0
2025-12-24,HYD,Hyderabad,12,Winter,Wed,180,159,159,0.884,True,False,581378,45132,626510,0,176,0
2025-02-05,CCU,Kolkata,2,Winter,Sat,180,144,144,0.8,True,False,513482,42301,555783,0,166,1
2025-05-27,DEL,Delhi,5,Summer,Sat,180,148,148,0.821,True,False,627689,59864,687553,0,173,2
2025-01-26,HYD,Hyderabad,1,Winter,Mon,180,169,0,0.938,False,True,0,0,0,0,0,0
2025-04-27,CCU,Kolkata,4,Spring,Fri,180,135,135,0.748,True,False,516024,51865,567889,0,146,1
2025-02-17,BLR,Bengaluru,2,Winter,Sun,180,129,129,0.717,False,False,462679,50691,513370,0,133,1
2025-07-21,CCU,Kolkata,7,Monsoon,Fri,180,126,126,0.698,True,False,485445,48870,534315,0,133,0
2025-08-14,BOM,Mumbai,8,Monsoon,Thu,180,125,125,0.694,False,False,522678,37417,560095,2,128,0
2025-05-09,BOM,Mumbai,5,Summer,Fri,180,142,142,0.787,False,False,582639,55941,638580,0,153,0
2025-08-07,BOM,Mumbai,8,Monsoon,Thu,180,148,148,0.823,True,False,669571,42405,711976,0,151,2
2025-12-28,BOM,Mumbai,12,Winter,Fri,180,159,159,0.884,True,False,720453,61091,781544,0,164,1
2025-08-14,HYD,Hyderabad,8,Monsoon,Tue,180,134,134,0.742,True,False,491149,52503,543652,0,148,0
2025-06-17,DEL,Delhi,6,Summer,Thu,180,149,149,0.827,True,False,647490,54703,702193,0,154,0
2025-04-06,HYD,Hyderabad,4,Spring,Wed,180,159,159,0.881,True,False,622463,56168,678631,0,181,2
2025-02-05,CCU,Kolkata,2,Winter,Wed,180,140,140,0.777,False,False,467632,41426,509058,0,162,1
2025-02-16,CCU,Kolkata,2,Winter,Tue,180,128,128,0.709,True,False,420045,53448,473493,0,148,3
2025-08-27,BLR,Bengaluru,8,Monsoon,Mon,180,151,151,0.836,True,False,621634,58606,680240,0,177,1
2025-10-01,DEL,Delhi,10,Post-Monsoon,Fri,180,138,138,0.769,True,False,686350,49096,735446,0,143,0
2025-12-06,DEL,Delhi,12,Winter,Tue,180,160,160,0.89,True,False,704146,50477,754623,0,164,0
2025-11-10,CCU,Kolkata,11,Post-Monsoon,Mon,180,163,163,0.905,True,False,679240,52533,731773,0,171,0
2025-04-15,DEL,Delhi,4,Spring,Fri,180,137,137,0.76,True,False,576968,49287,626255,0,146,1
2025-10-24,BOM,Mumbai,10,Post-Monsoon,Wed,180,167,167,0.928,True,False,848715,48942,897657,0,185,1
2025-04-21,DEL,Delhi,4,Spring,Mon,180,149,149,0.826,True,False,649804,51843,701647,0,167,0
2025-07-22,BOM,Mumbai,7,Monsoon,Mon,180,144,144,0.803,False,False,639680,55712,695392,0,153,0
2025-07-20,BLR,Bengaluru,7,Monsoon,Sun,180,138,138,0.769,True,False,551270,51313,602583,1,162,1
2025-11-23,HYD,Hyderabad,11,Post-Monsoon,Tue,180,173,173,0.959,False,False,759621,70292,829913,0,196,0
2025-04-26,CCU,Kolkata,4,Spring,Tue,180,149,149,0.827,True,False,555465,53542,609007,0,164,1
2025-08-13,HYD,Hyderabad,8,Monsoon,Sun,180,140,140,0.778,False,False,547922,47807,595729,0,156,1
2025-09-04,DEL,Delhi,9,Monsoon,Thu,180,144,144,0.799,True,False,613460,44675,658135,0,151,0
2025-01-28,HYD,Hyderabad,1,Winter,Tue,180,139,139,0.773,True,False,456209,47751,503960,0,158,3
2025-09-15,DEL,Delhi,9,Monsoon,Wed,180,131,131,0.728,True,False,585528,48727,634255,0,143,1
2025-04-05,CCU,Kolkata,4,Spring,Sat,180,148,148,0.821,True,False,592760,59567,652327,0,161,0
2025-06-16,HYD,Hyderabad,6,Summer,Thu,180,155,155,0.861,True,False,560314,64642,624956,0,180,1
2025-05-05,BOM,Mumbai,5,Summer,Mon,180,141,141,0.785,False,False,634928,51914,686842,0,148,1
2025-11-13,DEL,Delhi,11,Post-Monsoon,Fri,180,153,153,0.85,False,False,802376,43055,845431,0,168,2
2025-12-15,BLR,Bengaluru,12,Winter,Mon,180,147,147,0.818,False,False,541993,61315,603308,2,171,0
2025-06-10,HYD,Hyderabad,6,Summer,Fri,180,154,154,0.853,True,False,554287,58350,612637,0,175,0
2025-08-20,BLR,Bengaluru,8,Monsoon,Sat,180,127,127,0.708,True,False,510010,52008,562018,0,138,0
2025-03-28,BOM,Mumbai,3,Spring,Thu,180,127,127,0.704,True,False,541045,44867,585912,0,142,2
2025-03-16,BOM,Mumbai,3,Spring,Tue,180,146,146,0.81,True,False,625373,46649,672022,0,152,1
2025-06-16,BOM,Mumbai,6,Summer,Wed,180,118,118,0.654,True,False,486102,34642,520744,1,134,0
2025-06-24,BLR,Bengaluru,6,Summer,Sun,180,115,115,0.637,True,False,453366,36817,490183,0,124,1
2025-01-28,BOM,Mumbai,1,Winter,Mon,180,125,125,0.694,True,False,460053,41294,501347,0,135,0
2025-10-13,BOM,Mumbai,10,Post-Monsoon,Fri,180,156,156,0.869,True,False,779796,50174,829970,0,179,1
2025-11-04,DEL,Delhi,11,Post-Monsoon,Sun,180,138,138,0.767,True,False,659856,54163,714019,0,146,2
2025-11-24,DEL,Delhi,11,Post-Monsoon,Sun,180,137,137,0.762,True,False,729792,38378,768170,0,161,1
2025-08-02,BLR,Bengaluru,8,Monsoon,Tue,180,142,142,0.791,True,False,536915,49588,586503,0,165,1
2025-08-07,DEL,Delhi,8,Monsoon,Sun,180,113,113,0.625,True,False,517455,34927,552382,0,127,0
2025-04-25,DEL,Delhi,4,Spring,Fri,180,157,157,0.874,True,False,716995,63528,780523,0,169,3
2025-08-13,BOM,Mumbai,8,Monsoon,Sun,180,132,132,0.731,True,False,586652,52472,639124,0,148,0
2025-08-08,HYD,Hyderabad,8,Monsoon,Sat,180,132,132,0.732,True,False,466141,52098,518239,0,147,0
2025-11-19,BLR,Bengaluru,11,Post-Monsoon,Sun,180,150,150,0.836,True,False,712162,61075,773237,0,167,0
2025-04-24,DEL,Delhi,4,Spring,Tue,180,132,132,0.732,True,False,600397,41817,642214,0,145,2
2025-09-02,BOM,Mumbai,9,Monsoon,Sun,180,165,165,0.919,False,False,747534,50662,798196,0,169,3
2025-06-21,BLR,Bengaluru,6,Summer,Thu,180,126,126,0.699,True,False,516617,49640,566257,0,146,1
2025-07-17,CCU,Kolkata,7,Monsoon,Wed,180,143,143,0.795,True,False,513976,45579,559555,0,152,4
2025-05-03,BLR,Bengaluru,5,Summer,Sun,180,141,141,0.785,True,False,551765,49114,600879,0,151,0
2025-08-04,DEL,Delhi,8,Monsoon,Thu,180,137,137,0.761,True,False,631797,44745,676542,0,146,0
2025-09-01,CCU,Kolkata,9,Monsoon,Sat,180,136,136,0.755,True,False,493219,53214,546433,0,159,2
2025-09-14,BLR,Bengaluru,9,Monsoon,Thu,180,129,129,0.719,True,False,506968,52311,559279,0,143,1
2025-11-26,BOM,Mumbai,11,Post-Monsoon,Thu,180,159,159,0.881,True,False,742838,51689,794527,0,176,0
2025-10-16,HYD,Hyderabad,10,Post-Monsoon,Fri,180,159,159,0.881,True,False,694617,45980,740597,0,182,0
2025-02-07,BOM,Mumbai,2,Winter,Fri,180,126,126,0.699,True,False,468474,43080,511554,0,133,1
2025-04-19,BOM,Mumbai,4,Spring,Wed,180,127,127,0.704,True,False,522914,38114,561028,0,133,1
2025-10-04,DEL,Delhi,10,Post-Monsoon,Sun,180,161,161,0.895,True,False,808336,52308,860644,0,187,0
2025-08-11,BLR,Bengaluru,8,Monsoon,Sun,180,135,135,0.748,True,False,526681,45973,572654,0,154,1
2025-11-13,DEL,Delhi,11,Post-Monsoon,Fri,180,148,148,0.821,True,False,766664,41961,808625,0,155,0
2025-08-20,HYD,Hyderabad,8,Monsoon,Mon,180,134,134,0.744,True,False,508980,42877,551857,0,145,0
2025-10-14,HYD,Hyderabad,10,Post-Monsoon,Tue,180,172,172,0.955,True,False,709613,69999,779612,0,183,1
2025-04-04,BLR,Bengaluru,4,Spring,Fri,180,153,153,0.848,True,False,570529,48150,618679,0,174,0
2025-04-10,HYD,Hyderabad,4,Spring,Sat,180,153,153,0.847,True,False,541129,61202,602331,0,166,0
2025-12-22,DEL,Delhi,12,Winter,Wed,180,138,138,0.765,True,False,635921,53281,689202,0,151,0
2025-11-09,DEL,Delhi,11,Post-Monsoon,Tue,180,150,150,0.835,False,False,769742,55706,825448,0,173,3
2025-10-12,BLR,Bengaluru,10,Post-Monsoon,Wed,180,173,173,0.958,False,False,746011,65823,811834,0,202,0
2025-11-27,BOM,Mumbai,11,Post-Monsoon,Wed,180,163,163,0.904,True,False,820778,67414,888192,0,180,1
2025-07-25,BLR,Bengaluru,7,Monsoon,Mon,180,144,144,0.803,True,False,547254,55363,602617,0,160,0
2025-11-25,BOM,Mumbai,11,Post-Monsoon,Sat,180,157,157,0.874,False,False,758246,44157,802403,0,167,2
2025-09-22,HYD,Hyderabad,9,Monsoon,Thu,180,135,135,0.75,True,False,475711,46168,521879,0,159,1
2025-01-22,DEL,Delhi,1,Winter,Sat,180,123,123,0.685,True,False,474616,43070,517686,0,126,0
2025-02-13,BOM,Mumbai,2,Winter,Fri,180,140,140,0.778,True,False,526597,57268,583865,0,143,0
2025-04-25,BOM,Mumbai,4,Spring,Sat,180,130,130,0.72,False,False,545807,48310,594117,0,143,1
2025-07-15,DEL,Delhi,7,Monsoon,Sat,180,140,140,0.777,True,False,641503,53521,695024,0,152,1
2025-09-23,DEL,Delhi,9,Monsoon,Thu,180,135,135,0.75,False,False,559886,49351,609237,1,159,0
2025-11-14,BOM,Mumbai,11,Post-Monsoon,Thu,180,135,135,0.748,True,False,637308,53159,690467,0,142,1
2025-02-25,DEL,Delhi,2,Winter,Thu,180,135,135,0.751,True,False,556592,41715,598307,0,159,0
2025-07-20,BOM,Mumbai,7,Monsoon,Fri,180,136,136,0.754,True,False,603672,45044,648716,0,159,1
2025-08-28,DEL,Delhi,8,Monsoon,Tue,180,139,139,0.774,False,False,599496,56513,656009,0,158,2
2025-05-04,BOM,Mumbai,5,Summer,Mon,180,117,117,0.65,False,False,474067,39175,513242,1,124,1
2025-10-14,DEL,Delhi,10,Post-Monsoon,Sat,180,134,134,0.746,True,False,687899,51415,739314,1,147,0
2025-04-22,CCU,Kolkata,4,Spring,Mon,180,133,133,0.737,True,False,517569,37834,555403,0,145,1
2025-09-04,BOM,Mumbai,9,Monsoon,Tue,180,156,156,0.869,False,False,682419,46917,729336,0,165,2
2025-06-15,HYD,Hyderabad,6,Summer,Tue,180,147,147,0.819,False,False,519502,50617,570119,1,151,3
2025-12-18,HYD,Hyderabad,12,Winter,Thu,180,157,157,0.872,True,False,553668,57013,610681,0,163,0
2025-09-02,DEL,Delhi,9,Monsoon,Wed,180,130,130,0.723,False,False,570491,47588,618079,0,138,1
2025-09-15,DEL,Delhi,9,Monsoon,Sun,180,133,133,0.738,True,False,581059,38748,619807,0,153,0
2025-02-01,HYD,Hyderabad,2,Winter,Fri,180,128,128,0.71,False,False,440627,39278,479905,0,132,0
2025-07-10,DEL,Delhi,7,Monsoon,Tue,180,132,132,0.731,False,False,590856,44733,635589,0,150,0
2025-03-27,HYD,Hyderabad,3,Spring,Tue,180,122,122,0.677,True,False,477316,43001,520317,0,139,1
2025-12-25,DEL,Delhi,12,Winter,Thu,180,159,159,0.886,False,False,713387,65658,779045,2,186,1
2025-02-19,BOM,Mumbai,2,Winter,Wed,180,119,119,0.659,True,False,442882,43267,486149,0,133,1
2025-12-19,HYD,Hyderabad,12,Winter,Sat,180,150,150,0.833,True,False,583444,46706,630150,0,174,0
2025-06-25,CCU,Kolkata,6,Summer,Mon,180,154,154,0.854,True,False,559447,54090,613537,0,159,1
2025-11-17,BLR,Bengaluru,11,Post-Monsoon,Wed,180,154,154,0.856,False,False,657476,49466,706942,0,182,1
2025-07-22,DEL,Delhi,7,Monsoon,Mon,180,132,132,0.735,True,False,614590,41440,656030,0,138,1
2025-08-27,DEL,Delhi,8,Monsoon,Tue,180,142,142,0.786,True,False,657985,47375,705360,0,146,2
2025-09-16,BLR,Bengaluru,9,Monsoon,Thu,180,138,138,0.767,False,False,542844,45276,588120,0,157,1
2025-04-08,BLR,Bengaluru,4,Spring,Sun,180,129,129,0.719,True,False,527948,44867,572815,0,143,0
2025-12-02,BLR,Bengaluru,12,Winter,Wed,180,134,134,0.743,False,False,530581,54978,585559,0,138,3
2025-11-15,CCU,Kolkata,11,Post-Monsoon,Mon,180,160,160,0.888,True,False,683248,54052,737300,0,172,3
2025-07-16,DEL,Delhi,7,Monsoon,Wed,180,150,150,0.836,False,False,625035,48613,673648,0,164,0
2025-02-25,DEL,Delhi,2,Winter,Tue,180,136,136,0.753,True,False,528837,45600,574437,0,142,0
2025-09-26,BOM,Mumbai,9,Monsoon,Sat,180,131,131,0.73,True,False,545106,53400,598506,0,139,1
2025-07-23,BLR,Bengaluru,7,Monsoon,Thu,180,156,156,0.867,True,False,623269,50452,673721,0,179,0
2025-10-12,BOM,Mumbai,10,Post-Monsoon,Wed,180,151,151,0.838,True,False,704109,59757,763866,0,161,0
2025-02-02,DEL,Delhi,2,Winter,Wed,180,135,135,0.749,True,False,526470,48240,574710,0,153,0
2025-10-21,BLR,Bengaluru,10,Post-Monsoon,Fri,180,150,150,0.834,True,False,708753,44370,753123,0,172,0
2025-08-03,DEL,Delhi,8,Monsoon,Mon,180,150,150,0.835,True,False,641750,52670,694420,0,161,0
2025-08-28,BOM,Mumbai,8,Monsoon,Thu,180,121,121,0.671,False,False,534646,42605,577251,1,126,1
2025-10-18,BLR,Bengaluru,10,Post-Monsoon,Fri,180,170,170,0.944,True,False,718108,60786,778894,0,176,1
2025-08-25,DEL,Delhi,8,Monsoon,Sat,180,142,142,0.789,True,False,652532,44588,697120,0,167,1
2025-01-11,BOM,Mumbai,1,Winter,Thu,180,140,140,0.778,True,False,572772,56864,629636,0,148,2
2025-10-17,HYD,Hyderabad,10,Post-Monsoon,Mon,180,147,147,0.818,True,False,603040,56095,659135,0,169,0
2025-08-13,DEL,Delhi,8,Monsoon,Mon,180,152,152,0.844,True,False,642154,49220,691374,0,176,1
2025-09-08,BLR,Bengaluru,9,Monsoon,Tue,180,138,138,0.768,True,False,551941,51161,603102,0,148,1
2025-06-27,DEL,Delhi,6,Summer,Tue,180,125,125,0.695,False,False,518889,42748,561637,0,131,2
2025-10-17,DEL,Delhi,10,Post-Monsoon,Sun,180,166,166,0.922,True,False,811140,65254,876394,0,171,0
2025-05-17,BLR,Bengaluru,5,Summer,Mon,180,129,129,0.716,True,False,497817,42616,540433,0,138,0
2025-04-24,CCU,Kolkata,4,Spring,Wed,180,142,142,0.789,True,False,562472,42612,605084,0,153,1
2025-05-18,HYD,Hyderabad,5,Summer,Sat,180,140,140,0.778,True,False,513208,49407,562615,0,156,0
2025-03-15,BLR,Bengaluru,3,Spring,Mon,180,154,154,0.856,True,False,570972,62793,633765,0,166,1
2025-07-28,BOM,Mumbai,7,Monsoon,Tue,180,137,137,0.764,True,False,572564,55997,628561,0,153,2
2025-01-04,DEL,Delhi,1,Winter,Mon,180,117,117,0.648,True,False,444278,41513,485791,0,126,2
2025-12-14,CCU,Kolkata,12,Winter,Thu,180,138,138,0.765,True,False,511574,52943,564517,0,148,0
2025-09-07,DEL,Delhi,9,Monsoon,Sun,180,148,148,0.823,True,False,645403,50113,695516,0,165,0
2025-01-20,DEL,Delhi,1,Winter,Wed,180,118,118,0.655,True,False,469410,49080,518490,1,123,1
2025-08-22,BOM,Mumbai,8,Monsoon,Thu,180,138,138,0.768,True,False,569007,55268,624275,0,142,0
2025-08-23,CCU,Kolkata,8,Monsoon,Sun,180,141,141,0.782,True,False,559956,49680,609636,0,165,1
2025-04-05,DEL,Delhi,4,Spring,Tue,180,149,149,0.826,True,False,683683,54861,738544,0,170,1
2025-07-24,BOM,Mumbai,7,Monsoon,Tue,180,122,122,0.677,False,False,546024,46730,592754,0,142,2
2025-01-09,CCU,Kolkata,1,Winter,Tue,180,140,140,0.775,False,False,505564,42578,548142,0,143,3
2025-11-17,HYD,Hyderabad,11,Post-Monsoon,Wed,180,129,129,0.719,True,False,553923,53277,607200,0,150,1
2025-08-23,BOM,Mumbai,8,Monsoon,Thu,180,132,0,0.735,False,True,0,0,0,0,0,0
2025-02-14,BLR,Bengaluru,2,Winter,Sun,180,131,131,0.726,True,False,458514,43517,502031,0,149,1
2025-07-22,BLR,Bengaluru,7,Monsoon,Sun,180,130,130,0.72,True,False,528983,46894,575877,0,133,1
2025-07-07,BOM,Mumbai,7,Monsoon,Sun,180,125,125,0.694,True,False,521725,50122,571847,0,131,2
2025-09-11,CCU,Kolkata,9,Monsoon,Sun,180,137,137,0.758,True,False,524626,43679,568305,0,152,0
2025-02-07,DEL,Delhi,2,Winter,Thu,180,131,131,0.728,True,False,506637,47259,553896,0,145,0
2025-02-16,CCU,Kolkata,2,Winter,Sun,180,137,137,0.764,True,False,444514,50315,494829,0,142,2
2025-06-18,BOM,Mumbai,6,Summer,Wed,180,134,134,0.746,False,False,545503,50853,596356,1,144,0
2025-06-01,BLR,Bengaluru,6,Summer,Thu,180,153,153,0.85,True,False,625220,59063,684283,0,180,1
2025-03-08,BLR,Bengaluru,3,Spring,Thu,180,145,145,0.803,True,False,554253,56096,610349,0,160,1
2025-03-24,BLR,Bengaluru,3,Spring,Wed,180,149,149,0.826,True,False,605701,46434,652135,0,163,2
2025-12-26,BLR,Bengaluru,12,Winter,Fri,180,138,138,0.766,False,False,561031,47927,608958,1,162,2
2025-09-23,BLR,Bengaluru,9,Monsoon,Fri,180,138,138,0.766,False,False,557960,56005,613965,0,159,0
2025-07-06,HYD,Hyderabad,7,Monsoon,Wed,180,168,168,0.933,True,False,600701,66453,667154,0,174,1
2025-06-09,BOM,Mumbai,6,Summer,Tue,180,148,148,0.82,False,False,600060,49525,649585,0,166,0
2025-03-02,BOM,Mumbai,3,Spring,Fri,180,144,144,0.8,True,False,647981,42958,690939,0,162,0
2025-02-24,HYD,Hyderabad,2,Winter,Thu,180,134,134,0.745,False,False,466077,52644,518721,0,143,0
2025-10-07,BLR,Bengaluru,10,Post-Monsoon,Mon,180,155,155,0.863,True,False,663491,61203,724694,0,181,0
2025-01-14,HYD,Hyderabad,1,Winter,Fri,180,128,128,0.713,True,False,402901,41895,444796,0,138,1
2025-09-10,BOM,Mumbai,9,Monsoon,Tue,180,139,139,0.772,True,False,574467,54698,629165,0,152,0
2025-06-04,DEL,Delhi,6,Summer,Thu,180,120,120,0.665,True,False,547581,46536,594117,0,132,1
2025-11-03,CCU,Kolkata,11,Post-Monsoon,Wed,180,157,157,0.872,True,False,705950,52650,758600,0,166,1
2025-10-04,HYD,Hyderabad,10,Post-Monsoon,Tue,180,167,167,0.926,True,False,731018,50896,781914,0,183,2
2025-03-04,BOM,Mumbai,3,Spring,Sun,180,115,115,0.637,True,False,518696,33042,551738,0,133,0
2025-12-28,BLR,Bengaluru,12,Winter,Sun,180,145,145,0.806,True,False,544842,51878,596720,0,162,0
2025-09-20,DEL,Delhi,9,Monsoon,Thu,180,137,137,0.76,True,False,607765,39965,647730,0,146,2
2025-06-11,CCU,Kolkata,6,Summer,Sat,180,126,126,0.702,True,False,499138,42026,541164,0,134,1
2025-12-20,DEL,Delhi,12,Winter,Wed,180,132,132,0.734,True,False,566238,46893,613131,0,146,1
2025-03-12,BOM,Mumbai,3,Spring,Fri,180,140,140,0.775,True,False,606022,56571,662593,0,159,3
2025-12-25,CCU,Kolkata,12,Winter,Thu,180,125,125,0.692,True,False,455436,45243,500679,0,137,1
2025-08-07,BLR,Bengaluru,8,Monsoon,Sun,180,140,140,0.778,False,False,559679,39848,599527,0,162,2
2025-12-28,BLR,Bengaluru,12,Winter,Fri,180,160,160,0.887,True,False,654630,56443,711073,0,167,0
2025-07-05,DEL,Delhi,7,Monsoon,Fri,180,139,139,0.772,True,False,582146,38949,621095,0,145,0
2025-04-15,BLR,Bengaluru,4,Spring,Tue,180,139,139,0.772,True,False,566687,57407,624094,0,144,0
2025-01-07,DEL,Delhi,1,Winter,Mon,180,124,124,0.69,False,False,487323,38735,526058,0,145,1
2025-09-07,DEL,Delhi,9,Monsoon,Sun,180,147,147,0.819,True,False,672723,43685,716408,0,164,1
2025-06-15,CCU,Kolkata,6,Summer,Tue,180,130,130,0.725,True,False,517191,50152,567343,0,144,0
2025-02-08,DEL,Delhi,2,Winter,Sun,180,121,121,0.671,True,False,490633,41334,531967,0,127,0
2025-02-05,BOM,Mumbai,2,Winter,Fri,180,142,142,0.79,True,False,575915,41544,617459,0,163,0
2025-04-25,BLR,Bengaluru,4,Spring,Fri,180,143,143,0.796,False,False,535325,40948,576273,0,158,3
2025-05-02,BOM,Mumbai,5,Summer,Sun,180,145,145,0.806,True,False,602707,42981,645688,0,166,0
2025-05-23,BOM,Mumbai,5,Summer,Thu,180,129,129,0.714,True,False,531213,45899,577112,0,134,0
2025-02-11,HYD,Hyderabad,2,Winter,Fri,180,126,126,0.702,True,False,402978,37460,440438,0,145,1
2025-09-11,BLR,Bengaluru,9,Monsoon,Wed,180,140,140,0.78,True,False,520869,55420,576289,0,149,1
2025-07-18,BOM,Mumbai,7,Monsoon,Fri,180,131,131,0.73,True,False,561659,40519,602178,0,145,0
2025-02-27,BOM,Mumbai,2,Winter,Tue,180,135,135,0.749,False,False,536256,56190,592446,1,146,0
2025-07-12,DEL,Delhi,7,Monsoon,Fri,180,154,154,0.853,True,False,696437,54363,750800,0,172,0
2025-10-22,BOM,Mumbai,10,Post-Monsoon,Fri,180,165,165,0.917,False,False,794153,59584,853737,0,184,0
2025-09-10,HYD,Hyderabad,9,Monsoon,Sat,180,151,151,0.838,True,False,533872,48596,582468,0,170,0
2025-12-11,BLR,Bengaluru,12,Winter,Mon,180,146,146,0.813,True,False,556556,44915,601471,0,151,0
2025-06-19,BLR,Bengaluru,6,Summer,Fri,180,165,165,0.914,True,False,610727,55961,666688,0,192,2
2025-07-08,BLR,Bengaluru,7,Monsoon,Sat,180,129,129,0.715,True,False,521921,44556,566477,0,150,1
2025-11-10,DEL,Delhi,11,Post-Monsoon,Fri,180,165,165,0.915,True,False,849942,53562,903504,0,169,1
2025-05-11,DEL,Delhi,5,Summer,Sun,180,149,149,0.829,True,False,648731,56655,705386,0,169,0
2025-12-10,HYD,Hyderabad,12,Winter,Fri,180,138,138,0.769,True,False,510544,43534,554078,0,155,0
2025-12-03,DEL,Delhi,12,Winter,Thu,180,123,123,0.686,False,False,573613,48988,622601,0,145,1
2025-07-23,HYD,Hyderabad,7,Monsoon,Wed,180,136,136,0.758,True,False,509263,43668,552931,0,143,0
2025-11-27,DEL,Delhi,11,Post-Monsoon,Sat,180,153,153,0.85,False,False,763943,49262,813205,1,166,2
2025-01-14,BOM,Mumbai,1,Winter,Fri,180,142,142,0.79,True,False,551653,55251,606904,0,153,1
2025-11-08,BOM,Mumbai,11,Post-Monsoon,Thu,180,163,163,0.904,True,False,839437,47657,887094,0,167,0
2025-01-15,HYD,Hyderabad,1,Winter,Sat,180,135,135,0.751,True,False,449219,39157,488376,0,145,1
2025-03-21,BLR,Bengaluru,3,Spring,Wed,180,149,149,0.828,True,False,560740,54583,615323,0,157,0
2025-11-11,BOM,Mumbai,11,Post-Monsoon,Tue,180,155,155,0.86,True,False,728326,51893,780219,0,163,1
2025-10-27,DEL,Delhi,10,Post-Monsoon,Wed,180,142,142,0.789,False,False,756051,41685,797736,0,160,3
2025-08-16,CCU,Kolkata,8,Monsoon,Fri,180,123,123,0.685,True,False,471634,34487,506121,0,128,0
2025-03-10,HYD,Hyderabad,3,Spring,Wed,180,148,148,0.822,False,False,567114,61521,628635,0,169,3
2025-03-28,BLR,Bengaluru,3,Spring,Mon,180,126,126,0.698,True,False,462613,44486,507099,0,135,1
2025-03-17,BLR,Bengaluru,3,Spring,Wed,180,146,146,0.811,True,False,575723,43376,619099,0,153,0
2025-06-09,DEL,Delhi,6,Summer,Tue,180,146,146,0.814,True,False,625715,56088,681803,0,162,1
2025-01-04,BOM,Mumbai,1,Winter,Sat,180,121,121,0.674,True,False,456657,49252,505909,0,131,1
2025-06-19,BOM,Mumbai,6,Summer,Mon,180,145,145,0.806,False,False,641063,44045,685108,3,150,2
2025-08-11,HYD,Hyderabad,8,Monsoon,Tue,180,144,144,0.798,False,False,503817,44067,547884,0,168,3
2025-01-27,CCU,Kolkata,1,Winter,Wed,180,115,115,0.642,True,False,411269,36454,447723,0,120,0
2025-01-08,BOM,Mumbai,1,Winter,Thu,180,132,132,0.735,True,False,484872,39014,523886,0,149,2
2025-12-17,BOM,Mumbai,12,Winter,Wed,180,152,152,0.846,False,False,667163,53367,720530,0,162,0
2025-05-15,DEL,Delhi,5,Summer,Sun,180,123,123,0.685,False,False,523751,42013,565764,0,126,1
2025-12-12,BOM,Mumbai,12,Winter,Tue,180,141,141,0.784,False,False,640145,49210,689355,1,158,2
2025-11-03,BOM,Mumbai,11,Post-Monsoon,Wed,180,169,169,0.939,True,False,848077,51286,899363,0,188,2
2025-02-14,BLR,Bengaluru,2,Winter,Sat,180,106,106,0.589,True,False,375531,43422,418953,0,122,0
2025-01-19,HYD,Hyderabad,1,Winter,Wed,180,126,126,0.702,True,False,441945,41409,483354,0,148,0
2025-02-25,DEL,Delhi,2,Winter,Tue,180,137,137,0.76,True,False,517245,41751,558996,0,158,1
2025-07-08,BLR,Bengaluru,7,Monsoon,Sun,180,151,151,0.839,True,False,572580,51918,624498,0,163,0
2025-09-09,BLR,Bengaluru,9,Monsoon,Tue,180,139,139,0.771,True,False,512601,41518,554119,0,156,0
2025-10-12,CCU,Kolkata,10,Post-Monsoon,Tue,180,156,156,0.865,True,False,667869,56799,724668,0,179,2
2025-03-02,DEL,Delhi,3,Spring,Sun,180,149,149,0.828,False,False,663866,44014,707880,0,168,0
2025-02-12,BLR,Bengaluru,2,Winter,Mon,180,131,131,0.728,True,False,483320,53384,536704,0,139,0
2025-04-18,DEL,Delhi,4,Spring,Tue,180,128,128,0.713,True,False,584381,52239,636620,1,141,0
2025-03-12,CCU,Kolkata,3,Spring,Tue,180,148,0,0.821,False,True,0,0,0,0,0,0
2025-03-16,BLR,Bengaluru,3,Spring,Sat,180,148,148,0.82,True,False,570473,61052,631525,0,154,2
2025-04-06,BOM,Mumbai,4,Spring,Wed,180,148,148,0.825,True,False,612460,59332,671792,0,151,0
2025-04-02,DEL,Delhi,4,Spring,Sat,180,155,155,0.859,True,False,710975,52790,763765,0,172,0
2025-12-14,DEL,Delhi,12,Winter,Wed,180,148,148,0.821,True,False,635496,53135,688631,0,161,0
2025-11-02,DEL,Delhi,11,Post-Monsoon,Sun,180,149,149,0.828,False,False,729801,59761,789562,0,163,2
2025-06-25,DEL,Delhi,6,Summer,Fri,180,160,160,0.889,True,False,730274,66501,796775,0,176,1
2025-02-17,BLR,Bengaluru,2,Winter,Wed,180,119,119,0.659,False,False,405166,35536,440702,0,126,1
2025-03-15,DEL,Delhi,3,Spring,Sat,180,144,144,0.8,True,False,647933,57983,705916,0,166,1
2025-07-26,HYD,Hyderabad,7,Monsoon,Sun,180,146,146,0.814,True,False,527926,60270,588196,0,171,0
2025-02-17,CCU,Kolkata,2,Winter,Fri,180,123,123,0.681,True,False,404445,46252,450697,0,138,1
2025-12-16,CCU,Kolkata,12,Winter,Wed,180,153,153,0.85,True,False,575476,54379,629855,0,177,0
2025-08-07,CCU,Kolkata,8,Monsoon,Tue,180,145,145,0.807,True,False,551930,41134,593064,0,164,0
2025-03-28,CCU,Kolkata,3,Spring,Mon,180,152,152,0.843,False,False,547675,53446,601121,1,156,1
2025-08-17,BLR,Bengaluru,8,Monsoon,Tue,180,147,147,0.816,True,False,587505,58340,645845,0,159,0
2025-06-04,BOM,Mumbai,6,Summer,Tue,180,134,134,0.745,True,False,603972,45482,649454,0,149,0
2025-02-13,BLR,Bengaluru,2,Winter,Sat,180,154,154,0.858,True,False,547561,50926,598487,0,173,0
2025-08-23,CCU,Kolkata,8,Monsoon,Wed,180,132,132,0.736,False,False,475227,47079,522306,0,140,2
2025-01-10,BLR,Bengaluru,1,Winter,Thu,180,119,119,0.659,True,False,442498,46346,488844,0,126,1
2025-01-16,DEL,Delhi,1,Winter,Fri,180,147,147,0.816,True,False,606141,47643,653784,0,169,1
2025-10-12,BLR,Bengaluru,10,Post-Monsoon,Fri,180,160,160,0.888,True,False,726883,49705,776588,0,168,1
2025-11-09,DEL,Delhi,11,Post-Monsoon,Thu,180,147,147,0.819,True,False,704606,55362,759968,0,171,2
2025-11-16,DEL,Delhi,11,Post-Monsoon,Sun,180,157,157,0.872,True,False,807586,51264,858850,0,175,0
2025-10-17,BLR,Bengaluru,10,Post-Monsoon,Mon,180,142,142,0.791,True,False,618672,42455,661127,0,166,0
2025-10-18,HYD,Hyderabad,10,Post-Monsoon,Mon,180,138,138,0.768,True,False,595147,55074,650221,0,156,0
2025-09-28,BOM,Mumbai,9,Monsoon,Tue,180,142,142,0.79,False,False,604867,46200,651067,0,148,3
2025-11-01,BOM,Mumbai,11,Post-Monsoon,Thu,180,155,155,0.861,False,False,726156,47210,773366,1,169,0
2025-12-27,DEL,Delhi,12,Winter,Sat,180,136,136,0.756,True,False,602787,45895,648682,0,153,2
2025-12-27,BOM,Mumbai,12,Winter,Fri,180,132,132,0.731,True,False,552896,47814,600710,0,148,1
2025-10-21,BLR,Bengaluru,10,Post-Monsoon,Fri,180,158,158,0.88,True,False,716979,49533,766512,0,171,2
2025-03-08,HYD,Hyderabad,3,Spring,Thu,180,142,142,0.786,False,False,548310,57487,605797,0,166,3
2025-06-28,BLR,Bengaluru,6,Summer,Thu,180,158,158,0.879,True,False,611881,53231,665112,0,182,1
2025-06-01,CCU,Kolkata,6,Summer,Wed,180,140,140,0.776,False,False,513935,44550,558485,0,155,0
2025-04-17,HYD,Hyderabad,4,Spring,Sat,180,139,139,0.77,True,False,524300,55510,579810,0,156,0
2025-04-12,DEL,Delhi,4,Spring,Wed,180,146,146,0.812,True,False,610562,54485,665047,0,150,0
2025-03-01,BOM,Mumbai,3,Spring,Wed,180,154,154,0.856,True,False,697114,49885,746999,0,175,2
2025-10-06,DEL,Delhi,10,Post-Monsoon,Tue,180,155,155,0.861,True,False,749842,61218,811060,0,177,1
2025-02-21,DEL,Delhi,2,Winter,Fri,180,136,136,0.756,True,False,561521,49607,611128,0,151,1
2025-12-16,CCU,Kolkata,12,Winter,Sat,180,151,151,0.841,True,False,593084,47524,640608,0,161,1
2025-07-12,HYD,Hyderabad,7,Monsoon,Wed,180,162,162,0.899,True,False,622269,52728,674997,0,173,0
2025-05-03,DEL,Delhi,5,Summer,Thu,180,135,135,0.752,False,False,623348,48645,671993,1,151,2
2025-11-15,DEL,Delhi,11,Post-Monsoon,Mon,180,143,143,0.796,True,False,696550,58311,754861,0,153,2
2025-08-02,BLR,Bengaluru,8,Monsoon,Thu,180,135,135,0.749,True,False,539652,47960,587612,0,156,0
2025-10-21,BOM,Mumbai,10,Post-Monsoon,Sun,180,148,148,0.821,True,False,702895,45056,747951,0,152,1
2025-01-13,BLR,Bengaluru,1,Winter,Tue,180,146,146,0.814,True,False,525420,43267,568687,0,162,0
2025-11-04,BOM,Mumbai,11,Post-Monsoon,Fri,180,151,151,0.837,True,False,711626,59391,771017,0,170,1
2025-10-12,BOM,Mumbai,10,Post-Monsoon,Wed,180,159,159,0.884,True,False,803996,57191,861187,0,173,0
2025-05-21,HYD,Hyderabad,5,Summer,Wed,180,135,135,0.747,True,False,511686,48364,560050,0,143,0
2025-09-19,CCU,Kolkata,9,Monsoon,Thu,180,133,133,0.741,True,False,497804,50161,547965,0,152,2
2025-07-09,BOM,Mumbai,7,Monsoon,Fri,180,146,146,0.812,True,False,642096,60432,702528,0,160,0
2025-02-25,BLR,Bengaluru,2,Winter,Sun,180,136,136,0.757,True,False,492507,41597,534104,0,144,1
2025-08-15,CCU,Kolkata,8,Monsoon,Fri,180,133,133,0.736,True,False,532459,48778,581237,0,152,1
2025-06-14,BOM,Mumbai,6,Summer,Sat,180,129,129,0.716,False,False,576645,47831,624476,0,134,0
2025-05-09,DEL,Delhi,5,Summer,Tue,180,138,138,0.768,True,False,603125,38960,642085,0,149,1
2025-06-06,CCU,Kolkata,6,Summer,Fri,180,126,126,0.699,True,False,458774,41506,500280,0,140,1
2025-03-24,BLR,Bengaluru,3,Spring,Wed,180,164,164,0.91,True,False,669206,48908,718114,0,172,0
2025-10-13,CCU,Kolkata,10,Post-Monsoon,Thu,180,163,163,0.904,True,False,674157,47418,721575,0,182,1
2025-12-23,CCU,Kolkata,12,Winter,Tue,180,133,133,0.741,False,False,498163,48327,546490,1,138,1
2025-11-11,DEL,Delhi,11,Post-Monsoon,Fri,180,140,140,0.775,False,False,689362,51119,740481,0,165,0
2025-09-10,BOM,Mumbai,9,Monsoon,Tue,180,128,128,0.709,False,False,519310,43724,563034,0,144,2
2025-08-07,DEL,Delhi,8,Monsoon,Fri,180,123,123,0.681,True,False,511278,34487,545765,0,140,0
2025-11-24,HYD,Hyderabad,11,Post-Monsoon,Mon,180,166,166,0.922,True,False,699648,49030,748678,0,180,2
2025-05-15,BOM,Mumbai,5,Summer,Sun,180,141,141,0.782,True,False,612871,57277,670148,0,157,3
2025-12-15,HYD,Hyderabad,12,Winter,Thu,180,137,137,0.763,True,False,501959,44007,545966,0,155,1
2025-03-13,BLR,Bengaluru,3,Spring,Sun,180,143,143,0.796,True,False,528818,40733,569551,0,152,0
2025-09-11,BLR,Bengaluru,9,Monsoon,Tue,180,155,155,0.861,True,False,582077,61827,643904,0,180,1
2025-05-28,CCU,Kolkata,5,Summer,Thu,180,122,122,0.676,True,False,489481,39511,528992,0,137,0
2025-05-20,DEL,Delhi,5,Summer,Wed,180,153,153,0.85,True,False,709645,46638,756283,0,158,0
2025-06-06,BLR,Bengaluru,6,Summer,Tue,180,141,141,0.781,True,False,534445,50843,585288,0,145,0
2025-02-20,HYD,Hyderabad,2,Winter,Mon,180,139,139,0.774,True,False,486121,44544,530665,0,149,0
2025-03-20,CCU,Kolkata,3,Spring,Thu,180,112,112,0.622,True,False,447656,31935,479591,0,122,0
2025-04-16,DEL,Delhi,4,Spring,Sat,180,171,171,0.949,False,False,790143,62551,852694,0,201,0
2025-12-04,BOM,Mumbai,12,Winter,Sun,180,144,144,0.797,True,False,641980,53548,695528,0,155,0
2025-12-28,DEL,Delhi,12,Winter,Tue,180,125,125,0.695,True,False,562540,37234,599774,0,130,0
2025-01-23,DEL,Delhi,1,Winter,Tue,180,119,119,0.661,True,False,476799,38516,515315,0,122,0
2025-06-07,DEL,Delhi,6,Summer,Sat,180,144,144,0.799,True,False,654565,41000,695565,0,161,0
2025-10-25,BOM,Mumbai,10,Post-Monsoon,Wed,180,156,156,0.866,True,False,776425,53697,830122,0,169,1
2025-11-27,BLR,Bengaluru,11,Post-Monsoon,Mon,180,136,136,0.758,False,False,576778,46475,623253,0,139,2
2025-01-05,CCU,Kolkata,1,Winter,Mon,180,146,146,0.809,True,False,518807,55256,574063,0,158,1
2025-02-01,DEL,Delhi,2,Winter,Thu,180,126,126,0.699,True,False,527865,38162,566027,0,136,2
2025-02-27,BLR,Bengaluru,2,Winter,Tue,180,125,125,0.692,True,False,464241,37767,502008,0,134,0
2025-07-14,DEL,Delhi,7,Monsoon,Thu,180,148,148,0.824,True,False,668510,46202,714712,0,162,0
2025-07-13,BOM,Mumbai,7,Monsoon,Sun,180,119,119,0.66,True,False,497858,38505,536363,1,132,0
2025-04-25,CCU,Kolkata,4,Spring,Sun,180,139,139,0.773,False,False,550692,54618,605310,0,145,1
2025-01-06,BLR,Bengaluru,1,Winter,Thu,180,146,146,0.809,False,False,522170,48356,570526,0,152,2
2025-10-25,BLR,Bengaluru,10,Post-Monsoon,Thu,180,175,175,0.974,True,False,779249,53416,832665,0,188,1
2025-06-26,BLR,Bengaluru,6,Summer,Wed,180,140,140,0.779,True,False,539693,48970,588663,0,161,0
2025-01-06,DEL,Delhi,1,Winter,Thu,180,109,109,0.604,True,False,448263,44641,492904,0,120,2
2025-12-18,HYD,Hyderabad,12,Winter,Wed,180,127,127,0.703,False,False,458220,43405,501625,1,146,3
2025-05-26,DEL,Delhi,5,Summer,Wed,180,124,124,0.688,False,False,555182,46713,601895,0,133,0
2025-12-16,HYD,Hyderabad,12,Winter,Wed,180,138,138,0.769,True,False,534036,47100,581136,0,151,1
2025-11-28,BOM,Mumbai,11,Post-Monsoon,Fri,180,154,154,0.857,True,False,766885,51136,818021,0,177,2
2025-10-08,BLR,Bengaluru,10,Post-Monsoon,Mon,180,147,147,0.815,True,False,689212,46174,735386,0,166,0
2025-03-14,BOM,Mumbai,3,Spring,Sun,180,155,155,0.862,True,False,674713,59581,734294,0,182,1
2025-01-22,BLR,Bengaluru,1,Winter,Sun,180,120,120,0.666,True,False,397646,40373,438019,0,128,0
2025-06-27,BOM,Mumbai,6,Summer,Fri,180,135,135,0.749,True,False,611673,46806,658479,0,138,0
2025-08-25,BLR,Bengaluru,8,Monsoon,Tue,180,131,131,0.728,True,False,531173,47277,578450,0,145,0
2025-06-19,BLR,Bengaluru,6,Summer,Wed,180,142,142,0.79,False,False,542090,51421,593511,0,159,0
2025-02-09,BLR,Bengaluru,2,Winter,Tue,180,125,125,0.692,True,False,462325,42884,505209,0,137,1
2025-10-19,DEL,Delhi,10,Post-Monsoon,Mon,180,152,152,0.845,False,False,801157,52186,853343,0,169,3
2025-02-18,BLR,Bengaluru,2,Winter,Sat,180,130,130,0.72,True,False,430028,40975,471003,0,142,1
2025-02-04,BOM,Mumbai,2,Winter,Thu,180,126,126,0.702,True,False,508640,44899,553539,0,141,2
2025-07-26,DEL,Delhi,7,Monsoon,Wed,180,127,127,0.708,True,False,545018,47753,592771,0,133,0
2025-04-12,DEL,Delhi,4,Spring,Tue,180,145,145,0.804,True,False,605521,49618,655139,0,171,2
2025-11-20,BOM,Mumbai,11,Post-Monsoon,Fri,180,161,161,0.892,True,False,805151,52727,857878,0,174,1
2025-01-27,BLR,Bengaluru,1,Winter,Fri,180,121,121,0.674,True,False,401008,35503,436511,0,136,3
2025-11-07,CCU,Kolkata,11,Post-Monsoon,Mon,180,154,154,0.853,True,False,697589,58506,756095,0,157,2
2025-02-23,HYD,Hyderabad,2,Winter,Mon,180,120,120,0.667,True,False,413530,35127,448657,0,136,0
2025-11-10,BOM,Mumbai,11,Post-Monsoon,Tue,180,140,140,0.779,True,False,713688,54482,768170,0,155,0
2025-03-12,BOM,Mumbai,3,Spring,Mon,180,138,138,0.768,True,False,585171,55865,641036,0,151,2
2025-01-01,HYD,Hyderabad,1,Winter,Mon,180,131,131,0.726,True,False,410899,48033,458932,0,137,3
2025-11-24,CCU,Kolkata,11,Post-Monsoon,Sat,180,136,136,0.757,True,False,598937,55134,654071,0,142,2
2025-03-11,HYD,Hyderabad,3,Spring,Wed,180,147,147,0.814,True,False,573058,59080,632138,0,170,1
2025-03-26,HYD,Hyderabad,3,Spring,Thu,180,129,129,0.719,True,False,452145,38900,491045,0,146,1
2025-07-07,DEL,Delhi,7,Monsoon,Fri,180,150,150,0.836,True,False,629787,43670,673457,0,159,0
2025-09-26,HYD,Hyderabad,9,Monsoon,Tue,180,144,144,0.8,True,False,512419,40991,553410,0,162,0
2025-02-14,HYD,Hyderabad,2,Winter,Sun,180,113,113,0.63,True,False,356248,37712,393960,0,126,0
2025-06-18,BOM,Mumbai,6,Summer,Thu,180,149,149,0.825,True,False,673688,53525,727213,0,165,0
2025-01-10,BOM,Mumbai,1,Winter,Mon,180,130,130,0.723,True,False,517463,43450,560913,0,149,2
2025-12-09,BLR,Bengaluru,12,Winter,Tue,180,141,141,0.781,True,False,560876,43090,603966,0,151,1
2025-11-03,DEL,Delhi,11,Post-Monsoon,Tue,180,165,165,0.914,True,False,865735,65816,931551,0,189,0
2025-11-01,BLR,Bengaluru,11,Post-Monsoon,Fri,180,150,150,0.833,True,False,672985,50423,723408,0,154,0
2025-11-12,DEL,Delhi,11,Post-Monsoon,Tue,180,152,152,0.846,True,False,769972,49482,819454,0,160,2
2025-08-20,HYD,Hyderabad,8,Monsoon,Tue,180,158,158,0.877,True,False,611304,65013,676317,0,181,0
2025-08-12,BOM,Mumbai,8,Monsoon,Sat,180,145,145,0.804,True,False,634399,58823,693222,0,152,1
2025-08-01,BOM,Mumbai,8,Monsoon,Tue,180,122,122,0.679,False,False,503930,40121,544051,0,127,0
2025-04-05,DEL,Delhi,4,Spring,Mon,180,153,153,0.85,True,False,638501,62440,700941,0,162,0
2025-10-07,HYD,Hyderabad,10,Post-Monsoon,Thu,180,146,146,0.814,True,False,636047,53878,689925,0,158,0
2025-12-23,CCU,Kolkata,12,Winter,Thu,180,132,132,0.734,False,False,474696,42159,516855,1,144,0
2025-08-20,BOM,Mumbai,8,Monsoon,Mon,180,116,116,0.647,False,False,503480,38057,541537,0,125,0
2025-08-16,DEL,Delhi,8,Monsoon,Sat,180,155,155,0.861,False,False,669391,52297,721688,0,180,3
2025-11-14,CCU,Kolkata,11,Post-Monsoon,Fri,180,176,176,0.98,True,False,742296,66674,808970,0,180,1
2025-04-01,BOM,Mumbai,4,Spring,Wed,180,119,119,0.662,True,False,482188,34102,516290,0,125,0
2025-03-12,DEL,Delhi,3,Spring,Thu,180,141,141,0.785,False,False,625059,42885,667944,3,149,1
2025-08-27,CCU,Kolkata,8,Monsoon,Thu,180,136,136,0.755,True,False,539939,51181,591120,0,157,0
2025-07-14,CCU,Kolkata,7,Monsoon,Wed,180,119,119,0.662,False,False,470958,49518,520476,0,134,1
2025-07-19,BOM,Mumbai,7,Monsoon,Fri,180,130,130,0.72,True,False,535366,41072,576438,0,141,1
2025-12-15,DEL,Delhi,12,Winter,Sun,180,139,139,0.77,True,False,618969,46743,665712,0,156,1
2025-08-18,DEL,Delhi,8,Monsoon,Tue,180,142,142,0.788,True,False,653439,42821,696260,0,159,0
2025-03-14,BLR,Bengaluru,3,Spring,Sat,180,155,155,0.861,True,False,589907,59943,649850,0,178,0
2025-02-22,CCU,Kolkata,2,Winter,Sun,180,124,124,0.691,True,False,402591,42607,445198,0,146,0
2025-02-19,BLR,Bengaluru,2,Winter,Tue,180,119,119,0.661,True,False,432085,45951,478036,0,125,0
2025-04-17,BOM,Mumbai,4,Spring,Thu,180,154,154,0.858,True,False,672650,63203,735853,0,181,0
2025-01-03,HYD,Hyderabad,1,Winter,Tue,180,147,147,0.816,True,False,488518,44436,532954,0,167,1
2025-12-18,HYD,Hyderabad,12,Winter,Sun,180,137,137,0.759,True,False,533874,53300,587174,1,160,0
2025-11-08,DEL,Delhi,11,Post-Monsoon,Fri,180,165,165,0.919,True,False,792193,49002,841195,0,177,0
2025-02-06,CCU,Kolkata,2,Winter,Mon,180,137,137,0.759,False,False,440686,54639,495325,0,161,0
2025-03-12,DEL,Delhi,3,Spring,Sun,180,137,137,0.764,True,False,582745,56728,639473,0,148,1
2025-12-16,BOM,Mumbai,12,Winter,Tue,180,136,136,0.757,True,False,557160,42206,599366,0,152,1
2025-06-17,HYD,Hyderabad,6,Summer,Sun,180,143,143,0.795,True,False,504330,59997,564327,0,156,1
2025-05-13,BOM,Mumbai,5,Summer,Sun,180,142,142,0.79,True,False,584522,47744,632266,0,156,0
2025-11-12,CCU,Kolkata,11,Post-Monsoon,Sun,180,163,163,0.907,True,False,694685,67669,762354,0,191,1
2025-11-06,BLR,Bengaluru,11,Post-Monsoon,Mon,180,152,152,0.846,True,False,684711,62562,747273,0,165,2
2025-01-12,HYD,Hyderabad,1,Winter,Sat,180,118,118,0.656,True,False,374623,45865,420488,0,127,2
2025-10-12,BLR,Bengaluru,10,Post-Monsoon,Tue,180,154,154,0.855,True,False,650081,57558,707639,0,158,1
2025-04-04,CCU,Kolkata,4,Spring,Sun,180,140,140,0.778,True,False,503106,52487,555593,0,157,1
2025-11-26,DEL,Delhi,11,Post-Monsoon,Wed,180,172,172,0.955,True,False,887211,57972,945183,0,190,0
2025-06-04,HYD,Hyderabad,6,Summer,Fri,180,132,132,0.733,True,False,495187,51213,546400,0,150,0
2025-11-25,DEL,Delhi,11,Post-Monsoon,Tue,180,155,155,0.859,False,False,799289,51027,850316,1,173,2
2025-12-01,BOM,Mumbai,12,Winter,Tue,180,126,126,0.7,False,False,556981,44122,601103,0,144,1
2025-10-26,HYD,Hyderabad,10,Post-Monsoon,Tue,180,155,155,0.859,False,False,686833,63891,750724,0,170,1
2025-05-07,BOM,Mumbai,5,Summer,Mon,180,141,141,0.783,False,False,601623,52748,654371,0,160,0
2025-07-16,CCU,Kolkata,7,Monsoon,Wed,180,145,145,0.806,True,False,524405,55654,580059,0,155,0
2025-03-23,HYD,Hyderabad,3,Spring,Tue,180,157,157,0.873,False,False,562526,51568,614094,0,183,4
2025-03-12,DEL,Delhi,3,Spring,Tue,180,140,140,0.779,True,False,636271,56485,692756,0,148,1
2025-05-14,DEL,Delhi,5,Summer,Wed,180,166,166,0.923,True,False,690644,56803,747447,0,178,2
2025-07-25,BOM,Mumbai,7,Monsoon,Fri,180,144,144,0.801,False,False,627563,55069,682632,0,170,1
2025-03-20,DEL,Delhi,3,Spring,Sun,180,145,145,0.806,True,False,635238,41503,676741,0,152,0
2025-12-27,HYD,Hyderabad,12,Winter,Sun,180,149,149,0.826,True,False,541601,45195,586796,0,174,2
2025-04-15,BLR,Bengaluru,4,Spring,Sun,180,139,139,0.775,True,False,514946,58173,573119,0,154,0
2025-09-28,DEL,Delhi,9,Monsoon,Fri,180,144,144,0.798,True,False,601840,50447,652287,0,152,0
2025-07-09,BLR,Bengaluru,7,Monsoon,Thu,180,152,152,0.842,True,False,596602,57982,654584,0,173,1
2025-03-24,BLR,Bengaluru,3,Spring,Thu,180,143,143,0.793,True,False,547506,56227,603733,0,158,1
2025-10-26,BOM,Mumbai,10,Post-Monsoon,Tue,180,158,158,0.88,True,False,741138,48172,789310,0,184,0
2025-10-22,DEL,Delhi,10,Post-Monsoon,Tue,180,151,151,0.837,False,False,723055,55890,778945,3,171,2
2025-03-06,HYD,Hyderabad,3,Spring,Thu,180,147,147,0.819,True,False,549178,51902,601080,0,163,2
2025-11-19,CCU,Kolkata,11,Post-Monsoon,Mon,180,170,170,0.945,True,False,787002,61062,848064,0,200,2
2025-05-17,BOM,Mumbai,5,Summer,Sat,180,146,146,0.808,True,False,597258,59173,656431,0,162,1
2025-10-16,BLR,Bengaluru,10,Post-Monsoon,Mon,180,155,155,0.859,True,False,665097,64278,729375,0,163,0
2025-08-16,DEL,Delhi,8,Monsoon,Sun,180,139,139,0.771,False,False,641360,44537,685897,0,161,1
2025-11-02,HYD,Hyderabad,11,Post-Monsoon,Tue,180,154,154,0.858,True,False,686734,55060,741794,0,160,1
2025-01-25,DEL,Delhi,1,Winter,Sat,180,134,134,0.744,True,False,535275,46061,581336,0,141,0
2025-02-25,HYD,Hyderabad,2,Winter,Tue,180,150,150,0.834,True,False,495847,47803,543650,0,156,0
2025-12-08,BOM,Mumbai,12,Winter,Fri,180,133,133,0.74,True,False,554870,49811,604681,0,148,0
2025-08-01,BOM,Mumbai,8,Monsoon,Wed,180,155,155,0.863,False,False,649061,47697,696758,0,178,2
2025-01-23,BLR,Bengaluru,1,Winter,Sat,180,136,136,0.753,True,False,495662,54073,549735,0,150,0
2025-09-05,DEL,Delhi,9,Monsoon,Fri,180,147,147,0.814,False,False,633173,42285,675458,1,164,0
2025-02-19,BOM,Mumbai,2,Winter,Tue,180,141,141,0.786,False,False,539639,52345,591984,0,159,1
2025-07-06,DEL,Delhi,7,Monsoon,Mon,180,136,136,0.753,True,False,619148,43239,662387,0,158,2
2025-10-04,BLR,Bengaluru,10,Post-Monsoon,Mon,180,152,152,0.845,True,False,647102,52889,699991,0,163,0
2025-07-15,DEL,Delhi,7,Monsoon,Tue,180,155,155,0.863,True,False,714018,53732,767750,0,176,3
2025-10-18,DEL,Delhi,10,Post-Monsoon,Tue,180,151,151,0.839,True,False,799637,48224,847861,0,159,0
2025-07-04,BOM,Mumbai,7,Monsoon,Thu,180,139,139,0.77,True,False,587309,55234,642543,0,157,2
2025-08-27,CCU,Kolkata,8,Monsoon,Sat,180,142,142,0.788,True,False,562021,51828,613849,0,155,0
2025-08-15,BLR,Bengaluru,8,Monsoon,Tue,180,153,153,0.852,True,False,613252,44970,658222,0,162,1
2025-12-11,BOM,Mumbai,12,Winter,Tue,180,148,148,0.822,True,False,650501,51183,701684,0,161,1
2025-02-04,DEL,Delhi,2,Winter,Mon,180,141,141,0.786,True,False,556505,58770,615275,0,148,1
2025-07-18,BLR,Bengaluru,7,Monsoon,Wed,180,156,156,0.867,True,False,589511,56513,646024,0,162,1
2025-02-27,BOM,Mumbai,2,Winter,Tue,180,128,128,0.713,False,False,520026,47630,567656,0,151,1
2025-10-01,BOM,Mumbai,10,Post-Monsoon,Fri,180,149,149,0.829,True,False,763799,47092,810891,0,159,3
2025-08-08,BOM,Mumbai,8,Monsoon,Thu,180,141,141,0.784,True,False,615365,49001,664366,0,149,0
2025-04-08,BOM,Mumbai,4,Spring,Fri,180,118,118,0.656,True,False,481050,38748,519798,0,136,0
2025-06-25,HYD,Hyderabad,6,Summer,Tue,180,146,146,0.813,True,False,529759,47185,576944,0,169,0
2025-05-09,BLR,Bengaluru,5,Summer,Wed,180,128,128,0.709,True,False,510715,36006,546721,0,150,0
2025-11-18,BLR,Bengaluru,11,Post-Monsoon,Sat,180,166,166,0.922,False,False,786333,64200,850533,1,174,2
2025-03-02,DEL,Delhi,3,Spring,Sun,180,154,154,0.856,True,False,675943,52843,728786,0,176,2
2025-02-24,DEL,Delhi,2,Winter,Sun,180,119,119,0.663,True,False,477206,41658,518864,0,139,1
2025-04-21,HYD,Hyderabad,4,Spring,Fri,180,142,142,0.788,True,False,555290,42968,598258,0,155,0
2025-03-14,HYD,Hyderabad,3,Spring,Mon,180,150,150,0.835,True,False,529209,45426,574635,0,153,0
2025-10-12,BOM,Mumbai,10,Post-Monsoon,Tue,180,152,152,0.846,True,False,726966,46195,773161,1,159,0
2025-05-03,BLR,Bengaluru,5,Summer,Wed,180,145,145,0.805,True,False,568128,41248,609376,0,164,1
2025-02-13,DEL,Delhi,2,Winter,Sat,180,130,130,0.722,True,False,516200,38915,555115,1,140,0
2025-08-15,BLR,Bengaluru,8,Monsoon,Tue,180,141,141,0.786,False,False,581001,56685,637686,0,148,1
2025-04-07,HYD,Hyderabad,4,Spring,Fri,180,145,145,0.806,True,False,517478,59519,576997,0,148,1
2025-09-26,HYD,Hyderabad,9,Monsoon,Sun,180,144,144,0.801,False,False,553808,45454,599262,0,159,1
2025-10-07,DEL,Delhi,10,Post-Monsoon,Wed,180,165,165,0.916,True,False,833509,58694,892203,0,185,1
2025-01-07,BOM,Mumbai,1,Winter,Tue,180,129,129,0.715,True,False,524239,50963,575202,0,139,0
2025-04-25,DEL,Delhi,4,Spring,Thu,180,142,142,0.787,True,False,592252,52009,644261,0,158,0
2025-07-10,BLR,Bengaluru,7,Monsoon,Fri,180,152,152,0.846,True,False,559163,56035,615198,0,178,2
2025-11-06,BLR,Bengaluru,11,Post-Monsoon,Sun,180,176,176,0.98,True,False,799748,69123,868871,0,199,0
2025-03-23,HYD,Hyderabad,3,Spring,Wed,180,130,130,0.725,True,False,457314,38117,495431,0,139,0
2025-06-17,DEL,Delhi,6,Summer,Fri,180,150,150,0.834,True,False,651412,53458,704870,0,177,3
2025-09-10,BOM,Mumbai,9,Monsoon,Sat,180,127,127,0.707,True,False,545753,49369,595122,0,143,0
2025-01-05,HYD,Hyderabad,1,Winter,Fri,180,126,126,0.702,True,False,430984,52835,483819,0,129,1
2025-09-18,HYD,Hyderabad,9,Monsoon,Sat,180,134,134,0.743,True,False,492694,43440,536134,0,141,2
2025-01-15,BOM,Mumbai,1,Winter,Sat,180,123,123,0.685,True,False,481502,49735,531237,0,135,0
2025-08-01,BLR,Bengaluru,8,Monsoon,Thu,180,149,149,0.827,True,False,571489,51195,622684,0,158,0
2025-08-04,HYD,Hyderabad,8,Monsoon,Tue,180,144,144,0.801,False,False,528411,42154,570565,0,157,1
2025-04-13,BLR,Bengaluru,4,Spring,Mon,180,127,127,0.705,True,False,512120,40449,552569,0,146,1
2025-04-01,DEL,Delhi,4,Spring,Tue,180,142,142,0.79,True,False,625128,57763,682891,0,151,2
2025-07-26,BOM,Mumbai,7,Monsoon,Wed,180,139,139,0.771,True,False,575666,49884,625550,0,157,1
2025-02-13,BLR,Bengaluru,2,Winter,Wed,180,120,120,0.664,True,False,430490,38453,468943,0,123,1
2025-10-27,CCU,Kolkata,10,Post-Monsoon,Sat,180,135,135,0.752,True,False,584545,55134,639679,0,147,0
2025-01-05,DEL,Delhi,1,Winter,Thu,180,142,0,0.789,False,True,0,0,0,2,0,0
2025-05-04,BOM,Mumbai,5,Summer,Mon,180,165,165,0.915,True,False,750878,68386,819264,0,194,0
2025-08-25,DEL,Delhi,8,Monsoon,Thu,180,139,139,0.774,True,False,585253,45549,630802,0,152,0
2025-03-23,HYD,Hyderabad,3,Spring,Fri,180,117,117,0.648,True,False,431644,40218,471862,0,134,0
2025-09-04,HYD,Hyderabad,9,Monsoon,Sat,180,140,140,0.776,False,False,501160,47033,548193,0,151,1
2025-08-28,DEL,Delhi,8,Monsoon,Tue,180,153,153,0.848,True,False,688014,63656,751670,0,163,0
2025-09-07,HYD,Hyderabad,9,Monsoon,Sun,180,143,143,0.795,True,False,530586,42864,573450,0,169,0
2025-07-03,DEL,Delhi,7,Monsoon,Tue,180,139,139,0.772,True,False,611380,40727,652107,0,151,1
2025-01-15,BLR,Bengaluru,1,Winter,Fri,180,141,141,0.786,False,False,482335,39842,522177,0,163,1
2025-10-24,CCU,Kolkata,10,Post-Monsoon,Wed,180,150,150,0.831,True,False,648663,58863,707526,0,169,0
2025-05-10,CCU,Kolkata,5,Summer,Fri,180,147,147,0.814,True,False,532034,50210,582244,0,150,0
2025-08-07,DEL,Delhi,8,Monsoon,Fri,180,158,158,0.877,True,False,670745,47849,718594,0,184,3
2025-11-14,DEL,Delhi,11,Post-Monsoon,Wed,180,146,146,0.813,True,False,754633,41910,796543,0,164,1
2025-08-21,DEL,Delhi,8,Monsoon,Tue,180,119,119,0.659,True,False,504529,38387,542916,0,129,0
2025-12-21,DEL,Delhi,12,Winter,Tue,180,122,122,0.676,False,False,537783,38702,576485,0,141,2
2025-08-14,BLR,Bengaluru,8,Monsoon,Fri,180,139,139,0.774,True,False,553910,55207,609117,1,143,1
2025-02-21,DEL,Delhi,2,Winter,Thu,180,134,134,0.743,True,False,534901,50880,585781,0,137,0
2025-07-14,BOM,Mumbai,7,Monsoon,Tue,180,116,116,0.643,True,False,521634,32756,554390,0,134,0
2025-04-24,CCU,Kolkata,4,Spring,Tue,180,141,141,0.783,True,False,533024,57658,590682,0,165,0
2025-12-02,HYD,Hyderabad,12,Winter,Mon,180,157,157,0.871,True,False,550220,46446,596666,0,173,0
2025-08-11,DEL,Delhi,8,Monsoon,Fri,180,134,134,0.747,True,False,607431,44739,652170,0,139,2
2025-08-14,BOM,Mumbai,8,Monsoon,Tue,180,138,138,0.769,True,False,582484,45412,627896,0,149,1
2025-01-17,BOM,Mumbai,1,Winter,Fri,180,123,123,0.683,True,False,458718,44473,503191,0,126,0
2025-03-13,DEL,Delhi,3,Spring,Fri,180,144,144,0.801,True,False,619369,49989,669358,0,154,0
2025-01-08,DEL,Delhi,1,Winter,Sat,180,130,130,0.72,False,False,513241,48860,562101,0,142,3
2025-07-27,BLR,Bengaluru,7,Monsoon,Thu,180,135,135,0.752,False,False,529300,47036,576336,2,145,3
2025-11-25,BOM,Mumbai,11,Post-Monsoon,Sun,180,166,166,0.923,True,False,834749,57196,891945,0,187,0
2025-06-10,HYD,Hyderabad,6,Summer,Thu,180,159,159,0.883,True,False,582693,62586,645279,0,184,1
2025-12-08,HYD,Hyderabad,12,Winter,Mon,180,131,131,0.727,False,False,471123,39650,510773,0,134,2
2025-02-02,DEL,Delhi,2,Winter,Sat,180,105,105,0.586,True,False,425956,29798,455754,0,109,2
2025-08-19,BLR,Bengaluru,8,Monsoon,Thu,180,139,139,0.774,True,False,524195,55433,579628,0,163,1
2025-05-01,BOM,Mumbai,5,Summer,Tue,180,134,134,0.746,False,False,597712,51475,649187,1,145,0
2025-10-11,BLR,Bengaluru,10,Post-Monsoon,Fri,180,147,147,0.815,True,False,657296,58633,715929,0,167,1
2025-05-28,CCU,Kolkata,5,Summer,Tue,180,163,163,0.903,False,False,609807,59853,669660,1,182,1
2025-08-26,BLR,Bengaluru,8,Monsoon,Sat,180,125,125,0.696,True,False,491711,44707,536418,0,144,0
2025-05-12,BLR,Bengaluru,5,Summer,Tue,180,150,150,0.834,False,False,556070,59590,615660,0,154,1
2025-12-17,BLR,Bengaluru,12,Winter,Mon,180,130,130,0.724,True,False,504632,53880,558512,0,142,1
2025-11-07,BOM,Mumbai,11,Post-Monsoon,Fri,180,175,175,0.971,True,False,863185,59030,922215,0,181,1
2025-02-22,BLR,Bengaluru,2,Winter,Sun,180,129,129,0.717,True,False,461602,37478,499080,0,146,1
2025-09-01,BOM,Mumbai,9,Monsoon,Wed,180,138,138,0.769,False,False,572215,43405,615620,0,150,2
2025-05-21,BLR,Bengaluru,5,Summer,Sun,180,146,146,0.811,True,False,542837,53268,596105,0,160,1
2025-02-16,BOM,Mumbai,2,Winter,Sun,180,132,132,0.732,True,False,540933,41726,582659,0,150,3
2025-01-06,BLR,Bengaluru,1,Winter,Wed,180,111,111,0.615,True,False,404971,39634,444605,0,131,2
2025-12-20,CCU,Kolkata,12,Winter,Mon,180,144,144,0.8,True,False,556580,50226,606806,0,159,1
2025-12-02,DEL,Delhi,12,Winter,Tue,180,144,144,0.8,True,False,597934,54702,652636,0,161,3
2025-02-04,HYD,Hyderabad,2,Winter,Tue,180,136,136,0.755,True,False,429365,55888,485253,0,151,1
2025-04-24,DEL,Delhi,4,Spring,Mon,180,130,130,0.724,True,False,546480,49006,595486,0,151,1
2025-09-14,BOM,Mumbai,9,Monsoon,Wed,180,139,139,0.769,True,False,595473,47321,642794,0,164,1
2025-06-11,CCU,Kolkata,6,Summer,Sun,180,146,146,0.809,True,False,556152,42653,598805,0,160,0
2025-11-20,BLR,Bengaluru,11,Post-Monsoon,Thu,180,142,142,0.787,True,False,673138,56845,729983,0,162,0
2025-12-14,CCU,Kolkata,12,Winter,Wed,180,144,144,0.802,False,False,529485,49873,579358,0,164,1
2025-11-10,DEL,Delhi,11,Post-Monsoon,Thu,180,153,153,0.852,True,False,803350,51283,854633,0,176,2
2025-08-15,BLR,Bengaluru,8,Monsoon,Fri,180,159,159,0.881,False,False,602067,57930,659997,0,177,2
2025-09-14,BLR,Bengaluru,9,Monsoon,Mon,180,130,130,0.723,True,False,496898,38208,535106,0,151,0
2025-11-11,BOM,Mumbai,11,Post-Monsoon,Fri,180,149,149,0.83,True,False,717529,57795,775324,0,162,2
2025-08-05,BOM,Mumbai,8,Monsoon,Thu,180,128,128,0.712,True,False,544195,45811,590006,0,143,2
2025-02-01,HYD,Hyderabad,2,Winter,Tue,180,124,124,0.691,True,False,410857,42424,453281,0,139,0
2025-01-27,HYD,Hyderabad,1,Winter,Fri,180,127,127,0.705,False,False,423199,38222,461421,0,134,0
2025-09-24,BOM,Mumbai,9,Monsoon,Thu,180,132,132,0.732,False,False,583276,46684,629960,0,142,1
2025-07-24,HYD,Hyderabad,7,Monsoon,Tue,180,133,0,0.741,False,True,0,0,0,1,0,0
2025-07-26,HYD,Hyderabad,7,Monsoon,Thu,180,143,143,0.793,True,False,542389,57769,600158,0,164,1
2025-11-17,HYD,Hyderabad,11,Post-Monsoon,Thu,180,162,162,0.899,True,False,712324,49585,761909,0,168,0
2025-01-23,BLR,Bengaluru,1,Winter,Tue,180,134,134,0.742,True,False,467208,55759,522967,0,154,1
2025-04-11,DEL,Delhi,4,Spring,Sun,180,135,135,0.751,True,False,564223,56362,620585,0,140,0
2025-09-11,HYD,Hyderabad,9,Monsoon,Tue,180,142,142,0.789,False,False,498676,50466,549142,0,146,3
2025-04-06,BOM,Mumbai,4,Spring,Thu,180,139,139,0.773,False,False,596438,54277,650715,0,156,1
2025-12-20,BOM,Mumbai,12,Winter,Thu,180,150,150,0.831,True,False,630328,48349,678677,0,171,4
2025-09-07,BLR,Bengaluru,9,Monsoon,Fri,180,158,158,0.88,True,False,610181,52670,662851,0,181,0
2025-11-02,HYD,Hyderabad,11,Post-Monsoon,Wed,180,134,134,0.743,True,False,568347,54111,622458,0,145,0
2025-04-23,BLR,Bengaluru,4,Spring,Mon,180,160,160,0.886,True,False,594312,62140,656452,0,163,0
2025-10-27,DEL,Delhi,10,Post-Monsoon,Tue,180,148,148,0.824,True,False,726507,57453,783960,0,162,1
2025-06-27,BOM,Mumbai,6,Summer,Mon,180,142,142,0.791,True,False,614738,47877,662615,0,158,1
2025-11-01,DEL,Delhi,11,Post-Monsoon,Thu,180,143,143,0.796,True,False,682837,41154,723991,0,160,1
2025-06-17,HYD,Hyderabad,6,Summer,Wed,180,134,134,0.745,True,False,485230,56020,541250,0,151,1
2025-02-10,HYD,Hyderabad,2,Winter,Wed,180,148,148,0.822,True,False,476070,59114,535184,0,160,0
2025-01-08,BLR,Bengaluru,1,Winter,Fri,180,155,155,0.863,True,False,518818,47270,566088,0,177,1
2025-08-10,HYD,Hyderabad,8,Monsoon,Mon,180,143,143,0.793,True,False,541008,41728,582736,0,148,0
2025-11-13,DEL,Delhi,11,Post-Monsoon,Thu,180,150,150,0.836,True,False,722188,48325,770513,0,157,0
2025-09-26,HYD,Hyderabad,9,Monsoon,Sun,180,144,144,0.802,True,False,547791,46921,594712,0,156,1
2025-08-19,DEL,Delhi,8,Monsoon,Sun,180,153,153,0.847,True,False,642564,59635,702199,0,159,0
2025-06-19,BOM,Mumbai,6,Summer,Tue,180,150,150,0.831,True,False,648739,62654,711393,0,176,0
2025-10-23,BOM,Mumbai,10,Post-Monsoon,Sat,180,148,148,0.821,True,False,768318,55376,823694,0,162,1
2025-09-04,HYD,Hyderabad,9,Monsoon,Fri,180,140,140,0.778,True,False,538838,56409,595247,0,150,0
2025-07-16,DEL,Delhi,7,Monsoon,Sat,180,131,131,0.73,True,False,572886,39374,612260,0,145,0
2025-07-15,DEL,Delhi,7,Monsoon,Sun,180,141,141,0.781,True,False,599556,57378,656934,0,160,2
2025-12-16,BLR,Bengaluru,12,Winter,Thu,180,113,113,0.626,True,False,466560,43192,509752,0,116,0
2025-06-10,DEL,Delhi,6,Summer,Tue,180,146,146,0.809,True,False,662917,50081,712998,0,168,2
2025-05-10,HYD,Hyderabad,5,Summer,Fri,180,153,153,0.852,True,False,571355,52451,623806,0,174,0
2025-10-21,CCU,Kolkata,10,Post-Monsoon,Wed,180,146,146,0.809,True,False,662463,51062,713525,0,168,0
2025-09-21,CCU,Kolkata,9,Monsoon,Fri,180,135,135,0.752,True,False,540396,40534,580930,0,148,1
2025-09-12,CCU,Kolkata,9,Monsoon,Wed,180,138,138,0.765,True,False,547520,39505,587025,0,153,0
2025-09-02,BLR,Bengaluru,9,Monsoon,Sat,180,135,135,0.749,True,False,508579,39379,547958,0,145,0
2025-05-19,DEL,Delhi,5,Summer,Wed,180,149,149,0.83,True,False,622751,49773,672524,1,159,4
2025-10-17,CCU,Kolkata,10,Post-Monsoon,Wed,180,160,160,0.889,True,False,699730,53318,753048,0,165,1
2025-12-21,DEL,Delhi,12,Winter,Thu,180,142,142,0.79,True,False,641729,54409,696138,0,162,1
2025-05-10,BLR,Bengaluru,5,Summer,Fri,180,138,138,0.769,True,False,564722,41665,606387,0,150,0
2025-04-22,CCU,Kolkata,4,Spring,Tue,180,139,139,0.773,True,False,536600,54765,591365,0,153,0
2025-11-16,HYD,Hyderabad,11,Post-Monsoon,Wed,180,155,155,0.861,True,False,656532,62228,718760,0,171,0
2025-06-10,DEL,Delhi,6,Summer,Sat,180,139,139,0.772,True,False,611573,40965,652538,0,143,0
2025-04-15,DEL,Delhi,4,Spring,Sat,180,148,148,0.822,True,False,663151,42086,705237,0,166,0
2025-05-23,BOM,Mumbai,5,Summer,Mon,180,129,129,0.719,False,False,553789,38070,591859,0,151,2
2025-06-07,DEL,Delhi,6,Summer,Fri,180,147,147,0.815,True,False,657054,57718,714772,0,170,0
2025-10-24,DEL,Delhi,10,Post-Monsoon,Sat,180,142,142,0.788,True,False,746545,42015,788560,0,153,1
2025-08-27,DEL,Delhi,8,Monsoon,Mon,180,154,154,0.856,True,False,673074,49981,723055,0,180,2
2025-01-18,DEL,Delhi,1,Winter,Thu,180,139,139,0.77,True,False,563548,43998,607546,0,156,1
2025-05-12,BLR,Bengaluru,5,Summer,Fri,180,131,131,0.73,True,False,529537,39238,568775,0,142,1
2025-05-14,HYD,Hyderabad,5,Summer,Sat,180,163,163,0.903,True,False,635079,60589,695668,0,191,1
2025-12-21,HYD,Hyderabad,12,Winter,Sat,180,160,160,0.889,True,False,557038,58126,615164,0,168,1
2025-09-10,DEL,Delhi,9,Monsoon,Tue,180,141,141,0.781,True,False,647165,46805,693970,0,151,0
2025-02-14,DEL,Delhi,2,Winter,Sun,180,153,153,0.849,True,False,620546,43951,664497,0,162,0
2025-06-19,BLR,Bengaluru,6,Summer,Wed,180,152,152,0.845,True,False,608748,44696,653444,0,167,1
2025-10-24,BOM,Mumbai,10,Post-Monsoon,Tue,180,161,161,0.897,True,False,749237,55092,804329,0,172,0
2025-09-02,DEL,Delhi,9,Monsoon,Fri,180,121,121,0.673,True,False,562719,43662,606381,0,129,0
2025-05-17,BLR,Bengaluru,5,Summer,Sun,180,142,142,0.787,False,False,583119,54015,637134,0,165,3
2025-12-11,HYD,Hyderabad,12,Winter,Tue,180,140,140,0.778,True,False,538294,42135,580429,0,151,0
2025-08-05,CCU,Kolkata,8,Monsoon,Wed,180,130,130,0.724,True,False,478016,42293,520309,0,135,1
2025-09-25,DEL,Delhi,9,Monsoon,Fri,180,151,151,0.838,True,False,678785,57908,736693,0,159,0
2025-07-10,BLR,Bengaluru,7,Monsoon,Tue,180,157,157,0.872,True,False,624132,50687,674819,2,172,0
2025-06-13,CCU,Kolkata,6,Summer,Sat,180,137,137,0.763,True,False,549972,39705,589677,0,159,0
2025-04-05,DEL,Delhi,4,Spring,Mon,180,136,136,0.758,True,False,603556,55891,659447,0,148,0
2025-04-11,DEL,Delhi,4,Spring,Wed,180,135,135,0.75,True,False,603960,54435,658395,0,152,1
2025-12-24,BOM,Mumbai,12,Winter,Tue,180,126,126,0.702,False,False,548428,44886,593314,0,136,2
2025-01-14,DEL,Delhi,1,Winter,Thu,180,119,0,0.659,False,True,0,0,0,2,0,0
2025-03-18,CCU,Kolkata,3,Spring,Fri,180,151,0,0.839,False,True,0,0,0,0,0,0
2025-10-03,BOM,Mumbai,10,Post-Monsoon,Mon,180,145,145,0.806,True,False,676913,56203,733116,0,165,2
2025-04-02,CCU,Kolkata,4,Spring,Tue,180,143,143,0.797,True,False,533236,45631,578867,0,160,0
2025-05-04,BOM,Mumbai,5,Summer,Sat,180,148,148,0.822,True,False,612524,43454,655978,0,168,0
2025-01-06,BLR,Bengaluru,1,Winter,Thu,180,137,137,0.761,True,False,480311,55292,535603,0,159,1
2025-10-26,BOM,Mumbai,10,Post-Monsoon,Thu,180,145,145,0.806,True,False,751726,60030,811756,0,163,3
2025-07-28,DEL,Delhi,7,Monsoon,Wed,180,139,139,0.773,True,False,609181,56931,666112,0,160,1
2025-12-26,DEL,Delhi,12,Winter,Fri,180,139,139,0.77,True,False,631527,39329,670856,0,153,1
2025-05-21,BOM,Mumbai,5,Summer,Mon,180,142,142,0.786,True,False,580564,53454,634018,0,154,0
2025-07-14,BOM,Mumbai,7,Monsoon,Wed,180,120,120,0.665,True,False,501983,41312,543295,0,129,4
2025-12-02,BLR,Bengaluru,12,Winter,Fri,180,153,153,0.849,True,False,568401,53078,621479,0,166,0
2025-07-17,HYD,Hyderabad,7,Monsoon,Mon,180,144,144,0.801,True,False,520950,47415,568365,0,153,0
2025-05-13,DEL,Delhi,5,Summer,Fri,180,142,142,0.79,True,False,654572,41716,696288,0,167,0
2025-11-09,BOM,Mumbai,11,Post-Monsoon,Thu,180,149,149,0.828,True,False,754944,45057,800001,0,162,3
2025-12-09,DEL,Delhi,12,Winter,Mon,180,150,150,0.832,True,False,672865,51453,724318,0,160,0
2025-11-04,BOM,Mumbai,11,Post-Monsoon,Thu,180,132,132,0.735,True,False,667933,46539,714472,0,137,1
2025-10-04,BLR,Bengaluru,10,Post-Monsoon,Wed,180,162,162,0.898,True,False,765187,55406,820593,0,166,2
2025-05-10,DEL,Delhi,5,Summer,Tue,180,143,143,0.795,True,False,611980,55777,667757,1,158,1
2025-09-08,CCU,Kolkata,9,Monsoon,Sun,180,124,124,0.69,True,False,495388,50701,546089,0,137,0
2025-09-04,CCU,Kolkata,9,Monsoon,Fri,180,139,139,0.77,False,False,538520,53980,592500,0,153,0
2025-04-09,BLR,Bengaluru,4,Spring,Tue,180,171,171,0.951,False,False,675765,58881,734646,3,187,1
2025-07-17,DEL,Delhi,7,Monsoon,Sat,180,141,141,0.781,True,False,656340,49795,706135,0,144,1
2025-10-19,BLR,Bengaluru,10,Post-Monsoon,Tue,180,155,155,0.864,True,False,682769,54255,737024,0,159,1
2025-11-23,BOM,Mumbai,11,Post-Monsoon,Wed,180,162,162,0.897,True,False,799022,65530,864552,0,185,0
2025-12-10,HYD,Hyderabad,12,Winter,Wed,180,140,140,0.78,True,False,495436,54742,550178,0,146,1
2025-07-24,DEL,Delhi,7,Monsoon,Tue,180,160,0,0.891,False,True,0,0,0,1,0,0
2025-08-02,BOM,Mumbai,8,Monsoon,Sun,180,143,143,0.796,False,False,586169,43613,629782,0,164,1
2025-12-24,BOM,Mumbai,12,Winter,Sun,180,139,139,0.773,True,False,610454,49862,660316,1,148,2
2025-06-07,BOM,Mumbai,6,Summer,Wed,180,134,134,0.747,False,False,559683,53218,612901,1,142,1
2025-10-19,BLR,Bengaluru,10,Post-Monsoon,Mon,180,151,151,0.84,True,False,650036,62686,712722,0,176,3
2025-11-19,CCU,Kolkata,11,Post-Monsoon,Thu,180,150,150,0.832,True,False,658253,56918,715171,0,175,2
2025-08-25,BOM,Mumbai,8,Monsoon,Thu,180,152,152,0.846,True,False,669583,55708,725291,0,175,0
2025-10-23,HYD,Hyderabad,10,Post-Monsoon,Sat,180,167,167,0.928,True,False,681601,61650,743251,0,182,0
2025-11-07,HYD,Hyderabad,11,Post-Monsoon,Thu,180,176,176,0.98,True,False,739982,56153,796135,0,184,0
2025-02-24,HYD,Hyderabad,2,Winter,Wed,180,131,131,0.73,True,False,433367,47985,481352,0,138,2
2025-11-13,HYD,Hyderabad,11,Post-Monsoon,Sat,180,141,141,0.782,True,False,602457,55991,658448,0,148,3
2025-01-05,BOM,Mumbai,1,Winter,Thu,180,121,121,0.675,True,False,445599,36502,482101,0,125,1
2025-09-25,BLR,Bengaluru,9,Monsoon,Sun,180,135,135,0.751,True,False,545351,44970,590321,0,144,0
2025-02-08,CCU,Kolkata,2,Winter,Thu,180,124,124,0.686,True,False,403259,50765,454024,0,138,0
2025-01-01,BLR,Bengaluru,1,Winter,Wed,180,122,122,0.676,False,False,446285,48918,495203,0,132,1
2025-05-19,BOM,Mumbai,5,Summer,Sun,180,151,151,0.84,True,False,656478,51117,707595,0,170,1
2025-07-23,DEL,Delhi,7,Monsoon,Thu,180,129,129,0.716,True,False,573331,52772,626103,0,149,1
2025-12-01,BLR,Bengaluru,12,Winter,Tue,180,143,143,0.796,True,False,531251,48529,579780,0,152,0
2025-11-21,DEL,Delhi,11,Post-Monsoon,Thu,180,152,152,0.844,True,False,791392,45224,836616,0,171,0
2025-02-04,BOM,Mumbai,2,Winter,Sat,180,133,133,0.739,True,False,507402,38347,545749,0,151,1
2025-06-03,BOM,Mumbai,6,Summer,Thu,180,129,129,0.717,True,False,575811,45684,621495,0,136,1
2025-07-02,BLR,Bengaluru,7,Monsoon,Thu,180,150,150,0.835,False,False,587333,61458,648791,0,155,1
2025-11-24,BLR,Bengaluru,11,Post-Monsoon,Wed,180,146,146,0.811,True,False,663775,45369,709144,0,155,0
2025-10-23,BOM,Mumbai,10,Post-Monsoon,Fri,180,156,156,0.865,True,False,728446,45665,774111,0,178,1
2025-11-19,DEL,Delhi,11,Post-Monsoon,Tue,180,169,0,0.941,False,True,0,0,0,0,0,0
2025-08-20,DEL,Delhi,8,Monsoon,Wed,180,119,119,0.663,True,False,524648,44361,569009,0,126,0
2025-12-12,BLR,Bengaluru,12,Winter,Mon,180,134,134,0.744,True,False,540532,42180,582712,0,150,1
2025-10-05,BOM,Mumbai,10,Post-Monsoon,Mon,180,154,154,0.854,False,False,750824,63752,814576,0,168,0
2025-09-05,DEL,Delhi,9,Monsoon,Tue,180,129,129,0.716,True,False,542430,46274,588704,0,136,0
2025-06-24,BOM,Mumbai,6,Summer,Thu,180,134,134,0.747,True,False,555812,52520,608332,0,142,0
2025-11-07,CCU,Kolkata,11,Post-Monsoon,Fri,180,139,139,0.774,True,False,594935,57406,652341,0,146,1
2025-07-25,HYD,Hyderabad,7,Monsoon,Mon,180,154,154,0.856,False,False,536386,60943,597329,0,174,1
2025-07-03,HYD,Hyderabad,7,Monsoon,Mon,180,141,141,0.785,True,False,533378,40865,574243,0,156,2
2025-12-18,BLR,Bengaluru,12,Winter,Wed,180,143,143,0.793,True,False,529008,58593,587601,0,150,1
2025-02-10,BOM,Mumbai,2,Winter,Fri,180,119,119,0.66,True,False,473445,45070,518515,0,139,0
2025-10-08,CCU,Kolkata,10,Post-Monsoon,Tue,180,142,142,0.788,False,False,614985,44091,659076,0,166,4
2025-10-18,HYD,Hyderabad,10,Post-Monsoon,Fri,180,158,158,0.88,True,False,697810,66088,763898,0,179,1
2025-09-23,DEL,Delhi,9,Monsoon,Sun,180,136,136,0.756,True,False,613626,46690,660316,0,140,1
2025-01-07,BLR,Bengaluru,1,Winter,Tue,180,149,149,0.826,True,False,509540,46945,556485,0,167,0
2025-07-26,BOM,Mumbai,7,Monsoon,Wed,180,125,125,0.696,True,False,569377,47158,616535,0,129,1
2025-07-27,DEL,Delhi,7,Monsoon,Sun,180,141,141,0.786,True,False,643675,51291,694966,0,163,1
2025-06-16,DEL,Delhi,6,Summer,Mon,180,152,152,0.844,True,False,638511,59417,697928,0,157,0
2025-07-26,DEL,Delhi,7,Monsoon,Thu,180,145,145,0.804,True,False,608563,49158,657721,0,170,0
2025-07-17,DEL,Delhi,7,Monsoon,Mon,180,130,130,0.725,True,False,585188,46626,631814,0,147,0
2025-01-21,DEL,Delhi,1,Winter,Thu,180,142,142,0.788,True,False,566309,54823,621132,0,158,1
2025-03-16,DEL,Delhi,3,Spring,Sat,180,137,137,0.763,False,False,568823,44811,613634,0,154,1
2025-05-25,BLR,Bengaluru,5,Summer,Tue,180,143,143,0.797,True,False,532658,57776,590434,0,147,0
2025-12-17,BLR,Bengaluru,12,Winter,Thu,180,139,139,0.77,True,False,562583,57258,619841,0,164,0
2025-07-06,BLR,Bengaluru,7,Monsoon,Thu,180,156,156,0.867,True,False,595544,51269,646813,0,168,0
2025-06-03,DEL,Delhi,6,Summer,Wed,180,159,159,0.884,True,False,740872,66293,807165,0,172,1
2025-11-10,DEL,Delhi,11,Post-Monsoon,Thu,180,155,155,0.86,True,False,752528,62601,815129,0,178,0
2025-01-21,BLR,Bengaluru,1,Winter,Wed,180,118,118,0.654,True,False,394118,40612,434730,0,122,1
2025-07-03,BLR,Bengaluru,7,Monsoon,Wed,180,151,151,0.84,True,False,555471,62841,618312,0,161,1
2025-12-12,BLR,Bengaluru,12,Winter,Sat,180,128,128,0.714,True,False,511030,45732,556762,1,149,0
2025-06-07,HYD,Hyderabad,6,Summer,Mon,180,140,140,0.775,True,False,503393,57700,561093,0,144,1
2025-08-09,CCU,Kolkata,8,Monsoon,Sun,180,153,153,0.852,True,False,595579,54134,649713,0,160,1
2025-07-05,BLR,Bengaluru,7,Monsoon,Fri,180,154,154,0.854,False,False,586257,52928,639185,2,164,2
2025-09-24,CCU,Kolkata,9,Monsoon,Mon,180,137,137,0.761,True,False,511059,47802,558861,0,161,1
2025-12-18,BLR,Bengaluru,12,Winter,Sat,180,151,151,0.839,True,False,599000,47466,646466,0,164,1
2025-07-25,CCU,Kolkata,7,Monsoon,Tue,180,133,133,0.738,True,False,532791,44834,577625,0,137,2
2025-05-02,BOM,Mumbai,5,Summer,Tue,180,147,147,0.818,False,False,669535,47600,717135,0,160,1
2025-04-25,CCU,Kolkata,4,Spring,Wed,180,145,145,0.803,True,False,562158,59834,621992,0,168,0
2025-11-05,BLR,Bengaluru,11,Post-Monsoon,Thu,180,152,152,0.844,True,False,694764,54497,749261,0,172,1
2025-11-14,DEL,Delhi,11,Post-Monsoon,Thu,180,163,163,0.906,True,False,861678,52720,914398,0,170,0
2025-03-06,DEL,Delhi,3,Spring,Sun,180,120,120,0.667,True,False,528645,48620,577265,0,132,0
2025-07-10,DEL,Delhi,7,Monsoon,Sun,180,148,148,0.824,True,False,625952,42043,667995,0,164,0
2025-07-16,CCU,Kolkata,7,Monsoon,Wed,180,131,131,0.728,False,False,504531,43519,548050,0,136,3
2025-09-21,DEL,Delhi,9,Monsoon,Mon,180,120,120,0.668,True,False,512884,49876,562760,0,133,0
2025-04-17,CCU,Kolkata,4,Spring,Fri,180,149,149,0.825,True,False,546320,42499,588819,0,170,0
2025-11-18,DEL,Delhi,11,Post-Monsoon,Fri,180,149,149,0.83,True,False,724671,52289,776960,0,166,2
2025-08-17,HYD,Hyderabad,8,Monsoon,Wed,180,127,127,0.705,True,False,490295,49186,539481,0,131,0
2025-08-17,BLR,Bengaluru,8,Monsoon,Fri,180,146,146,0.813,True,False,589200,55574,644774,0,172,1
2025-07-03,BOM,Mumbai,7,Monsoon,Thu,180,150,150,0.832,True,False,638290,50340,688630,0,163,0
2025-09-19,CCU,Kolkata,9,Monsoon,Tue,180,141,141,0.784,False,False,537872,51189,589061,0,152,1
2025-07-05,BOM,Mumbai,7,Monsoon,Sun,180,133,133,0.74,True,False,599793,38218,638011,0,148,0
2025-12-12,DEL,Delhi,12,Winter,Wed,180,138,138,0.765,True,False,584337,46457,630794,0,152,3
2025-11-09,BLR,Bengaluru,11,Post-Monsoon,Tue,180,127,127,0.704,True,False,539769,48777,588546,0,143,0
2025-09-11,HYD,Hyderabad,9,Monsoon,Thu,180,151,151,0.838,True,False,564274,60854,625128,0,160,1
2025-01-18,BLR,Bengaluru,1,Winter,Thu,180,121,121,0.671,True,False,403746,46052,449798,0,142,0
2025-05-04,HYD,Hyderabad,5,Summer,Thu,180,173,173,0.963,False,False,613293,55896,669189,0,201,2
2025-03-23,DEL,Delhi,3,Spring,Tue,180,141,141,0.782,True,False,593426,48800,642226,0,153,2
2025-10-01,DEL,Delhi,10,Post-Monsoon,Mon,180,158,158,0.88,False,False,810464,47144,857608,0,169,2
2025-10-06,BOM,Mumbai,10,Post-Monsoon,Tue,180,176,176,0.98,True,False,824646,51840,876486,0,191,0
2025-05-24,BLR,Bengaluru,5,Summer,Sun,180,149,149,0.828,True,False,578054,56014,634068,0,176,1
2025-08-08,BOM,Mumbai,8,Monsoon,Mon,180,111,111,0.619,True,False,497386,34702,532088,0,130,1
2025-08-10,DEL,Delhi,8,Monsoon,Fri,180,150,150,0.834,True,False,643530,53726,697256,1,176,3
2025-12-04,CCU,Kolkata,12,Winter,Fri,180,130,130,0.72,True,False,516758,51543,568301,0,135,1
2025-11-20,DEL,Delhi,11,Post-Monsoon,Fri,180,151,151,0.838,True,False,790165,60942,851107,0,162,1
2025-04-17,CCU,Kolkata,4,Spring,Wed,180,138,138,0.769,True,False,516866,57762,574628,0,163,0
2025-05-18,HYD,Hyderabad,5,Summer,Mon,180,147,147,0.819,True,False,560026,53081,613107,0,152,0
2025-03-02,DEL,Delhi,3,Spring,Sun,180,142,142,0.786,True,False,610701,50702,661403,0,156,0
2025-03-13,HYD,Hyderabad,3,Spring,Mon,180,143,143,0.797,True,False,510806,58579,569385,0,155,1
2025-12-04,HYD,Hyderabad,12,Winter,Wed,180,119,119,0.659,True,False,432615,42194,474809,0,125,0
2025-06-15,DEL,Delhi,6,Summer,Wed,180,151,151,0.839,True,False,637508,47571,685079,0,161,0
2025-05-05,DEL,Delhi,5,Summer,Mon,180,148,148,0.824,False,False,626232,52966,679198,0,172,1
2025-12-25,DEL,Delhi,12,Winter,Tue,180,129,129,0.717,True,False,588798,36306,625104,0,146,1
2025-01-03,DEL,Delhi,1,Winter,Mon,180,129,129,0.719,True,False,535138,36395,571533,0,132,1
2025-05-16,BLR,Bengaluru,5,Summer,Thu,180,131,131,0.726,True,False,524037,51704,575741,0,153,1
2025-01-16,BOM,Mumbai,1,Winter,Mon,180,134,134,0.746,True,False,533577,42016,575593,0,154,0
2025-06-01,DEL,Delhi,6,Summer,Mon,180,149,149,0.827,True,False,693782,55589,749371,0,155,1
2025-09-11,DEL,Delhi,9,Monsoon,Wed,180,141,141,0.781,True,False,654336,49068,703404,0,146,0
2025-09-18,HYD,Hyderabad,9,Monsoon,Tue,180,129,129,0.714,True,False,494941,44959,539900,0,132,0
2025-10-23,HYD,Hyderabad,10,Post-Monsoon,Sun,180,144,144,0.797,True,False,649212,59920,709132,0,159,0
2025-07-06,CCU,Kolkata,7,Monsoon,Wed,180,142,142,0.791,True,False,556150,59557,615707,0,161,0
2025-07-16,BOM,Mumbai,7,Monsoon,Tue,180,148,148,0.82,True,False,607673,45318,652991,0,154,1
2025-09-13,BOM,Mumbai,9,Monsoon,Tue,180,140,140,0.777,True,False,584377,42204,626581,0,150,1
2025-10-14,BLR,Bengaluru,10,Post-Monsoon,Thu,180,161,161,0.895,True,False,744188,51813,796001,0,185,1
2025-04-01,BOM,Mumbai,4,Spring,Fri,180,134,134,0.747,False,False,568955,41149,610104,0,156,1
2025-05-19,BOM,Mumbai,5,Summer,Thu,180,146,146,0.81,True,False,619807,58307,678114,0,170,0
2025-09-10,HYD,Hyderabad,9,Monsoon,Sun,180,147,147,0.817,True,False,536628,52199,588827,0,163,0
2025-01-22,BOM,Mumbai,1,Winter,Mon,180,128,128,0.71,True,False,490991,50430,541421,0,136,0
2025-04-19,BLR,Bengaluru,4,Spring,Sat,180,140,140,0.777,True,False,565217,49150,614367,0,151,1
2025-10-06,DEL,Delhi,10,Post-Monsoon,Sun,180,163,163,0.907,False,False,785188,61057,846245,1,177,1
2025-12-19,BOM,Mumbai,12,Winter,Wed,180,153,153,0.847,True,False,687783,59671,747454,1,157,1
2025-02-04,BOM,Mumbai,2,Winter,Tue,180,145,145,0.805,True,False,539319,52901,592220,0,155,0
2025-10-02,DEL,Delhi,10,Post-Monsoon,Fri,180,156,156,0.867,False,False,778839,56160,834999,0,171,2
2025-01-20,DEL,Delhi,1,Winter,Wed,180,132,132,0.731,True,False,525834,40198,566032,0,155,2
2025-07-21,HYD,Hyderabad,7,Monsoon,Tue,180,126,126,0.702,True,False,438321,44193,482514,0,140,0
2025-06-26,BLR,Bengaluru,6,Summer,Mon,180,146,146,0.81,True,False,596936,55175,652111,0,165,0
2025-05-05,HYD,Hyderabad,5,Summer,Thu,180,156,156,0.866,True,False,586329,57970,644299,0,166,2
2025-06-24,HYD,Hyderabad,6,Summer,Mon,180,137,137,0.76,True,False,507313,54991,562304,0,147,0
2025-01-04,DEL,Delhi,1,Winter,Wed,180,142,142,0.788,False,False,579912,41609,621521,0,152,0
2025-11-27,HYD,Hyderabad,11,Post-Monsoon,Fri,180,164,164,0.913,True,False,693696,49022,742718,0,173,0
2025-07-16,BOM,Mumbai,7,Monsoon,Tue,180,131,131,0.728,True,False,536874,51764,588638,0,135,0
2025-06-10,HYD,Hyderabad,6,Summer,Thu,180,138,138,0.766,True,False,487958,50618,538576,0,141,0
2025-09-03,DEL,Delhi,9,Monsoon,Sat,180,146,146,0.809,True,False,672275,47285,719560,0,152,1
2025-07-25,DEL,Delhi,7,Monsoon,Mon,180,163,163,0.907,True,False,702351,48484,750835,0,186,0
2025-12-12,CCU,Kolkata,12,Winter,Fri,180,134,134,0.745,True,False,524356,49197,573553,0,141,0
2025-10-01,BLR,Bengaluru,10,Post-Monsoon,Sat,180,144,144,0.801,False,False,659868,55832,715700,0,156,2
2025-05-10,BOM,Mumbai,5,Summer,Wed,180,147,147,0.817,True,False,646535,44245,690780,0,152,0
2025-09-14,DEL,Delhi,9,Monsoon,Mon,180,165,165,0.918,False,False,709218,61330,770548,1,185,1
2025-01-08,DEL,Delhi,1,Winter,Wed,180,134,134,0.746,True,False,555842,52424,608266,0,151,3
2025-09-10,BLR,Bengaluru,9,Monsoon,Thu,180,133,133,0.738,True,False,492874,53421,546295,0,141,2
2025-06-16,BOM,Mumbai,6,Summer,Mon,180,161,161,0.892,True,False,676554,46885,723439,0,165,0
2025-07-21,DEL,Delhi,7,Monsoon,Thu,180,139,139,0.774,True,False,616684,45843,662527,0,154,1
2025-01-20,BOM,Mumbai,1,Winter,Thu,180,126,126,0.699,True,False,514299,52066,566365,0,136,0
2025-05-03,CCU,Kolkata,5,Summer,Wed,180,136,136,0.758,True,False,504347,44935,549282,0,156,0
2025-05-20,BLR,Bengaluru,5,Summer,Sun,180,144,144,0.802,True,False,545226,55763,600989,0,151,0
2025-01-19,DEL,Delhi,1,Winter,Tue,180,139,139,0.773,True,False,528495,43662,572157,0,162,1
2025-01-01,CCU,Kolkata,1,Winter,Sat,180,111,111,0.618,True,False,363363,40090,403453,0,123,0
2025-11-23,BLR,Bengaluru,11,Post-Monsoon,Wed,180,163,163,0.905,True,False,758560,56547,815107,0,181,0
2025-01-13,BLR,Bengaluru,1,Winter,Tue,180,117,117,0.651,True,False,406491,33268,439759,0,135,1
2025-07-07,BOM,Mumbai,7,Monsoon,Tue,180,137,137,0.76,True,False,614009,47458,661467,0,155,1
2025-03-07,BOM,Mumbai,3,Spring,Tue,180,128,128,0.713,True,False,517386,51717,569103,0,150,0
2025-10-01,BOM,Mumbai,10,Post-Monsoon,Mon,180,167,167,0.927,True,False,868017,60533,928550,0,174,0
2025-09-06,DEL,Delhi,9,Monsoon,Wed,180,141,141,0.786,True,False,617351,40828,658179,0,165,0
2025-03-11,DEL,Delhi,3,Spring,Tue,180,139,139,0.775,True,False,646591,46859,693450,0,148,0
2025-11-20,BOM,Mumbai,11,Post-Monsoon,Mon,180,140,140,0.778,True,False,658962,39663,698625,0,163,2
2025-11-06,DEL,Delhi,11,Post-Monsoon,Fri,180,169,169,0.937,True,False,854612,51344,905956,0,185,1
2025-11-13,DEL,Delhi,11,Post-Monsoon,Sun,180,151,151,0.836,True,False,785743,54464,840207,0,174,0
2025-02-15,HYD,Hyderabad,2,Winter,Sun,180,152,152,0.844,True,False,483570,46665,530235,0,169,0
2025-03-19,DEL,Delhi,3,Spring,Tue,180,144,144,0.802,True,False,655199,48768,703967,0,159,3
2025-06-02,HYD,Hyderabad,6,Summer,Tue,180,147,147,0.816,True,False,546775,53602,600377,2,153,0
2025-03-19,HYD,Hyderabad,3,Spring,Sat,180,136,136,0.754,False,False,516203,56057,572260,0,148,1
2025-09-26,BLR,Bengaluru,9,Monsoon,Mon,180,145,145,0.806,True,False,562122,48204,610326,0,148,0
2025-12-15,BOM,Mumbai,12,Winter,Tue,180,157,157,0.87,False,False,696005,44485,740490,0,167,0
2025-10-04,BOM,Mumbai,10,Post-Monsoon,Sun,180,152,0,0.843,False,True,0,0,0,0,0,0
2025-07-18,HYD,Hyderabad,7,Monsoon,Tue,180,138,138,0.767,True,False,528298,48838,577136,0,141,0
2025-05-04,BOM,Mumbai,5,Summer,Tue,180,143,143,0.795,True,False,597472,45355,642827,0,152,0
2025-11-10,CCU,Kolkata,11,Post-Monsoon,Thu,180,163,163,0.908,True,False,713931,59060,772991,0,170,0
2025-09-04,BOM,Mumbai,9,Monsoon,Fri,180,128,128,0.712,True,False,560422,44434,604856,0,137,1
2025-10-03,CCU,Kolkata,10,Post-Monsoon,Thu,180,145,145,0.805,True,False,666571,53673,720244,0,168,0
2025-06-04,BOM,Mumbai,6,Summer,Fri,180,141,141,0.781,True,False,626236,40354,666590,0,147,1
2025-10-01,CCU,Kolkata,10,Post-Monsoon,Wed,180,136,136,0.756,True,False,607867,41550,649417,0,154,0
2025-12-28,BLR,Bengaluru,12,Winter,Sun,180,149,149,0.826,True,False,579400,43537,622937,0,155,1
2025-03-06,CCU,Kolkata,3,Spring,Tue,180,150,150,0.833,True,False,557791,50221,608012,0,173,1
2025-08-18,CCU,Kolkata,8,Monsoon,Wed,180,150,150,0.835,False,False,572428,61639,634067,0,159,1
2025-03-17,HYD,Hyderabad,3,Spring,Sun,180,141,141,0.782,True,False,513498,45917,559415,0,148,1
2025-12-06,DEL,Delhi,12,Winter,Sun,180,139,139,0.77,False,False,641352,39856,681208,0,157,3
2025-04-09,DEL,Delhi,4,Spring,Sat,180,142,142,0.788,False,False,639536,46516,686052,0,146,3
2025-08-01,BOM,Mumbai,8,Monsoon,Fri,180,141,0,0.784,False,True,0,0,0,2,0,0
2025-09-03,HYD,Hyderabad,9,Monsoon,Sat,180,147,147,0.819,False,False,573442,54059,627501,0,168,1
2025-06-08,BLR,Bengaluru,6,Summer,Fri,180,154,154,0.856,False,False,619125,52009,671134,0,178,2
2025-03-14,BOM,Mumbai,3,Spring,Wed,180,140,140,0.778,True,False,602615,44170,646785,0,160,0
2025-03-24,DEL,Delhi,3,Spring,Mon,180,153,153,0.851,True,False,649644,50830,700474,0,174,1
2025-08-11,BOM,Mumbai,8,Monsoon,Mon,180,139,139,0.77,True,False,613524,49339,662863,0,158,0
2025-10-24,DEL,Delhi,10,Post-Monsoon,Fri,180,165,165,0.917,False,False,808479,60606,869085,0,182,2
2025-11-21,HYD,Hyderabad,11,Post-Monsoon,Sat,180,158,158,0.88,False,False,643547,61725,705272,0,174,0
2025-11-01,DEL,Delhi,11,Post-Monsoon,Wed,180,146,146,0.813,False,False,762025,43650,805675,0,159,1
2025-10-15,DEL,Delhi,10,Post-Monsoon,Mon,180,149,0,0.83,False,True,0,0,0,0,0,0
2025-06-23,BLR,Bengaluru,6,Summer,Wed,180,148,148,0.821,False,False,562265,48636,610901,0,173,1
2025-06-10,DEL,Delhi,6,Summer,Thu,180,143,143,0.796,False,False,610533,50208,660741,1,169,0
2025-01-19,HYD,Hyderabad,1,Winter,Tue,180,123,123,0.685,True,False,417475,34625,452100,0,143,0
2025-06-24,HYD,Hyderabad,6,Summer,Wed,180,154,154,0.855,True,False,569045,59140,628185,0,159,0
2025-10-25,DEL,Delhi,10,Post-Monsoon,Mon,180,171,171,0.951,True,False,916633,59277,975910,0,194,3
2025-12-12,BLR,Bengaluru,12,Winter,Sat,180,166,166,0.922,True,False,658345,54182,712527,0,179,0
2025-01-10,BLR,Bengaluru,1,Winter,Tue,180,126,126,0.702,True,False,448043,48242,496285,0,135,0
2025-08-14,HYD,Hyderabad,8,Monsoon,Fri,180,139,139,0.773,False,False,485291,56819,542110,0,146,2
2025-05-06,BOM,Mumbai,5,Summer,Thu,180,145,0,0.804,False,True,0,0,0,0,0,0
2025-02-22,DEL,Delhi,2,Winter,Sun,180,130,130,0.723,True,False,518056,37629,555685,0,150,0
2025-07-02,BOM,Mumbai,7,Monsoon,Sat,180,137,137,0.762,False,False,584944,47641,632585,0,158,1
2025-01-20,DEL,Delhi,1,Winter,Wed,180,135,135,0.75,True,False,547024,53123,600147,0,155,4
2025-03-23,DEL,Delhi,3,Spring,Tue,180,146,146,0.813,True,False,665346,43980,709326,0,171,0
2025-05-03,DEL,Delhi,5,Summer,Fri,180,142,142,0.791,False,False,602116,54836,656952,0,167,0
2025-02-02,BLR,Bengaluru,2,Winter,Tue,180,130,130,0.724,True,False,470216,37157,507373,0,134,0
2025-08-05,DEL,Delhi,8,Monsoon,Tue,180,137,137,0.759,False,False,575762,49077,624839,0,148,1
2025-12-07,BLR,Bengaluru,12,Winter,Tue,180,151,151,0.841,False,False,595144,51691,646835,0,164,3
2025-12-28,BLR,Bengaluru,12,Winter,Sat,180,149,149,0.828,True,False,581450,47731,629181,0,157,0
2025-03-03,DEL,Delhi,3,Spring,Wed,180,121,121,0.673,False,False,528490,37474,565964,1,124,0
2025-12-13,BOM,Mumbai,12,Winter,Sun,180,162,162,0.901,True,False,667569,59732,727301,0,179,3
2025-04-06,BLR,Bengaluru,4,Spring,Sun,180,155,155,0.864,True,False,621692,61318,683010,0,164,0
2025-02-27,DEL,Delhi,2,Winter,Tue,180,135,135,0.75,True,False,518317,55911,574228,0,149,3
2025-01-11,HYD,Hyderabad,1,Winter,Tue,180,152,152,0.846,False,False,496194,44210,540404,0,165,2
2025-08-05,BOM,Mumbai,8,Monsoon,Fri,180,128,128,0.714,False,False,577126,51755,628881,2,143,0
2025-01-20,DEL,Delhi,1,Winter,Thu,180,145,145,0.805,True,False,577180,54266,631446,0,155,3
2025-10-20,BOM,Mumbai,10,Post-Monsoon,Fri,180,151,151,0.841,True,False,741297,49670,790967,0,156,1
2025-02-27,BLR,Bengaluru,2,Winter,Fri,180,149,149,0.828,True,False,531394,57347,588741,0,161,2
2025-05-17,HYD,Hyderabad,5,Summer,Tue,180,148,148,0.821,True,False,532756,43992,576748,1,153,1
2025-05-14,HYD,Hyderabad,5,Summer,Tue,180,145,145,0.806,False,False,551762,57311,609073,0,149,1
2025-04-24,BLR,Bengaluru,4,Spring,Fri,180,130,130,0.723,False,False,527758,51526,579284,0,133,0
2025-10-12,DEL,Delhi,10,Post-Monsoon,Thu,180,154,154,0.858,True,False,813101,59702,872803,0,168,0
2025-09-16,BLR,Bengaluru,9,Monsoon,Wed,180,135,135,0.753,True,False,557320,48725,606045,0,151,1
2025-05-22,BLR,Bengaluru,5,Summer,Sun,180,151,151,0.84,True,False,577149,48047,625196,1,169,0
2025-12-08,DEL,Delhi,12,Winter,Sun,180,125,125,0.693,True,False,566949,38089,605038,0,133,1
2025-03-17,BOM,Mumbai,3,Spring,Mon,180,153,153,0.851,False,False,682207,46923,729130,0,166,1
2025-03-06,HYD,Hyderabad,3,Spring,Tue,180,148,148,0.824,True,False,578773,43255,622028,0,160,2
2025-10-07,CCU,Kolkata,10,Post-Monsoon,Tue,180,146,146,0.808,True,False,655585,59947,715532,0,171,0
2025-05-28,BLR,Bengaluru,5,Summer,Sun,180,148,148,0.822,True,False,606048,43770,649818,0,154,1
2025-03-11,DEL,Delhi,3,Spring,Fri,180,129,129,0.719,True,False,534608,47855,582463,0,134,0
2025-07-06,DEL,Delhi,7,Monsoon,Sat,180,153,153,0.851,True,False,698737,55030,753767,0,166,1
2025-02-23,BOM,Mumbai,2,Winter,Thu,180,140,140,0.775,True,False,532699,57278,589977,1,146,1
2025-05-21,BOM,Mumbai,5,Summer,Sat,180,124,124,0.691,True,False,528922,49406,578328,0,135,0
2025-09-07,BOM,Mumbai,9,Monsoon,Mon,180,134,134,0.746,True,False,594258,44734,638992,0,139,0
2025-03-10,CCU,Kolkata,3,Spring,Tue,180,153,153,0.848,False,False,581928,54515,636443,0,165,1
2025-05-27,CCU,Kolkata,5,Summer,Sat,180,157,157,0.871,True,False,564423,54106,618529,0,170,1
2025-05-19,DEL,Delhi,5,Summer,Wed,180,148,148,0.821,True,False,629002,50192,679194,0,158,0
2025-11-20,BOM,Mumbai,11,Post-Monsoon,Sat,180,176,176,0.98,False,False,909991,67752,977743,0,205,1
2025-04-28,BOM,Mumbai,4,Spring,Wed,180,156,156,0.866,True,False,660342,44193,704535,1,175,0
2025-04-25,CCU,Kolkata,4,Spring,Thu,180,135,135,0.752,True,False,506535,47192,553727,0,141,0
2025-04-01,BOM,Mumbai,4,Spring,Fri,180,163,163,0.904,False,False,663288,60571,723859,0,178,2
2025-10-26,BLR,Bengaluru,10,Post-Monsoon,Sat,180,165,165,0.916,True,False,783479,68888,852367,1,186,2
2025-12-09,BOM,Mumbai,12,Winter,Sat,180,133,133,0.739,True,False,569446,40992,610438,0,137,1
2025-07-20,CCU,Kolkata,7,Monsoon,Thu,180,133,133,0.741,True,False,506138,41099,547237,0,154,0
2025-06-26,BOM,Mumbai,6,Summer,Fri,180,127,127,0.706,False,False,577117,39515,616632,0,136,0
2025-08-26,BLR,Bengaluru,8,Monsoon,Sat,180,116,116,0.643,True,False,465063,45698,510761,0,137,1
2025-05-14,DEL,Delhi,5,Summer,Tue,180,153,153,0.849,True,False,667989,52644,720633,0,159,1
2025-06-28,BOM,Mumbai,6,Summer,Sat,180,147,147,0.819,False,False,656056,54004,710060,0,150,2
2025-01-03,BLR,Bengaluru,1,Winter,Sat,180,147,147,0.817,False,False,514434,51188,565622,0,172,4
2025-09-19,HYD,Hyderabad,9,Monsoon,Mon,180,137,137,0.763,False,False,476808,50340,527148,0,143,1
2025-11-28,CCU,Kolkata,11,Post-Monsoon,Sun,180,158,158,0.877,True,False,659159,64862,724021,0,169,1
2025-09-18,DEL,Delhi,9,Monsoon,Tue,180,158,158,0.88,True,False,661905,56486,718391,0,166,0
2025-07-15,BOM,Mumbai,7,Monsoon,Sun,180,121,121,0.674,False,False,531253,46196,577449,0,138,1
2025-05-21,CCU,Kolkata,5,Summer,Wed,180,138,138,0.766,True,False,500804,40720,541524,0,142,2
2025-08-20,CCU,Kolkata,8,Monsoon,Sun,180,129,129,0.719,True,False,502720,52807,555527,0,134,1
2025-01-01,DEL,Delhi,1,Winter,Tue,180,132,132,0.736,True,False,502209,47868,550077,0,154,0
2025-07-28,DEL,Delhi,7,Monsoon,Sun,180,149,149,0.827,False,False,662701,51617,714318,0,165,2
2025-12-24,BLR,Bengaluru,12,Winter,Tue,180,131,131,0.73,True,False,539114,54036,593150,0,135,0
2025-09-16,DEL,Delhi,9,Monsoon,Sat,180,144,144,0.8,False,False,621336,57314,678650,0,152,1
2025-04-19,DEL,Delhi,4,Spring,Mon,180,160,160,0.889,True,False,721555,49262,770817,0,180,0
2025-09-14,DEL,Delhi,9,Monsoon,Tue,180,131,131,0.729,True,False,547234,44593,591827,0,139,0
2025-04-14,HYD,Hyderabad,4,Spring,Mon,180,140,140,0.78,True,False,508405,46120,554525,0,160,1
2025-12-25,HYD,Hyderabad,12,Winter,Sun,180,133,133,0.737,True,False,476378,45449,521827,0,154,0
2025-05-27,DEL,Delhi,5,Summer,Mon,180,148,148,0.823,False,False,648747,41887,690634,0,171,4
2025-03-21,DEL,Delhi,3,Spring,Thu,180,159,159,0.883,False,False,711049,65064,776113,0,170,1
2025-03-22,HYD,Hyderabad,3,Spring,Tue,180,158,158,0.876,True,False,603930,57304,661234,0,172,1
2025-10-03,DEL,Delhi,10,Post-Monsoon,Sun,180,154,154,0.855,True,False,758313,51453,809766,0,177,1
2025-03-22,BOM,Mumbai,3,Spring,Sat,180,129,129,0.717,True,False,566425,38962,605387,0,137,2
2025-04-03,BOM,Mumbai,4,Spring,Thu,180,140,140,0.775,True,False,609778,54171,663949,0,164,2
2025-11-12,BOM,Mumbai,11,Post-Monsoon,Mon,180,156,156,0.868,True,False,742206,52751,794957,0,184,0
2025-03-08,BOM,Mumbai,3,Spring,Sun,180,149,149,0.825,True,False,654052,48908,702960,0,174,1
2025-02-20,BLR,Bengaluru,2,Winter,Fri,180,140,140,0.779,True,False,491005,54291,545296,0,148,0
2025-07-28,BLR,Bengaluru,7,Monsoon,Thu,180,141,141,0.784,True,False,569153,53158,622311,0,153,1
2025-11-11,BLR,Bengaluru,11,Post-Monsoon,Wed,180,156,156,0.866,True,False,716691,59272,775963,0,160,3
2025-05-27,BOM,Mumbai,5,Summer,Sun,180,142,142,0.79,True,False,641784,53271,695055,0,165,0
2025-02-13,BLR,Bengaluru,2,Winter,Tue,180,137,137,0.763,True,False,484457,45018,529475,0,152,1
2025-06-18,DEL,Delhi,6,Summer,Tue,180,139,139,0.774,False,False,618735,41370,660105,3,159,1
2025-12-13,CCU,Kolkata,12,Winter,Mon,180,134,134,0.745,False,False,482231,43674,525905,0,139,0
2025-12-06,HYD,Hyderabad,12,Winter,Sun,180,137,137,0.76,True,False,496016,39864,535880,0,151,0
2025-08-04,BLR,Bengaluru,8,Monsoon,Sat,180,147,147,0.815,True,False,607586,48375,655961,1,160,1
2025-12-23,BOM,Mumbai,12,Winter,Mon,180,147,147,0.819,True,False,656324,61200,717524,0,173,0
2025-06-24,BOM,Mumbai,6,Summer,Wed,180,147,147,0.816,True,False,615145,61190,676335,0,165,1
2025-06-15,BOM,Mumbai,6,Summer,Sat,180,143,143,0.795,True,False,611307,43753,655060,0,162,3
2025-05-20,HYD,Hyderabad,5,Summer,Fri,180,120,120,0.667,False,False,446665,44207,490872,2,138,0
2025-03-04,DEL,Delhi,3,Spring,Thu,180,141,141,0.781,True,False,626564,51807,678371,0,164,0
2025-10-24,DEL,Delhi,10,Post-Monsoon,Wed,180,153,153,0.85,True,False,818884,42946,861830,0,166,1
2025-06-08,BLR,Bengaluru,6,Summer,Mon,180,146,146,0.811,True,False,539851,53691,593542,0,160,1
2025-06-18,BOM,Mumbai,6,Summer,Sat,180,128,128,0.714,False,False,555676,47024,602700,3,132,3
2025-09-24,CCU,Kolkata,9,Monsoon,Sat,180,149,149,0.827,True,False,576983,42867,619850,0,160,0
2025-10-24,BOM,Mumbai,10,Post-Monsoon,Wed,180,151,151,0.841,True,False,712015,56876,768891,0,172,1
2025-02-13,DEL,Delhi,2,Winter,Thu,180,126,126,0.698,False,False,496551,52535,549086,0,134,1
2025-03-08,DEL,Delhi,3,Spring,Sat,180,142,142,0.79,True,False,655507,53231,708738,0,158,0
2025-03-03,HYD,Hyderabad,3,Spring,Sat,180,131,131,0.73,True,False,505186,37145,542331,0,141,0
2025-08-02,DEL,Delhi,8,Monsoon,Wed,180,134,134,0.744,True,False,587308,42547,629855,0,151,1
2025-06-02,DEL,Delhi,6,Summer,Tue,180,155,155,0.861,True,False,664120,50097,714217,0,177,1
2025-07-03,DEL,Delhi,7,Monsoon,Mon,180,132,132,0.733,True,False,564450,42667,607117,0,140,0
2025-12-04,HYD,Hyderabad,12,Winter,Fri,180,147,147,0.818,True,False,571364,48054,619418,0,155,0
2025-04-08,BOM,Mumbai,4,Spring,Mon,180,142,142,0.789,True,False,605619,45375,650994,0,159,1
2025-01-13,BLR,Bengaluru,1,Winter,Fri,180,144,144,0.801,True,False,503473,48075,551548,0,158,0
2025-06-07,HYD,Hyderabad,6,Summer,Mon,180,151,151,0.837,True,False,587447,52855,640302,0,165,0
2025-09-28,BOM,Mumbai,9,Monsoon,Thu,180,141,141,0.784,True,False,617243,43626,660869,0,145,0
2025-03-20,BLR,Bengaluru,3,Spring,Sun,180,138,138,0.769,False,False,533079,49664,582743,0,159,2
2025-01-10,HYD,Hyderabad,1,Winter,Thu,180,130,130,0.722,True,False,458062,40155,498217,0,134,3
2025-03-12,BLR,Bengaluru,3,Spring,Sun,180,145,145,0.807,True,False,589970,59932,649902,0,162,1
2025-07-09,HYD,Hyderabad,7,Monsoon,Fri,180,165,165,0.915,True,False,578789,46868,625657,0,191,0
2025-01-05,DEL,Delhi,1,Winter,Sat,180,118,118,0.653,True,False,449190,47005,496195,0,130,0
2025-07-01,DEL,Delhi,7,Monsoon,Tue,180,128,128,0.71,True,False,582725,52593,635318,0,142,1
2025-02-07,DEL,Delhi,2,Winter,Sat,180,143,143,0.795,True,False,590424,54188,644612,0,165,1
2025-03-15,DEL,Delhi,3,Spring,Thu,180,140,140,0.78,True,False,623602,42602,666204,0,159,0
2025-09-19,DEL,Delhi,9,Monsoon,Tue,180,132,132,0.734,False,False,546219,45168,591387,0,152,3
2025-12-03,DEL,Delhi,12,Winter,Sat,180,132,132,0.733,True,False,596147,53700,649847,0,138,0
2025-06-03,DEL,Delhi,6,Summer,Sun,180,125,125,0.695,True,False,543551,41024,584575,0,141,0
2025-11-28,BOM,Mumbai,11,Post-Monsoon,Mon,180,141,141,0.781,False,False,697747,46330,744077,0,159,2
2025-10-12,BOM,Mumbai,10,Post-Monsoon,Fri,180,151,151,0.838,True,False,736398,57437,793835,0,162,3
2025-09-23,BOM,Mumbai,9,Monsoon,Fri,180,152,152,0.845,True,False,622695,56630,679325,0,165,0
2025-04-07,DEL,Delhi,4,Spring,Thu,180,139,139,0.77,True,False,646966,39291,686257,0,144,1
2025-01-06,DEL,Delhi,1,Winter,Sat,180,140,140,0.776,True,False,552004,50653,602657,0,161,2
2025-07-22,BOM,Mumbai,7,Monsoon,Sat,180,156,156,0.869,False,False,669461,56701,726162,1,174,3
2025-09-17,BOM,Mumbai,9,Monsoon,Mon,180,126,126,0.7,True,False,561780,51496,613276,0,139,0
2025-08-28,DEL,Delhi,8,Monsoon,Fri,180,148,148,0.824,True,False,651937,55706,707643,0,162,0
2025-08-22,HYD,Hyderabad,8,Monsoon,Wed,180,141,141,0.784,False,False,520142,45928,566070,0,146,0
2025-10-27,DEL,Delhi,10,Post-Monsoon,Fri,180,139,139,0.772,True,False,676614,45671,722285,0,155,0
2025-07-14,DEL,Delhi,7,Monsoon,Sun,180,141,141,0.781,True,False,624967,53029,677996,0,159,0
2025-06-01,BOM,Mumbai,6,Summer,Mon,180,136,0,0.757,False,True,0,0,0,1,0,0
2025-02-19,BLR,Bengaluru,2,Winter,Sat,180,141,141,0.781,True,False,487361,57350,544711,0,149,0
2025-02-19,BOM,Mumbai,2,Winter,Wed,180,130,130,0.721,True,False,481361,47099,528460,0,143,0
2025-03-01,HYD,Hyderabad,3,Spring,Mon,180,137,137,0.76,True,False,495786,46372,542158,0,144,1
2025-07-26,DEL,Delhi,7,Monsoon,Sat,180,151,151,0.838,True,False,693346,50353,743699,0,177,1
2025-01-04,BOM,Mumbai,1,Winter,Sun,180,155,155,0.86,True,False,577130,48511,625641,0,161,2
2025-12-09,BOM,Mumbai,12,Winter,Fri,180,164,164,0.911,True,False,690903,48082,738985,0,190,0
2025-10-01,DEL,Delhi,10,Post-Monsoon,Sat,180,165,165,0.916,True,False,867405,59756,927161,0,184,0
2025-10-21,HYD,Hyderabad,10,Post-Monsoon,Fri,180,154,154,0.854,True,False,687911,44071,731982,0,172,0
2025-08-16,BOM,Mumbai,8,Monsoon,Tue,180,140,140,0.778,True,False,632059,47784,679843,0,160,3
2025-01-25,DEL,Delhi,1,Winter,Fri,180,133,133,0.742,False,False,556325,49521,605846,0,157,1
2025-10-15,BLR,Bengaluru,10,Post-Monsoon,Fri,180,144,144,0.798,True,False,617088,48061,665149,1,166,2
2025-09-27,BOM,Mumbai,9,Monsoon,Sat,180,132,132,0.736,False,False,544808,51505,596313,0,150,1
2025-10-05,DEL,Delhi,10,Post-Monsoon,Thu,180,160,160,0.89,True,False,856084,46078,902162,0,177,0
2025-06-02,BOM,Mumbai,6,Summer,Mon,180,132,132,0.733,True,False,547611,47160,594771,0,146,2
2025-09-26,DEL,Delhi,9,Monsoon,Sat,180,155,155,0.859,False,False,699801,52677,752478,0,166,0
2025-08-08,HYD,Hyderabad,8,Monsoon,Sun,180,165,165,0.917,False,False,615323,50409,665732,0,185,0
2025-09-11,HYD,Hyderabad,9,Monsoon,Fri,180,144,144,0.803,True,False,530084,54640,584724,0,153,1
2025-07-16,BLR,Bengaluru,7,Monsoon,Sun,180,142,142,0.79,True,False,539359,54237,593596,0,158,0
2025-04-05,BOM,Mumbai,4,Spring,Sat,180,154,154,0.857,True,False,664390,62342,726732,0,173,1
2025-04-23,DEL,Delhi,4,Spring,Sun,180,146,146,0.81,True,False,656632,44713,701345,0,168,2
2025-08-15,HYD,Hyderabad,8,Monsoon,Mon,180,140,140,0.777,True,False,502223,52131,554354,0,164,1
2025-07-19,CCU,Kolkata,7,Monsoon,Thu,180,125,125,0.697,True,False,464603,37176,501779,0,135,0
2025-05-07,DEL,Delhi,5,Summer,Mon,180,119,119,0.663,True,False,527721,41163,568884,0,134,0
2025-04-28,BOM,Mumbai,4,Spring,Sat,180,135,135,0.752,True,False,565549,39057,604606,0,154,1
2025-09-06,CCU,Kolkata,9,Monsoon,Mon,180,161,161,0.896,False,False,594171,57518,651689,2,172,1
2025-01-06,HYD,Hyderabad,1,Winter,Fri,180,130,130,0.721,False,False,439801,54082,493883,0,151,4
2025-08-08,BOM,Mumbai,8,Monsoon,Mon,180,136,136,0.755,True,False,587413,47582,634995,0,151,0
2025-02-07,DEL,Delhi,2,Winter,Tue,180,120,120,0.668,True,False,473620,39889,513509,0,131,0
2025-03-13,DEL,Delhi,3,Spring,Wed,180,154,154,0.855,True,False,666716,57063,723779,0,178,1
2025-01-10,BLR,Bengaluru,1,Winter,Mon,180,146,146,0.809,True,False,509416,51523,560939,0,169,1
2025-05-27,BOM,Mumbai,5,Summer,Sat,180,150,150,0.832,True,False,654434,46836,701270,0,169,1
2025-06-23,HYD,Hyderabad,6,Summer,Sat,180,153,153,0.849,False,False,553440,52061,605501,0,172,1
2025-08-22,BOM,Mumbai,8,Monsoon,Wed,180,149,149,0.83,False,False,645858,61765,707623,0,157,3
2025-05-17,HYD,Hyderabad,5,Summer,Fri,180,141,141,0.782,True,False,524212,40589,564801,0,155,0
2025-07-12,BOM,Mumbai,7,Monsoon,Mon,180,139,139,0.772,False,False,598186,45856,644042,0,152,2
2025-03-12,BLR,Bengaluru,3,Spring,Tue,180,145,145,0.808,True,False,559631,41210,600841,0,158,0
2025-06-03,BOM,Mumbai,6,Summer,Sat,180,130,130,0.72,True,False,584080,48797,632877,0,151,2
2025-12-10,BOM,Mumbai,12,Winter,Sun,180,140,140,0.78,False,False,626312,50080,676392,0,144,1
2025-10-25,HYD,Hyderabad,10,Post-Monsoon,Fri,180,162,162,0.899,False,False,682269,61929,744198,0,166,1
2025-08-19,BOM,Mumbai,8,Monsoon,Thu,180,147,147,0.818,True,False,645562,44086,689648,0,165,2
2025-11-15,DEL,Delhi,11,Post-Monsoon,Fri,180,169,169,0.94,True,False,812775,70661,883436,0,182,2
2025-04-13,BOM,Mumbai,4,Spring,Fri,180,148,148,0.821,True,False,643393,51033,694426,0,167,0
2025-07-25,HYD,Hyderabad,7,Monsoon,Fri,180,133,133,0.738,True,False,504183,41515,545698,0,156,1
2025-02-17,CCU,Kolkata,2,Winter,Thu,180,143,143,0.793,True,False,500384,46514,546898,0,152,0
2025-03-06,BLR,Bengaluru,3,Spring,Tue,180,137,137,0.763,False,False,545961,45234,591195,0,160,1
2025-06-24,BOM,Mumbai,6,Summer,Sun,180,134,134,0.744,True,False,557161,43951,601112,0,154,0
2025-11-01,HYD,Hyderabad,11,Post-Monsoon,Sun,180,151,151,0.841,True,False,661187,61900,723087,0,158,1
2025-10-18,DEL,Delhi,10,Post-Monsoon,Tue,180,145,145,0.803,True,False,767276,55948,823224,0,160,0
2025-11-22,DEL,Delhi,11,Post-Monsoon,Mon,180,159,159,0.886,True,False,843989,61568,905557,1,187,3
2025-04-05,DEL,Delhi,4,Spring,Wed,180,146,146,0.813,True,False,642254,44852,687106,0,169,2
2025-03-24,DEL,Delhi,3,Spring,Sat,180,157,157,0.872,True,False,732118,52764,784882,0,169,0
2025-02-09,HYD,Hyderabad,2,Winter,Sun,180,133,133,0.737,True,False,433463,38108,471571,0,144,0
2025-02-03,BLR,Bengaluru,2,Winter,Sun,180,145,145,0.806,False,False,535428,43636,579064,1,161,1
2025-07-18,BLR,Bengaluru,7,Monsoon,Tue,180,141,141,0.782,True,False,528959,40304,569263,0,150,1
2025-06-09,BLR,Bengaluru,6,Summer,Sat,180,153,153,0.849,True,False,573041,58015,631056,0,159,1
2025-05-24,BOM,Mumbai,5,Summer,Sun,180,140,140,0.78,True,False,613887,52686,666573,0,143,0
2025-08-18,BOM,Mumbai,8,Monsoon,Tue,180,147,147,0.817,True,False,633463,55361,688824,0,160,0
2025-07-09,BOM,Mumbai,7,Monsoon,Thu,180,146,146,0.812,False,False,602093,47906,649999,0,172,3
2025-06-01,CCU,Kolkata,6,Summer,Wed,180,121,121,0.67,True,False,462019,40229,502248,0,142,1
2025-10-20,HYD,Hyderabad,10,Post-Monsoon,Mon,180,146,146,0.811,True,False,602312,61091,663403,0,171,0
2025-01-07,CCU,Kolkata,1,Winter,Tue,180,123,123,0.685,False,False,401243,39894,441137,0,128,2
2025-05-11,BOM,Mumbai,5,Summer,Tue,180,134,134,0.747,True,False,590076,49379,639455,0,155,1
2025-07-02,BOM,Mumbai,7,Monsoon,Mon,180,143,143,0.792,True,False,619326,57013,676339,0,166,1
2025-03-16,BLR,Bengaluru,3,Spring,Mon,180,125,125,0.697,True,False,473593,49890,523483,0,130,0
2025-04-19,DEL,Delhi,4,Spring,Sun,180,124,124,0.689,False,False,535956,43131,579087,0,131,1
2025-09-19,CCU,Kolkata,9,Monsoon,Wed,180,130,130,0.723,False,False,496621,49301,545922,2,134,3
2025-10-08,DEL,Delhi,10,Post-Monsoon,Thu,180,149,149,0.83,True,False,709072,59626,768698,0,160,2
2025-05-02,HYD,Hyderabad,5,Summer,Sat,180,152,152,0.847,False,False,544781,55714,600495,0,177,0
2025-11-08,DEL,Delhi,11,Post-Monsoon,Tue,180,152,152,0.847,True,False,737670,55123,792793,0,167,0
2025-01-24,BLR,Bengaluru,1,Winter,Wed,180,138,138,0.769,False,False,461919,39843,501762,0,145,1
2025-08-28,BLR,Bengaluru,8,Monsoon,Thu,180,146,146,0.811,True,False,579958,60467,640425,0,171,0
2025-09-07,DEL,Delhi,9,Monsoon,Tue,180,139,139,0.773,True,False,638623,52406,691029,0,149,0
2025-02-28,BLR,Bengaluru,2,Winter,Wed,180,129,129,0.716,False,False,470124,44939,515063,0,146,1
2025-07-13,DEL,Delhi,7,Monsoon,Mon,180,149,149,0.827,True,False,634333,50670,685003,0,170,0
2025-10-25,BLR,Bengaluru,10,Post-Monsoon,Mon,180,135,135,0.748,True,False,611572,49375,660947,0,154,1
2025-07-05,CCU,Kolkata,7,Monsoon,Mon,180,149,149,0.825,True,False,573996,53479,627475,0,155,0
2025-09-20,CCU,Kolkata,9,Monsoon,Tue,180,151,151,0.837,False,False,597522,52542,650064,0,160,5
2025-08-03,DEL,Delhi,8,Monsoon,Mon,180,138,138,0.769,True,False,621221,48620,669841,0,156,1
2025-05-22,DEL,Delhi,5,Summer,Tue,180,152,152,0.842,True,False,631092,59333,690425,0,156,1
2025-11-09,DEL,Delhi,11,Post-Monsoon,Sun,180,161,161,0.896,True,False,791447,45736,837183,0,180,3
2025-06-28,BOM,Mumbai,6,Summer,Wed,180,120,120,0.668,True,False,500446,39279,539725,0,133,0
2025-08-04,BLR,Bengaluru,8,Monsoon,Wed,180,143,143,0.793,True,False,569225,42044,611269,0,159,2
2025-03-18,CCU,Kolkata,3,Spring,Sun,180,151,151,0.837,True,False,580529,57793,638322,0,157,1
2025-04-27,BOM,Mumbai,4,Spring,Sun,180,140,140,0.776,True,False,578903,58213,637116,0,153,1
2025-01-04,DEL,Delhi,1,Winter,Sun,180,127,127,0.704,False,False,477361,46336,523697,0,132,1
2025-08-05,BOM,Mumbai,8,Monsoon,Sun,180,130,130,0.721,False,False,531840,45801,577641,0,135,1
2025-12-15,BLR,Bengaluru,12,Winter,Wed,180,142,142,0.787,True,False,534942,50115,585057,0,148,0
2025-10-12,BOM,Mumbai,10,Post-Monsoon,Fri,180,161,161,0.894,False,False,797295,66134,863429,0,188,3
2025-08-20,BOM,Mumbai,8,Monsoon,Fri,180,126,126,0.702,True,False,550441,41284,591725,0,144,0
2025-11-01,BOM,Mumbai,11,Post-Monsoon,Mon,180,159,159,0.883,True,False,827568,55388,882956,0,166,0
2025-06-01,BOM,Mumbai,6,Summer,Thu,180,135,135,0.748,True,False,570597,51499,622096,0,156,0
2025-04-28,BLR,Bengaluru,4,Spring,Thu,180,144,144,0.799,True,False,532738,49240,581978,0,156,0
2025-07-22,BLR,Bengaluru,7,Monsoon,Sun,180,146,0,0.813,False,True,0,0,0,3,0,0
2025-02-06,BLR,Bengaluru,2,Winter,Sat,180,132,132,0.732,True,False,472491,46752,519243,0,155,0
2025-08-11,DEL,Delhi,8,Monsoon,Tue,180,134,134,0.743,False,False,569133,46654,615787,2,146,1
2025-11-05,BOM,Mumbai,11,Post-Monsoon,Sun,180,145,145,0.805,True,False,709524,54960,764484,0,160,0
2025-02-04,DEL,Delhi,2,Winter,Fri,180,138,138,0.765,False,False,564121,46311,610432,2,144,1
2025-01-22,BLR,Bengaluru,1,Winter,Sun,180,142,142,0.787,True,False,502060,42817,544877,0,145,1
2025-10-28,BOM,Mumbai,10,Post-Monsoon,Thu,180,169,169,0.938,False,False,787140,48760,835900,1,183,2
2025-08-13,DEL,Delhi,8,Monsoon,Mon,180,158,158,0.88,True,False,675704,47238,722942,0,169,0
2025-01-06,CCU,Kolkata,1,Winter,Thu,180,139,139,0.77,True,False,488137,42517,530654,0,149,2
2025-12-20,DEL,Delhi,12,Winter,Sat,180,117,117,0.648,True,False,536845,48707,585552,0,123,1
2025-03-08,HYD,Hyderabad,3,Spring,Fri,180,118,118,0.656,True,False,458220,48594,506814,0,120,1
2025-12-23,DEL,Delhi,12,Winter,Sun,180,150,150,0.835,True,False,640490,43645,684135,0,176,1
2025-03-18,BOM,Mumbai,3,Spring,Sun,180,135,135,0.747,True,False,572336,49482,621818,0,146,0
2025-01-18,DEL,Delhi,1,Winter,Sat,180,146,146,0.809,False,False,605031,45795,650826,0,156,0
2025-09-03,BOM,Mumbai,9,Monsoon,Wed,180,128,128,0.713,False,False,533777,50315,584092,0,139,3
2025-02-19,DEL,Delhi,2,Winter,Sat,180,109,109,0.605,True,False,442060,38961,481021,0,124,0
2025-10-03,BLR,Bengaluru,10,Post-Monsoon,Tue,180,161,161,0.896,False,False,727711,67573,795284,0,184,2
2025-05-20,BOM,Mumbai,5,Summer,Wed,180,145,145,0.805,True,False,641771,48194,689965,0,169,3
2025-06-01,DEL,Delhi,6,Summer,Sat,180,154,154,0.858,False,False,668811,58690,727501,0,169,0
2025-10-02,BLR,Bengaluru,10,Post-Monsoon,Mon,180,138,138,0.767,True,False,600629,49218,649847,0,144,0
2025-01-21,HYD,Hyderabad,1,Winter,Sun,180,141,141,0.785,True,False,455054,51936,506990,0,148,0
2025-08-20,BLR,Bengaluru,8,Monsoon,Wed,180,141,141,0.784,True,False,573728,39579,613307,0,164,3
2025-06-08,CCU,Kolkata,6,Summer,Mon,180,135,135,0.753,True,False,519685,53842,573527,0,145,0
2025-02-15,BOM,Mumbai,2,Winter,Fri,180,140,140,0.777,True,False,572184,55655,627839,0,162,2
2025-06-01,DEL,Delhi,6,Summer,Sun,180,152,152,0.847,False,False,700503,57424,757927,1,166,0
2025-09-10,DEL,Delhi,9,Monsoon,Mon,180,154,154,0.854,True,False,671954,50610,722564,0,159,0
2025-06-23,BOM,Mumbai,6,Summer,Sat,180,157,157,0.874,True,False,715239,62292,777531,0,179,1
2025-01-20,BOM,Mumbai,1,Winter,Wed,180,147,147,0.816,True,False,553258,51485,604743,0,167,1
2025-04-16,BOM,Mumbai,4,Spring,Wed,180,137,137,0.763,False,False,555469,40532,596001,0,159,0
2025-10-21,HYD,Hyderabad,10,Post-Monsoon,Mon,180,144,144,0.8,True,False,620420,60444,680864,0,158,0
2025-11-26,DEL,Delhi,11,Post-Monsoon,Wed,180,168,168,0.932,True,False,818110,54889,872999,0,183,0
2025-10-08,BLR,Bengaluru,10,Post-Monsoon,Thu,180,128,128,0.71,False,False,607458,39704,647162,0,145,1
2025-02-10,BOM,Mumbai,2,Winter,Wed,180,153,153,0.851,True,False,590238,57142,647380,0,175,1
2025-11-05,BOM,Mumbai,11,Post-Monsoon,Sat,180,151,151,0.841,True,False,732063,47950,780013,0,172,0
2025-08-07,BOM,Mumbai,8,Monsoon,Thu,180,142,142,0.792,True,False,621954,52492,674446,0,147,0
2025-07-16,BLR,Bengaluru,7,Monsoon,Tue,180,134,134,0.745,True,False,547010,46553,593563,0,142,2
2025-05-05,BLR,Bengaluru,5,Summer,Tue,180,145,145,0.805,True,False,543332,50969,594301,0,149,0
2025-04-01,DEL,Delhi,4,Spring,Thu,180,135,135,0.751,True,False,626826,43950,670776,0,151,1
2025-06-24,DEL,Delhi,6,Summer,Wed,180,140,140,0.78,True,False,605806,48789,654595,0,144,1
2025-11-17,DEL,Delhi,11,Post-Monsoon,Fri,180,152,152,0.845,True,False,815239,60887,876126,0,176,1
2025-10-02,CCU,Kolkata,10,Post-Monsoon,Mon,180,148,148,0.824,False,False,619435,42188,661623,0,165,2
2025-01-12,HYD,Hyderabad,1,Winter,Sun,180,131,131,0.727,True,False,423712,52051,475763,0,135,2
2025-07-13,BLR,Bengaluru,7,Monsoon,Wed,180,152,152,0.847,True,False,607468,58004,665472,0,160,1
2025-02-17,HYD,Hyderabad,2,Winter,Tue,180,124,124,0.689,True,False,415380,41691,457071,0,129,0
2025-08-06,CCU,Kolkata,8,Monsoon,Mon,180,122,122,0.676,True,False,458090,38219,496309,0,132,1
2025-05-25,DEL,Delhi,5,Summer,Thu,180,168,168,0.933,True,False,698126,56033,754159,0,172,1
2025-09-03,BLR,Bengaluru,9,Monsoon,Sat,180,131,131,0.729,True,False,498464,36868,535332,0,144,1
2025-09-04,DEL,Delhi,9,Monsoon,Fri,180,150,150,0.832,True,False,652222,49794,702016,0,155,4
2025-11-21,DEL,Delhi,11,Post-Monsoon,Fri,180,136,136,0.757,True,False,650906,40057,690963,0,155,0
2025-10-22,BOM,Mumbai,10,Post-Monsoon,Wed,180,165,165,0.919,True,False,791330,58870,850200,0,174,0
2025-04-03,DEL,Delhi,4,Spring,Wed,180,136,136,0.753,False,False,587497,50902,638399,0,143,0
2025-01-27,HYD,Hyderabad,1,Winter,Sat,180,137,137,0.759,True,False,431716,51590,483306,1,154,0
2025-06-18,HYD,Hyderabad,6,Summer,Sun,180,125,125,0.697,False,False,455030,46037,501067,0,135,1
2025-05-03,BOM,Mumbai,5,Summer,Sun,180,124,124,0.688,False,False,548813,37824,586637,0,132,3
2025-03-22,DEL,Delhi,3,Spring,Fri,180,160,160,0.888,True,False,674902,57230,732132,0,180,1
2025-10-01,BLR,Bengaluru,10,Post-Monsoon,Sat,180,165,165,0.917,False,False,698938,46981,745919,0,182,0
2025-12-28,BOM,Mumbai,12,Winter,Sat,180,136,136,0.757,True,False,619573,51518,671091,0,148,0
2025-04-06,DEL,Delhi,4,Spring,Tue,180,129,129,0.714,True,False,576773,45798,622571,0,147,0
2025-08-26,BLR,Bengaluru,8,Monsoon,Sun,180,141,141,0.783,True,False,528293,48398,576691,0,156,1
2025-09-26,BLR,Bengaluru,9,Monsoon,Sun,180,154,154,0.853,True,False,613364,55179,668543,0,162,0
2025-06-24,CCU,Kolkata,6,Summer,Mon,180,141,141,0.785,True,False,548477,56133,604610,0,152,0
2025-04-27,CCU,Kolkata,4,Spring,Mon,180,150,150,0.831,True,False,596938,50120,647058,0,161,1
2025-09-16,DEL,Delhi,9,Monsoon,Tue,180,141,141,0.783,True,False,647378,58542,705920,0,147,1
2025-02-23,DEL,Delhi,2,Winter,Fri,180,135,135,0.753,True,False,532918,45145,578063,0,141,0
2025-09-06,HYD,Hyderabad,9,Monsoon,Mon,180,163,163,0.907,False,False,610831,67426,678257,0,171,2
2025-08-19,DEL,Delhi,8,Monsoon,Mon,180,144,144,0.803,True,False,635012,51833,686845,0,158,0
2025-10-06,BLR,Bengaluru,10,Post-Monsoon,Mon,180,154,154,0.855,True,False,725674,51096,776770,0,176,1
2025-11-07,HYD,Hyderabad,11,Post-Monsoon,Sat,180,152,152,0.845,True,False,648349,56351,704700,0,177,1
2025-01-25,DEL,Delhi,1,Winter,Sat,180,135,135,0.748,True,False,527859,53851,581710,0,158,2
2025-03-18,BOM,Mumbai,3,Spring,Mon,180,153,0,0.853,False,True,0,0,0,0,0,0
2025-01-05,BOM,Mumbai,1,Winter,Tue,180,153,153,0.848,True,False,574691,48509,623200,0,170,1
2025-07-05,BOM,Mumbai,7,Monsoon,Sun,180,134,134,0.744,True,False,605136,55575,660711,0,156,0
2025-06-08,DEL,Delhi,6,Summer,Sun,180,155,155,0.859,False,False,667674,52783,720457,0,164,0
2025-02-24,BLR,Bengaluru,2,Winter,Fri,180,132,132,0.736,True,False,486679,45007,531686,0,144,1
2025-06-16,DEL,Delhi,6,Summer,Mon,180,146,146,0.812,False,False,680185,56633,736818,0,169,1
2025-02-08,CCU,Kolkata,2,Winter,Tue,180,132,132,0.732,False,False,448828,55414,504242,0,152,1
2025-04-21,DEL,Delhi,4,Spring,Fri,180,172,172,0.955,True,False,741352,50090,791442,0,183,0
2025-02-10,HYD,Hyderabad,2,Winter,Fri,180,148,148,0.822,True,False,472216,51731,523947,0,171,0
2025-08-21,HYD,Hyderabad,8,Monsoon,Wed,180,150,150,0.832,True,False,559125,54865,613990,1,169,1
2025-04-28,HYD,Hyderabad,4,Spring,Sun,180,134,134,0.745,True,False,502803,47987,550790,0,142,1
2025-02-25,BOM,Mumbai,2,Winter,Wed,180,149,149,0.827,True,False,576829,46146,622975,0,164,2
2025-02-10,BOM,Mumbai,2,Winter,Fri,180,130,130,0.725,True,False,494738,37757,532495,0,141,1
2025-07-10,BLR,Bengaluru,7,Monsoon,Mon,180,134,134,0.745,True,False,525836,54957,580793,0,142,2
2025-03-10,CCU,Kolkata,3,Spring,Wed,180,144,144,0.798,False,False,518601,54837,573438,0,148,2
2025-06-05,BLR,Bengaluru,6,Summer,Wed,180,144,144,0.801,True,False,576925,58273,635198,0,156,3
2025-06-14,HYD,Hyderabad,6,Summer,Sun,180,155,155,0.861,True,False,550150,51058,601208,0,162,1
2025-06-26,CCU,Kolkata,6,Summer,Sat,180,152,152,0.845,False,False,573295,55868,629163,0,177,1
2025-08-23,DEL,Delhi,8,Monsoon,Wed,180,157,157,0.872,True,False,657612,46129,703741,0,164,2
2025-03-25,HYD,Hyderabad,3,Spring,Wed,180,116,116,0.645,True,False,439763,41633,481396,0,119,0
2025-05-07,BOM,Mumbai,5,Summer,Thu,180,161,161,0.897,True,False,668779,56312,725091,1,176,0
2025-02-24,DEL,Delhi,2,Winter,Sun,180,121,121,0.675,True,False,497838,43981,541819,0,129,1
2025-04-18,BOM,Mumbai,4,Spring,Thu,180,139,139,0.773,True,False,626455,46359,672814,0,148,0
2025-01-07,BLR,Bengaluru,1,Winter,Mon,180,139,139,0.771,True,False,489390,46999,536389,1,157,1
2025-01-05,DEL,Delhi,1,Winter,Thu,180,118,118,0.658,False,False,447156,47824,494980,2,133,3
2025-11-16,BOM,Mumbai,11,Post-Monsoon,Mon,180,163,163,0.905,True,False,816460,46302,862762,0,182,3
2025-12-03,HYD,Hyderabad,12,Winter,Mon,180,137,137,0.763,True,False,502627,49628,552255,0,141,0
2025-02-13,BOM,Mumbai,2,Winter,Sat,180,135,135,0.749,True,False,540084,47499,587583,0,154,3
2025-06-01,BOM,Mumbai,6,Summer,Wed,180,139,139,0.775,True,False,577590,44948,622538,0,152,1
2025-12-07,DEL,Delhi,12,Winter,Sun,180,137,137,0.763,False,False,585781,55645,641426,1,160,2
2025-07-07,BOM,Mumbai,7,Monsoon,Wed,180,143,143,0.796,True,False,625194,46414,671608,0,163,0
2025-04-13,DEL,Delhi,4,Spring,Thu,180,148,148,0.824,True,False,661724,49822,711546,0,174,0
2025-10-12,HYD,Hyderabad,10,Post-Monsoon,Fri,180,149,149,0.828,True,False,615049,50921,665970,0,154,1
2025-01-01,DEL,Delhi,1,Winter,Thu,180,138,138,0.768,False,False,551634,54242,605876,0,159,2
2025-03-05,DEL,Delhi,3,Spring,Fri,180,139,139,0.774,True,False,618089,42352,660441,0,159,0
2025-05-01,DEL,Delhi,5,Summer,Tue,180,142,142,0.79,False,False,591037,50932,641969,1,156,0
2025-06-28,HYD,Hyderabad,6,Summer,Wed,180,127,127,0.707,True,False,475623,47503,523126,0,147,0
2025-10-26,BOM,Mumbai,10,Post-Monsoon,Fri,180,160,160,0.887,True,False,779975,44878,824853,0,185,0
2025-02-16,BLR,Bengaluru,2,Winter,Wed,180,141,141,0.782,True,False,521981,52552,574533,0,160,0
2025-02-18,BOM,Mumbai,2,Winter,Thu,180,138,138,0.765,True,False,547649,57656,605305,0,162,3
2025-09-18,BOM,Mumbai,9,Monsoon,Mon,180,140,140,0.777,True,False,617883,41042,658925,0,163,2
2025-01-02,CCU,Kolkata,1,Winter,Sun,180,134,134,0.745,False,False,483460,40482,523942,0,153,1
2025-12-26,CCU,Kolkata,12,Winter,Wed,180,152,152,0.847,True,False,594255,52111,646366,0,156,1
2025-01-13,BOM,Mumbai,1,Winter,Fri,180,133,133,0.739,False,False,495065,45486,540551,0,153,3
2025-06-10,BLR,Bengaluru,6,Summer,Thu,180,149,149,0.825,False,False,600700,61904,662604,0,157,0
2025-05-15,HYD,Hyderabad,5,Summer,Sun,180,139,139,0.774,False,False,495981,48767,544748,0,150,1
2025-02-05,BLR,Bengaluru,2,Winter,Thu,180,153,153,0.849,True,False,566508,43325,609833,0,163,0
2025-05-03,CCU,Kolkata,5,Summer,Fri,180,131,131,0.728,True,False,468123,54214,522337,0,135,1
2025-05-23,DEL,Delhi,5,Summer,Wed,180,139,139,0.771,True,False,587777,46841,634618,0,164,1
2025-12-13,HYD,Hyderabad,12,Winter,Thu,180,150,150,0.836,True,False,553420,59555,612975,0,165,1
2025-04-17,DEL,Delhi,4,Spring,Sat,180,125,125,0.694,True,False,573942,43874,617816,0,139,0
2025-11-17,BOM,Mumbai,11,Post-Monsoon,Fri,180,159,159,0.881,True,False,832849,65765,898614,0,174,1
2025-08-21,BOM,Mumbai,8,Monsoon,Thu,180,140,140,0.78,True,False,623191,39536,662727,0,159,0
2025-04-12,HYD,Hyderabad,4,Spring,Tue,180,137,137,0.761,True,False,522002,44348,566350,0,142,1
2025-02-20,BLR,Bengaluru,2,Winter,Sat,180,133,133,0.74,True,False,456750,54735,511485,0,146,0
2025-08-17,BLR,Bengaluru,8,Monsoon,Fri,180,156,156,0.865,True,False,619207,64968,684175,0,177,0
2025-01-23,HYD,Hyderabad,1,Winter,Wed,180,135,135,0.748,True,False,468087,42769,510856,0,139,2
2025-01-07,HYD,Hyderabad,1,Winter,Wed,180,118,118,0.657,False,False,386486,39695,426181,0,138,0
2025-09-24,DEL,Delhi,9,Monsoon,Sat,180,136,136,0.754,True,False,576233,44488,620721,0,145,0
2025-07-22,BLR,Bengaluru,7,Monsoon,Tue,180,132,132,0.733,True,False,543438,37569,581007,0,142,0
2025-04-28,DEL,Delhi,4,Spring,Wed,180,144,144,0.802,False,False,649729,40917,690646,0,160,0
2025-06-19,BOM,Mumbai,6,Summer,Mon,180,154,154,0.853,True,False,681728,62069,743797,0,169,0
2025-05-01,DEL,Delhi,5,Summer,Tue,180,133,133,0.74,False,False,584044,40711,624755,0,137,4
2025-10-13,DEL,Delhi,10,Post-Monsoon,Mon,180,173,173,0.96,True,False,898814,61473,960287,0,182,1
2025-09-27,BLR,Bengaluru,9,Monsoon,Sat,180,144,144,0.803,True,False,568340,60352,628692,0,162,0
2025-02-19,DEL,Delhi,2,Winter,Fri,180,127,127,0.706,True,False,518441,39368,557809,0,142,2
2025-05-09,DEL,Delhi,5,Summer,Wed,180,142,142,0.789,True,False,632172,40337,672509,0,166,1
2025-04-28,BOM,Mumbai,4,Spring,Thu,180,140,140,0.778,True,False,629066,40948,670014,0,152,0
2025-11-09,BLR,Bengaluru,11,Post-Monsoon,Tue,180,157,157,0.871,True,False,706427,56620,763047,0,164,3
2025-04-02,BLR,Bengaluru,4,Spring,Wed,180,142,142,0.788,True,False,559178,46495,605673,0,162,1
2025-06-03,DEL,Delhi,6,Summer,Fri,180,140,140,0.776,True,False,596943,40286,637229,0,151,1
2025-09-15,DEL,Delhi,9,Monsoon,Mon,180,121,121,0.675,True,False,562099,35133,597232,0,130,1
2025-10-10,BOM,Mumbai,10,Post-Monsoon,Mon,180,155,155,0.863,False,False,787384,58808,846192,0,169,3
2025-11-09,BOM,Mumbai,11,Post-Monsoon,Tue,180,159,159,0.886,True,False,785062,49327,834389,0,171,2
2025-09-27,HYD,Hyderabad,9,Monsoon,Sat,180,135,135,0.751,True,False,494571,43817,538388,0,139,0
2025-05-20,HYD,Hyderabad,5,Summer,Tue,180,162,162,0.899,True,False,623064,51312,674376,0,187,1
2025-03-05,DEL,Delhi,3,Spring,Tue,180,156,156,0.866,False,False,666790,64885,731675,0,168,1
2025-09-18,BOM,Mumbai,9,Monsoon,Thu,180,130,130,0.724,False,False,545000,40716,585716,0,144,3
2025-06-23,BOM,Mumbai,6,Summer,Sat,180,142,142,0.788,True,False,608804,55268,664072,0,156,0
2025-01-28,DEL,Delhi,1,Winter,Fri,180,124,124,0.689,False,False,496273,46198,542471,0,132,1
2025-05-03,BLR,Bengaluru,5,Summer,Sun,180,151,151,0.841,True,False,611279,58906,670185,0,158,3
2025-04-24,HYD,Hyderabad,4,Spring,Tue,180,144,144,0.8,True,False,554880,48317,603197,0,164,1
2025-04-05,BLR,Bengaluru,4,Spring,Wed,180,149,149,0.827,False,False,613718,44772,658490,0,157,0
2025-05-24,DEL,Delhi,5,Summer,Wed,180,141,141,0.784,True,False,614138,44697,658835,0,146,0
2025-01-07,HYD,Hyderabad,1,Winter,Thu,180,139,139,0.77,True,False,480697,39090,519787,0,157,0
2025-03-24,CCU,Kolkata,3,Spring,Fri,180,135,135,0.751,True,False,522769,55846,578615,0,140,1
2025-08-20,BLR,Bengaluru,8,Monsoon,Sat,180,155,155,0.859,True,False,599647,57217,656864,0,165,2
2025-04-01,BOM,Mumbai,4,Spring,Tue,180,140,140,0.777,True,False,622056,57006,679062,0,149,0
2025-04-27,DEL,Delhi,4,Spring,Sat,180,150,0,0.833,False,True,0,0,0,1,0,0
2025-09-08,BLR,Bengaluru,9,Monsoon,Sat,180,157,157,0.871,True,False,635355,56267,691622,0,182,1
2025-07-23,CCU,Kolkata,7,Monsoon,Sun,180,139,139,0.771,True,False,506274,44115,550389,0,148,1
2025-02-28,BOM,Mumbai,2,Winter,Fri,180,124,124,0.689,True,False,472958,46052,519010,0,142,0
2025-09-14,HYD,Hyderabad,9,Monsoon,Sun,180,111,111,0.617,True,False,392663,39004,431667,0,119,1
2025-08-25,BOM,Mumbai,8,Monsoon,Thu,180,138,138,0.769,True,False,571917,53385,625302,1,152,1
2025-12-13,BOM,Mumbai,12,Winter,Thu,180,138,138,0.765,True,False,619178,40055,659233,0,158,0
2025-03-12,DEL,Delhi,3,Spring,Tue,180,167,167,0.926,True,False,763419,66541,829960,0,180,1
2025-05-11,HYD,Hyderabad,5,Summer,Thu,180,159,159,0.886,True,False,602906,47771,650677,0,164,0
2025-01-24,DEL,Delhi,1,Winter,Sun,180,145,145,0.803,True,False,541279,48377,589656,0,169,0
2025-09-26,BLR,Bengaluru,9,Monsoon,Fri,180,139,139,0.773,True,False,526908,44652,571560,1,161,0
2025-05-01,HYD,Hyderabad,5,Summer,Tue,180,145,145,0.804,True,False,510276,55346,565622,0,169,1
2025-06-26,DEL,Delhi,6,Summer,Fri,180,139,139,0.771,False,False,619008,51161,670169,0,142,1
2025-06-24,BOM,Mumbai,6,Summer,Mon,180,118,118,0.658,False,False,489001,34394,523395,0,125,1
2025-05-11,DEL,Delhi,5,Summer,Tue,180,120,120,0.665,True,False,546270,45999,592269,0,133,0
2025-08-03,DEL,Delhi,8,Monsoon,Mon,180,134,134,0.745,False,False,598269,39234,637503,2,150,2
2025-07-14,BLR,Bengaluru,7,Monsoon,Tue,180,125,125,0.695,True,False,490903,38901,529804,0,139,1
2025-04-20,DEL,Delhi,4,Spring,Wed,180,155,155,0.861,False,False,671560,57930,729490,0,173,3
2025-05-26,BOM,Mumbai,5,Summer,Fri,180,146,146,0.814,True,False,615888,58189,674077,0,166,1
2025-01-07,BOM,Mumbai,1,Winter,Tue,180,141,141,0.781,True,False,522916,52105,575021,0,148,1
2025-12-02,HYD,Hyderabad,12,Winter,Mon,180,165,165,0.915,True,False,613239,67789,681028,0,182,0
2025-02-02,DEL,Delhi,2,Winter,Sun,180,140,140,0.777,True,False,562172,49833,612005,0,154,0
2025-03-27,CCU,Kolkata,3,Spring,Sun,180,148,148,0.82,True,False,529102,49597,578699,0,154,2
2025-09-08,DEL,Delhi,9,Monsoon,Sun,180,117,117,0.651,True,False,495969,33173,529142,0,130,0
2025-07-19,HYD,Hyderabad,7,Monsoon,Mon,180,139,139,0.773,True,False,485340,48692,534032,0,158,0
2025-10-16,DEL,Delhi,10,Post-Monsoon,Thu,180,138,138,0.769,True,False,679011,43633,722644,0,153,0
2025-01-15,DEL,Delhi,1,Winter,Tue,180,135,135,0.747,False,False,505342,47408,552750,2,157,2
2025-05-17,BLR,Bengaluru,5,Summer,Sat,180,158,158,0.878,True,False,584709,53861,638570,0,172,0
2025-11-26,BOM,Mumbai,11,Post-Monsoon,Sun,180,136,136,0.753,True,False,661840,47311,709151,0,152,1
2025-07-19,BLR,Bengaluru,7,Monsoon,Sun,180,132,132,0.734,True,False,489577,48147,537724,0,137,1
2025-11-28,DEL,Delhi,11,Post-Monsoon,Tue,180,176,176,0.98,True,False,878985,70850,949835,0,195,0
2025-11-13,DEL,Delhi,11,Post-Monsoon,Fri,180,149,149,0.827,True,False,755562,52007,807569,0,153,0
2025-03-24,HYD,Hyderabad,3,Spring,Wed,180,137,137,0.764,True,False,521010,44768,565778,0,161,1
2025-03-01,DEL,Delhi,3,Spring,Tue,180,154,154,0.853,True,False,692781,55096,747877,0,178,1
2025-06-05,CCU,Kolkata,6,Summer,Sun,180,144,144,0.802,True,False,541138,47149,588287,1,168,1
2025-07-14,DEL,Delhi,7,Monsoon,Sun,180,135,135,0.75,True,False,605087,40939,646026,0,142,1
2025-12-25,BOM,Mumbai,12,Winter,Wed,180,127,127,0.703,True,False,531095,45367,576462,0,149,2
2025-09-25,HYD,Hyderabad,9,Monsoon,Wed,180,155,155,0.863,False,False,549066,62384,611450,0,171,0
2025-07-23,DEL,Delhi,7,Monsoon,Tue,180,125,125,0.694,True,False,564236,35806,600042,0,130,1
2025-12-20,DEL,Delhi,12,Winter,Mon,180,138,138,0.767,True,False,579610,53752,633362,1,156,1
2025-05-27,CCU,Kolkata,5,Summer,Fri,180,144,144,0.8,True,False,542496,55433,597929,0,151,3
2025-05-18,BLR,Bengaluru,5,Summer,Thu,180,148,148,0.822,True,False,573682,53752,627434,0,169,2
2025-11-12,BLR,Bengaluru,11,Post-Monsoon,Wed,180,150,150,0.835,True,False,675259,56122,731381,0,177,0
2025-11-06,CCU,Kolkata,11,Post-Monsoon,Fri,180,160,160,0.89,True,False,707626,62740,770366,0,188,2
2025-10-03,DEL,Delhi,10,Post-Monsoon,Tue,180,148,148,0.82,True,False,780993,47205,828198,0,168,1
2025-09-16,HYD,Hyderabad,9,Monsoon,Wed,180,134,134,0.742,True,False,496306,40796,537102,0,151,0
2025-03-12,CCU,Kolkata,3,Spring,Tue,180,154,154,0.855,True,False,574837,55316,630153,0,161,0
2025-09-15,HYD,Hyderabad,9,Monsoon,Thu,180,168,168,0.935,True,False,633957,64408,698365,0,176,2
2025-01-11,HYD,Hyderabad,1,Winter,Mon,180,128,128,0.712,False,False,420470,36505,456975,0,139,2
2025-06-22,CCU,Kolkata,6,Summer,Wed,180,139,139,0.772,True,False,519737,41001,560738,0,155,0
2025-03-05,BLR,Bengaluru,3,Spring,Tue,180,144,144,0.802,True,False,548158,51801,599959,0,160,0
2025-09-14,CCU,Kolkata,9,Monsoon,Mon,180,132,132,0.736,False,False,490206,55218,545424,0,145,1
2025-03-12,DEL,Delhi,3,Spring,Mon,180,146,146,0.809,True,False,669342,52035,721377,0,168,1
2025-05-15,BOM,Mumbai,5,Summer,Sat,180,138,138,0.767,True,False,602709,46834,649543,0,141,2
2025-11-10,BOM,Mumbai,11,Post-Monsoon,Sun,180,149,149,0.827,True,False,696360,54593,750953,0,165,0
2025-04-02,BOM,Mumbai,4,Spring,Wed,180,143,143,0.797,True,False,651326,58475,709801,0,166,2
2025-08-12,BOM,Mumbai,8,Monsoon,Fri,180,135,135,0.747,False,False,546068,44902,590970,1,145,2
2025-05-21,BLR,Bengaluru,5,Summer,Wed,180,156,156,0.869,True,False,609076,63614,672690,0,177,0
2025-12-02,BOM,Mumbai,12,Winter,Fri,180,131,131,0.73,True,False,531365,50498,581863,0,144,0
2025-03-10,HYD,Hyderabad,3,Spring,Tue,180,129,129,0.719,True,False,484871,50418,535289,0,150,0
2025-09-03,DEL,Delhi,9,Monsoon,Wed,180,142,0,0.787,False,True,0,0,0,1,0,0
2025-03-07,BOM,Mumbai,3,Spring,Fri,180,134,134,0.747,False,False,576563,45166,621729,0,157,0
2025-11-21,HYD,Hyderabad,11,Post-Monsoon,Wed,180,155,155,0.861,True,False,661272,44335,705607,0,163,0
2025-06-27,CCU,Kolkata,6,Summer,Tue,180,138,138,0.765,False,False,520126,52329,572455,0,147,0
2025-11-23,CCU,Kolkata,11,Post-Monsoon,Sat,180,148,148,0.824,True,False,644026,58800,702826,0,173,0
2025-05-17,HYD,Hyderabad,5,Summer,Sun,180,152,152,0.847,True,False,559528,54249,613777,0,155,1
2025-04-12,BOM,Mumbai,4,Spring,Wed,180,143,143,0.794,True,False,608832,44205,653037,0,169,1
2025-09-28,HYD,Hyderabad,9,Monsoon,Sun,180,130,130,0.721,True,False,461294,38932,500226,0,151,0
2025-04-16,DEL,Delhi,4,Spring,Wed,180,133,133,0.736,True,False,601574,50240,651814,0,154,2
2025-07-04,DEL,Delhi,7,Monsoon,Fri,180,131,131,0.73,True,False,596986,46615,643601,0,152,2
2025-09-25,BOM,Mumbai,9,Monsoon,Wed,180,132,132,0.736,False,False,534650,43791,578441,0,144,0
2025-01-18,BOM,Mumbai,1,Winter,Thu,180,144,144,0.798,True,False,560668,59883,620551,0,162,1
2025-08-01,BOM,Mumbai,8,Monsoon,Mon,180,134,134,0.742,False,False,575985,43193,619178,1,141,3
2025-01-20,DEL,Delhi,1,Winter,Sun,180,116,116,0.647,False,False,464257,36708,500965,0,132,1
2025-12-12,BLR,Bengaluru,12,Winter,Mon,180,152,152,0.843,True,False,591650,42682,634332,0,171,0
2025-01-09,CCU,Kolkata,1,Winter,Sat,180,134,134,0.745,False,False,446853,39739,486592,0,148,2
2025-09-11,HYD,Hyderabad,9,Monsoon,Sun,180,143,143,0.796,True,False,497981,56607,554588,0,159,0
2025-08-07,BOM,Mumbai,8,Monsoon,Thu,180,131,131,0.727,False,False,585215,42095,627310,1,148,3
2025-03-22,BOM,Mumbai,3,Spring,Tue,180,155,155,0.862,True,False,658066,57406,715472,0,181,0
2025-07-17,HYD,Hyderabad,7,Monsoon,Mon,180,154,154,0.858,True,False,559756,53727,613483,0,161,1
2025-11-23,HYD,Hyderabad,11,Post-Monsoon,Thu,180,167,167,0.927,True,False,717003,59235,776238,0,179,0
2025-07-09,BOM,Mumbai,7,Monsoon,Thu,180,147,0,0.818,False,True,0,0,0,0,0,0
2025-08-23,HYD,Hyderabad,8,Monsoon,Wed,180,120,120,0.664,True,False,433378,35608,468986,0,137,0
2025-01-13,BOM,Mumbai,1,Winter,Tue,180,138,138,0.764,True,False,551418,53598,605016,0,159,1
2025-09-12,HYD,Hyderabad,9,Monsoon,Sat,180,135,135,0.748,True,False,487802,44128,531930,1,141,1
2025-05-10,DEL,Delhi,5,Summer,Thu,180,149,149,0.828,True,False,640308,51316,691624,0,169,1
2025-10-22,BOM,Mumbai,10,Post-Monsoon,Mon,180,145,145,0.808,True,False,717649,50391,768040,0,166,0
2025-08-27,BOM,Mumbai,8,Monsoon,Thu,180,130,130,0.721,True,False,570610,49376,619986,0,149,1
2025-05-12,DEL,Delhi,5,Summer,Fri,180,132,132,0.734,True,False,589292,48072,637364,0,151,1
2025-07-02,HYD,Hyderabad,7,Monsoon,Thu,180,152,152,0.845,False,False,579439,60313,639752,0,158,1
2025-09-09,DEL,Delhi,9,Monsoon,Mon,180,131,131,0.729,True,False,565927,45490,611417,0,136,0
2025-05-12,DEL,Delhi,5,Summer,Sun,180,139,139,0.77,False,False,639842,57582,697424,0,160,1
2025-01-15,BLR,Bengaluru,1,Winter,Mon,180,140,140,0.78,True,False,518058,54461,572519,0,143,0
2025-02-11,DEL,Delhi,2,Winter,Fri,180,117,117,0.65,True,False,485002,39954,524956,0,127,0
2025-06-28,HYD,Hyderabad,6,Summer,Tue,180,159,159,0.886,False,False,578733,56598,635331,0,185,1
2025-04-03,BOM,Mumbai,4,Spring,Thu,180,168,168,0.932,True,False,758213,49543,807756,0,190,1
2025-05-28,DEL,Delhi,5,Summer,Wed,180,140,140,0.775,True,False,643039,51453,694492,0,147,2
2025-09-04,DEL,Delhi,9,Monsoon,Fri,180,154,154,0.854,True,False,670150,53196,723346,0,159,0
2025-02-23,CCU,Kolkata,2,Winter,Mon,180,124,124,0.687,True,False,418659,41347,460006,1,146,0
2025-11-12,BLR,Bengaluru,11,Post-Monsoon,Sat,180,161,161,0.897,True,False,744541,51502,796043,0,168,0
2025-08-06,CCU,Kolkata,8,Monsoon,Wed,180,137,137,0.762,False,False,523906,49884,573790,0,147,1
2025-01-14,BOM,Mumbai,1,Winter,Sun,180,128,128,0.711,True,False,497255,50905,548160,1,143,0
2025-05-24,HYD,Hyderabad,5,Summer,Wed,180,153,153,0.848,True,False,533489,62058,595547,2,163,0
2025-07-03,BOM,Mumbai,7,Monsoon,Wed,180,138,138,0.769,True,False,559429,51739,611168,0,149,0
2025-01-24,BLR,Bengaluru,1,Winter,Sun,180,138,138,0.767,True,False,460272,43454,503726,0,149,0
2025-06-13,HYD,Hyderabad,6,Summer,Fri,180,142,142,0.789,True,False,497053,52095,549148,0,164,1
2025-08-19,BLR,Bengaluru,8,Monsoon,Mon,180,151,151,0.841,True,False,554746,60001,614747,0,167,0
2025-05-07,HYD,Hyderabad,5,Summer,Mon,180,157,157,0.875,True,False,566257,52701,618958,1,175,1
2025-12-08,HYD,Hyderabad,12,Winter,Thu,180,123,123,0.685,True,False,430889,47193,478082,0,134,0
2025-10-08,DEL,Delhi,10,Post-Monsoon,Mon,180,162,162,0.902,True,False,792662,56703,849365,0,175,0
2025-09-03,HYD,Hyderabad,9,Monsoon,Thu,180,135,135,0.75,True,False,485412,51013,536425,0,143,0
2025-11-08,BLR,Bengaluru,11,Post-Monsoon,Sun,180,151,151,0.838,True,False,662465,51419,713884,0,162,2
2025-02-19,DEL,Delhi,2,Winter,Mon,180,109,109,0.608,True,False,451167,36762,487929,0,117,2
2025-10-04,BOM,Mumbai,10,Post-Monsoon,Thu,180,168,168,0.933,True,False,811069,50834,861903,0,184,0
2025-11-23,BOM,Mumbai,11,Post-Monsoon,Thu,180,175,175,0.97,True,False,888775,66866,955641,0,204,2
2025-05-14,DEL,Delhi,5,Summer,Fri,180,149,149,0.827,True,False,660602,46665,707267,0,175,1
2025-05-09,DEL,Delhi,5,Summer,Tue,180,142,142,0.79,True,False,612283,55289,667572,0,166,1
2025-03-11,CCU,Kolkata,3,Spring,Sun,180,148,148,0.821,True,False,563287,47060,610347,0,155,1
2025-06-11,BLR,Bengaluru,6,Summer,Mon,180,156,156,0.869,True,False,593352,60684,654036,0,178,0
2025-09-14,BOM,Mumbai,9,Monsoon,Sun,180,125,125,0.697,False,False,538183,38745,576928,0,129,0
2025-12-13,BOM,Mumbai,12,Winter,Thu,180,153,153,0.848,True,False,679964,60050,740014,0,160,1
2025-04-12,DEL,Delhi,4,Spring,Sat,180,136,136,0.755,True,False,605012,46381,651393,0,147,1
2025-10-17,HYD,Hyderabad,10,Post-Monsoon,Wed,180,157,157,0.873,True,False,673276,58336,731612,0,179,1
2025-02-24,DEL,Delhi,2,Winter,Mon,180,132,132,0.734,True,False,531978,54616,586594,0,142,0
2025-12-08,DEL,Delhi,12,Winter,Fri,180,133,133,0.737,False,False,564198,39566,603764,0,147,0
2025-07-03,BOM,Mumbai,7,Monsoon,Wed,180,130,130,0.724,False,False,562470,41528,603998,0,135,0
2025-04-11,BOM,Mumbai,4,Spring,Thu,180,145,145,0.804,True,False,586885,40712,627597,0,155,0
2025-09-12,BOM,Mumbai,9,Monsoon,Thu,180,142,142,0.789,True,False,583293,45881,629174,0,160,0
2025-06-12,DEL,Delhi,6,Summer,Sat,180,134,134,0.743,True,False,567308,48826,616134,0,141,0
2025-01-07,BOM,Mumbai,1,Winter,Sun,180,137,137,0.761,False,False,505418,48713,554131,0,159,2
2025-10-12,BOM,Mumbai,10,Post-Monsoon,Fri,180,149,149,0.826,True,False,765545,61955,827500,0,165,0
2025-08-05,BOM,Mumbai,8,Monsoon,Thu,180,142,142,0.791,True,False,642138,44460,686598,0,158,1
2025-03-24,BOM,Mumbai,3,Spring,Fri,180,141,141,0.782,False,False,617075,43638,660713,1,154,2
2025-02-22,BOM,Mumbai,2,Winter,Fri,180,131,131,0.727,True,False,477771,38766,516537,1,138,0
2025-12-22,DEL,Delhi,12,Winter,Sun,180,162,162,0.899,True,False,703484,55395,758879,0,175,2
2025-12-22,DEL,Delhi,12,Winter,Mon,180,127,127,0.704,False,False,528269,44416,572685,0,135,3
2025-08-08,DEL,Delhi,8,Monsoon,Sat,180,129,129,0.718,True,False,570551,37704,608255,0,135,1
2025-12-13,DEL,Delhi,12,Winter,Sat,180,151,151,0.838,False,False,647776,44689,692465,0,159,2
2025-07-27,BOM,Mumbai,7,Monsoon,Sun,180,147,147,0.816,True,False,669506,43012,712518,0,151,1
2025-02-22,BLR,Bengaluru,2,Winter,Thu,180,139,139,0.77,False,False,497806,39874,537680,0,163,1
2025-09-02,HYD,Hyderabad,9,Monsoon,Sat,180,159,159,0.883,True,False,611540,57521,669061,0,173,1
2025-11-17,BOM,Mumbai,11,Post-Monsoon,Sat,180,160,160,0.888,True,False,780802,55301,836103,0,188,1
2025-01-08,HYD,Hyderabad,1,Winter,Wed,180,149,149,0.827,True,False,509307,52960,562267,0,162,1
2025-03-06,BOM,Mumbai,3,Spring,Tue,180,138,138,0.765,True,False,622176,43663,665839,0,144,2
2025-11-02,BLR,Bengaluru,11,Post-Monsoon,Wed,180,173,173,0.96,True,False,780471,59086,839557,0,196,1
2025-08-24,DEL,Delhi,8,Monsoon,Sun,180,136,136,0.754,True,False,572185,41970,614155,0,151,0
2025-08-24,DEL,Delhi,8,Monsoon,Tue,180,141,141,0.781,True,False,605164,51260,656424,0,147,1
2025-05-06,BOM,Mumbai,5,Summer,Mon,180,152,152,0.844,True,False,685403,44846,730249,0,159,0
2025-06-10,BOM,Mumbai,6,Summer,Fri,180,163,163,0.903,True,False,684465,55000,739465,0,181,0
2025-12-09,DEL,Delhi,12,Winter,Fri,180,136,136,0.755,False,False,563677,56766,620443,0,139,0
2025-09-14,DEL,Delhi,9,Monsoon,Sat,180,159,159,0.883,True,False,660912,56230,717142,0,169,1
2025-04-21,CCU,Kolkata,4,Spring,Fri,180,133,133,0.738,True,False,506326,52757,559083,0,151,0
2025-01-19,HYD,Hyderabad,1,Winter,Fri,180,136,136,0.755,False,False,458210,50007,508217,0,147,3
2025-11-10,BLR,Bengaluru,11,Post-Monsoon,Wed,180,148,148,0.82,True,False,683310,42433,725743,0,165,1
2025-03-04,BLR,Bengaluru,3,Spring,Fri,180,137,137,0.762,True,False,555564,53094,608658,0,159,0
2025-09-20,DEL,Delhi,9,Monsoon,Tue,180,171,171,0.95,True,False,795890,47973,843863,0,190,4
2025-05-08,CCU,Kolkata,5,Summer,Fri,180,137,137,0.76,False,False,492575,55367,547942,1,159,1
2025-08-12,HYD,Hyderabad,8,Monsoon,Tue,180,145,145,0.805,True,False,507075,40738,547813,0,160,0
2025-05-25,HYD,Hyderabad,5,Summer,Mon,180,149,149,0.83,True,False,545347,56520,601867,0,158,1
2025-12-28,BLR,Bengaluru,12,Winter,Thu,180,135,135,0.751,True,False,542563,38340,580903,0,146,1
2025-01-05,BLR,Bengaluru,1,Winter,Tue,180,144,144,0.799,False,False,487630,59767,547397,0,165,0
2025-07-15,BLR,Bengaluru,7,Monsoon,Thu,180,131,131,0.727,True,False,485062,51767,536829,0,151,1
2025-03-27,DEL,Delhi,3,Spring,Wed,180,150,150,0.832,True,False,664249,52518,716767,0,168,1
2025-06-27,DEL,Delhi,6,Summer,Sun,180,139,139,0.772,True,False,578563,55118,633681,0,147,1
2025-08-26,BOM,Mumbai,8,Monsoon,Fri,180,139,139,0.774,True,False,617740,54895,672635,0,156,1
2025-10-07,BOM,Mumbai,10,Post-Monsoon,Sat,180,143,143,0.792,True,False,696029,46560,742589,1,157,0
2025-10-27,DEL,Delhi,10,Post-Monsoon,Thu,180,141,141,0.783,True,False,670796,51203,721999,0,157,2
2025-09-11,DEL,Delhi,9,Monsoon,Sat,180,136,136,0.758,True,False,633810,55264,689074,0,145,3
2025-11-01,CCU,Kolkata,11,Post-Monsoon,Mon,180,145,145,0.805,True,False,631818,47609,679427,0,157,0
2025-07-27,BLR,Bengaluru,7,Monsoon,Sun,180,162,162,0.901,True,False,659723,60962,720685,0,185,0
2025-03-13,HYD,Hyderabad,3,Spring,Sun,180,134,134,0.745,False,False,495577,49500,545077,0,140,2
2025-09-27,BLR,Bengaluru,9,Monsoon,Sat,180,125,125,0.693,True,False,515841,36061,551902,0,130,0
2025-08-26,BLR,Bengaluru,8,Monsoon,Tue,180,147,147,0.817,True,False,584121,57474,641595,1,161,0
2025-09-19,DEL,Delhi,9,Monsoon,Sat,180,150,150,0.833,True,False,660884,55177,716061,0,156,2
2025-12-23,BLR,Bengaluru,12,Winter,Thu,180,128,128,0.711,True,False,491781,36148,527929,0,139,2
2025-01-19,HYD,Hyderabad,1,Winter,Sat,180,141,141,0.786,True,False,492702,42635,535337,0,145,2
2025-02-19,BOM,Mumbai,2,Winter,Tue,180,122,122,0.677,True,False,446630,38824,485454,0,133,0
2025-08-11,BLR,Bengaluru,8,Monsoon,Mon,180,131,131,0.727,True,False,515750,38734,554484,0,153,0
2025-05-17,DEL,Delhi,5,Summer,Sat,180,159,159,0.881,True,False,673815,63081,736896,0,179,1
2025-05-13,DEL,Delhi,5,Summer,Mon,180,142,142,0.787,False,False,610896,56900,667796,0,162,0
2025-08-10,HYD,Hyderabad,8,Monsoon,Tue,180,135,135,0.752,False,False,488539,56300,544839,3,150,2
2025-09-19,DEL,Delhi,9,Monsoon,Sun,180,141,141,0.784,False,False,629284,39576,668860,0,164,3
2025-08-01,HYD,Hyderabad,8,Monsoon,Mon,180,152,152,0.845,True,False,555656,58772,614428,0,164,0
2025-02-17,BLR,Bengaluru,2,Winter,Fri,180,132,132,0.732,True,False,442615,43025,485640,0,144,1
2025-03-05,CCU,Kolkata,3,Spring,Sun,180,116,0,0.643,False,True,0,0,0,2,0,0
2025-01-25,BLR,Bengaluru,1,Winter,Wed,180,114,114,0.634,True,False,411156,44006,455162,0,117,1
2025-07-10,DEL,Delhi,7,Monsoon,Thu,180,148,148,0.82,True,False,624608,57567,682175,0,171,0
2025-10-10,CCU,Kolkata,10,Post-Monsoon,Fri,180,168,168,0.933,True,False,734890,51232,786122,0,187,0
2025-05-03,CCU,Kolkata,5,Summer,Fri,180,141,141,0.784,True,False,522629,44582,567211,1,160,0
2025-05-01,BLR,Bengaluru,5,Summer,Wed,180,150,150,0.834,True,False,593468,53305,646773,0,170,0
2025-09-05,BLR,Bengaluru,9,Monsoon,Sun,180,131,131,0.726,True,False,541180,37528,578708,0,136,2
2025-11-13,BLR,Bengaluru,11,Post-Monsoon,Sun,180,157,157,0.873,True,False,699856,54027,753883,0,178,1
2025-04-06,BOM,Mumbai,4,Spring,Mon,180,140,140,0.777,True,False,630396,45222,675618,0,147,0
2025-07-07,BOM,Mumbai,7,Monsoon,Mon,180,134,134,0.742,True,False,563669,46152,609821,0,138,1
2025-09-06,BOM,Mumbai,9,Monsoon,Wed,180,124,124,0.689,False,False,510638,40428,551066,0,129,0
2025-11-28,BOM,Mumbai,11,Post-Monsoon,Thu,180,156,156,0.864,False,False,725186,44557,769743,0,183,2
2025-08-06,DEL,Delhi,8,Monsoon,Thu,180,135,135,0.752,True,False,565542,39593,605135,0,155,2
2025-05-10,HYD,Hyderabad,5,Summer,Sun,180,138,138,0.765,True,False,487985,49767,537752,0,146,0
2025-05-18,BOM,Mumbai,5,Summer,Tue,180,149,149,0.826,True,False,667773,46848,714621,0,169,0
2025-07-11,BLR,Bengaluru,7,Monsoon,Tue,180,160,160,0.888,True,False,646244,57148,703392,0,186,0
2025-04-26,CCU,Kolkata,4,Spring,Tue,180,135,135,0.751,True,False,507070,43572,550642,0,141,0
2025-04-17,BOM,Mumbai,4,Spring,Sun,180,132,132,0.736,True,False,584542,41505,626047,0,143,1
2025-10-23,BLR,Bengaluru,10,Post-Monsoon,Sat,180,168,168,0.934,False,False,719753,52762,772515,0,193,3
2025-09-02,DEL,Delhi,9,Monsoon,Wed,180,144,144,0.8,True,False,610082,54811,664893,0,154,1
2025-08-27,DEL,Delhi,8,Monsoon,Mon,180,138,138,0.765,True,False,641823,47051,688874,0,159,0
2025-11-22,HYD,Hyderabad,11,Post-Monsoon,Mon,180,146,146,0.813,True,False,634239,56506,690745,0,164,2
2025-07-11,DEL,Delhi,7,Monsoon,Mon,180,148,148,0.823,True,False,670425,49314,719739,0,171,1
2025-06-01,DEL,Delhi,6,Summer,Sun,180,138,138,0.768,True,False,610577,40793,651370,0,147,0
2025-11-15,BOM,Mumbai,11,Post-Monsoon,Wed,180,139,139,0.774,True,False,647946,56571,704517,0,152,0
2025-07-03,CCU,Kolkata,7,Monsoon,Wed,180,125,125,0.696,True,False,478388,43243,521631,0,140,0
2025-12-13,DEL,Delhi,12,Winter,Fri,180,146,146,0.811,False,False,634683,60551,695234,0,150,0
2025-01-28,HYD,Hyderabad,1,Winter,Sun,180,128,128,0.712,True,False,443938,37323,481261,0,144,0
2025-01-09,BLR,Bengaluru,1,Winter,Sun,180,139,139,0.771,False,False,478674,57440,536114,0,159,1
2025-10-01,BOM,Mumbai,10,Post-Monsoon,Sun,180,164,164,0.91,True,False,824451,57531,881982,0,185,1
2025-04-22,BLR,Bengaluru,4,Spring,Sun,180,160,160,0.89,False,False,639279,61500,700779,0,185,1
2025-05-12,BLR,Bengaluru,5,Summer,Wed,180,118,118,0.655,True,False,435677,34454,470131,0,134,0
2025-12-08,BOM,Mumbai,12,Winter,Thu,180,120,120,0.667,False,False,486786,46233,533019,3,132,2
2025-04-26,BOM,Mumbai,4,Spring,Thu,180,146,146,0.81,False,False,633514,46014,679528,0,166,1
2025-01-19,DEL,Delhi,1,Winter,Tue,180,121,121,0.67,True,False,474618,41510,516128,0,127,0
2025-06-25,DEL,Delhi,6,Summer,Thu,180,146,146,0.812,True,False,645663,56008,701671,0,172,1
2025-01-12,BOM,Mumbai,1,Winter,Fri,180,142,142,0.786,True,False,524767,50917,575684,0,148,1
2025-10-19,DEL,Delhi,10,Post-Monsoon,Wed,180,176,176,0.98,True,False,874383,51954,926337,0,185,1
2025-02-26,BLR,Bengaluru,2,Winter,Thu,180,135,135,0.749,False,False,464399,54420,518819,0,154,1
2025-09-07,HYD,Hyderabad,9,Monsoon,Wed,180,133,133,0.737,True,False,485859,54647,540506,0,145,1
2025-07-12,BOM,Mumbai,7,Monsoon,Tue,180,121,0,0.671,False,True,0,0,0,0,0,0
2025-07-12,HYD,Hyderabad,7,Monsoon,Thu,180,124,124,0.691,True,False,461808,51350,513158,0,143,1
2025-01-17,BOM,Mumbai,1,Winter,Wed,180,136,136,0.756,False,False,546059,40815,586874,0,147,2
2025-10-21,BOM,Mumbai,10,Post-Monsoon,Mon,180,159,159,0.883,True,False,753951,53628,807579,0,183,1
2025-07-10,BOM,Mumbai,7,Monsoon,Sun,180,135,135,0.747,True,False,546600,53491,600091,0,138,2
2025-05-01,DEL,Delhi,5,Summer,Tue,180,139,139,0.774,False,False,631556,47510,679066,0,145,0
2025-10-19,CCU,Kolkata,10,Post-Monsoon,Tue,180,149,149,0.83,True,False,626793,48985,675778,0,172,1
2025-10-28,BLR,Bengaluru,10,Post-Monsoon,Wed,180,158,158,0.878,True,False,697090,45152,742242,0,165,1
2025-03-04,BOM,Mumbai,3,Spring,Sun,180,146,146,0.814,False,False,633677,54969,688646,0,170,1
2025-09-14,BOM,Mumbai,9,Monsoon,Mon,180,154,154,0.856,True,False,667240,54126,721366,0,165,1
2025-07-05,DEL,Delhi,7,Monsoon,Sun,180,144,144,0.798,True,False,612273,41156,653429,0,150,0
2025-03-04,BOM,Mumbai,3,Spring,Sat,180,145,145,0.803,True,False,613592,41993,655585,0,166,1
2025-02-20,HYD,Hyderabad,2,Winter,Wed,180,120,120,0.668,False,False,416918,40167,457085,0,132,1
2025-11-21,HYD,Hyderabad,11,Post-Monsoon,Sun,180,176,176,0.977,True,False,723215,64008,787223,0,197,0
2025-05-25,BLR,Bengaluru,5,Summer,Sun,180,138,138,0.765,False,False,526847,44517,571364,0,154,0
2025-06-11,BOM,Mumbai,6,Summer,Wed,180,143,143,0.794,True,False,636939,40258,677197,0,149,1
2025-11-22,HYD,Hyderabad,11,Post-Monsoon,Fri,180,132,132,0.734,False,False,549435,42715,592150,0,147,0
2025-02-20,HYD,Hyderabad,2,Winter,Tue,180,124,124,0.688,True,False,437579,41698,479277,0,142,0
2025-01-03,BOM,Mumbai,1,Winter,Fri,180,140,140,0.778,True,False,566803,52611,619414,1,151,2
2025-09-12,BOM,Mumbai,9,Monsoon,Thu,180,146,146,0.809,True,False,599107,55078,654185,0,157,1
2025-11-05,BLR,Bengaluru,11,Post-Monsoon,Mon,180,169,169,0.94,False,False,734392,62805,797197,0,173,0
2025-02-05,DEL,Delhi,2,Winter,Sun,180,134,134,0.746,True,False,561532,45474,607006,0,137,0
2025-01-24,HYD,Hyderabad,1,Winter,Thu,180,141,141,0.783,False,False,492316,49141,541457,0,155,0
2025-09-16,CCU,Kolkata,9,Monsoon,Sat,180,131,131,0.726,True,False,511052,43211,554263,0,149,1
2025-01-16,BLR,Bengaluru,1,Winter,Mon,180,145,145,0.805,True,False,530451,54558,585009,0,162,1
2025-10-19,DEL,Delhi,10,Post-Monsoon,Tue,180,164,164,0.911,True,False,802651,60051,862702,0,183,1
2025-03-03,CCU,Kolkata,3,Spring,Wed,180,141,141,0.782,True,False,547753,42144,589897,0,164,3
2025-02-26,CCU,Kolkata,2,Winter,Mon,180,143,143,0.794,False,False,474243,40960,515203,0,149,1
2025-03-25,DEL,Delhi,3,Spring,Tue,180,161,161,0.892,True,False,734504,52174,786678,0,165,2
2025-06-09,BLR,Bengaluru,6,Summer,Tue,180,158,158,0.879,True,False,588689,66351,655040,0,171,1
2025-11-11,CCU,Kolkata,11,Post-Monsoon,Thu,180,159,0,0.885,False,True,0,0,0,1,0,0
2025-12-03,BOM,Mumbai,12,Winter,Tue,180,115,115,0.642,True,False,471330,34036,505366,0,126,0
2025-12-13,DEL,Delhi,12,Winter,Tue,180,135,135,0.752,False,False,562839,53288,616127,0,138,2
2025-12-04,BLR,Bengaluru,12,Winter,Wed,180,160,160,0.889,True,False,649887,48819,698706,0,169,0
2025-04-04,DEL,Delhi,4,Spring,Tue,180,140,140,0.78,True,False,651861,43252,695113,0,148,1
2025-09-04,BLR,Bengaluru,9,Monsoon,Fri,180,143,143,0.796,False,False,534960,50084,585044,0,160,0
2025-06-06,BOM,Mumbai,6,Summer,Wed,180,145,145,0.805,True,False,606083,50786,656869,0,169,0
2025-04-04,DEL,Delhi,4,Spring,Sun,180,127,127,0.703,True,False,556053,41768,597821,0,148,0
2025-11-16,HYD,Hyderabad,11,Post-Monsoon,Tue,180,172,172,0.956,True,False,719558,62818,782376,0,185,2
2025-01-18,DEL,Delhi,1,Winter,Mon,180,122,122,0.676,True,False,479134,46495,525629,0,144,0
2025-12-09,HYD,Hyderabad,12,Winter,Sun,180,151,151,0.838,True,False,578569,48788,627357,0,162,2
2025-06-04,BOM,Mumbai,6,Summer,Sun,180,162,162,0.898,True,False,693847,63878,757725,0,172,1
2025-05-20,HYD,Hyderabad,5,Summer,Sun,180,133,133,0.737,True,False,480767,54137,534904,0,149,0
2025-10-21,BOM,Mumbai,10,Post-Monsoon,Mon,180,143,143,0.795,True,False,733421,52214,785635,0,149,2
2025-03-28,HYD,Hyderabad,3,Spring,Mon,180,146,146,0.81,True,False,559773,58349,618122,0,156,1
2025-03-04,HYD,Hyderabad,3,Spring,Thu,180,122,122,0.679,True,False,433887,36639,470526,0,142,0
2025-06-14,BOM,Mumbai,6,Summer,Tue,180,137,137,0.763,True,False,597047,42730,639777,0,145,1
2025-04-19,BLR,Bengaluru,4,Spring,Sun,180,138,138,0.765,True,False,531922,48406,580328,0,150,0
2025-04-09,DEL,Delhi,4,Spring,Sat,180,151,151,0.841,True,False,673840,48903,722743,0,161,0
2025-04-15,DEL,Delhi,4,Spring,Mon,180,141,141,0.786,False,False,604011,49008,653019,2,149,0
2025-03-21,BOM,Mumbai,3,Spring,Thu,180,136,136,0.757,False,False,616348,50711,667059,0,154,1
2025-07-02,DEL,Delhi,7,Monsoon,Sun,180,135,135,0.748,False,False,601002,52593,653595,0,155,2
2025-09-12,CCU,Kolkata,9,Monsoon,Fri,180,150,150,0.831,True,False,584963,42673,627636,0,174,2
2025-03-02,CCU,Kolkata,3,Spring,Thu,180,125,125,0.697,True,False,466427,37965,504392,0,146,0
2025-06-17,DEL,Delhi,6,Summer,Thu,180,144,144,0.8,True,False,640019,52207,692226,0,168,1
2025-06-12,BLR,Bengaluru,6,Summer,Tue,180,145,145,0.806,True,False,599096,45724,644820,0,170,0
2025-02-11,BOM,Mumbai,2,Winter,Sun,180,142,142,0.789,False,False,561254,43724,604978,0,151,2
2025-01-18,HYD,Hyderabad,1,Winter,Fri,180,127,127,0.704,False,False,399470,38422,437892,0,141,0
2025-01-11,CCU,Kolkata,1,Winter,Fri,180,132,132,0.735,True,False,465356,43550,508906,0,139,0
2025-02-12,DEL,Delhi,2,Winter,Sun,180,130,130,0.72,True,False,539152,37929,577081,0,147,1
2025-09-24,BOM,Mumbai,9,Monsoon,Mon,180,117,117,0.651,True,False,522632,36877,559509,0,128,3
2025-05-07,BLR,Bengaluru,5,Summer,Mon,180,151,0,0.84,False,True,0,0,0,3,0,0
2025-04-25,CCU,Kolkata,4,Spring,Mon,180,129,129,0.717,True,False,505442,42323,547765,0,149,0
2025-11-19,DEL,Delhi,11,Post-Monsoon,Thu,180,161,161,0.894,True,False,790390,62124,852514,0,186,1
2025-09-11,DEL,Delhi,9,Monsoon,Thu,180,133,0,0.738,False,True,0,0,0,1,0,0
2025-07-02,HYD,Hyderabad,7,Monsoon,Wed,180,150,150,0.836,True,False,585078,51944,637022,0,168,0
2025-12-23,BOM,Mumbai,12,Winter,Tue,180,139,139,0.774,True,False,595797,44485,640282,0,162,1
2025-04-25,CCU,Kolkata,4,Spring,Thu,180,151,151,0.841,True,False,558217,49500,607717,0,158,2
2025-02-25,DEL,Delhi,2,Winter,Tue,180,138,138,0.766,True,False,567394,45900,613294,0,157,0
2025-06-01,BOM,Mumbai,6,Summer,Sat,180,134,134,0.743,False,False,560100,51956,612056,0,145,0
2025-07-12,BOM,Mumbai,7,Monsoon,Wed,180,135,135,0.749,True,False,563532,51272,614804,0,143,0
2025-04-22,BOM,Mumbai,4,Spring,Thu,180,133,133,0.739,True,False,559339,48901,608240,0,150,3
2025-05-16,HYD,Hyderabad,5,Summer,Thu,180,136,136,0.754,False,False,520176,48816,568992,2,160,0
2025-11-11,DEL,Delhi,11,Post-Monsoon,Sun,180,166,166,0.923,True,False,869281,50783,920064,1,180,1
2025-09-27,BLR,Bengaluru,9,Monsoon,Wed,180,150,150,0.836,False,False,604888,52386,657274,0,160,0
2025-11-22,HYD,Hyderabad,11,Post-Monsoon,Mon,180,150,150,0.832,True,False,611180,61074,672254,0,174,0
2025-08-05,BLR,Bengaluru,8,Monsoon,Thu,180,130,130,0.724,True,False,525308,51233,576541,0,141,1
2025-05-16,BLR,Bengaluru,5,Summer,Tue,180,114,114,0.633,False,False,427818,37116,464934,1,132,0
2025-02-24,DEL,Delhi,2,Winter,Wed,180,122,122,0.676,True,False,454314,41248,495562,0,126,0
2025-12-26,DEL,Delhi,12,Winter,Fri,180,163,163,0.905,False,False,756736,61168,817904,0,177,3
2025-01-25,CCU,Kolkata,1,Winter,Sun,180,146,146,0.809,False,False,476670,59906,536576,0,156,3
2025-01-11,BOM,Mumbai,1,Winter,Thu,180,129,129,0.715,True,False,508580,43469,552049,0,141,0
2025-09-05,BOM,Mumbai,9,Monsoon,Thu,180,127,127,0.708,True,False,525618,46061,571679,0,132,1
2025-05-06,CCU,Kolkata,5,Summer,Sun,180,165,165,0.915,True,False,621484,64333,685817,0,169,0
2025-04-23,HYD,Hyderabad,4,Spring,Fri,180,131,131,0.73,True,False,456280,46620,502900,0,142,0
2025-07-03,HYD,Hyderabad,7,Monsoon,Fri,180,136,136,0.756,False,False,505290,50864,556154,0,140,2
2025-06-21,DEL,Delhi,6,Summer,Sun,180,146,146,0.811,True,False,648082,48512,696594,0,149,1
2025-06-10,DEL,Delhi,6,Summer,Tue,180,132,132,0.736,True,False,552749,42224,594973,0,152,0
2025-07-13,BOM,Mumbai,7,Monsoon,Tue,180,148,148,0.823,True,False,648656,49749,698405,0,157,0
2025-11-01,BOM,Mumbai,11,Post-Monsoon,Sun,180,150,150,0.835,True,False,705786,51519,757305,0,175,0
2025-04-02,HYD,Hyderabad,4,Spring,Thu,180,166,166,0.922,True,False,609645,67504,677149,0,182,1
2025-07-24,CCU,Kolkata,7,Monsoon,Wed,180,126,126,0.701,True,False,474844,45767,520611,0,139,1
2025-01-20,BOM,Mumbai,1,Winter,Sat,180,125,125,0.696,True,False,506378,41891,548269,0,128,0
2025-09-01,DEL,Delhi,9,Monsoon,Wed,180,135,135,0.752,False,False,626711,51480,678191,0,155,3
2025-05-21,DEL,Delhi,5,Summer,Mon,180,142,142,0.787,True,False,661821,50158,711979,0,158,1
2025-07-09,DEL,Delhi,7,Monsoon,Thu,180,154,154,0.855,True,False,638279,49816,688095,0,162,2
2025-12-01,CCU,Kolkata,12,Winter,Mon,180,149,149,0.825,True,False,545149,51271,596420,0,164,1
2025-11-08,BLR,Bengaluru,11,Post-Monsoon,Sun,180,152,152,0.842,True,False,705653,61213,766866,0,170,0
2025-03-16,HYD,Hyderabad,3,Spring,Fri,180,139,139,0.773,True,False,504483,44165,548648,0,155,1
2025-08-01,BOM,Mumbai,8,Monsoon,Fri,180,123,123,0.683,False,False,520254,38423,558677,0,129,2
2025-09-09,DEL,Delhi,9,Monsoon,Mon,180,114,114,0.631,True,False,521376,35304,556680,0,127,1
2025-11-21,DEL,Delhi,11,Post-Monsoon,Thu,180,159,159,0.881,True,False,810927,53564,864491,0,175,0
2025-03-04,HYD,Hyderabad,3,Spring,Wed,180,154,154,0.855,True,False,550305,53960,604265,0,174,3
2025-03-20,HYD,Hyderabad,3,Spring,Tue,180,159,159,0.884,False,False,575066,56137,631203,0,168,2
2025-10-05,DEL,Delhi,10,Post-Monsoon,Thu,180,143,143,0.793,True,False,720120,45394,765514,0,161,1
2025-12-27,HYD,Hyderabad,12,Winter,Thu,180,135,135,0.751,True,False,482151,46033,528184,0,140,2
2025-05-02,BLR,Bengaluru,5,Summer,Wed,180,143,143,0.794,True,False,527819,55810,583629,0,165,4
2025-11-20,BLR,Bengaluru,11,Post-Monsoon,Sat,180,145,145,0.807,True,False,666453,52175,718628,0,165,0
2025-01-07,HYD,Hyderabad,1,Winter,Tue,180,131,131,0.727,True,False,444475,44363,488838,0,148,1
2025-04-01,DEL,Delhi,4,Spring,Sat,180,142,142,0.788,True,False,648826,47358,696184,0,163,0
2025-03-06,HYD,Hyderabad,3,Spring,Mon,180,143,143,0.793,True,False,537754,40049,577803,0,155,1
2025-08-19,HYD,Hyderabad,8,Monsoon,Thu,180,146,146,0.808,True,False,516506,48588,565094,0,153,0
2025-04-07,BOM,Mumbai,4,Spring,Fri,180,134,134,0.745,True,False,609331,44000,653331,0,142,1
2025-04-26,BOM,Mumbai,4,Spring,Mon,180,146,146,0.813,True,False,660342,46769,707111,0,158,1
2025-04-15,BLR,Bengaluru,4,Spring,Wed,180,151,151,0.841,True,False,601221,51108,652329,0,167,0
2025-03-12,CCU,Kolkata,3,Spring,Wed,180,138,138,0.764,True,False,517760,57351,575111,0,162,0
2025-12-09,BOM,Mumbai,12,Winter,Fri,180,138,138,0.767,True,False,603754,53061,656815,0,143,0
2025-10-25,CCU,Kolkata,10,Post-Monsoon,Mon,180,176,176,0.98,False,False,804540,51181,855721,0,183,1
2025-01-27,CCU,Kolkata,1,Winter,Wed,180,133,133,0.737,False,False,436362,43750,480112,0,137,4
2025-06-28,BLR,Bengaluru,6,Summer,Fri,180,145,145,0.808,True,False,545328,41240,586568,0,164,1
2025-03-27,CCU,Kolkata,3,Spring,Sun,180,141,141,0.781,True,False,523294,45034,568328,0,145,2
2025-07-27,DEL,Delhi,7,Monsoon,Mon,180,140,140,0.776,False,False,595726,43072,638798,0,145,2
2025-10-10,DEL,Delhi,10,Post-Monsoon,Sun,180,140,140,0.776,True,False,747109,53791,800900,0,157,0
2025-10-02,DEL,Delhi,10,Post-Monsoon,Sat,180,164,164,0.91,True,False,863230,56698,919928,0,184,0
2025-07-24,DEL,Delhi,7,Monsoon,Thu,180,146,146,0.812,True,False,653801,58837,712638,0,169,0
2025-07-21,BOM,Mumbai,7,Monsoon,Tue,180,128,128,0.709,True,False,524707,48624,573331,0,143,0
2025-10-03,BOM,Mumbai,10,Post-Monsoon,Thu,180,168,168,0.933,True,False,837735,56607,894342,0,189,0
2025-12-23,CCU,Kolkata,12,Winter,Mon,180,146,146,0.814,True,False,523165,52365,575530,0,171,0
2025-02-14,DEL,Delhi,2,Winter,Tue,180,137,137,0.763,False,False,517152,40027,557179,0,153,1
2025-03-28,BOM,Mumbai,3,Spring,Sun,180,143,143,0.797,True,False,592350,44906,637256,0,166,1
2025-02-22,HYD,Hyderabad,2,Winter,Wed,180,132,132,0.734,True,False,442044,39094,481138,0,145,0
2025-02-25,DEL,Delhi,2,Winter,Sun,180,125,125,0.693,True,False,505464,40562,546026,0,140,1
2025-07-01,CCU,Kolkata,7,Monsoon,Wed,180,153,153,0.85,True,False,571867,57967,629834,0,160,0
2025-10-24,BLR,Bengaluru,10,Post-Monsoon,Sat,180,163,163,0.903,True,False,716794,51616,768410,0,179,0
2025-02-18,BOM,Mumbai,2,Winter,Mon,180,145,145,0.807,True,False,529547,55630,585177,2,157,0
2025-11-18,DEL,Delhi,11,Post-Monsoon,Sun,180,169,169,0.939,False,False,903000,68891,971891,0,196,0
2025-12-09,DEL,Delhi,12,Winter,Sat,180,143,143,0.793,True,False,648660,55062,703722,0,146,2
2025-06-23,DEL,Delhi,6,Summer,Thu,180,143,143,0.797,True,False,637365,49825,687190,0,153,1
2025-01-17,DEL,Delhi,1,Winter,Wed,180,129,129,0.717,True,False,521661,53179,574840,0,135,1
2025-04-09,HYD,Hyderabad,4,Spring,Sun,180,151,151,0.838,True,False,583669,42718,626387,0,169,1
2025-01-17,BOM,Mumbai,1,Winter,Thu,180,130,130,0.725,True,False,532526,53190,585716,0,133,1
2025-10-25,DEL,Delhi,10,Post-Monsoon,Sat,180,151,151,0.84,False,False,776599,44608,821207,1,178,1
2025-06-09,HYD,Hyderabad,6,Summer,Wed,180,162,162,0.901,True,False,571979,56067,628046,0,186,1
2025-09-15,DEL,Delhi,9,Monsoon,Sat,180,156,156,0.869,False,False,691583,58815,750398,0,181,2
2025-04-18,HYD,Hyderabad,4,Spring,Thu,180,143,143,0.795,True,False,555486,48556,604042,0,163,0
2025-12-20,BOM,Mumbai,12,Winter,Wed,180,138,138,0.765,True,False,579578,41868,621446,0,158,0
2025-12-04,BLR,Bengaluru,12,Winter,Wed,180,129,129,0.717,True,False,525585,50856,576441,0,145,0
2025-12-28,BOM,Mumbai,12,Winter,Mon,180,166,166,0.924,True,False,703310,55643,758953,0,171,1
2025-06-15,BLR,Bengaluru,6,Summer,Thu,180,116,116,0.645,True,False,475879,34977,510856,0,127,0
2025-05-01,CCU,Kolkata,5,Summer,Wed,180,143,143,0.794,True,False,553298,54698,607996,0,164,0
2025-07-20,BLR,Bengaluru,7,Monsoon,Wed,180,148,148,0.823,True,False,607701,52666,660367,0,160,0
2025-08-12,BOM,Mumbai,8,Monsoon,Tue,180,128,128,0.712,False,False,561774,40704,602478,0,144,0
2025-09-02,DEL,Delhi,9,Monsoon,Tue,180,152,152,0.845,True,False,679952,43727,723679,0,168,0
2025-10-06,DEL,Delhi,10,Post-Monsoon,Mon,180,153,153,0.851,True,False,788014,57666,845680,0,159,1
2025-08-03,BLR,Bengaluru,8,Monsoon,Sat,180,114,114,0.635,True,False,459364,32105,491469,0,124,0
2025-02-22,BOM,Mumbai,2,Winter,Sun,180,126,126,0.701,True,False,497424,42834,540258,0,147,1
2025-04-26,DEL,Delhi,4,Spring,Sun,180,137,137,0.76,True,False,603304,45561,648865,0,161,1
2025-11-14,BLR,Bengaluru,11,Post-Monsoon,Thu,180,137,137,0.759,True,False,622984,46375,669359,0,157,1
2025-03-08,DEL,Delhi,3,Spring,Fri,180,143,143,0.795,True,False,597053,43663,640716,0,167,1
2025-04-27,BLR,Bengaluru,4,Spring,Sun,180,138,138,0.768,True,False,546371,47498,593869,0,146,3
2025-10-03,BOM,Mumbai,10,Post-Monsoon,Sat,180,144,144,0.799,True,False,680211,45902,726113,0,168,1
2025-06-24,DEL,Delhi,6,Summer,Sat,180,132,132,0.731,False,False,549441,54142,603583,0,156,1
2025-06-10,CCU,Kolkata,6,Summer,Sun,180,140,140,0.779,True,False,511171,48210,559381,0,159,1
2025-09-27,CCU,Kolkata,9,Monsoon,Tue,180,132,132,0.735,False,False,507019,37478,544497,0,138,1
2025-07-26,CCU,Kolkata,7,Monsoon,Thu,180,147,147,0.816,True,False,552051,41496,593547,0,168,0
2025-06-02,BOM,Mumbai,6,Summer,Tue,180,123,123,0.682,True,False,524541,43565,568106,0,135,2
2025-05-07,BLR,Bengaluru,5,Summer,Wed,180,140,140,0.779,True,False,576921,54630,631551,0,159,1
2025-09-06,BOM,Mumbai,9,Monsoon,Sun,180,132,132,0.731,True,False,596226,48545,644771,0,155,0
2025-11-20,CCU,Kolkata,11,Post-Monsoon,Tue,180,151,151,0.84,False,False,685260,51338,736598,0,163,1
2025-05-08,HYD,Hyderabad,5,Summer,Tue,180,155,155,0.863,True,False,591860,55207,647067,0,176,1
2025-03-22,BLR,Bengaluru,3,Spring,Sat,180,147,147,0.817,False,False,555143,59101,614244,0,171,0
2025-06-09,BOM,Mumbai,6,Summer,Mon,180,130,130,0.724,True,False,538658,37718,576376,0,149,0
2025-12-08,DEL,Delhi,12,Winter,Tue,180,147,147,0.814,True,False,679212,53099,732311,0,170,0
2025-04-27,BLR,Bengaluru,4,Spring,Sat,180,135,135,0.751,True,False,533106,52563,585669,0,147,0
2025-01-27,BLR,Bengaluru,1,Winter,Sat,180,127,127,0.706,True,False,441281,44155,485436,0,146,0
2025-12-18,BLR,Bengaluru,12,Winter,Wed,180,129,129,0.717,True,False,514462,54152,568614,0,147,1
2025-01-13,BOM,Mumbai,1,Winter,Sun,180,120,120,0.665,True,False,487750,37819,525569,0,138,1
2025-01-01,BLR,Bengaluru,1,Winter,Tue,180,142,142,0.789,True,False,496270,46295,542565,0,153,0
2025-05-16,BOM,Mumbai,5,Summer,Sun,180,149,149,0.826,True,False,607955,53235,661190,0,170,1
2025-11-28,BOM,Mumbai,11,Post-Monsoon,Mon,180,168,168,0.935,True,False,832853,64774,897627,0,180,2
2025-11-02,DEL,Delhi,11,Post-Monsoon,Sun,180,168,168,0.931,True,False,841752,48512,890264,0,174,2
2025-03-17,HYD,Hyderabad,3,Spring,Tue,180,128,128,0.709,True,False,447479,38080,485559,0,142,0
2025-11-01,BOM,Mumbai,11,Post-Monsoon,Sun,180,159,159,0.883,True,False,801788,47555,849343,0,163,0
2025-03-06,BOM,Mumbai,3,Spring,Mon,180,139,139,0.773,True,False,621604,57581,679185,0,152,0
2025-12-06,BOM,Mumbai,12,Winter,Wed,180,136,136,0.753,True,False,605289,42933,648222,0,149,0
2025-11-03,BOM,Mumbai,11,Post-Monsoon,Fri,180,154,154,0.854,True,False,783620,53927,837547,0,181,0
2025-05-07,BOM,Mumbai,5,Summer,Tue,180,132,132,0.735,True,False,554510,37514,592024,0,138,0
2025-05-23,BOM,Mumbai,5,Summer,Thu,180,135,135,0.748,True,False,592996,45202,638198,0,158,0
2025-08-15,DEL,Delhi,8,Monsoon,Fri,180,154,154,0.856,True,False,645492,59493,704985,0,179,1
2025-11-04,HYD,Hyderabad,11,Post-Monsoon,Wed,180,168,168,0.934,True,False,733410,70500,803910,0,178,0
2025-04-05,DEL,Delhi,4,Spring,Mon,180,133,133,0.739,True,False,586090,42489,628579,0,142,1
2025-07-24,BOM,Mumbai,7,Monsoon,Mon,180,130,130,0.723,True,False,583940,36959,620899,0,134,1
2025-12-28,DEL,Delhi,12,Winter,Mon,180,138,138,0.765,True,False,581360,48644,630004,0,145,1
2025-02-17,BOM,Mumbai,2,Winter,Wed,180,139,139,0.775,True,False,533516,44356,577872,0,164,0
2025-08-23,CCU,Kolkata,8,Monsoon,Thu,180,134,134,0.747,True,False,489409,56087,545496,0,140,0
2025-10-26,CCU,Kolkata,10,Post-Monsoon,Fri,180,167,167,0.927,True,False,742514,68179,810693,0,173,2
2025-04-17,BOM,Mumbai,4,Spring,Tue,180,130,130,0.724,True,False,585023,47513,632536,0,146,0
2025-10-19,CCU,Kolkata,10,Post-Monsoon,Tue,180,155,155,0.863,True,False,717973,56321,774294,0,178,2
2025-05-21,DEL,Delhi,5,Summer,Thu,180,135,135,0.75,True,False,628762,38442,667204,0,148,1
2025-07-14,DEL,Delhi,7,Monsoon,Wed,180,137,137,0.763,False,False,581749,40557,622306,0,149,3
2025-05-22,BOM,Mumbai,5,Summer,Sat,180,116,116,0.645,True,False,477704,40180,517884,0,126,0
2025-04-23,HYD,Hyderabad,4,Spring,Sun,180,141,141,0.783,True,False,518648,50549,569197,0,159,0
2025-10-26,DEL,Delhi,10,Post-Monsoon,Wed,180,148,148,0.824,True,False,764104,52326,816430,0,155,0
2025-02-04,DEL,Delhi,2,Winter,Wed,180,131,131,0.729,True,False,547134,51352,598486,0,138,1
2025-06-21,HYD,Hyderabad,6,Summer,Tue,180,122,122,0.677,False,False,427614,46749,474363,0,140,2
2025-09-01,HYD,Hyderabad,9,Monsoon,Wed,180,133,133,0.74,True,False,496386,54848,551234,0,154,2
2025-03-23,BOM,Mumbai,3,Spring,Thu,180,133,133,0.738,True,False,583218,43961,627179,0,149,0
2025-05-18,HYD,Hyderabad,5,Summer,Sun,180,140,140,0.775,False,False,535537,46918,582455,0,157,1
2025-09-13,DEL,Delhi,9,Monsoon,Thu,180,146,146,0.813,True,False,672518,47850,720368,0,155,1
2025-05-26,CCU,Kolkata,5,Summer,Sat,180,151,151,0.837,True,False,560431,58923,619354,0,155,0
2025-07-08,CCU,Kolkata,7,Monsoon,Thu,180,122,122,0.675,False,False,445113,43940,489053,0,135,0
2025-07-03,CCU,Kolkata,7,Monsoon,Thu,180,142,142,0.788,False,False,527935,49057,576992,0,157,2
2025-03-19,BOM,Mumbai,3,Spring,Wed,180,130,130,0.722,False,False,566563,46339,612902,1,152,3
2025-09-21,DEL,Delhi,9,Monsoon,Mon,180,141,141,0.782,True,False,606379,42890,649269,0,162,0
2025-07-27,BOM,Mumbai,7,Monsoon,Sun,180,134,134,0.744,False,False,545693,46812,592505,0,150,4
2025-08-24,BLR,Bengaluru,8,Monsoon,Thu,180,141,141,0.784,True,False,562433,42747,605180,0,165,2
2025-03-11,BLR,Bengaluru,3,Spring,Mon,180,141,141,0.784,True,False,542740,41137,583877,0,156,0
2025-10-16,HYD,Hyderabad,10,Post-Monsoon,Sat,180,154,154,0.855,True,False,650797,60832,711629,0,163,1
2025-04-17,DEL,Delhi,4,Spring,Sun,180,151,151,0.84,False,False,699290,49656,748946,0,159,1
2025-11-10,BLR,Bengaluru,11,Post-Monsoon,Sat,180,155,155,0.859,True,False,708096,46328,754424,0,169,1
2025-08-03,DEL,Delhi,8,Monsoon,Sat,180,131,131,0.729,True,False,544938,54871,599809,0,149,1
2025-12-27,CCU,Kolkata,12,Winter,Mon,180,160,160,0.889,True,False,603199,48425,651624,0,173,1
2025-09-12,BLR,Bengaluru,9,Monsoon,Sat,180,150,150,0.833,True,False,582700,54383,637083,0,166,1
2025-03-24,BOM,Mumbai,3,Spring,Mon,180,135,135,0.752,True,False,610971,40743,651714,0,147,0
2025-04-18,DEL,Delhi,4,Spring,Sun,180,141,141,0.784,True,False,588816,47578,636394,0,153,0
2025-07-26,DEL,Delhi,7,Monsoon,Fri,180,127,127,0.703,True,False,567151,50701,617852,0,130,1
2025-04-05,HYD,Hyderabad,4,Spring,Mon,180,145,145,0.806,True,False,541093,55015,596108,0,157,0
2025-03-10,CCU,Kolkata,3,Spring,Thu,180,148,148,0.822,True,False,529856,55101,584957,0,157,0
2025-01-08,BOM,Mumbai,1,Winter,Wed,180,119,119,0.66,True,False,463036,48940,511976,0,124,1
2025-09-18,BLR,Bengaluru,9,Monsoon,Wed,180,151,151,0.838,True,False,589757,59320,649077,0,167,2
2025-02-26,BOM,Mumbai,2,Winter,Fri,180,127,127,0.706,True,False,499568,49501,549069,0,149,0
2025-07-09,CCU,Kolkata,7,Monsoon,Sat,180,144,144,0.798,True,False,549287,43493,592780,0,153,1
2025-10-28,DEL,Delhi,10,Post-Monsoon,Mon,180,154,154,0.857,True,False,750769,52526,803295,0,175,0
2025-02-05,BOM,Mumbai,2,Winter,Sun,180,131,131,0.729,True,False,504336,50786,555122,0,145,1
2025-06-02,BLR,Bengaluru,6,Summer,Fri,180,157,157,0.87,True,False,593231,46712,639943,0,174,1
2025-09-24,DEL,Delhi,9,Monsoon,Sun,180,130,130,0.722,True,False,557455,38011,595466,0,142,0
2025-08-24,BOM,Mumbai,8,Monsoon,Fri,180,147,147,0.816,False,False,630165,48544,678709,0,152,2
2025-11-27,DEL,Delhi,11,Post-Monsoon,Thu,180,154,154,0.854,True,False,747745,45292,793037,0,175,2
2025-07-05,CCU,Kolkata,7,Monsoon,Mon,180,113,113,0.625,False,False,427894,42281,470175,1,128,1
2025-06-07,CCU,Kolkata,6,Summer,Sun,180,150,150,0.832,True,False,567154,45436,612590,0,161,0
2025-02-17,BLR,Bengaluru,2,Winter,Sun,180,125,125,0.692,True,False,463498,41876,505374,0,130,0
2025-05-21,DEL,Delhi,5,Summer,Mon,180,127,127,0.705,True,False,559916,43130,603046,0,148,0
2025-01-05,BLR,Bengaluru,1,Winter,Sat,180,136,136,0.757,False,False,454044,54119,508163,2,154,3
2025-11-21,DEL,Delhi,11,Post-Monsoon,Sun,180,173,173,0.963,True,False,901571,64841,966412,0,195,1
2025-01-27,CCU,Kolkata,1,Winter,Thu,180,136,136,0.753,False,False,480499,49561,530060,0,149,1
2025-12-05,HYD,Hyderabad,12,Winter,Tue,180,164,164,0.909,True,False,615172,45974,661146,0,172,0
2025-05-24,DEL,Delhi,5,Summer,Thu,180,138,138,0.767,True,False,640464,57649,698113,0,146,1
2025-02-15,BLR,Bengaluru,2,Winter,Sat,180,113,113,0.628,True,False,405020,40223,445243,0,127,0
2025-12-10,BOM,Mumbai,12,Winter,Fri,180,144,144,0.798,True,False,616238,50408,666646,0,161,1
2025-05-10,HYD,Hyderabad,5,Summer,Sat,180,131,131,0.729,False,False,502698,42069,544767,0,154,2
2025-08-26,BOM,Mumbai,8,Monsoon,Thu,180,119,119,0.663,True,False,520753,45341,566094,0,135,0
2025-05-12,HYD,Hyderabad,5,Summer,Thu,180,135,135,0.747,True,False,523645,41661,565306,0,146,1
2025-11-07,HYD,Hyderabad,11,Post-Monsoon,Sat,180,148,148,0.825,True,False,613279,48618,661897,1,157,2
2025-08-16,BOM,Mumbai,8,Monsoon,Thu,180,130,130,0.725,False,False,539286,45338,584624,0,133,0
2025-06-22,DEL,Delhi,6,Summer,Sat,180,140,140,0.779,False,False,625724,39991,665715,0,160,2
2025-07-02,DEL,Delhi,7,Monsoon,Fri,180,147,147,0.815,True,False,634419,56433,690852,0,172,0
2025-01-17,HYD,Hyderabad,1,Winter,Mon,180,135,135,0.748,True,False,450006,56478,506484,0,148,2
2025-08-11,BOM,Mumbai,8,Monsoon,Sat,180,107,107,0.594,False,False,470543,32019,502562,0,110,2
2025-09-24,DEL,Delhi,9,Monsoon,Thu,180,159,159,0.886,True,False,740863,56223,797086,0,184,1
2025-09-19,BOM,Mumbai,9,Monsoon,Fri,180,130,130,0.724,True,False,561029,48079,609108,0,141,2
2025-09-27,DEL,Delhi,9,Monsoon,Mon,180,143,143,0.796,True,False,655526,47194,702720,0,149,1
2025-04-10,HYD,Hyderabad,4,Spring,Sat,180,126,126,0.697,True,False,487215,37323,524538,0,148,1
2025-11-14,BOM,Mumbai,11,Post-Monsoon,Fri,180,161,161,0.892,True,False,766769,49517,816286,0,189,0
2025-08-05,BLR,Bengaluru,8,Monsoon,Fri,180,140,140,0.776,True,False,524358,49910,574268,0,151,2
2025-07-20,HYD,Hyderabad,7,Monsoon,Mon,180,146,146,0.811,True,False,567148,60815,627963,0,152,2
2025-10-05,BOM,Mumbai,10,Post-Monsoon,Wed,180,152,152,0.847,False,False,781906,52733,834639,0,163,0
2025-06-12,HYD,Hyderabad,6,Summer,Mon,180,144,144,0.802,True,False,558811,51464,610275,0,159,0
2025-01-17,BOM,Mumbai,1,Winter,Tue,180,138,138,0.768,True,False,554587,50401,604988,0,156,3
2025-04-05,BOM,Mumbai,4,Spring,Mon,180,158,158,0.879,True,False,670671,44854,715525,1,176,1
2025-03-06,BOM,Mumbai,3,Spring,Wed,180,149,149,0.825,True,False,672201,60580,732781,0,160,1
2025-01-27,CCU,Kolkata,1,Winter,Mon,180,129,129,0.719,True,False,421826,36514,458340,0,144,1
2025-11-28,BLR,Bengaluru,11,Post-Monsoon,Fri,180,140,140,0.779,True,False,642236,50088,692324,0,162,0
2025-04-17,DEL,Delhi,4,Spring,Mon,180,146,146,0.809,True,False,608572,43270,651842,0,149,0
2025-06-17,DEL,Delhi,6,Summer,Mon,180,140,0,0.778,False,True,0,0,0,0,0,0
2025-03-24,BOM,Mumbai,3,Spring,Sat,180,155,155,0.86,True,False,685572,57392,742964,0,164,0
2025-03-15,DEL,Delhi,3,Spring,Sun,180,127,127,0.708,True,False,529933,40045,569978,0,139,0
2025-06-11,DEL,Delhi,6,Summer,Sat,180,151,151,0.838,True,False,664166,62862,727028,0,164,0
2025-06-18,BOM,Mumbai,6,Summer,Fri,180,140,140,0.776,True,False,569210,48747,617957,0,148,0
2025-08-18,HYD,Hyderabad,8,Monsoon,Fri,180,144,144,0.798,True,False,550750,49470,600220,0,148,0
2025-01-25,BOM,Mumbai,1,Winter,Sun,180,139,139,0.772,True,False,516631,57951,574582,0,142,3
2025-02-05,CCU,Kolkata,2,Winter,Mon,180,126,126,0.698,True,False,439423,46539,485962,0,137,0
2025-08-18,CCU,Kolkata,8,Monsoon,Mon,180,149,149,0.83,True,False,568307,43511,611818,0,156,1
2025-03-07,DEL,Delhi,3,Spring,Mon,180,152,152,0.842,False,False,689489,59343,748832,1,171,2
2025-07-17,BOM,Mumbai,7,Monsoon,Sun,180,127,127,0.708,False,False,562620,43446,606066,0,135,3
2025-01-22,BLR,Bengaluru,1,Winter,Tue,180,119,119,0.663,False,False,426120,36416,462536,0,127,0
2025-12-14,DEL,Delhi,12,Winter,Thu,180,152,152,0.844,False,False,705563,63566,769129,0,178,2
2025-10-13,HYD,Hyderabad,10,Post-Monsoon,Sun,180,174,174,0.968,True,False,712765,69252,782017,1,184,0
2025-10-07,DEL,Delhi,10,Post-Monsoon,Thu,180,142,142,0.786,True,False,680209,54938,735147,0,149,2
2025-12-11,CCU,Kolkata,12,Winter,Sun,180,130,130,0.722,True,False,482129,36623,518752,0,147,0
2025-10-01,BLR,Bengaluru,10,Post-Monsoon,Thu,180,159,159,0.881,True,False,677570,47522,725092,0,168,0
2025-12-25,BLR,Bengaluru,12,Winter,Wed,180,161,161,0.895,True,False,635257,54907,690164,0,167,2
2025-09-08,HYD,Hyderabad,9,Monsoon,Sun,180,132,132,0.732,True,False,479013,47838,526851,0,140,0
2025-07-12,HYD,Hyderabad,7,Monsoon,Thu,180,141,141,0.783,True,False,549401,43936,593337,0,146,1
2025-12-24,BLR,Bengaluru,12,Winter,Thu,180,148,148,0.823,True,False,606575,45621,652196,0,164,0
2025-12-01,CCU,Kolkata,12,Winter,Sat,180,120,120,0.665,True,False,429206,40331,469537,0,131,1
2025-01-23,BLR,Bengaluru,1,Winter,Wed,180,134,134,0.742,True,False,496171,47612,543783,0,146,0
2025-09-25,BOM,Mumbai,9,Monsoon,Sat,180,128,128,0.71,True,False,546368,43222,589590,0,143,1
2025-10-01,DEL,Delhi,10,Post-Monsoon,Thu,180,155,155,0.861,False,False,788712,63898,852610,0,173,2
2025-05-21,BOM,Mumbai,5,Summer,Fri,180,139,139,0.773,True,False,574862,39318,614180,0,161,0
2025-01-23,DEL,Delhi,1,Winter,Sun,180,113,113,0.627,True,False,429276,40008,469284,0,133,0
2025-03-11,CCU,Kolkata,3,Spring,Tue,180,140,140,0.779,True,False,506964,51491,558455,0,161,0
2025-07-28,BLR,Bengaluru,7,Monsoon,Wed,180,133,133,0.741,True,False,547977,43275,591252,0,155,0
2025-06-01,CCU,Kolkata,6,Summer,Fri,180,136,136,0.755,True,False,524827,42761,567588,0,152,2
2025-07-03,BLR,Bengaluru,7,Monsoon,Tue,180,131,131,0.729,True,False,491335,41482,532817,0,146,0
2025-01-14,DEL,Delhi,1,Winter,Wed,180,123,123,0.685,False,False,481997,40236,522233,0,128,1
2025-09-16,CCU,Kolkata,9,Monsoon,Mon,180,135,135,0.749,True,False,500047,47984,548031,0,148,0
2025-12-12,CCU,Kolkata,12,Winter,Sat,180,146,146,0.809,True,False,571043,50980,622023,0,164,0
2025-10-17,BOM,Mumbai,10,Post-Monsoon,Thu,180,158,158,0.876,True,False,823615,53637,877252,1,170,1
2025-12-27,CCU,Kolkata,12,Winter,Thu,180,127,127,0.705,True,False,454522,47719,502241,0,134,1
2025-09-28,DEL,Delhi,9,Monsoon,Sun,180,137,137,0.762,True,False,629924,39173,669097,0,142,1
2025-11-09,HYD,Hyderabad,11,Post-Monsoon,Mon,180,152,152,0.847,False,False,647408,55421,702829,1,168,0
2025-10-09,BOM,Mumbai,10,Post-Monsoon,Sun,180,142,142,0.789,True,False,703105,47511,750616,0,158,2
2025-12-17,BOM,Mumbai,12,Winter,Fri,180,162,162,0.899,False,False,717391,56328,773719,0,179,0
2025-06-08,DEL,Delhi,6,Summer,Wed,180,139,139,0.772,True,False,606300,43291,649591,0,145,1
2025-12-18,BLR,Bengaluru,12,Winter,Thu,180,147,147,0.818,False,False,581800,42894,624694,0,158,1
2025-08-21,BOM,Mumbai,8,Monsoon,Fri,180,128,128,0.714,True,False,540340,53012,593352,0,148,1
2025-11-20,CCU,Kolkata,11,Post-Monsoon,Thu,180,156,156,0.868,False,False,693372,50249,743621,0,168,0
2025-09-02,BOM,Mumbai,9,Monsoon,Wed,180,131,131,0.726,True,False,560590,38507,599097,0,138,1
2025-09-28,HYD,Hyderabad,9,Monsoon,Sat,180,130,130,0.722,True,False,492507,53357,545864,0,149,1
2025-08-19,HYD,Hyderabad,8,Monsoon,Sun,180,134,134,0.742,True,False,490960,55147,546107,0,151,0
2025-07-16,CCU,Kolkata,7,Monsoon,Sun,180,114,114,0.631,False,False,450001,41183,491184,0,129,2
2025-09-27,BOM,Mumbai,9,Monsoon,Thu,180,152,152,0.847,True,False,663592,63225,726817,0,165,1
2025-12-13,HYD,Hyderabad,12,Winter,Mon,180,153,153,0.852,True,False,540047,61259,601306,0,160,0
2025-09-04,BOM,Mumbai,9,Monsoon,Sun,180,125,125,0.693,True,False,547572,38482,586054,0,134,0
2025-11-13,CCU,Kolkata,11,Post-Monsoon,Wed,180,173,173,0.961,True,False,798815,55330,854145,0,194,1
2025-11-04,DEL,Delhi,11,Post-Monsoon,Tue,180,158,158,0.879,False,False,770665,47925,818590,0,178,1
2025-07-06,DEL,Delhi,7,Monsoon,Fri,180,136,136,0.757,True,False,625169,55602,680771,0,151,2
2025-10-20,CCU,Kolkata,10,Post-Monsoon,Fri,180,148,148,0.821,True,False,654924,46430,701354,0,165,0
2025-09-25,DEL,Delhi,9,Monsoon,Sat,180,140,140,0.776,True,False,637419,43079,680498,0,153,0
2025-02-10,BLR,Bengaluru,2,Winter,Thu,180,124,124,0.691,True,False,438056,39481,477537,0,130,1
2025-06-07,BLR,Bengaluru,6,Summer,Wed,180,119,119,0.659,True,False,484684,35680,520364,0,139,1
2025-09-06,BLR,Bengaluru,9,Monsoon,Wed,180,140,140,0.78,True,False,557779,54859,612638,0,163,0
2025-04-27,DEL,Delhi,4,Spring,Sat,180,139,139,0.771,True,False,623328,54852,678180,0,161,1
2025-07-19,CCU,Kolkata,7,Monsoon,Sun,180,135,135,0.752,True,False,507273,56485,563758,0,139,0
2025-04-09,BOM,Mumbai,4,Spring,Thu,180,136,136,0.756,True,False,570659,56099,626758,0,160,1
2025-08-23,DEL,Delhi,8,Monsoon,Fri,180,157,157,0.87,True,False,693744,48521,742265,0,167,0
2025-01-16,HYD,Hyderabad,1,Winter,Tue,180,127,127,0.704,True,False,440393,47319,487712,0,143,1
2025-03-12,BOM,Mumbai,3,Spring,Sun,180,152,0,0.842,False,True,0,0,0,1,0,0
2025-05-19,BLR,Bengaluru,5,Summer,Sun,180,173,173,0.959,False,False,708588,54551,763139,0,197,2
2025-06-21,BLR,Bengaluru,6,Summer,Mon,180,133,133,0.738,True,False,514464,37882,552346,0,145,0
2025-05-11,HYD,Hyderabad,5,Summer,Fri,180,144,144,0.802,True,False,502966,48299,551265,0,152,1
2025-08-12,BLR,Bengaluru,8,Monsoon,Tue,180,141,141,0.784,True,False,565602,46403,612005,0,160,1
2025-02-15,BOM,Mumbai,2,Winter,Sun,180,131,131,0.727,True,False,497604,51038,548642,0,138,0
2025-08-06,DEL,Delhi,8,Monsoon,Sun,180,143,143,0.793,True,False,615155,55925,671080,0,163,1
2025-07-16,HYD,Hyderabad,7,Monsoon,Sat,180,133,133,0.737,True,False,511982,44754,556736,0,153,0
2025-08-18,DEL,Delhi,8,Monsoon,Sat,180,136,136,0.756,False,False,564590,39024,603614,0,141,2
2025-04-04,DEL,Delhi,4,Spring,Tue,180,138,138,0.766,True,False,597984,53744,651728,0,158,1
2025-04-07,DEL,Delhi,4,Spring,Fri,180,143,143,0.795,False,False,631798,42490,674288,1,164,0
2025-01-17,CCU,Kolkata,1,Winter,Mon,180,131,131,0.727,True,False,428513,50453,478966,0,146,0
2025-06-16,HYD,Hyderabad,6,Summer,Thu,180,139,139,0.774,True,False,527182,43084,570266,0,162,0
2025-06-19,BLR,Bengaluru,6,Summer,Thu,180,163,163,0.905,False,False,601468,64672,666140,0,189,4
2025-01-21,BOM,Mumbai,1,Winter,Sat,180,129,129,0.715,True,False,480949,36812,517761,0,140,0
2025-11-16,DEL,Delhi,11,Post-Monsoon,Thu,180,159,159,0.883,False,False,836866,46912,883778,0,164,2
2025-04-10,BLR,Bengaluru,4,Spring,Mon,180,143,143,0.793,False,False,577550,52851,630401,0,155,3
2025-10-27,BLR,Bengaluru,10,Post-Monsoon,Tue,180,176,176,0.98,False,False,745399,52255,797654,0,196,1
2025-02-03,BLR,Bengaluru,2,Winter,Sat,180,135,135,0.753,True,False,466350,50247,516597,0,147,1
2025-12-16,BOM,Mumbai,12,Winter,Sun,180,130,130,0.723,True,False,578446,40427,618873,0,133,0
2025-07-06,DEL,Delhi,7,Monsoon,Wed,180,135,135,0.749,True,False,606772,39675,646447,0,153,0
2025-08-15,BOM,Mumbai,8,Monsoon,Fri,180,123,123,0.683,True,False,501759,50449,552208,0,131,0
2025-07-08,BOM,Mumbai,7,Monsoon,Sat,180,131,131,0.727,True,False,590409,36951,627360,0,150,0
2025-03-04,BLR,Bengaluru,3,Spring,Wed,180,127,127,0.707,True,False,493889,42102,535991,0,131,1
2025-10-23,DEL,Delhi,10,Post-Monsoon,Thu,180,156,156,0.865,True,False,786800,47209,834009,0,165,0
2025-10-16,BOM,Mumbai,10,Post-Monsoon,Fri,180,133,133,0.741,True,False,631892,44164,676056,0,138,1
2025-09-02,BLR,Bengaluru,9,Monsoon,Mon,180,127,127,0.705,True,False,520258,44757,565015,0,133,1
2025-06-17,HYD,Hyderabad,6,Summer,Mon,180,145,145,0.807,True,False,526452,49839,576291,0,157,1
2025-08-23,BOM,Mumbai,8,Monsoon,Thu,180,138,138,0.769,True,False,591723,56856,648579,0,159,0
2025-05-04,BLR,Bengaluru,5,Summer,Fri,180,163,163,0.906,True,False,623969,58903,682872,1,184,1
2025-03-08,BOM,Mumbai,3,Spring,Mon,180,148,148,0.821,True,False,671037,46847,717884,0,154,1
2025-10-01,BOM,Mumbai,10,Post-Monsoon,Mon,180,162,162,0.9,True,False,799162,63880,863042,0,187,3
2025-11-24,HYD,Hyderabad,11,Post-Monsoon,Sat,180,161,161,0.894,False,False,674572,60234,734806,0,189,1
2025-07-02,DEL,Delhi,7,Monsoon,Mon,180,140,140,0.776,True,False,644169,47669,691838,1,145,2
2025-12-14,DEL,Delhi,12,Winter,Sun,180,147,147,0.815,True,False,665586,47983,713569,0,173,0
2025-03-27,BOM,Mumbai,3,Spring,Mon,180,141,141,0.784,True,False,628377,56742,685119,0,158,0
2025-06-22,BOM,Mumbai,6,Summer,Sun,180,121,121,0.674,True,False,513684,49273,562957,0,142,0
2025-03-26,BLR,Bengaluru,3,Spring,Mon,180,130,130,0.724,True,False,493715,54239,547954,0,153,1
2025-02-18,DEL,Delhi,2,Winter,Mon,180,139,139,0.773,False,False,558846,48595,607441,0,143,1
2025-05-28,BLR,Bengaluru,5,Summer,Sun,180,150,150,0.834,True,False,585813,42356,628169,0,166,0
2025-10-02,HYD,Hyderabad,10,Post-Monsoon,Sat,180,144,144,0.801,True,False,612317,43994,656311,0,159,0
2025-06-07,BOM,Mumbai,6,Summer,Wed,180,137,137,0.758,True,False,568760,56515,625275,0,161,1
2025-06-21,DEL,Delhi,6,Summer,Sun,180,128,128,0.71,True,False,570404,40799,611203,0,151,0
2025-09-11,BOM,Mumbai,9,Monsoon,Thu,180,124,124,0.687,False,False,530788,51907,582695,1,128,1
2025-03-20,DEL,Delhi,3,Spring,Thu,180,152,152,0.845,True,False,646567,58669,705236,0,162,0
2025-12-07,DEL,Delhi,12,Winter,Sun,180,135,135,0.748,False,False,577021,47366,624387,0,138,2
2025-06-17,DEL,Delhi,6,Summer,Sat,180,138,138,0.767,True,False,615243,47608,662851,0,162,0
2025-12-28,DEL,Delhi,12,Winter,Mon,180,137,137,0.763,False,False,637403,55757,693160,0,142,2
2025-07-20,BLR,Bengaluru,7,Monsoon,Mon,180,163,163,0.904,False,False,608879,47227,656106,0,169,2
2025-12-05,DEL,Delhi,12,Winter,Mon,180,150,150,0.836,False,False,695150,48910,744060,1,176,0
2025-09-08,CCU,Kolkata,9,Monsoon,Sat,180,136,136,0.754,True,False,515514,56748,572262,0,148,1
2025-03-23,DEL,Delhi,3,Spring,Thu,180,146,146,0.812,True,False,645796,43758,689554,0,157,0
2025-06-09,DEL,Delhi,6,Summer,Sat,180,138,138,0.767,True,False,621880,42608,664488,0,150,1
2025-10-18,HYD,Hyderabad,10,Post-Monsoon,Tue,180,161,161,0.893,True,False,724529,64013,788542,0,173,0
2025-03-18,BOM,Mumbai,3,Spring,Sun,180,136,136,0.754,True,False,608416,50618,659034,0,147,1
2025-10-09,BLR,Bengaluru,10,Post-Monsoon,Fri,180,168,168,0.935,True,False,740774,63180,803954,0,182,0
2025-03-17,BLR,Bengaluru,3,Spring,Mon,180,134,134,0.746,True,False,523242,50116,573358,0,148,1
2025-07-24,BOM,Mumbai,7,Monsoon,Mon,180,128,128,0.713,False,False,535323,49635,584958,0,150,1
2025-07-16,BOM,Mumbai,7,Monsoon,Sat,180,142,142,0.787,True,False,634629,48719,683348,0,147,0
2025-11-07,BOM,Mumbai,11,Post-Monsoon,Tue,180,141,141,0.781,True,False,715455,59160,774615,0,153,0
2025-12-06,CCU,Kolkata,12,Winter,Sat,180,158,158,0.878,False,False,585166,60232,645398,3,168,1
2025-03-01,BOM,Mumbai,3,Spring,Mon,180,146,146,0.811,True,False,647948,56492,704440,0,153,0
2025-01-04,CCU,Kolkata,1,Winter,Wed,180,133,133,0.738,True,False,431843,50256,482099,0,149,2
2025-02-28,BOM,Mumbai,2,Winter,Thu,180,139,139,0.771,True,False,530042,43915,573957,0,151,2
2025-07-09,DEL,Delhi,7,Monsoon,Sun,180,141,141,0.782,True,False,612756,47230,659986,0,166,1
2025-05-07,HYD,Hyderabad,5,Summer,Wed,180,125,125,0.693,False,False,487220,39098,526318,2,141,1
2025-07-08,DEL,Delhi,7,Monsoon,Sat,180,137,137,0.759,True,False,571712,47642,619354,0,151,2
2025-02-10,DEL,Delhi,2,Winter,Tue,180,131,131,0.73,True,False,534809,54867,589676,0,151,2
2025-08-16,BLR,Bengaluru,8,Monsoon,Wed,180,140,140,0.78,False,False,525552,55832,581384,0,160,1
2025-11-20,BOM,Mumbai,11,Post-Monsoon,Sat,180,148,148,0.822,False,False,739671,42957,782628,0,157,2
2025-08-02,BOM,Mumbai,8,Monsoon,Tue,180,118,118,0.656,False,False,520582,47658,568240,0,130,1
2025-11-06,DEL,Delhi,11,Post-Monsoon,Sun,180,137,137,0.763,True,False,728721,39522,768243,0,149,2
2025-05-23,BLR,Bengaluru,5,Summer,Sun,180,139,139,0.77,True,False,550420,57311,607731,0,150,1
2025-11-05,DEL,Delhi,11,Post-Monsoon,Fri,180,133,133,0.737,True,False,690527,46547,737074,0,155,1
2025-09-23,BLR,Bengaluru,9,Monsoon,Sun,180,145,145,0.804,True,False,569856,50734,620590,0,150,0
2025-03-11,DEL,Delhi,3,Spring,Thu,180,132,132,0.731,True,False,594167,42744,636911,0,145,0
2025-04-28,HYD,Hyderabad,4,Spring,Fri,180,148,148,0.821,True,False,574951,51911,626862,0,159,3
2025-08-05,BOM,Mumbai,8,Monsoon,Wed,180,143,143,0.795,True,False,611959,43699,655658,0,150,1
2025-12-22,BLR,Bengaluru,12,Winter,Sat,180,143,143,0.792,True,False,554427,49052,603479,0,147,1
2025-10-28,CCU,Kolkata,10,Post-Monsoon,Fri,180,158,158,0.876,True,False,703985,53948,757933,0,179,0
2025-07-23,HYD,Hyderabad,7,Monsoon,Sat,180,148,148,0.825,True,False,541753,52884,594637,0,157,2
2025-12-22,HYD,Hyderabad,12,Winter,Wed,180,139,139,0.774,True,False,488111,50740,538851,0,161,1
2025-01-25,CCU,Kolkata,1,Winter,Mon,180,132,132,0.733,True,False,465896,55047,520943,0,139,1
2025-03-03,BLR,Bengaluru,3,Spring,Wed,180,148,148,0.825,True,False,604304,43789,648093,0,173,1
2025-06-04,CCU,Kolkata,6,Summer,Sun,180,139,0,0.774,False,True,0,0,0,0,0,0
2025-03-22,CCU,Kolkata,3,Spring,Tue,180,146,146,0.808,True,False,526216,54509,580725,0,150,2
2025-06-06,DEL,Delhi,6,Summer,Sun,180,129,129,0.716,True,False,534816,53056,587872,0,149,2
2025-04-23,BOM,Mumbai,4,Spring,Thu,180,150,150,0.836,True,False,660348,42495,702843,0,164,1
2025-03-25,CCU,Kolkata,3,Spring,Thu,180,122,0,0.677,False,True,0,0,0,3,0,0
2025-09-16,DEL,Delhi,9,Monsoon,Thu,180,147,147,0.815,True,False,638404,56843,695247,0,172,0
2025-06-20,BOM,Mumbai,6,Summer,Sun,180,131,131,0.729,False,False,564742,46118,610860,0,135,0
2025-10-13,BLR,Bengaluru,10,Post-Monsoon,Thu,180,170,170,0.943,True,False,797090,69594,866684,0,179,0
2025-01-11,DEL,Delhi,1,Winter,Tue,180,101,101,0.562,False,False,422585,41429,464014,0,106,0
2025-11-03,BLR,Bengaluru,11,Post-Monsoon,Sun,180,164,164,0.912,True,False,701178,63309,764487,0,185,1
2025-10-11,DEL,Delhi,10,Post-Monsoon,Mon,180,135,135,0.751,True,False,686730,55429,742159,0,149,1
2025-11-04,DEL,Delhi,11,Post-Monsoon,Wed,180,174,174,0.967,True,False,831462,66150,897612,0,179,0
2025-09-01,HYD,Hyderabad,9,Monsoon,Fri,180,135,135,0.749,True,False,485563,49392,534955,0,157,0
2025-06-24,BLR,Bengaluru,6,Summer,Mon,180,157,157,0.873,False,False,598109,59931,658040,0,179,3
2025-10-07,BOM,Mumbai,10,Post-Monsoon,Tue,180,156,156,0.865,True,False,747619,56826,804445,0,182,0
2025-09-22,BOM,Mumbai,9,Monsoon,Sun,180,150,150,0.831,True,False,623651,46322,669973,0,177,1
2025-03-25,DEL,Delhi,3,Spring,Wed,180,148,148,0.821,True,False,653613,45965,699578,0,158,0
2025-11-16,BLR,Bengaluru,11,Post-Monsoon,Sat,180,153,153,0.852,True,False,714630,56040,770670,0,168,1
2025-01-20,BOM,Mumbai,1,Winter,Mon,180,128,128,0.712,True,False,510212,46325,556537,0,145,2
2025-06-16,HYD,Hyderabad,6,Summer,Fri,180,138,138,0.768,True,False,519949,42691,562640,0,143,0
2025-03-14,BOM,Mumbai,3,Spring,Sat,180,116,116,0.645,True,False,504535,38987,543522,0,119,1
2025-02-15,BOM,Mumbai,2,Winter,Sun,180,125,125,0.692,True,False,509179,51834,561013,0,137,0
2025-09-28,DEL,Delhi,9,Monsoon,Fri,180,155,155,0.86,True,False,683413,49023,732436,0,181,0
2025-05-06,BLR,Bengaluru,5,Summer,Thu,180,146,146,0.811,True,False,547456,59295,606751,0,157,2
2025-05-03,DEL,Delhi,5,Summer,Tue,180,137,137,0.762,True,False,629233,41761,670994,0,154,0
2025-06-09,BOM,Mumbai,6,Summer,Mon,180,151,151,0.838,False,False,633997,60429,694426,0,173,0
2025-12-19,BOM,Mumbai,12,Winter,Wed,180,148,148,0.824,True,False,667393,50015,717408,0,165,1
2025-11-24,BLR,Bengaluru,11,Post-Monsoon,Wed,180,137,137,0.759,True,False,633539,53869,687408,0,151,0
2025-04-18,CCU,Kolkata,4,Spring,Wed,180,144,144,0.8,False,False,547189,56107,603296,0,168,2
2025-01-06,BLR,Bengaluru,1,Winter,Tue,180,133,133,0.74,True,False,490884,55423,546307,0,151,0
2025-04-21,HYD,Hyderabad,4,Spring,Sun,180,162,162,0.9,True,False,608617,67549,676166,0,171,1
2025-06-14,BOM,Mumbai,6,Summer,Sat,180,149,149,0.826,False,False,609095,57775,666870,1,163,0
2025-07-01,DEL,Delhi,7,Monsoon,Tue,180,136,136,0.756,True,False,572579,43936,616515,0,155,0
2025-04-09,HYD,Hyderabad,4,Spring,Fri,180,138,138,0.766,True,False,531700,52938,584638,0,159,1
2025-11-06,DEL,Delhi,11,Post-Monsoon,Sun,180,162,162,0.901,False,False,803030,60096,863126,0,173,3
2025-01-24,HYD,Hyderabad,1,Winter,Sun,180,125,125,0.694,True,False,421926,48793,470719,1,145,0
2025-06-16,HYD,Hyderabad,6,Summer,Mon,180,121,121,0.671,True,False,467354,40651,508005,0,140,0
2025-01-08,HYD,Hyderabad,1,Winter,Fri,180,136,136,0.754,True,False,447557,50190,497747,0,149,0
2025-02-16,BOM,Mumbai,2,Winter,Sun,180,121,121,0.674,True,False,480630,45982,526612,0,136,0
2025-12-17,BLR,Bengaluru,12,Winter,Sat,180,151,151,0.837,True,False,559425,59906,619331,0,165,0
2025-03-10,CCU,Kolkata,3,Spring,Thu,180,135,135,0.749,True,False,501409,54779,556188,0,154,0
2025-08-17,BLR,Bengaluru,8,Monsoon,Mon,180,152,152,0.846,False,False,583295,43425,626720,0,172,3
2025-08-07,BOM,Mumbai,8,Monsoon,Sun,180,137,137,0.76,False,False,579437,42770,622207,0,150,1
2025-11-24,DEL,Delhi,11,Post-Monsoon,Fri,180,149,149,0.827,True,False,793037,61051,854088,0,163,0
2025-12-28,CCU,Kolkata,12,Winter,Mon,180,167,167,0.929,False,False,669236,60603,729839,0,196,0
2025-12-24,BOM,Mumbai,12,Winter,Sun,180,136,136,0.755,False,False,592246,50519,642765,0,147,1
2025-03-13,HYD,Hyderabad,3,Spring,Thu,180,148,148,0.825,True,False,560626,43770,604396,0,155,0
2025-05-25,HYD,Hyderabad,5,Summer,Fri,180,139,139,0.77,True,False,528310,46472,574782,0,164,0
2025-09-02,BOM,Mumbai,9,Monsoon,Fri,180,144,144,0.8,False,False,618385,48053,666438,0,168,1
2025-05-23,DEL,Delhi,5,Summer,Fri,180,154,154,0.855,True,False,647730,60696,708426,0,175,1
2025-11-14,HYD,Hyderabad,11,Post-Monsoon,Fri,180,170,170,0.946,False,False,688748,69957,758705,0,198,1
2025-08-16,BLR,Bengaluru,8,Monsoon,Mon,180,140,140,0.775,True,False,536460,53686,590146,1,160,3
2025-12-09,BOM,Mumbai,12,Winter,Fri,180,140,140,0.775,True,False,620708,48696,669404,1,148,1
2025-02-27,BLR,Bengaluru,2,Winter,Tue,180,130,130,0.72,True,False,460960,40226,501186,0,139,2
2025-08-25,HYD,Hyderabad,8,Monsoon,Wed,180,132,132,0.735,True,False,473894,38019,511913,0,143,0
2025-04-10,HYD,Hyderabad,4,Spring,Fri,180,132,132,0.731,True,False,508395,53168,561563,0,155,0
2025-03-23,BLR,Bengaluru,3,Spring,Tue,180,129,129,0.718,True,False,521615,39379,560994,0,148,4
2025-12-14,HYD,Hyderabad,12,Winter,Sun,180,159,159,0.882,False,False,605976,56496,662472,0,165,0
2025-12-28,DEL,Delhi,12,Winter,Fri,180,128,128,0.713,False,False,593548,52475,646023,1,146,0
2025-11-12,BLR,Bengaluru,11,Post-Monsoon,Sat,180,148,148,0.823,True,False,661530,47522,709052,0,169,1
2025-08-09,CCU,Kolkata,8,Monsoon,Mon,180,132,132,0.731,False,False,492603,50625,543228,0,151,0
2025-07-06,BLR,Bengaluru,7,Monsoon,Fri,180,131,131,0.728,True,False,532978,47900,580878,0,138,1
2025-09-16,HYD,Hyderabad,9,Monsoon,Mon,180,150,150,0.833,True,False,550683,49747,600430,0,173,2
2025-09-27,BLR,Bengaluru,9,Monsoon,Fri,180,131,131,0.73,True,False,531281,53684,584965,0,142,0
2025-09-16,BLR,Bengaluru,9,Monsoon,Thu,180,138,138,0.769,True,False,569597,49576,619173,0,160,0
2025-05-26,CCU,Kolkata,5,Summer,Sun,180,163,163,0.903,True,False,648545,55252,703797,0,184,0
2025-03-16,BLR,Bengaluru,3,Spring,Thu,180,144,144,0.8,True,False,561624,51682,613306,0,149,0
2025-04-13,BOM,Mumbai,4,Spring,Sat,180,132,132,0.731,False,False,563347,47091,610438,0,147,0
2025-03-07,BOM,Mumbai,3,Spring,Sun,180,150,150,0.833,True,False,635584,62134,697718,1,155,1
2025-10-14,BLR,Bengaluru,10,Post-Monsoon,Sat,180,144,144,0.799,True,False,655032,51722,706754,0,158,0
2025-02-02,BLR,Bengaluru,2,Winter,Wed,180,153,153,0.848,True,False,568604,62396,631000,0,177,0
2025-12-05,CCU,Kolkata,12,Winter,Mon,180,137,137,0.76,False,False,531047,53874,584921,0,153,3
2025-04-10,DEL,Delhi,4,Spring,Fri,180,142,142,0.788,False,False,660508,50067,710575,0,146,4
2025-01-16,DEL,Delhi,1,Winter,Fri,180,143,143,0.797,True,False,542507,45928,588435,0,148,2
2025-06-27,DEL,Delhi,6,Summer,Mon,180,137,137,0.76,True,False,606474,43972,650446,0,161,1
2025-06-18,BLR,Bengaluru,6,Summer,Fri,180,155,155,0.859,True,False,610569,60524,671093,0,172,0
2025-08-18,BLR,Bengaluru,8,Monsoon,Tue,180,158,158,0.876,False,False,597598,59015,656613,0,170,1
2025-06-28,DEL,Delhi,6,Summer,Wed,180,153,153,0.85,True,False,657597,46497,704094,0,179,1
2025-07-13,BLR,Bengaluru,7,Monsoon,Tue,180,145,145,0.804,False,False,588291,41781,630072,0,152,2
2025-04-17,DEL,Delhi,4,Spring,Wed,180,149,149,0.831,False,False,644380,52937,697317,0,155,2
2025-02-25,HYD,Hyderabad,2,Winter,Fri,180,118,118,0.658,True,False,399668,45233,444901,0,138,1
2025-01-25,BOM,Mumbai,1,Winter,Tue,180,128,0,0.713,False,True,0,0,0,1,0,0
2025-08-06,BOM,Mumbai,8,Monsoon,Tue,180,145,145,0.805,True,False,590327,50811,641138,0,160,1
2025-03-11,BLR,Bengaluru,3,Spring,Sun,180,142,142,0.791,True,False,586223,46714,632937,0,153,1
2025-05-19,DEL,Delhi,5,Summer,Sun,180,136,136,0.753,True,False,631838,56016,687854,0,148,1
2025-06-25,BOM,Mumbai,6,Summer,Wed,180,130,130,0.723,False,False,529168,36946,566114,0,142,1
2025-02-28,DEL,Delhi,2,Winter,Sat,180,134,134,0.745,True,False,527662,51733,579395,0,150,1
2025-11-01,HYD,Hyderabad,11,Post-Monsoon,Thu,180,151,151,0.837,True,False,619848,62817,682665,1,166,0
2025-05-24,BOM,Mumbai,5,Summer,Fri,180,152,152,0.845,True,False,675205,55124,730329,0,161,1
2025-09-21,BOM,Mumbai,9,Monsoon,Sun,180,150,150,0.833,True,False,682103,44102,726205,0,155,0
2025-05-08,DEL,Delhi,5,Summer,Mon,180,141,0,0.781,False,True,0,0,0,1,0,0
2025-03-28,BOM,Mumbai,3,Spring,Sat,180,138,138,0.769,False,False,560694,49752,610446,0,159,1
2025-09-16,CCU,Kolkata,9,Monsoon,Wed,180,138,138,0.766,False,False,536632,44474,581106,1,142,0
2025-11-24,DEL,Delhi,11,Post-Monsoon,Thu,180,155,155,0.862,True,False,779791,43968,823759,0,161,1
2025-03-11,HYD,Hyderabad,3,Spring,Sun,180,134,134,0.743,True,False,509811,48991,558802,0,145,0
2025-05-01,CCU,Kolkata,5,Summer,Thu,180,158,158,0.88,True,False,589448,49307,638755,0,171,0
2025-10-23,HYD,Hyderabad,10,Post-Monsoon,Mon,180,158,158,0.877,False,False,680694,44620,725314,0,179,1
2025-01-06,DEL,Delhi,1,Winter,Mon,180,141,141,0.784,False,False,557992,58160,616152,1,160,0
2025-02-05,DEL,Delhi,2,Winter,Wed,180,125,125,0.694,True,False,519299,41996,561295,0,147,0
2025-08-04,DEL,Delhi,8,Monsoon,Sun,180,139,139,0.775,False,False,602021,45505,647526,3,152,1
2025-12-23,DEL,Delhi,12,Winter,Wed,180,131,131,0.725,False,False,547105,52436,599541,0,152,1
2025-12-23,BOM,Mumbai,12,Winter,Sat,180,150,150,0.836,False,False,667417,58534,725951,2,163,2
2025-10-13,DEL,Delhi,10,Post-Monsoon,Sun,180,146,146,0.809,True,False,710533,45167,755700,0,163,1
2025-09-07,BOM,Mumbai,9,Monsoon,Mon,180,145,145,0.806,True,False,602698,55808,658506,0,161,0
2025-07-06,BOM,Mumbai,7,Monsoon,Sat,180,125,125,0.693,True,False,531665,41609,573274,0,128,1
2025-02-27,CCU,Kolkata,2,Winter,Mon,180,148,148,0.824,True,False,521858,52582,574440,0,152,2
2025-04-04,HYD,Hyderabad,4,Spring,Mon,180,130,130,0.72,True,False,501693,38085,539778,0,136,0
2025-11-01,DEL,Delhi,11,Post-Monsoon,Thu,180,152,152,0.845,True,False,736612,53559,790171,0,174,1
2025-09-08,DEL,Delhi,9,Monsoon,Sun,180,144,144,0.802,False,False,620633,40667,661300,0,158,2
2025-02-10,DEL,Delhi,2,Winter,Tue,180,115,115,0.636,True,False,468877,43243,512120,0,127,0
2025-08-03,DEL,Delhi,8,Monsoon,Fri,180,137,137,0.759,False,False,610396,50983,661379,0,148,0
2025-09-27,BOM,Mumbai,9,Monsoon,Tue,180,142,142,0.789,True,False,590313,46304,636617,0,163,0
2025-05-18,DEL,Delhi,5,Summer,Thu,180,132,132,0.735,True,False,610876,38104,648980,0,135,1
2025-01-17,DEL,Delhi,1,Winter,Mon,180,141,141,0.785,True,False,578839,45184,624023,0,144,1
2025-09-05,HYD,Hyderabad,9,Monsoon,Fri,180,133,133,0.74,False,False,485811,50840,536651,0,139,1
2025-11-24,DEL,Delhi,11,Post-Monsoon,Thu,180,154,154,0.855,True,False,796870,59480,856350,0,171,0
2025-04-25,BOM,Mumbai,4,Spring,Sun,180,147,147,0.819,True,False,650151,42043,692194,0,156,0
2025-10-07,BOM,Mumbai,10,Post-Monsoon,Fri,180,152,152,0.842,True,False,775855,57127,832982,0,171,1
2025-10-21,BLR,Bengaluru,10,Post-Monsoon,Wed,180,153,153,0.848,False,False,661649,60509,722158,0,161,2
2025-08-17,BOM,Mumbai,8,Monsoon,Thu,180,143,143,0.796,True,False,580174,56298,636472,0,150,0
2025-07-19,BOM,Mumbai,7,Monsoon,Mon,180,141,141,0.782,True,False,580783,51288,632071,0,161,2
2025-07-14,DEL,Delhi,7,Monsoon,Sat,180,139,0,0.77,False,True,0,0,0,3,0,0
2025-11-12,BOM,Mumbai,11,Post-Monsoon,Sat,180,154,154,0.858,True,False,775144,45766,820910,0,173,2
2025-10-20,CCU,Kolkata,10,Post-Monsoon,Tue,180,167,167,0.929,False,False,757947,65166,823113,0,195,0
2025-06-15,CCU,Kolkata,6,Summer,Thu,180,139,139,0.77,True,False,545714,55524,601238,0,161,1
2025-06-19,BLR,Bengaluru,6,Summer,Thu,180,159,159,0.885,True,False,594565,49076,643641,0,165,1
2025-02-16,DEL,Delhi,2,Winter,Wed,180,138,138,0.767,False,False,550185,39836,590021,0,146,2
2025-05-24,DEL,Delhi,5,Summer,Tue,180,137,137,0.762,False,False,578799,53358,632157,0,145,3
2025-01-12,DEL,Delhi,1,Winter,Wed,180,131,131,0.73,True,False,543243,53183,596426,0,134,2
2025-04-07,BLR,Bengaluru,4,Spring,Sat,180,148,148,0.82,False,False,608558,53698,662256,0,167,1
2025-01-20,HYD,Hyderabad,1,Winter,Wed,180,125,125,0.693,True,False,411104,41372,452476,0,133,0
2025-02-07,BLR,Bengaluru,2,Winter,Tue,180,130,130,0.723,True,False,471331,51429,522760,0,141,1
2025-09-27,BOM,Mumbai,9,Monsoon,Mon,180,132,132,0.735,True,False,565228,44828,610056,0,146,1
2025-11-21,CCU,Kolkata,11,Post-Monsoon,Wed,180,158,158,0.876,True,False,681219,65184,746403,0,165,1
2025-05-16,CCU,Kolkata,5,Summer,Sun,180,120,120,0.666,True,False,438495,43355,481850,0,136,0
2025-07-14,BLR,Bengaluru,7,Monsoon,Sun,180,149,149,0.827,True,False,554451,45577,600028,0,172,0
2025-09-25,DEL,Delhi,9,Monsoon,Sun,180,125,125,0.695,True,False,575633,45161,620794,0,137,2
2025-10-10,HYD,Hyderabad,10,Post-Monsoon,Sun,180,153,153,0.85,True,False,659379,58196,717575,0,174,3
2025-12-20,DEL,Delhi,12,Winter,Sat,180,126,126,0.702,True,False,562547,36763,599310,0,146,2
2025-11-09,BOM,Mumbai,11,Post-Monsoon,Sat,180,164,164,0.912,True,False,803458,47870,851328,0,180,0
2025-04-27,BLR,Bengaluru,4,Spring,Wed,180,133,133,0.74,False,False,497931,44548,542479,0,145,2
2025-11-08,DEL,Delhi,11,Post-Monsoon,Wed,180,163,163,0.906,True,False,843639,68045,911684,0,181,0
2025-07-11,DEL,Delhi,7,Monsoon,Sun,180,148,148,0.822,True,False,683968,48571,732539,1,163,0
2025-08-07,BOM,Mumbai,8,Monsoon,Sat,180,134,134,0.745,True,False,545080,55006,600086,0,141,0
2025-04-05,BLR,Bengaluru,4,Spring,Wed,180,126,126,0.701,True,False,515466,50276,565742,0,135,0
2025-02-11,CCU,Kolkata,2,Winter,Mon,180,138,138,0.768,True,False,467296,44469,511765,0,151,0
2025-06-04,DEL,Delhi,6,Summer,Thu,180,140,140,0.776,True,False,599062,48191,647253,0,157,1
2025-04-06,DEL,Delhi,4,Spring,Mon,180,120,120,0.668,True,False,525477,43055,568532,0,138,0
2025-06-27,DEL,Delhi,6,Summer,Thu,180,150,150,0.835,True,False,670577,45802,716379,0,171,0
2025-01-14,HYD,Hyderabad,1,Winter,Sat,180,137,137,0.764,True,False,472674,50940,523614,0,141,0
2025-10-08,BLR,Bengaluru,10,Post-Monsoon,Tue,180,145,145,0.805,True,False,624098,52225,676323,0,154,1
2025-11-10,BOM,Mumbai,11,Post-Monsoon,Tue,180,159,159,0.884,False,False,787134,48046,835180,0,166,4
2025-09-07,BLR,Bengaluru,9,Monsoon,Wed,180,124,124,0.69,True,False,498007,39209,537216,1,136,0
2025-07-17,DEL,Delhi,7,Monsoon,Tue,180,150,150,0.835,False,False,678811,57565,736376,0,165,0
2025-01-04,BOM,Mumbai,1,Winter,Thu,180,142,142,0.79,True,False,536622,47232,583854,0,165,2
2025-04-01,DEL,Delhi,4,Spring,Sun,180,132,132,0.734,True,False,567525,55156,622681,0,155,1
2025-10-06,CCU,Kolkata,10,Post-Monsoon,Sat,180,169,169,0.94,True,False,775139,55401,830540,0,190,1
2025-07-06,DEL,Delhi,7,Monsoon,Thu,180,128,128,0.71,True,False,576944,52555,629499,0,150,1
2025-08-19,DEL,Delhi,8,Monsoon,Sun,180,148,148,0.823,True,False,614622,49632,664254,0,156,1
2025-02-16,HYD,Hyderabad,2,Winter,Wed,180,138,138,0.766,True,False,464342,44309,508651,0,150,1
2025-05-07,BOM,Mumbai,5,Summer,Sun,180,145,145,0.805,True,False,608992,50513,659505,1,152,1
2025-09-09,BLR,Bengaluru,9,Monsoon,Wed,180,136,136,0.753,False,False,541583,44742,586325,0,151,0
2025-07-02,DEL,Delhi,7,Monsoon,Tue,180,139,139,0.772,True,False,635699,56191,691890,0,156,2
2025-01-24,CCU,Kolkata,1,Winter,Fri,180,126,126,0.699,True,False,452507,42788,495295,0,143,0
2025-07-05,HYD,Hyderabad,7,Monsoon,Fri,180,149,149,0.825,True,False,521305,55470,576775,0,156,0
2025-07-19,DEL,Delhi,7,Monsoon,Wed,180,132,132,0.733,True,False,570534,54637,625171,0,139,1
2025-01-20,DEL,Delhi,1,Winter,Sun,180,128,128,0.713,True,False,520105,42139,562244,0,142,0
2025-07-26,BOM,Mumbai,7,Monsoon,Mon,180,135,135,0.751,True,False,561932,52861,614793,0,155,0
2025-11-12,BOM,Mumbai,11,Post-Monsoon,Sat,180,137,137,0.759,True,False,700508,52016,752524,0,146,0
2025-09-25,DEL,Delhi,9,Monsoon,Sun,180,148,148,0.824,True,False,620994,60819,681813,0,174,0
2025-12-24,HYD,Hyderabad,12,Winter,Wed,180,142,142,0.791,True,False,536659,57922,594581,0,152,1
2025-08-04,BOM,Mumbai,8,Monsoon,Thu,180,136,136,0.754,True,False,618826,54574,673400,0,155,1
2025-07-18,DEL,Delhi,7,Monsoon,Tue,180,151,151,0.84,True,False,701147,51898,753045,0,157,1
2025-02-16,BOM,Mumbai,2,Winter,Sat,180,128,128,0.712,False,False,503326,42222,545548,0,136,1
2025-03-23,BLR,Bengaluru,3,Spring,Tue,180,147,147,0.819,True,False,555187,59485,614672,0,163,3
2025-06-19,BLR,Bengaluru,6,Summer,Sun,180,155,155,0.864,True,False,586672,59937,646609,0,176,1
2025-02-22,CCU,Kolkata,2,Winter,Sun,180,126,126,0.7,True,False,435392,44100,479492,0,142,0
2025-04-25,BOM,Mumbai,4,Spring,Sun,180,147,147,0.819,False,False,648810,55458,704268,0,165,0
2025-03-19,BLR,Bengaluru,3,Spring,Tue,180,140,140,0.777,True,False,543053,58585,601638,0,143,0
2025-12-18,BLR,Bengaluru,12,Winter,Tue,180,150,150,0.834,False,False,592237,49611,641848,2,164,4
2025-04-21,CCU,Kolkata,4,Spring,Tue,180,141,141,0.784,True,False,543322,46849,590171,0,161,1
2025-11-14,BLR,Bengaluru,11,Post-Monsoon,Sun,180,135,135,0.752,True,False,594200,51577,645777,0,153,2
2025-08-26,DEL,Delhi,8,Monsoon,Thu,180,139,139,0.773,True,False,614951,52498,667449,0,163,2
2025-09-21,BOM,Mumbai,9,Monsoon,Sun,180,155,155,0.86,True,False,701905,48687,750592,0,180,2
2025-11-12,BOM,Mumbai,11,Post-Monsoon,Sat,180,157,157,0.874,True,False,730912,54013,784925,0,181,0
2025-06-02,BOM,Mumbai,6,Summer,Tue,180,137,137,0.762,True,False,569761,43985,613746,0,155,0
2025-11-24,BLR,Bengaluru,11,Post-Monsoon,Fri,180,154,154,0.856,True,False,726772,47110,773882,0,171,2
2025-10-28,DEL,Delhi,10,Post-Monsoon,Thu,180,129,129,0.716,True,False,652799,42841,695640,0,144,0
2025-08-19,BOM,Mumbai,8,Monsoon,Sat,180,140,140,0.775,True,False,603878,49417,653295,0,144,0
2025-10-18,BLR,Bengaluru,10,Post-Monsoon,Fri,180,147,147,0.816,True,False,655937,53258,709195,0,156,0
2025-01-24,CCU,Kolkata,1,Winter,Wed,180,122,122,0.676,False,False,414736,42590,457326,0,139,1
2025-11-23,DEL,Delhi,11,Post-Monsoon,Wed,180,176,176,0.98,True,False,862717,49820,912537,0,204,2
2025-09-16,HYD,Hyderabad,9,Monsoon,Thu,180,154,154,0.856,True,False,558275,58654,616929,0,162,0
2025-11-13,BLR,Bengaluru,11,Post-Monsoon,Sun,180,154,154,0.854,True,False,669062,64120,733182,0,157,1
2025-11-22,DEL,Delhi,11,Post-Monsoon,Tue,180,142,142,0.791,True,False,715772,51449,767221,0,158,3
2025-08-04,BLR,Bengaluru,8,Monsoon,Mon,180,144,144,0.8,True,False,560156,58516,618672,0,160,0
2025-05-26,CCU,Kolkata,5,Summer,Mon,180,137,137,0.759,True,False,516424,45393,561817,0,140,2
2025-07-06,BLR,Bengaluru,7,Monsoon,Fri,180,141,141,0.782,True,False,579794,54962,634756,1,165,1
2025-08-24,DEL,Delhi,8,Monsoon,Sat,180,140,140,0.779,True,False,596479,55553,652032,0,149,0
2025-05-15,HYD,Hyderabad,5,Summer,Sun,180,145,145,0.806,True,False,528756,50338,579094,0,164,0
2025-07-13,DEL,Delhi,7,Monsoon,Sun,180,137,137,0.763,False,False,632272,54414,686686,0,144,1
2025-12-22,BOM,Mumbai,12,Winter,Tue,180,130,130,0.721,True,False,573045,38095,611140,0,144,2
2025-04-12,BLR,Bengaluru,4,Spring,Mon,180,136,136,0.756,True,False,505702,43289,548991,0,150,1
2025-01-22,BOM,Mumbai,1,Winter,Wed,180,130,130,0.722,True,False,506064,53130,559194,0,140,1
2025-10-21,BLR,Bengaluru,10,Post-Monsoon,Wed,180,152,152,0.847,True,False,707326,50533,757859,0,160,0
2025-08-27,BOM,Mumbai,8,Monsoon,Sat,180,127,127,0.704,True,False,542713,45108,587821,0,132,0
2025-01-23,DEL,Delhi,1,Winter,Mon,180,139,139,0.771,True,False,542673,48613,591286,0,145,0
2025-10-28,HYD,Hyderabad,10,Post-Monsoon,Thu,180,149,149,0.827,True,False,644064,51140,695204,0,169,2
2025-07-16,BOM,Mumbai,7,Monsoon,Thu,180,151,151,0.84,True,False,611773,51365,663138,0,165,1
2025-04-03,BLR,Bengaluru,4,Spring,Wed,180,143,143,0.794,True,False,572859,57825,630684,0,146,1
2025-09-13,BLR,Bengaluru,9,Monsoon,Thu,180,148,148,0.821,True,False,580174,41905,622079,0,151,2
2025-01-11,HYD,Hyderabad,1,Winter,Sun,180,133,133,0.741,True,False,422760,39815,462575,0,141,0
2025-06-09,HYD,Hyderabad,6,Summer,Sat,180,133,133,0.739,True,False,507440,48333,555773,0,136,1
2025-01-26,HYD,Hyderabad,1,Winter,Mon,180,126,126,0.7,True,False,401438,41049,442487,0,143,0
2025-08-14,HYD,Hyderabad,8,Monsoon,Mon,180,147,147,0.814,False,False,536234,53089,589323,1,156,1
2025-03-20,HYD,Hyderabad,3,Spring,Sun,180,125,125,0.697,True,False,481075,49067,530142,0,142,0
2025-04-10,DEL,Delhi,4,Spring,Sat,180,129,129,0.717,True,False,548085,48297,596382,0,138,3
2025-02-12,DEL,Delhi,2,Winter,Sun,180,129,129,0.717,False,False,525844,42838,568682,1,135,1
2025-12-27,DEL,Delhi,12,Winter,Thu,180,140,140,0.78,True,False,589052,51073,640125,0,158,1
2025-03-04,BLR,Bengaluru,3,Spring,Thu,180,144,144,0.798,True,False,554465,47992,602457,0,147,0
2025-10-25,BLR,Bengaluru,10,Post-Monsoon,Fri,180,153,153,0.85,True,False,689695,44302,733997,0,165,0
2025-03-02,CCU,Kolkata,3,Spring,Sun,180,122,122,0.678,True,False,466355,40887,507242,0,129,1
2025-09-20,BLR,Bengaluru,9,Monsoon,Wed,180,127,127,0.705,True,False,472725,37834,510559,0,138,0
2025-02-04,DEL,Delhi,2,Winter,Tue,180,150,150,0.833,True,False,570101,46699,616800,0,164,0
2025-10-10,DEL,Delhi,10,Post-Monsoon,Thu,180,137,137,0.761,True,False,702999,45210,748209,0,142,0
2025-04-28,DEL,Delhi,4,Spring,Sat,180,130,130,0.722,True,False,578373,49756,628129,0,141,3
2025-01-18,BLR,Bengaluru,1,Winter,Mon,180,134,134,0.746,True,False,484477,43597,528074,0,137,1
2025-01-06,DEL,Delhi,1,Winter,Mon,180,125,125,0.696,False,False,487258,51936,539194,0,143,0
2025-09-01,BOM,Mumbai,9,Monsoon,Thu,180,150,150,0.831,True,False,613152,59682,672834,0,172,2
2025-02-06,HYD,Hyderabad,2,Winter,Thu,180,142,142,0.791,True,False,457820,49120,506940,0,158,0
2025-04-26,HYD,Hyderabad,4,Spring,Sun,180,140,140,0.781,True,False,531242,46277,577519,0,163,0
2025-06-20,HYD,Hyderabad,6,Summer,Sat,180,143,143,0.795,True,False,532726,57845,590571,0,156,1
2025-05-04,DEL,Delhi,5,Summer,Wed,180,113,113,0.627,True,False,498323,44330,542653,0,133,1
2025-04-10,BLR,Bengaluru,4,Spring,Sun,180,145,145,0.805,True,False,531723,43793,575516,0,163,0
2025-12-26,BLR,Bengaluru,12,Winter,Tue,180,129,129,0.718,True,False,498346,47589,545935,0,151,1
2025-07-10,CCU,Kolkata,7,Monsoon,Wed,180,141,141,0.784,False,False,545355,45827,591182,0,153,0
2025-03-03,CCU,Kolkata,3,Spring,Mon,180,157,157,0.87,False,False,615237,56832,672069,0,173,2
2025-03-08,DEL,Delhi,3,Spring,Sun,180,144,144,0.798,True,False,628383,40619,669002,0,167,0
2025-08-07,HYD,Hyderabad,8,Monsoon,Fri,180,124,124,0.687,True,False,455860,44684,500544,0,140,0
2025-12-01,HYD,Hyderabad,12,Winter,Sun,180,150,150,0.833,True,False,582930,54096,637026,0,172,0
2025-05-06,BOM,Mumbai,5,Summer,Wed,180,122,122,0.679,True,False,540415,40859,581274,0,128,1
2025-07-14,BOM,Mumbai,7,Monsoon,Thu,180,136,136,0.757,True,False,608663,50827,659490,0,140,0
2025-07-28,BOM,Mumbai,7,Monsoon,Tue,180,132,132,0.734,True,False,538801,42338,581139,0,136,0
2025-10-08,DEL,Delhi,10,Post-Monsoon,Sat,180,166,166,0.92,True,False,835686,68693,904379,1,184,0
2025-02-11,BLR,Bengaluru,2,Winter,Sat,180,124,124,0.688,True,False,460230,49472,509702,0,136,0
2025-02-08,DEL,Delhi,2,Winter,Tue,180,141,141,0.781,True,False,584622,43924,628546,0,144,0
2025-09-24,DEL,Delhi,9,Monsoon,Sat,180,149,149,0.829,True,False,669240,42079,711319,0,169,0
2025-01-27,DEL,Delhi,1,Winter,Sat,180,119,119,0.663,False,False,473439,39021,512460,0,124,0
2025-11-12,CCU,Kolkata,11,Post-Monsoon,Tue,180,143,143,0.795,True,False,620440,42396,662836,0,150,0
2025-12-24,DEL,Delhi,12,Winter,Tue,180,158,158,0.877,False,False,696394,57368,753762,0,175,2
2025-07-10,BOM,Mumbai,7,Monsoon,Wed,180,133,133,0.737,True,False,569856,49531,619387,0,149,0
2025-04-04,BOM,Mumbai,4,Spring,Sat,180,125,125,0.694,True,False,557460,44026,601486,0,130,1
2025-01-06,DEL,Delhi,1,Winter,Mon,180,151,151,0.841,True,False,562474,45291,607765,0,172,0
2025-04-13,DEL,Delhi,4,Spring,Wed,180,134,134,0.743,True,False,605212,46358,651570,0,141,1
2025-09-10,BLR,Bengaluru,9,Monsoon,Mon,180,132,132,0.734,True,False,513687,46550,560237,0,145,0
2025-10-14,DEL,Delhi,10,Post-Monsoon,Tue,180,157,157,0.871,True,False,795735,44122,839857,0,177,0
2025-06-10,DEL,Delhi,6,Summer,Thu,180,162,162,0.897,True,False,747472,56419,803891,0,182,0
2025-11-17,BLR,Bengaluru,11,Post-Monsoon,Mon,180,139,139,0.773,True,False,597131,44213,641344,0,158,2
2025-01-08,CCU,Kolkata,1,Winter,Tue,180,139,139,0.774,True,False,452183,56878,509061,0,150,1
2025-08-23,BLR,Bengaluru,8,Monsoon,Sat,180,141,141,0.784,True,False,533041,55872,588913,0,152,0
2025-04-25,DEL,Delhi,4,Spring,Fri,180,163,163,0.903,True,False,701920,57293,759213,0,182,1
2025-05-01,HYD,Hyderabad,5,Summer,Sun,180,137,137,0.759,True,False,502675,53296,555971,0,140,0
2025-03-06,DEL,Delhi,3,Spring,Thu,180,144,144,0.802,False,False,637160,51977,689137,1,157,0
2025-03-03,DEL,Delhi,3,Spring,Mon,180,167,167,0.93,True,False,776541,47454,823995,0,192,2
2025-02-03,CCU,Kolkata,2,Winter,Fri,180,112,112,0.621,False,False,365227,33180,398407,0,129,3
2025-10-11,BOM,Mumbai,10,Post-Monsoon,Wed,180,144,144,0.803,True,False,709857,54065,763922,0,149,0
2025-04-04,CCU,Kolkata,4,Spring,Mon,180,127,127,0.707,False,False,489280,51161,540441,1,139,0
2025-04-15,BLR,Bengaluru,4,Spring,Sat,180,125,125,0.695,True,False,498008,41856,539864,0,140,0
2025-04-16,HYD,Hyderabad,4,Spring,Wed,180,147,147,0.815,True,False,540449,57587,598036,0,166,2
2025-12-22,BOM,Mumbai,12,Winter,Sat,180,139,139,0.77,True,False,625084,39891,664975,0,161,0
2025-05-16,CCU,Kolkata,5,Summer,Thu,180,152,152,0.844,True,False,555659,60932,616591,0,172,0
2025-06-19,BOM,Mumbai,6,Summer,Wed,180,146,146,0.813,False,False,603432,46478,649910,0,167,0
2025-03-10,BLR,Bengaluru,3,Spring,Mon,180,124,124,0.687,True,False,502198,49014,551212,0,131,0
2025-01-07,BLR,Bengaluru,1,Winter,Sun,180,131,131,0.727,True,False,455578,47810,503388,0,135,1
2025-02-25,BLR,Bengaluru,2,Winter,Sun,180,106,106,0.589,True,False,382333,33444,415777,0,125,1
2025-12-02,BOM,Mumbai,12,Winter,Sun,180,139,139,0.775,True,False,572430,46076,618506,0,159,1
2025-04-07,BLR,Bengaluru,4,Spring,Wed,180,134,134,0.746,True,False,509156,38507,547663,0,147,0
2025-02-16,BOM,Mumbai,2,Winter,Tue,180,141,141,0.782,True,False,535698,43162,578860,0,145,0
2025-04-23,DEL,Delhi,4,Spring,Mon,180,153,153,0.849,True,False,648525,60900,709425,0,180,1
2025-09-13,CCU,Kolkata,9,Monsoon,Tue,180,140,140,0.778,False,False,552421,43045,595466,0,159,0
2025-04-17,HYD,Hyderabad,4,Spring,Sat,180,137,137,0.762,True,False,526844,43822,570666,0,158,0
2025-05-15,DEL,Delhi,5,Summer,Sun,180,134,134,0.743,True,False,570121,55820,625941,0,145,0
2025-11-07,BOM,Mumbai,11,Post-Monsoon,Sat,180,144,144,0.801,True,False,754468,41306,795774,0,166,0
2025-01-08,HYD,Hyderabad,1,Winter,Sun,180,132,132,0.733,True,False,430621,51354,481975,0,143,1
2025-12-22,DEL,Delhi,12,Winter,Fri,180,145,145,0.805,False,False,645129,52696,697825,0,158,0
2025-11-08,BLR,Bengaluru,11,Post-Monsoon,Sun,180,162,162,0.901,True,False,688902,60847,749749,0,186,2
2025-08-14,BLR,Bengaluru,8,Monsoon,Mon,180,125,125,0.696,True,False,513156,41536,554692,0,142,0
2025-03-17,HYD,Hyderabad,3,Spring,Sat,180,152,152,0.843,True,False,586549,47488,634037,0,157,4
2025-08-01,DEL,Delhi,8,Monsoon,Fri,180,159,159,0.883,False,False,695779,66683,762462,0,181,1
2025-02-06,DEL,Delhi,2,Winter,Tue,180,154,154,0.856,True,False,621491,44966,666457,0,158,0
2025-02-13,BOM,Mumbai,2,Winter,Mon,180,124,124,0.687,True,False,499972,35833,535805,0,138,4
2025-01-15,HYD,Hyderabad,1,Winter,Sat,180,117,117,0.647,True,False,387548,46141,433689,0,138,1
2025-10-06,BLR,Bengaluru,10,Post-Monsoon,Thu,180,148,148,0.82,True,False,685230,61558,746788,0,163,0
2025-12-15,HYD,Hyderabad,12,Winter,Fri,180,148,148,0.82,True,False,518956,42057,561013,0,171,2
2025-11-02,DEL,Delhi,11,Post-Monsoon,Tue,180,161,161,0.892,True,False,780766,51893,832659,0,175,0
2025-08-28,HYD,Hyderabad,8,Monsoon,Sun,180,119,119,0.661,True,False,415176,39135,454311,0,121,1
2025-05-24,BOM,Mumbai,5,Summer,Mon,180,145,145,0.805,True,False,620097,56110,676207,0,150,2
2025-07-15,BOM,Mumbai,7,Monsoon,Sun,180,145,0,0.807,False,True,0,0,0,0,0,0
2025-09-20,DEL,Delhi,9,Monsoon,Thu,180,141,141,0.783,False,False,597681,51414,649095,0,166,0
2025-09-01,DEL,Delhi,9,Monsoon,Mon,180,147,147,0.816,True,False,623599,60271,683870,0,159,2
2025-09-20,HYD,Hyderabad,9,Monsoon,Mon,180,141,141,0.782,True,False,497609,54624,552233,0,145,2
2025-02-24,BOM,Mumbai,2,Winter,Fri,180,113,113,0.63,False,False,457904,37274,495178,0,126,1
2025-11-04,BOM,Mumbai,11,Post-Monsoon,Wed,180,159,159,0.885,True,False,798189,52209,850398,0,179,1
2025-10-04,HYD,Hyderabad,10,Post-Monsoon,Sat,180,157,157,0.872,False,False,633849,49719,683568,0,182,0
2025-05-26,BOM,Mumbai,5,Summer,Mon,180,138,138,0.765,True,False,580099,41044,621143,0,161,1
2025-07-07,HYD,Hyderabad,7,Monsoon,Sat,180,136,136,0.754,False,False,487269,45409,532678,0,154,1
2025-04-17,BLR,Bengaluru,4,Spring,Wed,180,129,129,0.719,True,False,481014,48254,529268,0,141,0
2025-11-24,BLR,Bengaluru,11,Post-Monsoon,Sat,180,148,148,0.822,True,False,702885,49528,752413,0,156,0
2025-05-10,HYD,Hyderabad,5,Summer,Mon,180,137,137,0.76,True,False,529251,43089,572340,0,148,2
2025-06-16,BLR,Bengaluru,6,Summer,Wed,180,126,126,0.7,True,False,465599,49216,514815,0,134,2
2025-09-15,BLR,Bengaluru,9,Monsoon,Thu,180,136,136,0.754,True,False,559558,42599,602157,0,142,2
2025-04-17,HYD,Hyderabad,4,Spring,Tue,180,140,140,0.779,True,False,488945,46449,535394,0,161,0
2025-09-24,BLR,Bengaluru,9,Monsoon,Fri,180,153,153,0.852,True,False,573596,51832,625428,0,160,0
2025-01-14,BLR,Bengaluru,1,Winter,Thu,180,124,124,0.691,True,False,448860,47375,496235,0,141,0
2025-09-08,DEL,Delhi,9,Monsoon,Wed,180,143,143,0.795,True,False,631540,43799,675339,0,168,0
2025-10-24,BLR,Bengaluru,10,Post-Monsoon,Thu,180,159,159,0.886,True,False,715928,55972,771900,0,178,0
2025-04-16,BLR,Bengaluru,4,Spring,Mon,180,146,146,0.812,True,False,595726,46893,642619,0,158,2
2025-03-01,DEL,Delhi,3,Spring,Fri,180,128,128,0.71,True,False,579881,37065,616946,0,139,0
2025-04-03,DEL,Delhi,4,Spring,Fri,180,132,132,0.733,True,False,607968,50396,658364,1,146,2
2025-01-12,BOM,Mumbai,1,Winter,Fri,180,149,149,0.826,False,False,573324,50842,624166,0,156,0
2025-03-24,BLR,Bengaluru,3,Spring,Wed,180,124,124,0.686,True,False,476930,48501,525431,0,145,0
2025-04-21,BOM,Mumbai,4,Spring,Thu,180,147,147,0.818,False,False,621993,60608,682601,0,163,0
2025-12-28,HYD,Hyderabad,12,Winter,Thu,180,130,130,0.725,True,False,487967,53077,541044,0,147,0
2025-02-20,BOM,Mumbai,2,Winter,Sat,180,142,142,0.789,True,False,531957,48198,580155,0,146,0
2025-05-21,CCU,Kolkata,5,Summer,Thu,180,131,131,0.725,False,False,475605,48973,524578,0,144,0
2025-11-21,BLR,Bengaluru,11,Post-Monsoon,Thu,180,167,167,0.927,True,False,732165,48712,780877,0,174,0
2025-07-03,HYD,Hyderabad,7,Monsoon,Sat,180,140,140,0.779,True,False,487385,48991,536376,0,153,0
2025-12-25,BOM,Mumbai,12,Winter,Tue,180,129,129,0.715,True,False,535703,42734,578437,0,142,1
2025-11-24,BOM,Mumbai,11,Post-Monsoon,Sat,180,166,166,0.923,True,False,858415,68933,927348,0,172,0
2025-01-26,HYD,Hyderabad,1,Winter,Sat,180,137,137,0.762,True,False,449314,40786,490100,0,153,0
2025-01-03,CCU,Kolkata,1,Winter,Tue,180,130,130,0.721,False,False,461984,50191,512175,0,138,4
2025-08-08,DEL,Delhi,8,Monsoon,Mon,180,139,139,0.77,True,False,636870,44322,681192,0,144,0
2025-05-19,BLR,Bengaluru,5,Summer,Mon,180,132,132,0.733,False,False,487217,42549,529766,1,155,1
2025-04-13,BLR,Bengaluru,4,Spring,Thu,180,139,139,0.771,True,False,509891,51697,561588,0,152,0
2025-09-06,BOM,Mumbai,9,Monsoon,Fri,180,132,132,0.734,False,False,562838,44137,606975,0,143,1
2025-12-23,DEL,Delhi,12,Winter,Thu,180,121,121,0.673,True,False,563978,48838,612816,0,132,1
2025-05-15,CCU,Kolkata,5,Summer,Wed,180,135,135,0.749,True,False,509939,46064,556003,1,152,0
2025-07-17,DEL,Delhi,7,Monsoon,Mon,180,139,139,0.773,True,False,585000,49957,634957,0,153,1
2025-05-01,HYD,Hyderabad,5,Summer,Mon,180,132,132,0.733,True,False,493040,42815,535855,0,155,0
2025-03-22,HYD,Hyderabad,3,Spring,Sun,180,152,152,0.846,True,False,593400,45885,639285,0,175,1
2025-03-25,BOM,Mumbai,3,Spring,Fri,180,146,146,0.811,True,False,630156,52273,682429,0,172,0
2025-09-01,HYD,Hyderabad,9,Monsoon,Wed,180,160,160,0.891,True,False,610895,60843,671738,0,181,1
2025-03-28,BLR,Bengaluru,3,Spring,Mon,180,142,142,0.792,True,False,543835,48459,592294,0,146,0
2025-07-28,BOM,Mumbai,7,Monsoon,Sun,180,136,136,0.754,True,False,593813,51337,645150,0,155,0
2025-04-28,BLR,Bengaluru,4,Spring,Thu,180,145,145,0.803,True,False,552858,48741,601599,0,158,0
2025-03-24,BOM,Mumbai,3,Spring,Mon,180,167,167,0.929,True,False,722988,52422,775410,0,190,1
2025-01-03,BOM,Mumbai,1,Winter,Thu,180,130,130,0.72,True,False,484391,43788,528179,0,133,2
2025-01-07,BOM,Mumbai,1,Winter,Sun,180,129,129,0.717,True,False,477053,39312,516365,0,140,0
2025-01-23,DEL,Delhi,1,Winter,Fri,180,125,125,0.693,False,False,523756,37755,561511,0,144,1
2025-10-05,CCU,Kolkata,10,Post-Monsoon,Wed,180,139,139,0.773,True,False,629028,55874,684902,0,145,1
2025-02-25,DEL,Delhi,2,Winter,Sat,180,122,122,0.68,False,False,475804,51035,526839,1,133,0
2025-02-01,DEL,Delhi,2,Winter,Wed,180,151,151,0.841,True,False,566165,55522,621687,0,171,2
2025-07-19,BOM,Mumbai,7,Monsoon,Mon,180,118,0,0.654,False,True,0,0,0,3,0,0
2025-01-15,DEL,Delhi,1,Winter,Tue,180,142,142,0.79,False,False,581995,56951,638946,0,152,2
2025-11-20,HYD,Hyderabad,11,Post-Monsoon,Fri,180,150,150,0.835,True,False,610598,62840,673438,0,155,0
2025-01-28,BOM,Mumbai,1,Winter,Tue,180,137,137,0.761,True,False,552406,40632,593038,0,145,2
2025-03-26,BLR,Bengaluru,3,Spring,Sat,180,146,146,0.811,True,False,557558,60941,618499,0,167,0
2025-04-05,CCU,Kolkata,4,Spring,Mon,180,128,128,0.709,True,False,486950,51240,538190,0,135,1
2025-05-27,BLR,Bengaluru,5,Summer,Tue,180,142,142,0.787,True,False,579712,56827,636539,1,166,0
2025-05-12,BOM,Mumbai,5,Summer,Sun,180,130,130,0.721,True,False,579613,45590,625203,0,139,1
2025-02-11,DEL,Delhi,2,Winter,Tue,180,148,148,0.822,True,False,598882,49301,648183,0,165,0
2025-07-05,BOM,Mumbai,7,Monsoon,Thu,180,143,143,0.793,True,False,590391,41558,631949,0,155,0
2025-08-28,DEL,Delhi,8,Monsoon,Sat,180,125,125,0.694,True,False,570651,42682,613333,0,143,0
2025-11-06,HYD,Hyderabad,11,Post-Monsoon,Sat,180,156,156,0.864,True,False,677247,64504,741751,0,167,1
2025-08-02,BLR,Bengaluru,8,Monsoon,Fri,180,143,143,0.797,True,False,550807,41674,592481,0,161,0
2025-10-25,CCU,Kolkata,10,Post-Monsoon,Sun,180,163,163,0.905,True,False,752396,63969,816365,0,185,0
2025-08-11,BLR,Bengaluru,8,Monsoon,Wed,180,141,141,0.781,True,False,567309,53295,620604,0,162,1
2025-06-13,CCU,Kolkata,6,Summer,Tue,180,138,138,0.769,True,False,503485,51857,555342,0,141,0
2025-05-09,DEL,Delhi,5,Summer,Wed,180,150,150,0.832,True,False,649999,47151,697150,0,169,0
2025-10-17,HYD,Hyderabad,10,Post-Monsoon,Thu,180,153,153,0.848,True,False,657500,47174,704674,0,157,0
2025-01-21,HYD,Hyderabad,1,Winter,Fri,180,143,143,0.792,True,False,504496,50608,555104,0,150,0
2025-09-24,BLR,Bengaluru,9,Monsoon,Mon,180,159,159,0.883,True,False,591471,58790,650261,0,169,0
2025-08-22,DEL,Delhi,8,Monsoon,Sat,180,148,148,0.823,False,False,635215,42784,677999,0,165,1
2025-01-01,BLR,Bengaluru,1,Winter,Sat,180,133,133,0.739,False,False,453650,48098,501748,1,137,0
2025-04-20,BOM,Mumbai,4,Spring,Sun,180,137,137,0.764,False,False,605204,43795,648999,0,143,0
2025-01-02,BOM,Mumbai,1,Winter,Fri,180,125,125,0.696,True,False,468542,43569,512111,0,140,2
2025-02-16,BOM,Mumbai,2,Winter,Tue,180,146,146,0.809,False,False,574327,56296,630623,0,163,1
2025-07-19,DEL,Delhi,7,Monsoon,Sat,180,149,149,0.826,True,False,630866,52944,683810,0,168,3
2025-02-26,HYD,Hyderabad,2,Winter,Wed,180,114,114,0.633,True,False,398046,42244,440290,1,134,0
2025-08-24,HYD,Hyderabad,8,Monsoon,Fri,180,132,132,0.734,False,False,470300,40334,510634,0,152,2
2025-02-06,DEL,Delhi,2,Winter,Wed,180,124,124,0.691,False,False,501381,43249,544630,0,145,1
2025-12-25,HYD,Hyderabad,12,Winter,Sun,180,156,156,0.866,True,False,590635,53241,643876,0,175,0
2025-10-25,BLR,Bengaluru,10,Post-Monsoon,Tue,180,164,164,0.911,True,False,714962,61227,776189,0,180,0
2025-02-05,DEL,Delhi,2,Winter,Thu,180,134,134,0.747,True,False,511673,54846,566519,0,142,1
2025-12-27,BOM,Mumbai,12,Winter,Sun,180,159,159,0.884,True,False,700913,64271,765184,0,176,0
2025-11-07,BLR,Bengaluru,11,Post-Monsoon,Mon,180,150,150,0.836,False,False,632517,57717,690234,3,161,0
2025-09-07,BLR,Bengaluru,9,Monsoon,Fri,180,138,138,0.767,True,False,512863,51815,564678,0,160,2
2025-01-10,CCU,Kolkata,1,Winter,Fri,180,137,137,0.76,True,False,448399,42105,490504,0,150,0
2025-05-18,HYD,Hyderabad,5,Summer,Mon,180,147,147,0.819,True,False,573457,59279,632736,0,153,0
2025-11-12,CCU,Kolkata,11,Post-Monsoon,Sat,180,176,176,0.98,True,False,781324,57221,838545,0,187,0
2025-02-01,BOM,Mumbai,2,Winter,Fri,180,144,144,0.798,True,False,544961,40554,585515,0,149,0
2025-02-15,BOM,Mumbai,2,Winter,Fri,180,120,120,0.668,False,False,437812,49935,487747,0,134,1
2025-04-09,HYD,Hyderabad,4,Spring,Sun,180,130,130,0.722,True,False,482820,41807,524627,0,148,0
2025-01-27,DEL,Delhi,1,Winter,Mon,180,132,132,0.732,False,False,500131,50982,551113,1,151,1
2025-03-12,DEL,Delhi,3,Spring,Sat,180,149,149,0.827,False,False,684474,42911,727385,1,157,1
2025-08-09,DEL,Delhi,8,Monsoon,Wed,180,140,140,0.777,True,False,615856,45948,661804,0,143,0
2025-03-03,HYD,Hyderabad,3,Spring,Sat,180,128,128,0.713,True,False,477534,47232,524766,0,140,0
2025-06-07,DEL,Delhi,6,Summer,Thu,180,135,135,0.752,True,False,623181,45784,668965,0,149,0
2025-09-02,CCU,Kolkata,9,Monsoon,Sat,180,124,124,0.69,True,False,470079,40563,510642,0,135,0
2025-02-28,BOM,Mumbai,2,Winter,Wed,180,126,126,0.702,True,False,506124,43064,549188,0,145,1
2025-10-04,HYD,Hyderabad,10,Post-Monsoon,Sat,180,154,154,0.853,True,False,692164,47088,739252,0,160,0
2025-01-09,BLR,Bengaluru,1,Winter,Tue,180,147,147,0.817,True,False,499221,54912,554133,0,153,4
2025-10-07,CCU,Kolkata,10,Post-Monsoon,Wed,180,161,161,0.894,False,False,734342,46785,781127,0,178,0
2025-08-24,DEL,Delhi,8,Monsoon,Sat,180,136,136,0.757,True,False,582561,46112,628673,0,147,1
2025-04-27,BLR,Bengaluru,4,Spring,Thu,180,151,151,0.836,True,False,570564,62609,633173,0,168,1
2025-06-22,HYD,Hyderabad,6,Summer,Sat,180,142,142,0.787,True,False,538380,45954,584334,0,150,0
2025-10-27,HYD,Hyderabad,10,Post-Monsoon,Sat,180,158,158,0.876,False,False,687992,55932,743924,0,183,1
2025-07-24,CCU,Kolkata,7,Monsoon,Fri,180,123,123,0.681,True,False,444314,44971,489285,0,126,0
2025-03-02,BOM,Mumbai,3,Spring,Sat,180,130,130,0.72,True,False,558652,45487,604139,0,136,0
2025-05-22,DEL,Delhi,5,Summer,Tue,180,143,143,0.796,True,False,629933,48623,678556,0,162,0
2025-12-15,CCU,Kolkata,12,Winter,Fri,180,159,159,0.881,True,False,637683,44886,682569,0,181,0
2025-02-09,BLR,Bengaluru,2,Winter,Fri,180,137,137,0.76,True,False,498120,41623,539743,0,161,1
2025-08-09,BLR,Bengaluru,8,Monsoon,Fri,180,165,0,0.916,False,True,0,0,0,0,0,0
2025-07-16,HYD,Hyderabad,7,Monsoon,Wed,180,148,148,0.823,True,False,551960,50090,602050,0,172,0
2025-09-04,BOM,Mumbai,9,Monsoon,Mon,180,129,129,0.718,True,False,575365,50917,626282,0,143,0
2025-07-14,DEL,Delhi,7,Monsoon,Sun,180,135,135,0.75,False,False,580691,43331,624022,0,147,1
2025-06-28,HYD,Hyderabad,6,Summer,Wed,180,141,141,0.785,True,False,522975,48093,571068,0,148,0
2025-09-13,HYD,Hyderabad,9,Monsoon,Mon,180,129,129,0.715,True,False,471719,42724,514443,0,147,1
2025-03-25,CCU,Kolkata,3,Spring,Sat,180,145,145,0.803,False,False,533148,58753,591901,0,159,2
2025-03-09,BOM,Mumbai,3,Spring,Thu,180,167,167,0.93,True,False,724371,53068,777439,0,190,2
2025-12-23,CCU,Kolkata,12,Winter,Tue,180,146,146,0.813,True,False,574923,43224,618147,0,157,0
2025-05-19,BLR,Bengaluru,5,Summer,Sun,180,115,115,0.64,True,False,451626,41003,492629,0,122,1
2025-01-01,BOM,Mumbai,1,Winter,Tue,180,134,134,0.743,True,False,512923,43736,556659,0,147,0
2025-04-14,BLR,Bengaluru,4,Spring,Tue,180,135,135,0.752,True,False,522686,48317,571003,0,158,0
2025-05-20,DEL,Delhi,5,Summer,Sat,180,147,147,0.817,True,False,610570,50176,660746,0,155,2
2025-12-14,DEL,Delhi,12,Winter,Fri,180,136,136,0.754,False,False,575675,52033,627708,0,140,0
2025-09-24,BOM,Mumbai,9,Monsoon,Mon,180,140,140,0.779,True,False,575111,40183,615294,0,161,1
2025-07-12,DEL,Delhi,7,Monsoon,Fri,180,149,149,0.827,True,False,693045,51640,744685,0,154,1
2025-07-19,BLR,Bengaluru,7,Monsoon,Sun,180,146,146,0.809,True,False,552852,53610,606462,0,153,0
2025-04-18,DEL,Delhi,4,Spring,Wed,180,148,148,0.825,True,False,634516,57405,691921,0,154,0
2025-01-21,BOM,Mumbai,1,Winter,Sat,180,131,131,0.728,True,False,529815,44559,574374,0,135,2
2025-06-23,HYD,Hyderabad,6,Summer,Sat,180,155,155,0.859,True,False,574261,62661,636922,0,182,0
2025-02-26,DEL,Delhi,2,Winter,Sat,180,124,124,0.69,True,False,482545,51782,534327,0,138,2
2025-01-20,BLR,Bengaluru,1,Winter,Sun,180,134,134,0.746,True,False,477158,44135,521293,0,145,1
2025-04-19,DEL,Delhi,4,Spring,Fri,180,139,139,0.77,True,False,636133,46977,683110,0,154,0
2025-11-08,BLR,Bengaluru,11,Post-Monsoon,Mon,180,143,143,0.797,True,False,644739,56338,701077,0,166,0
2025-01-15,DEL,Delhi,1,Winter,Thu,180,135,135,0.752,False,False,525900,40327,566227,0,159,2
2025-12-20,DEL,Delhi,12,Winter,Sun,180,142,142,0.786,False,False,634761,54566,689327,0,154,0
2025-07-20,CCU,Kolkata,7,Monsoon,Mon,180,131,131,0.725,False,False,497147,38069,535216,0,153,1
2025-03-15,BLR,Bengaluru,3,Spring,Mon,180,158,158,0.878,False,False,652051,44478,696529,0,182,1
2025-09-08,CCU,Kolkata,9,Monsoon,Tue,180,138,138,0.765,False,False,507346,52331,559677,0,144,1
2025-03-08,BOM,Mumbai,3,Spring,Tue,180,150,150,0.833,True,False,636807,50861,687668,1,176,0
2025-12-01,DEL,Delhi,12,Winter,Wed,180,147,147,0.816,False,False,615971,44000,659971,0,151,0
2025-05-17,BOM,Mumbai,5,Summer,Thu,180,143,143,0.793,True,False,645279,43175,688454,0,169,0
2025-12-11,BOM,Mumbai,12,Winter,Mon,180,138,138,0.769,False,False,590609,53167,643776,0,158,3
2025-06-27,DEL,Delhi,6,Summer,Sun,180,135,135,0.752,True,False,566240,50196,616436,0,143,0
2025-07-21,DEL,Delhi,7,Monsoon,Sun,180,128,128,0.711,False,False,580412,53117,633529,0,150,0
2025-01-12,BLR,Bengaluru,1,Winter,Thu,180,146,146,0.809,True,False,508632,41126,549758,0,166,2
2025-08-02,BLR,Bengaluru,8,Monsoon,Thu,180,137,137,0.762,True,False,528022,48709,576731,0,154,0
2025-02-23,DEL,Delhi,2,Winter,Wed,180,131,131,0.73,True,False,492836,54808,547644,0,148,1
2025-10-10,BOM,Mumbai,10,Post-Monsoon,Sat,180,167,167,0.929,True,False,795876,63164,859040,0,186,1
2025-04-12,DEL,Delhi,4,Spring,Thu,180,151,151,0.836,True,False,654778,59482,714260,0,159,1
2025-06-01,DEL,Delhi,6,Summer,Thu,180,154,154,0.855,True,False,706833,50805,757638,0,166,0
2025-10-24,DEL,Delhi,10,Post-Monsoon,Mon,180,160,160,0.887,True,False,831969,64347,896316,0,182,0
2025-02-07,HYD,Hyderabad,2,Winter,Thu,180,120,120,0.665,True,False,414620,39318,453938,0,128,0
2025-02-10,BOM,Mumbai,2,Winter,Mon,180,125,125,0.695,True,False,457442,48823,506265,0,132,0
2025-07-08,HYD,Hyderabad,7,Monsoon,Sat,180,152,152,0.842,True,False,544398,53834,598232,0,167,0
2025-01-24,DEL,Delhi,1,Winter,Tue,180,131,131,0.728,True,False,539982,48780,588762,0,147,2
2025-05-22,HYD,Hyderabad,5,Summer,Thu,180,135,135,0.75,True,False,479802,41416,521218,0,150,0
2025-12-18,CCU,Kolkata,12,Winter,Wed,180,149,149,0.825,True,False,598070,57793,655863,0,165,0
2025-01-04,BLR,Bengaluru,1,Winter,Sun,180,124,124,0.688,True,False,460201,38067,498268,0,146,0
2025-06-10,DEL,Delhi,6,Summer,Tue,180,123,123,0.681,True,False,572490,50560,623050,0,126,0
2025-05-23,BLR,Bengaluru,5,Summer,Mon,180,153,153,0.852,True,False,607506,50945,658451,0,163,0
2025-08-13,BOM,Mumbai,8,Monsoon,Sat,180,138,138,0.768,True,False,574682,51179,625861,0,149,0
2025-11-25,DEL,Delhi,11,Post-Monsoon,Mon,180,143,143,0.793,True,False,751354,45148,796502,0,153,2
2025-10-25,HYD,Hyderabad,10,Post-Monsoon,Sat,180,142,142,0.789,True,False,593360,44312,637672,0,153,0
2025-11-08,BOM,Mumbai,11,Post-Monsoon,Mon,180,143,143,0.793,True,False,700950,56747,757697,0,149,1
2025-03-24,BLR,Bengaluru,3,Spring,Tue,180,133,133,0.739,True,False,502233,54906,557139,0,139,0
2025-12-11,DEL,Delhi,12,Winter,Wed,180,143,143,0.794,True,False,628210,51827,680037,0,157,0
2025-09-14,BOM,Mumbai,9,Monsoon,Mon,180,127,127,0.705,True,False,558300,47522,605822,0,141,0
2025-02-25,DEL,Delhi,2,Winter,Wed,180,117,117,0.649,False,False,459270,39712,498982,0,124,0
2025-03-19,BOM,Mumbai,3,Spring,Sat,180,143,143,0.797,True,False,639977,42387,682364,0,158,1
2025-10-25,BOM,Mumbai,10,Post-Monsoon,Tue,180,150,150,0.833,True,False,745453,43226,788679,0,157,1
2025-08-12,BLR,Bengaluru,8,Monsoon,Mon,180,145,145,0.804,True,False,582660,56532,639192,0,152,0
2025-07-27,HYD,Hyderabad,7,Monsoon,Thu,180,135,135,0.75,True,False,483288,44132,527420,0,139,0
2025-01-14,BLR,Bengaluru,1,Winter,Sun,180,137,137,0.76,False,False,473575,47866,521441,0,148,2
2025-03-05,HYD,Hyderabad,3,Spring,Wed,180,161,161,0.892,True,False,574159,66268,640427,0,182,0
2025-08-13,BOM,Mumbai,8,Monsoon,Mon,180,129,129,0.716,False,False,527303,36746,564049,0,144,3
2025-09-11,DEL,Delhi,9,Monsoon,Wed,180,156,156,0.866,False,False,684266,60966,745232,0,167,0
2025-03-15,HYD,Hyderabad,3,Spring,Wed,180,129,129,0.716,True,False,502023,36323,538346,0,146,1
2025-07-26,HYD,Hyderabad,7,Monsoon,Thu,180,144,144,0.797,True,False,506342,55536,561878,0,150,0
2025-03-22,DEL,Delhi,3,Spring,Thu,180,145,145,0.806,True,False,602325,60034,662359,0,165,0
2025-08-03,HYD,Hyderabad,8,Monsoon,Mon,180,146,146,0.81,True,False,568494,47307,615801,0,158,0
2025-08-02,BLR,Bengaluru,8,Monsoon,Sun,180,150,150,0.835,True,False,603354,44192,647546,0,163,1
2025-08-07,BLR,Bengaluru,8,Monsoon,Sat,180,144,144,0.802,True,False,541054,57538,598592,0,169,0
2025-12-25,HYD,Hyderabad,12,Winter,Wed,180,139,139,0.772,False,False,489765,45002,534767,0,154,4
2025-05-15,BOM,Mumbai,5,Summer,Fri,180,136,136,0.757,True,False,562238,46177,608415,0,150,2
2025-09-08,BLR,Bengaluru,9,Monsoon,Mon,180,149,149,0.825,True,False,609314,60065,669379,1,163,0
2025-03-11,BLR,Bengaluru,3,Spring,Wed,180,145,145,0.805,True,False,594323,55639,649962,0,148,0
2025-02-14,BLR,Bengaluru,2,Winter,Tue,180,110,110,0.612,True,False,389033,31022,420055,0,128,0
2025-08-25,BOM,Mumbai,8,Monsoon,Thu,180,138,138,0.767,False,False,569181,39921,609102,0,161,0
2025-02-19,BLR,Bengaluru,2,Winter,Fri,180,125,125,0.696,False,False,413670,36214,449884,0,141,0
2025-08-11,DEL,Delhi,8,Monsoon,Mon,180,136,136,0.753,True,False,580316,50852,631168,1,141,1
2025-04-18,HYD,Hyderabad,4,Spring,Mon,180,127,127,0.706,True,False,494926,51056,545982,1,145,0
2025-06-23,BOM,Mumbai,6,Summer,Thu,180,123,123,0.683,False,False,543867,42082,585949,0,131,1
2025-10-20,BOM,Mumbai,10,Post-Monsoon,Mon,180,147,147,0.818,True,False,696100,43340,739440,0,164,0
2025-04-21,BLR,Bengaluru,4,Spring,Tue,180,152,152,0.844,True,False,557306,57454,614760,0,174,0
2025-09-08,BOM,Mumbai,9,Monsoon,Mon,180,115,115,0.64,True,False,490463,36774,527237,0,126,0
2025-07-15,DEL,Delhi,7,Monsoon,Wed,180,138,138,0.765,True,False,618876,41907,660783,0,142,1
2025-02-20,CCU,Kolkata,2,Winter,Thu,180,130,130,0.72,True,False,432322,51769,484091,0,137,0
2025-02-15,DEL,Delhi,2,Winter,Fri,180,149,149,0.829,True,False,556681,62407,619088,0,154,1
2025-02-18,DEL,Delhi,2,Winter,Sat,180,127,127,0.708,False,False,486331,36700,523031,0,134,0
2025-05-14,DEL,Delhi,5,Summer,Thu,180,116,116,0.647,False,False,482102,47663,529765,0,131,0
2025-02-12,BLR,Bengaluru,2,Winter,Sat,180,141,141,0.781,False,False,479303,44660,523963,1,155,0
2025-01-07,CCU,Kolkata,1,Winter,Sat,180,148,148,0.822,True,False,523315,49136,572451,0,174,1
2025-01-17,HYD,Hyderabad,1,Winter,Mon,180,134,134,0.742,True,False,429586,54641,484227,0,157,1
2025-04-04,DEL,Delhi,4,Spring,Thu,180,148,148,0.821,True,False,666714,56896,723610,0,174,2
2025-07-20,BOM,Mumbai,7,Monsoon,Tue,180,141,141,0.784,False,False,619219,56645,675864,0,149,2
2025-07-07,BLR,Bengaluru,7,Monsoon,Thu,180,146,146,0.811,True,False,552085,49357,601442,0,156,1
2025-07-06,DEL,Delhi,7,Monsoon,Thu,180,154,154,0.858,False,False,680667,56635,737302,0,161,2
2025-01-13,BOM,Mumbai,1,Winter,Tue,180,130,130,0.722,True,False,486805,47275,534080,0,143,0
2025-12-02,HYD,Hyderabad,12,Winter,Mon,180,167,167,0.926,True,False,593628,49744,643372,0,181,1
2025-05-01,CCU,Kolkata,5,Summer,Thu,180,132,132,0.731,True,False,495200,54649,549849,0,144,1
2025-08-08,HYD,Hyderabad,8,Monsoon,Tue,180,144,144,0.798,True,False,531682,56409,588091,0,162,0
2025-05-20,DEL,Delhi,5,Summer,Sun,180,132,132,0.734,True,False,587667,44535,632202,1,149,1
2025-12-07,DEL,Delhi,12,Winter,Thu,180,146,146,0.813,True,False,655694,57634,713328,0,163,1
2025-04-26,HYD,Hyderabad,4,Spring,Mon,180,132,132,0.735,False,False,497135,53588,550723,0,135,1
2025-01-11,CCU,Kolkata,1,Winter,Thu,180,132,132,0.732,False,False,426084,51478,477562,1,154,1
2025-09-23,DEL,Delhi,9,Monsoon,Tue,180,121,121,0.67,True,False,513236,50638,563874,0,140,0
2025-05-04,BOM,Mumbai,5,Summer,Thu,180,140,140,0.778,False,False,633349,50173,683522,0,156,0
2025-03-10,DEL,Delhi,3,Spring,Sat,180,145,145,0.806,False,False,668455,58380,726835,0,167,1
2025-10-22,BOM,Mumbai,10,Post-Monsoon,Wed,180,141,141,0.784,True,False,664119,41540,705659,0,157,1
2025-12-01,BOM,Mumbai,12,Winter,Thu,180,136,136,0.756,False,False,612980,51716,664696,0,154,2
2025-08-28,HYD,Hyderabad,8,Monsoon,Thu,180,157,157,0.875,True,False,613508,64827,678335,0,174,1
2025-06-11,BLR,Bengaluru,6,Summer,Sun,180,149,149,0.826,True,False,614210,45321,659531,0,162,2
2025-01-14,CCU,Kolkata,1,Winter,Tue,180,135,135,0.752,False,False,452864,39412,492276,0,150,2
2025-04-21,DEL,Delhi,4,Spring,Fri,180,142,142,0.791,True,False,599603,53484,653087,0,163,2
2025-07-10,BLR,Bengaluru,7,Monsoon,Sun,180,145,145,0.806,True,False,587725,55768,643493,0,162,1
2025-02-23,BLR,Bengaluru,2,Winter,Sat,180,129,129,0.714,True,False,479388,38607,517995,0,148,2
2025-12-15,DEL,Delhi,12,Winter,Thu,180,120,120,0.664,True,False,539708,38038,577746,0,128,0
2025-12-04,HYD,Hyderabad,12,Winter,Fri,180,150,150,0.833,True,False,574342,62361,636703,0,172,1
2025-02-22,BLR,Bengaluru,2,Winter,Mon,180,113,113,0.629,True,False,394838,39410,434248,1,126,2
2025-02-19,DEL,Delhi,2,Winter,Sat,180,138,138,0.766,True,False,535235,49375,584610,0,156,2
2025-07-07,DEL,Delhi,7,Monsoon,Fri,180,146,146,0.811,True,False,680863,41489,722352,0,170,0
2025-05-08,BOM,Mumbai,5,Summer,Wed,180,145,145,0.804,False,False,648982,43032,692014,0,149,0
2025-06-21,BOM,Mumbai,6,Summer,Sun,180,138,138,0.767,True,False,567204,57698,624902,0,154,0
2025-03-16,HYD,Hyderabad,3,Spring,Fri,180,145,145,0.808,True,False,546069,58580,604649,0,166,1
2025-02-28,BOM,Mumbai,2,Winter,Tue,180,118,118,0.655,False,False,473824,43337,517161,0,124,0
2025-03-02,HYD,Hyderabad,3,Spring,Sun,180,133,133,0.737,True,False,489415,48546,537961,0,144,0
2025-06-15,BOM,Mumbai,6,Summer,Sat,180,137,137,0.76,True,False,554974,49018,603992,0,151,1
2025-05-12,DEL,Delhi,5,Summer,Thu,180,161,161,0.893,True,False,720812,58939,779751,0,177,2
2025-07-23,BLR,Bengaluru,7,Monsoon,Fri,180,129,129,0.719,True,False,513348,48268,561616,0,132,1
2025-06-18,HYD,Hyderabad,6,Summer,Mon,180,162,162,0.902,False,False,580145,45945,626090,0,189,1
2025-02-11,DEL,Delhi,2,Winter,Sat,180,121,121,0.674,False,False,455637,46192,501829,2,138,2
2025-12-25,BOM,Mumbai,12,Winter,Tue,180,154,154,0.854,True,False,627574,43644,671218,0,165,0
2025-03-28,DEL,Delhi,3,Spring,Mon,180,149,149,0.825,True,False,637970,61369,699339,0,170,0
2025-08-21,DEL,Delhi,8,Monsoon,Sat,180,153,153,0.848,True,False,695325,57976,753301,0,158,2
2025-01-18,HYD,Hyderabad,1,Winter,Fri,180,122,122,0.675,False,False,409411,50214,459625,1,138,2
2025-02-06,BLR,Bengaluru,2,Winter,Sun,180,117,117,0.652,True,False,430268,47790,478058,0,122,0
2025-09-23,BLR,Bengaluru,9,Monsoon,Thu,180,140,140,0.776,True,False,559762,46708,606470,0,149,0
2025-04-07,BLR,Bengaluru,4,Spring,Sun,180,117,117,0.652,True,False,463833,37291,501124,0,121,0
2025-06-11,BOM,Mumbai,6,Summer,Mon,180,164,164,0.911,True,False,716353,51012,767365,0,180,0
2025-06-09,BOM,Mumbai,6,Summer,Sat,180,137,137,0.759,False,False,565196,46463,611659,0,154,0
2025-12-02,BLR,Bengaluru,12,Winter,Tue,180,156,156,0.868,True,False,618447,65348,683795,0,171,1
2025-06-23,BOM,Mumbai,6,Summer,Fri,180,150,150,0.832,True,False,638970,48164,687134,0,163,0
2025-09-23,CCU,Kolkata,9,Monsoon,Sat,180,138,138,0.766,True,False,540811,57597,598408,0,150,0
2025-03-03,DEL,Delhi,3,Spring,Tue,180,109,109,0.604,True,False,457243,42382,499625,0,119,0
2025-05-19,DEL,Delhi,5,Summer,Wed,180,150,150,0.834,True,False,634631,48800,683431,0,170,1
2025-11-06,DEL,Delhi,11,Post-Monsoon,Fri,180,158,158,0.878,True,False,754867,55090,809957,0,183,1
2025-09-16,BOM,Mumbai,9,Monsoon,Sat,180,123,123,0.682,False,False,532525,44971,577496,0,132,3
2025-09-12,CCU,Kolkata,9,Monsoon,Mon,180,131,131,0.728,True,False,477037,54757,531794,0,141,0
2025-10-07,CCU,Kolkata,10,Post-Monsoon,Mon,180,151,151,0.838,True,False,688822,50453,739275,0,162,0
2025-04-01,BOM,Mumbai,4,Spring,Fri,180,139,139,0.774,True,False,629490,56024,685514,0,143,2
2025-07-02,BOM,Mumbai,7,Monsoon,Tue,180,134,134,0.746,True,False,585364,42808,628172,0,154,0
2025-06-15,BOM,Mumbai,6,Summer,Sat,180,149,149,0.826,True,False,642205,59630,701835,0,164,1
2025-08-07,BOM,Mumbai,8,Monsoon,Sat,180,123,123,0.681,True,False,505023,44496,549519,0,137,0
2025-10-14,BOM,Mumbai,10,Post-Monsoon,Mon,180,150,150,0.836,True,False,700745,50543,751288,0,168,0
2025-11-05,BOM,Mumbai,11,Post-Monsoon,Mon,180,154,154,0.855,True,False,740444,63784,804228,0,181,1
2025-05-21,BLR,Bengaluru,5,Summer,Wed,180,121,121,0.674,True,False,464278,50177,514455,0,139,1
2025-12-23,DEL,Delhi,12,Winter,Sat,180,168,168,0.931,False,False,762193,63440,825633,1,192,0
2025-04-16,HYD,Hyderabad,4,Spring,Tue,180,147,147,0.817,False,False,537959,41504,579463,0,160,1
2025-11-13,BLR,Bengaluru,11,Post-Monsoon,Mon,180,164,164,0.91,True,False,699890,57648,757538,0,168,1
2025-04-28,HYD,Hyderabad,4,Spring,Mon,180,124,124,0.688,True,False,449952,43514,493466,0,140,1
2025-11-23,BLR,Bengaluru,11,Post-Monsoon,Sun,180,142,142,0.791,False,False,629058,58785,687843,1,166,1
2025-05-12,DEL,Delhi,5,Summer,Sun,180,159,159,0.884,True,False,716330,51116,767446,0,187,0
2025-02-22,HYD,Hyderabad,2,Winter,Sun,180,121,121,0.673,True,False,393847,43252,437099,0,138,0
2025-01-21,HYD,Hyderabad,1,Winter,Mon,180,131,131,0.73,True,False,459946,45900,505846,0,152,1
2025-09-16,DEL,Delhi,9,Monsoon,Sat,180,144,144,0.8,False,False,597584,41150,638734,0,156,1
2025-03-05,BLR,Bengaluru,3,Spring,Thu,180,143,143,0.796,True,False,547579,58470,606049,0,149,0
2025-04-13,BOM,Mumbai,4,Spring,Tue,180,146,146,0.813,False,False,639173,54519,693692,1,151,4
2025-08-04,HYD,Hyderabad,8,Monsoon,Wed,180,147,147,0.817,True,False,573581,61244,634825,0,169,1
2025-11-14,DEL,Delhi,11,Post-Monsoon,Sun,180,163,163,0.907,True,False,860816,50307,911123,0,185,1
2025-08-12,HYD,Hyderabad,8,Monsoon,Tue,180,147,147,0.817,True,False,551588,59861,611449,0,165,3
2025-10-19,DEL,Delhi,10,Post-Monsoon,Fri,180,152,152,0.847,True,False,758519,57931,816450,0,163,1
2025-10-15,DEL,Delhi,10,Post-Monsoon,Sat,180,161,161,0.896,True,False,793261,60485,853746,0,186,1
2025-12-10,BLR,Bengaluru,12,Winter,Thu,180,149,149,0.828,True,False,555016,44806,599822,0,160,1
2025-07-04,DEL,Delhi,7,Monsoon,Sun,180,143,143,0.795,True,False,641253,46043,687296,0,162,0
2025-02-19,DEL,Delhi,2,Winter,Tue,180,139,139,0.775,True,False,574637,56054,630691,0,159,2
2025-01-16,BOM,Mumbai,1,Winter,Mon,180,155,155,0.858,True,False,605935,63874,669809,0,162,4
2025-06-07,HYD,Hyderabad,6,Summer,Thu,180,149,149,0.827,True,False,550967,52137,603104,0,166,0
2025-05-04,BOM,Mumbai,5,Summer,Sat,180,137,137,0.76,True,False,574551,46867,621418,0,148,1
2025-03-15,BOM,Mumbai,3,Spring,Tue,180,141,141,0.785,True,False,600213,44012,644225,0,160,0
2025-05-13,HYD,Hyderabad,5,Summer,Sat,180,131,131,0.728,True,False,498311,46833,545144,0,152,0
2025-09-02,BOM,Mumbai,9,Monsoon,Fri,180,125,125,0.696,True,False,548519,42693,591212,0,136,0
2025-10-08,HYD,Hyderabad,10,Post-Monsoon,Wed,180,169,169,0.937,True,False,761474,62935,824409,0,196,2
2025-04-02,BOM,Mumbai,4,Spring,Fri,180,153,153,0.852,True,False,650539,54442,704981,0,160,0
2025-02-25,BOM,Mumbai,2,Winter,Wed,180,144,144,0.8,True,False,568116,53885,622001,0,157,0
2025-06-15,DEL,Delhi,6,Summer,Tue,180,130,130,0.721,True,False,597991,42911,640902,0,139,1
2025-08-23,CCU,Kolkata,8,Monsoon,Fri,180,134,134,0.742,True,False,496721,41218,537939,0,138,1
2025-02-01,DEL,Delhi,2,Winter,Tue,180,110,110,0.608,False,False,431526,38661,470187,0,125,2
2025-02-25,BOM,Mumbai,2,Winter,Wed,180,148,148,0.82,True,False,555738,58112,613850,0,162,1
2025-12-24,BOM,Mumbai,12,Winter,Thu,180,140,140,0.776,True,False,620250,43562,663812,0,162,0
2025-12-07,CCU,Kolkata,12,Winter,Thu,180,136,136,0.758,True,False,530761,57069,587830,0,144,2
2025-08-27,CCU,Kolkata,8,Monsoon,Sat,180,122,122,0.679,True,False,463911,45352,509263,0,134,1
2025-12-18,DEL,Delhi,12,Winter,Tue,180,151,151,0.84,False,False,649373,57937,707310,0,155,1
2025-02-18,HYD,Hyderabad,2,Winter,Thu,180,127,127,0.703,True,False,438637,49564,488201,0,134,0
2025-06-04,HYD,Hyderabad,6,Summer,Sat,180,150,150,0.835,True,False,569848,58390,628238,0,173,0
2025-03-18,CCU,Kolkata,3,Spring,Thu,180,154,154,0.853,True,False,555354,49598,604952,0,180,1
2025-08-07,HYD,Hyderabad,8,Monsoon,Thu,180,148,148,0.821,True,False,529536,44997,574533,0,164,2
2025-09-25,BLR,Bengaluru,9,Monsoon,Sat,180,136,136,0.753,False,False,549989,51834,601823,0,141,0
2025-10-19,HYD,Hyderabad,10,Post-Monsoon,Sun,180,133,133,0.74,True,False,598627,52334,650961,0,137,0
2025-11-10,BLR,Bengaluru,11,Post-Monsoon,Wed,180,152,152,0.843,True,False,680763,62454,743217,0,173,1
2025-03-21,CCU,Kolkata,3,Spring,Mon,180,137,137,0.76,True,False,548343,51605,599948,0,155,0
2025-05-22,BLR,Bengaluru,5,Summer,Sat,180,136,136,0.754,False,False,508284,50108,558392,0,139,1
2025-06-08,HYD,Hyderabad,6,Summer,Mon,180,142,142,0.789,True,False,534313,58780,593093,0,145,1
2025-05-20,DEL,Delhi,5,Summer,Wed,180,125,125,0.695,True,False,537848,44650,582498,0,143,0
2025-06-22,DEL,Delhi,6,Summer,Wed,180,127,127,0.707,True,False,576823,42032,618855,0,148,0
2025-05-03,BLR,Bengaluru,5,Summer,Tue,180,142,142,0.792,True,False,566602,51135,617737,0,166,4
2025-11-04,DEL,Delhi,11,Post-Monsoon,Wed,180,159,159,0.882,True,False,799865,52788,852653,0,177,2
2025-07-01,CCU,Kolkata,7,Monsoon,Wed,180,137,137,0.759,True,False,502747,47735,550482,0,159,1
2025-05-20,HYD,Hyderabad,5,Summer,Thu,180,157,157,0.874,True,False,546657,51045,597702,0,173,0
2025-05-17,CCU,Kolkata,5,Summer,Tue,180,145,145,0.805,True,False,531342,40613,571955,1,167,0
2025-01-17,BOM,Mumbai,1,Winter,Wed,180,124,124,0.688,False,False,500170,45691,545861,0,133,3
2025-09-17,BLR,Bengaluru,9,Monsoon,Sun,180,124,124,0.69,True,False,505816,36348,542164,0,144,3
2025-05-06,CCU,Kolkata,5,Summer,Tue,180,131,131,0.727,True,False,496555,40705,537260,0,136,0
2025-08-11,DEL,Delhi,8,Monsoon,Fri,180,154,154,0.858,True,False,665480,47228,712708,0,178,1
2025-08-27,BLR,Bengaluru,8,Monsoon,Thu,180,144,144,0.801,True,False,550843,46074,596917,0,154,0
2025-11-06,CCU,Kolkata,11,Post-Monsoon,Sat,180,164,164,0.913,True,False,711240,47628,758868,0,186,2
2025-04-02,DEL,Delhi,4,Spring,Thu,180,128,128,0.71,False,False,588572,46931,635503,0,149,2
2025-11-16,BOM,Mumbai,11,Post-Monsoon,Wed,180,145,145,0.808,True,False,713986,52394,766380,0,156,1
2025-09-24,BOM,Mumbai,9,Monsoon,Mon,180,143,143,0.797,True,False,613200,50979,664179,0,167,1
2025-05-28,DEL,Delhi,5,Summer,Wed,180,140,140,0.779,False,False,636156,57579,693735,0,164,1
2025-03-15,CCU,Kolkata,3,Spring,Fri,180,159,159,0.886,True,False,625635,60966,686601,0,184,0
2025-03-10,BLR,Bengaluru,3,Spring,Wed,180,128,128,0.71,True,False,472677,38600,511277,0,142,1
2025-11-23,DEL,Delhi,11,Post-Monsoon,Fri,180,143,143,0.792,True,False,738852,45658,784510,0,155,0
2025-08-04,BLR,Bengaluru,8,Monsoon,Thu,180,139,139,0.775,True,False,572253,51352,623605,0,155,0
2025-09-13,BLR,Bengaluru,9,Monsoon,Sun,180,154,154,0.854,False,False,617668,47940,665608,0,178,2
2025-02-22,HYD,Hyderabad,2,Winter,Thu,180,121,121,0.674,True,False,391203,48908,440111,0,140,0
2025-01-27,BOM,Mumbai,1,Winter,Sat,180,122,122,0.675,True,False,481645,39900,521545,0,140,1
2025-11-13,DEL,Delhi,11,Post-Monsoon,Thu,180,166,166,0.922,True,False,835962,52914,888876,0,195,1
2025-09-04,DEL,Delhi,9,Monsoon,Tue,180,136,136,0.758,True,False,596772,47720,644492,0,155,1
2025-01-06,DEL,Delhi,1,Winter,Mon,180,141,141,0.781,False,False,533623,45080,578703,0,150,1
2025-12-25,DEL,Delhi,12,Winter,Mon,180,148,148,0.822,True,False,661411,54823,716234,0,172,0
2025-01-09,BLR,Bengaluru,1,Winter,Sat,180,125,125,0.696,True,False,441832,47090,488922,0,137,1
2025-07-21,BLR,Bengaluru,7,Monsoon,Fri,180,148,148,0.825,True,False,594083,41623,635706,0,167,0
2025-01-04,HYD,Hyderabad,1,Winter,Mon,180,126,126,0.699,True,False,436138,43710,479848,0,129,0
2025-12-16,BOM,Mumbai,12,Winter,Mon,180,123,123,0.683,True,False,500126,37103,537229,0,128,1
2025-10-07,DEL,Delhi,10,Post-Monsoon,Tue,180,166,166,0.925,True,False,837133,50874,888007,0,176,0
2025-12-18,BOM,Mumbai,12,Winter,Sat,180,150,150,0.835,True,False,672851,62231,735082,0,160,0
2025-01-02,DEL,Delhi,1,Winter,Mon,180,126,126,0.701,False,False,470537,50350,520887,1,130,1
2025-02-01,DEL,Delhi,2,Winter,Fri,180,126,126,0.699,True,False,476531,36989,513520,0,132,0
2025-05-04,DEL,Delhi,5,Summer,Sun,180,163,163,0.903,True,False,689736,53073,742809,1,178,1
2025-09-22,BLR,Bengaluru,9,Monsoon,Sat,180,140,140,0.778,False,False,525922,58275,584197,0,158,1
2025-09-16,BLR,Bengaluru,9,Monsoon,Thu,180,160,160,0.891,False,False,646676,53406,700082,2,163,2
2025-01-10,HYD,Hyderabad,1,Winter,Tue,180,133,133,0.736,True,False,454088,51406,505494,0,137,1
2025-11-07,DEL,Delhi,11,Post-Monsoon,Tue,180,150,150,0.835,True,False,721800,50587,772387,0,168,1
2025-10-06,DEL,Delhi,10,Post-Monsoon,Sat,180,153,153,0.851,True,False,764530,44470,809000,0,170,0
2025-04-16,CCU,Kolkata,4,Spring,Fri,180,150,150,0.832,True,False,567938,50582,618520,0,175,2
2025-08-26,CCU,Kolkata,8,Monsoon,Wed,180,131,131,0.729,True,False,508644,43869,552513,0,152,1
2025-09-12,BOM,Mumbai,9,Monsoon,Sun,180,126,126,0.702,True,False,562813,43446,606259,0,132,1
2025-06-09,BOM,Mumbai,6,Summer,Mon,180,152,152,0.844,True,False,624480,52437,676917,0,168,2
2025-12-05,BLR,Bengaluru,12,Winter,Sat,180,155,155,0.86,True,False,636859,54382,691241,0,171,1
2025-09-07,DEL,Delhi,9,Monsoon,Tue,180,159,159,0.886,True,False,726013,59234,785247,0,167,5
2025-03-10,CCU,Kolkata,3,Spring,Sat,180,144,144,0.8,True,False,547519,59013,606532,1,153,1
2025-03-24,CCU,Kolkata,3,Spring,Sun,180,130,0,0.723,False,True,0,0,0,1,0,0
2025-04-25,BOM,Mumbai,4,Spring,Sun,180,138,138,0.768,True,False,571074,56250,627324,0,142,1
2025-01-26,CCU,Kolkata,1,Winter,Wed,180,143,143,0.792,False,False,508867,59604,568471,0,147,0
2025-05-12,HYD,Hyderabad,5,Summer,Sun,180,121,121,0.674,False,False,447119,45862,492981,0,129,1
2025-09-14,HYD,Hyderabad,9,Monsoon,Thu,180,129,129,0.714,True,False,458761,40269,499030,0,133,0
2025-02-03,BOM,Mumbai,2,Winter,Sat,180,121,121,0.67,False,False,490620,46423,537043,2,128,0
2025-11-07,DEL,Delhi,11,Post-Monsoon,Mon,180,148,148,0.824,True,False,705982,46669,752651,0,168,1
2025-03-18,BLR,Bengaluru,3,Spring,Sat,180,152,152,0.846,True,False,580469,50025,630494,0,156,0
2025-06-08,CCU,Kolkata,6,Summer,Tue,180,147,147,0.815,True,False,550053,53998,604051,0,156,0
2025-06-01,HYD,Hyderabad,6,Summer,Mon,180,143,143,0.796,False,False,526916,53465,580381,1,162,0
2025-04-23,CCU,Kolkata,4,Spring,Mon,180,133,133,0.739,True,False,501975,55647,557622,0,155,0
2025-07-22,BLR,Bengaluru,7,Monsoon,Tue,180,152,152,0.842,True,False,570769,53405,624174,0,176,0
2025-06-02,BOM,Mumbai,6,Summer,Wed,180,135,135,0.747,False,False,604553,54745,659298,0,149,1
2025-04-12,DEL,Delhi,4,Spring,Wed,180,144,144,0.8,True,False,611316,58394,669710,0,152,1
2025-06-07,HYD,Hyderabad,6,Summer,Tue,180,146,146,0.81,True,False,524236,41712,565948,0,172,1
2025-05-14,HYD,Hyderabad,5,Summer,Fri,180,143,143,0.793,True,False,541451,52727,594178,0,166,0
2025-10-21,DEL,Delhi,10,Post-Monsoon,Thu,180,159,159,0.884,False,False,835949,53138,889087,0,175,2
2025-05-05,DEL,Delhi,5,Summer,Mon,180,134,134,0.745,True,False,579886,49819,629705,0,139,0
2025-02-06,DEL,Delhi,2,Winter,Wed,180,137,137,0.762,True,False,566493,51880,618373,0,157,2
2025-06-13,BLR,Bengaluru,6,Summer,Thu,180,146,146,0.812,True,False,550320,45315,595635,0,161,0
2025-06-10,HYD,Hyderabad,6,Summer,Sat,180,146,146,0.813,True,False,560534,55777,616311,0,157,0
2025-01-24,BOM,Mumbai,1,Winter,Tue,180,126,126,0.699,True,False,498786,49884,548670,0,137,1
2025-12-07,BLR,Bengaluru,12,Winter,Sun,180,151,151,0.836,True,False,568648,59542,628190,0,161,0
2025-06-09,BLR,Bengaluru,6,Summer,Fri,180,147,147,0.817,True,False,544041,46303,590344,0,168,1
2025-08-13,BLR,Bengaluru,8,Monsoon,Mon,180,135,135,0.753,True,False,549760,52573,602333,0,153,0
2025-01-25,BOM,Mumbai,1,Winter,Mon,180,131,131,0.73,True,False,498543,47163,545706,0,150,2
2025-10-27,CCU,Kolkata,10,Post-Monsoon,Wed,180,134,134,0.747,False,False,612518,42197,654715,0,137,2
2025-05-21,HYD,Hyderabad,5,Summer,Sat,180,157,157,0.874,True,False,556546,49597,606143,0,175,1
2025-07-03,HYD,Hyderabad,7,Monsoon,Thu,180,148,148,0.825,False,False,546986,54593,601579,1,165,2
2025-01-02,HYD,Hyderabad,1,Winter,Sat,180,132,132,0.731,True,False,440218,47299,487517,0,142,3
2025-05-01,HYD,Hyderabad,5,Summer,Sun,180,114,114,0.635,True,False,402316,33054,435370,0,133,0
2025-03-24,BOM,Mumbai,3,Spring,Thu,180,137,137,0.762,True,False,605153,42635,647788,0,157,1
2025-02-10,BOM,Mumbai,2,Winter,Thu,180,127,127,0.707,True,False,485558,44273,529831,0,132,1
2025-04-18,CCU,Kolkata,4,Spring,Wed,180,151,151,0.841,True,False,579147,52020,631167,0,169,0
2025-01-18,DEL,Delhi,1,Winter,Sat,180,135,135,0.749,True,False,527806,48733,576539,0,141,0
2025-08-18,DEL,Delhi,8,Monsoon,Thu,180,152,152,0.842,True,False,670941,45504,716445,0,169,1
2025-01-19,BOM,Mumbai,1,Winter,Mon,180,118,118,0.657,True,False,467448,38087,505535,0,123,0
2025-08-23,DEL,Delhi,8,Monsoon,Sat,180,130,130,0.722,True,False,567019,49371,616390,0,143,1
2025-12-09,CCU,Kolkata,12,Winter,Sat,180,131,131,0.729,True,False,493856,49872,543728,0,148,0
2025-11-03,BLR,Bengaluru,11,Post-Monsoon,Wed,180,150,150,0.835,True,False,681641,58523,740164,0,155,1
2025-09-20,CCU,Kolkata,9,Monsoon,Sat,180,140,140,0.78,True,False,521441,41358,562799,0,147,1
2025-11-08,DEL,Delhi,11,Post-Monsoon,Sat,180,159,159,0.883,False,False,768274,66041,834315,0,168,1
2025-06-07,DEL,Delhi,6,Summer,Sat,180,148,148,0.824,True,False,671261,53437,724698,1,162,0
2025-12-23,BOM,Mumbai,12,Winter,Sun,180,150,150,0.834,True,False,610505,57305,667810,0,177,2
2025-02-17,DEL,Delhi,2,Winter,Tue,180,150,150,0.834,False,False,592565,55394,647959,1,170,3
2025-11-25,HYD,Hyderabad,11,Post-Monsoon,Sat,180,167,167,0.928,True,False,723616,56315,779931,0,184,0
2025-06-17,BOM,Mumbai,6,Summer,Thu,180,122,122,0.678,False,False,507152,36582,543734,0,141,1
2025-08-11,CCU,Kolkata,8,Monsoon,Sun,180,125,125,0.696,True,False,475927,37261,513188,0,141,0
2025-03-10,CCU,Kolkata,3,Spring,Thu,180,157,157,0.872,True,False,612729,65728,678457,0,181,1
2025-10-11,BLR,Bengaluru,10,Post-Monsoon,Thu,180,153,153,0.848,True,False,716839,59954,776793,0,180,0
2025-11-22,BLR,Bengaluru,11,Post-Monsoon,Mon,180,169,169,0.941,False,False,759720,63079,822799,0,182,2
2025-08-08,DEL,Delhi,8,Monsoon,Tue,180,148,148,0.822,True,False,637262,54492,691754,0,166,2
2025-12-25,BLR,Bengaluru,12,Winter,Fri,180,144,144,0.799,True,False,582725,55265,637990,2,161,2
2025-09-10,BLR,Bengaluru,9,Monsoon,Tue,180,160,160,0.89,True,False,658329,57913,716242,0,166,0
2025-07-07,DEL,Delhi,7,Monsoon,Sat,180,147,147,0.817,True,False,624731,60750,685481,0,162,1
2025-01-13,BOM,Mumbai,1,Winter,Fri,180,147,147,0.818,True,False,589420,56872,646292,0,168,1
2025-11-22,BOM,Mumbai,11,Post-Monsoon,Thu,180,163,163,0.908,False,False,792134,48686,840820,0,176,2
2025-04-04,CCU,Kolkata,4,Spring,Fri,180,140,140,0.778,True,False,532615,53410,586025,0,155,1
2025-08-11,DEL,Delhi,8,Monsoon,Mon,180,144,144,0.8,True,False,624637,55095,679732,0,161,2
2025-12-08,BOM,Mumbai,12,Winter,Tue,180,149,149,0.825,True,False,640031,62414,702445,0,170,1
2025-04-07,BOM,Mumbai,4,Spring,Tue,180,154,154,0.853,False,False,626129,53314,679443,0,175,3
2025-03-13,BOM,Mumbai,3,Spring,Sun,180,141,141,0.786,False,False,620836,59148,679984,0,166,0
2025-05-20,DEL,Delhi,5,Summer,Sun,180,133,133,0.739,True,False,611268,42427,653695,0,151,0
2025-04-20,CCU,Kolkata,4,Spring,Wed,180,141,141,0.784,True,False,559679,46476,606155,0,165,0
2025-09-27,BOM,Mumbai,9,Monsoon,Sun,180,140,140,0.779,False,False,628967,55115,684082,0,149,3
2025-03-14,HYD,Hyderabad,3,Spring,Thu,180,146,146,0.813,True,False,558742,50644,609386,0,167,0
2025-08-25,HYD,Hyderabad,8,Monsoon,Fri,180,131,131,0.727,True,False,490572,49918,540490,0,135,0
2025-11-17,DEL,Delhi,11,Post-Monsoon,Tue,180,148,148,0.821,True,False,777819,53583,831402,0,164,2
2025-02-12,DEL,Delhi,2,Winter,Sat,180,129,129,0.717,True,False,496127,50160,546287,0,149,1
2025-05-22,BLR,Bengaluru,5,Summer,Sat,180,137,137,0.759,True,False,546656,41922,588578,0,152,1
2025-12-14,DEL,Delhi,12,Winter,Sat,180,162,162,0.898,False,False,745871,48260,794131,0,175,2
2025-03-06,HYD,Hyderabad,3,Spring,Sat,180,161,161,0.897,True,False,560707,46478,607185,0,184,1
2025-08-17,BOM,Mumbai,8,Monsoon,Thu,180,139,139,0.77,True,False,601718,44297,646015,0,155,1
2025-12-20,BOM,Mumbai,12,Winter,Sat,180,135,135,0.753,True,False,566245,44135,610380,0,140,2
2025-11-04,BOM,Mumbai,11,Post-Monsoon,Sun,180,149,149,0.826,True,False,713528,55679,769207,0,174,2
2025-10-08,DEL,Delhi,10,Post-Monsoon,Mon,180,145,145,0.807,True,False,727621,57392,785013,0,160,1
2025-01-25,DEL,Delhi,1,Winter,Sat,180,132,132,0.736,False,False,527292,53332,580624,1,143,0
2025-09-16,HYD,Hyderabad,9,Monsoon,Sat,180,157,157,0.873,True,False,583340,50822,634162,0,162,1
2025-11-02,HYD,Hyderabad,11,Post-Monsoon,Sun,180,158,158,0.879,True,False,670925,46493,717418,0,175,0
2025-01-21,HYD,Hyderabad,1,Winter,Thu,180,136,136,0.758,False,False,428925,39009,467934,0,141,0
2025-12-09,HYD,Hyderabad,12,Winter,Thu,180,146,146,0.812,True,False,547774,60933,608707,0,154,0
2025-07-26,CCU,Kolkata,7,Monsoon,Wed,180,135,135,0.752,False,False,501299,38154,539453,0,141,1
2025-03-16,BOM,Mumbai,3,Spring,Tue,180,130,130,0.722,True,False,549901,39598,589499,0,151,0
2025-06-27,BLR,Bengaluru,6,Summer,Sat,180,166,166,0.923,False,False,625401,54575,679976,0,170,2
2025-12-25,BLR,Bengaluru,12,Winter,Fri,180,130,130,0.725,True,False,534779,37639,572418,0,151,0
2025-08-14,CCU,Kolkata,8,Monsoon,Wed,180,145,145,0.808,True,False,542985,58207,601192,0,158,0
2025-10-06,DEL,Delhi,10,Post-Monsoon,Tue,180,161,161,0.895,True,False,793830,54701,848531,0,173,0
2025-03-20,HYD,Hyderabad,3,Spring,Mon,180,147,147,0.818,True,False,558262,48767,607029,0,152,2
2025-04-14,HYD,Hyderabad,4,Spring,Sun,180,149,149,0.825,False,False,548896,57918,606814,0,174,0
2025-10-02,DEL,Delhi,10,Post-Monsoon,Mon,180,150,150,0.833,True,False,737998,57597,795595,0,154,1
2025-08-28,BLR,Bengaluru,8,Monsoon,Sun,180,122,122,0.678,True,False,488434,45984,534418,0,126,1
2025-10-06,BOM,Mumbai,10,Post-Monsoon,Sun,180,144,144,0.798,True,False,731639,45861,777500,0,168,2
2025-12-05,HYD,Hyderabad,12,Winter,Sat,180,138,138,0.765,True,False,523446,53927,577373,0,161,1
2025-06-07,HYD,Hyderabad,6,Summer,Tue,180,147,147,0.818,False,False,568838,59438,628276,0,151,1
2025-07-06,BOM,Mumbai,7,Monsoon,Wed,180,137,137,0.761,True,False,619106,43251,662357,0,157,0
2025-05-16,CCU,Kolkata,5,Summer,Tue,180,147,147,0.818,True,False,552949,57513,610462,0,150,0
2025-04-23,BOM,Mumbai,4,Spring,Thu,180,138,138,0.767,True,False,566434,55574,622008,0,146,1
2025-10-17,BOM,Mumbai,10,Post-Monsoon,Wed,180,154,154,0.853,True,False,717880,57858,775738,0,178,1
2025-10-11,DEL,Delhi,10,Post-Monsoon,Sat,180,156,156,0.864,True,False,756921,65090,822011,1,168,1
2025-12-21,BOM,Mumbai,12,Winter,Wed,180,135,135,0.748,False,False,559534,51578,611112,0,157,0
2025-08-01,DEL,Delhi,8,Monsoon,Sat,180,149,149,0.827,True,False,627784,50418,678202,0,163,0
2025-03-11,BLR,Bengaluru,3,Spring,Wed,180,126,126,0.701,True,False,513011,52558,565569,0,136,0
2025-05-27,DEL,Delhi,5,Summer,Tue,180,147,147,0.814,True,False,655062,41632,696694,0,168,0
2025-05-21,DEL,Delhi,5,Summer,Fri,180,136,136,0.754,True,False,603026,52007,655033,0,158,2
2025-08-18,BLR,Bengaluru,8,Monsoon,Sat,180,138,138,0.768,True,False,520315,56298,576613,0,142,2
2025-02-28,DEL,Delhi,2,Winter,Fri,180,141,141,0.781,True,False,580424,39976,620400,2,149,1
2025-10-12,DEL,Delhi,10,Post-Monsoon,Sun,180,153,153,0.85,True,False,727881,58630,786511,0,162,1
2025-11-28,DEL,Delhi,11,Post-Monsoon,Fri,180,146,146,0.814,True,False,718165,59156,777321,0,168,1
2025-03-17,BOM,Mumbai,3,Spring,Sun,180,150,150,0.835,True,False,653193,52803,705996,0,158,0
2025-07-12,HYD,Hyderabad,7,Monsoon,Fri,180,152,152,0.844,True,False,529935,48442,578377,0,159,0
2025-04-28,BOM,Mumbai,4,Spring,Sun,180,152,152,0.842,True,False,634504,54379,688883,0,178,1
2025-12-09,BLR,Bengaluru,12,Winter,Sat,180,133,133,0.741,True,False,503921,44376,548297,0,150,0
2025-01-02,DEL,Delhi,1,Winter,Tue,180,118,0,0.657,False,True,0,0,0,1,0,0
2025-12-07,BOM,Mumbai,12,Winter,Sat,180,144,144,0.8,True,False,624615,49681,674296,0,158,0
2025-04-16,CCU,Kolkata,4,Spring,Sat,180,131,131,0.727,False,False,506275,51983,558258,0,147,1
2025-02-19,DEL,Delhi,2,Winter,Tue,180,123,123,0.685,False,False,484000,41433,525433,0,131,3
2025-01-13,DEL,Delhi,1,Winter,Wed,180,112,112,0.621,False,False,462792,45203,507995,0,125,1
2025-05-02,CCU,Kolkata,5,Summer,Sun,180,162,162,0.902,True,False,598539,52475,651014,0,182,1
2025-12-23,HYD,Hyderabad,12,Winter,Mon,180,150,150,0.832,False,False,531072,44244,575316,0,153,1
2025-09-11,BLR,Bengaluru,9,Monsoon,Tue,180,137,137,0.759,True,False,522919,45049,567968,0,151,3
2025-10-27,DEL,Delhi,10,Post-Monsoon,Tue,180,157,157,0.873,True,False,802791,65069,867860,0,182,1
2025-08-23,HYD,Hyderabad,8,Monsoon,Sun,180,130,130,0.724,True,False,469277,52126,521403,0,146,0
2025-01-06,CCU,Kolkata,1,Winter,Fri,180,129,129,0.718,False,False,415198,49338,464536,1,134,2
2025-04-22,BOM,Mumbai,4,Spring,Tue,180,145,145,0.806,True,False,614138,41997,656135,0,164,1
2025-01-09,BOM,Mumbai,1,Winter,Wed,180,122,122,0.679,False,False,478802,50887,529689,1,133,2
2025-08-13,BOM,Mumbai,8,Monsoon,Sat,180,136,136,0.757,False,False,555962,41796,597758,0,146,1
2025-02-28,BOM,Mumbai,2,Winter,Wed,180,127,127,0.705,True,False,463517,38845,502362,0,143,0
2025-04-17,BOM,Mumbai,4,Spring,Tue,180,156,156,0.868,True,False,703034,45972,749006,0,181,0
2025-05-02,DEL,Delhi,5,Summer,Fri,180,153,153,0.847,True,False,689256,48027,737283,0,162,2
2025-12-24,BOM,Mumbai,12,Winter,Mon,180,146,146,0.812,True,False,603133,50873,654006,0,170,0
2025-12-22,DEL,Delhi,12,Winter,Mon,180,138,138,0.769,False,False,579402,40251,619653,0,150,1
2025-05-05,BOM,Mumbai,5,Summer,Tue,180,134,134,0.745,True,False,559333,42621,601954,0,139,0
2025-08-14,BOM,Mumbai,8,Monsoon,Mon,180,116,116,0.647,True,False,517664,34545,552209,0,133,0
2025-11-20,BOM,Mumbai,11,Post-Monsoon,Sun,180,162,162,0.9,True,False,768781,53668,822449,1,176,0
2025-09-02,BLR,Bengaluru,9,Monsoon,Fri,180,143,143,0.794,True,False,530750,44384,575134,0,147,0
2025-09-26,BLR,Bengaluru,9,Monsoon,Fri,180,156,156,0.869,True,False,623888,44875,668763,0,159,1
2025-01-02,DEL,Delhi,1,Winter,Wed,180,141,141,0.785,True,False,547153,44919,592072,0,161,0
2025-06-20,BOM,Mumbai,6,Summer,Fri,180,143,143,0.795,True,False,579232,44102,623334,0,156,0
2025-06-18,HYD,Hyderabad,6,Summer,Thu,180,153,153,0.851,True,False,576890,50323,627213,1,158,1
2025-07-03,BOM,Mumbai,7,Monsoon,Sat,180,125,125,0.695,True,False,513801,45482,559283,0,145,0
2025-09-01,HYD,Hyderabad,9,Monsoon,Sat,180,132,132,0.732,True,False,493584,52950,546534,0,155,0
2025-02-19,HYD,Hyderabad,2,Winter,Mon,180,126,126,0.698,True,False,429248,39190,468438,0,135,0
2025-08-19,BLR,Bengaluru,8,Monsoon,Thu,180,136,136,0.754,False,False,549339,47761,597100,0,149,1
2025-11-21,BOM,Mumbai,11,Post-Monsoon,Sun,180,140,140,0.775,False,False,688728,56848,745576,0,165,0
2025-04-28,BLR,Bengaluru,4,Spring,Tue,180,146,146,0.811,True,False,593245,47692,640937,0,154,0
2025-10-21,DEL,Delhi,10,Post-Monsoon,Mon,180,155,155,0.862,True,False,799309,59511,858820,0,181,0
2025-05-23,BOM,Mumbai,5,Summer,Wed,180,153,153,0.848,True,False,647768,44120,691888,0,156,0
2025-01-27,BLR,Bengaluru,1,Winter,Sun,180,142,142,0.787,True,False,495939,57401,553340,0,152,0
2025-04-08,DEL,Delhi,4,Spring,Tue,180,137,137,0.762,True,False,604333,53522,657855,0,150,2
2025-08-09,BOM,Mumbai,8,Monsoon,Wed,180,138,138,0.768,False,False,603301,52347,655648,0,152,0
2025-07-06,HYD,Hyderabad,7,Monsoon,Tue,180,133,133,0.741,False,False,484683,51474,536157,2,155,0
2025-08-09,CCU,Kolkata,8,Monsoon,Sun,180,147,147,0.819,False,False,573389,49328,622717,0,169,0
2025-01-28,BOM,Mumbai,1,Winter,Sat,180,128,128,0.713,False,False,521249,48071,569320,0,138,1
2025-06-01,BOM,Mumbai,6,Summer,Sun,180,131,131,0.73,False,False,543501,40145,583646,0,151,2
2025-02-28,BOM,Mumbai,2,Winter,Sun,180,124,124,0.687,True,False,482607,43476,526083,0,130,1
2025-02-13,DEL,Delhi,2,Winter,Sat,180,140,140,0.779,True,False,540063,53830,593893,0,156,1
2025-07-05,HYD,Hyderabad,7,Monsoon,Mon,180,132,132,0.733,True,False,479343,45166,524509,0,155,1
2025-12-20,DEL,Delhi,12,Winter,Wed,180,157,157,0.873,True,False,650342,44061,694403,0,165,1
2025-10-11,DEL,Delhi,10,Post-Monsoon,Mon,180,165,165,0.915,True,False,868942,60443,929385,0,175,2
2025-05-07,DEL,Delhi,5,Summer,Tue,180,158,158,0.875,True,False,692441,48980,741421,0,173,1
2025-03-27,HYD,Hyderabad,3,Spring,Wed,180,125,125,0.694,True,False,463365,36604,499969,0,144,1
2025-12-27,DEL,Delhi,12,Winter,Tue,180,144,144,0.8,False,False,634363,41466,675829,0,169,2
2025-04-26,BOM,Mumbai,4,Spring,Sun,180,143,0,0.797,False,True,0,0,0,3,0,0
2025-12-21,CCU,Kolkata,12,Winter,Sun,180,176,176,0.98,False,False,677566,57096,734662,0,202,3
2025-02-23,BLR,Bengaluru,2,Winter,Mon,180,117,117,0.65,True,False,388565,47299,435864,0,123,0
2025-12-05,BOM,Mumbai,12,Winter,Wed,180,144,144,0.799,True,False,625191,59352,684543,0,160,0
2025-11-11,DEL,Delhi,11,Post-Monsoon,Wed,180,149,149,0.826,False,False,754091,54476,808567,2,156,1
2025-11-13,BOM,Mumbai,11,Post-Monsoon,Wed,180,144,144,0.802,True,False,732530,58594,791124,0,148,1
2025-06-21,BOM,Mumbai,6,Summer,Thu,180,136,136,0.757,True,False,589225,48209,637434,0,146,1
2025-09-16,BLR,Bengaluru,9,Monsoon,Mon,180,119,119,0.66,True,False,458010,42287,500297,0,128,4
2025-02-13,CCU,Kolkata,2,Winter,Thu,180,138,138,0.768,True,False,497186,52577,549763,0,161,2
2025-08-08,CCU,Kolkata,8,Monsoon,Fri,180,140,140,0.777,True,False,563229,53295,616524,0,151,0
2025-11-28,BOM,Mumbai,11,Post-Monsoon,Fri,180,145,145,0.808,False,False,701615,56767,758382,0,166,3
2025-12-20,BOM,Mumbai,12,Winter,Fri,180,154,154,0.856,False,False,627805,64243,692048,0,160,2
2025-11-14,HYD,Hyderabad,11,Post-Monsoon,Wed,180,169,169,0.937,True,False,728270,61502,789772,0,189,1
2025-03-04,DEL,Delhi,3,Spring,Sun,180,151,151,0.839,True,False,670991,47363,718354,0,177,0
2025-09-15,CCU,Kolkata,9,Monsoon,Thu,180,130,130,0.723,False,False,503504,51381,554885,0,149,0
2025-11-23,BOM,Mumbai,11,Post-Monsoon,Wed,180,171,171,0.951,True,False,873737,56171,929908,0,201,0
2025-12-06,CCU,Kolkata,12,Winter,Fri,180,142,0,0.787,False,True,0,0,0,0,0,0
2025-09-16,HYD,Hyderabad,9,Monsoon,Thu,180,155,155,0.86,True,False,562898,63643,626541,0,179,0
2025-09-21,CCU,Kolkata,9,Monsoon,Thu,180,143,143,0.793,True,False,540342,43042,583384,0,148,0
2025-04-15,BOM,Mumbai,4,Spring,Fri,180,138,138,0.767,True,False,564200,39095,603295,0,144,2
2025-02-24,DEL,Delhi,2,Winter,Fri,180,116,116,0.647,True,False,486518,38509,525027,0,125,0
2025-09-17,DEL,Delhi,9,Monsoon,Wed,180,145,145,0.808,False,False,643412,42405,685817,0,158,1
2025-08-26,DEL,Delhi,8,Monsoon,Fri,180,139,139,0.772,True,False,644671,56992,701663,0,158,1
2025-02-04,BLR,Bengaluru,2,Winter,Sat,180,128,0,0.712,False,True,0,0,0,0,0,0
2025-12-02,DEL,Delhi,12,Winter,Wed,180,134,134,0.744,True,False,610515,40584,651099,0,143,0
2025-04-10,BOM,Mumbai,4,Spring,Tue,180,133,133,0.739,True,False,602742,40849,643591,0,138,1
2025-08-27,DEL,Delhi,8,Monsoon,Thu,180,145,145,0.804,True,False,672721,55500,728221,0,170,0
2025-10-16,HYD,Hyderabad,10,Post-Monsoon,Fri,180,168,168,0.935,True,False,723878,47859,771737,0,182,2
2025-07-15,DEL,Delhi,7,Monsoon,Fri,180,130,130,0.724,False,False,597720,54468,652188,0,151,2
2025-07-25,BOM,Mumbai,7,Monsoon,Sun,180,134,134,0.747,True,False,543994,44026,588020,0,145,0
2025-03-27,HYD,Hyderabad,3,Spring,Thu,180,130,130,0.721,True,False,479096,42513,521609,0,135,0
2025-10-27,CCU,Kolkata,10,Post-Monsoon,Fri,180,136,136,0.757,True,False,574675,47808,622483,0,143,3
2025-10-14,BLR,Bengaluru,10,Post-Monsoon,Fri,180,147,147,0.818,True,False,622861,49681,672542,0,172,0
2025-03-22,BLR,Bengaluru,3,Spring,Thu,180,138,138,0.768,True,False,570463,43363,613826,0,154,1
2025-08-04,HYD,Hyderabad,8,Monsoon,Tue,180,117,117,0.65,True,False,437197,47338,484535,0,134,0
2025-08-10,HYD,Hyderabad,8,Monsoon,Sat,180,126,126,0.702,True,False,456778,43257,500035,0,134,1
2025-03-09,BLR,Bengaluru,3,Spring,Sat,180,135,135,0.747,True,False,528396,47906,576302,0,148,0
2025-11-11,DEL,Delhi,11,Post-Monsoon,Mon,180,149,149,0.829,True,False,719229,46121,765350,0,159,1
2025-11-11,DEL,Delhi,11,Post-Monsoon,Thu,180,149,149,0.826,False,False,724370,53733,778103,0,169,1
2025-03-07,BOM,Mumbai,3,Spring,Mon,180,150,150,0.835,True,False,634498,50761,685259,0,165,0
2025-11-08,BOM,Mumbai,11,Post-Monsoon,Thu,180,146,146,0.809,True,False,680076,54110,734186,0,160,0
2025-09-22,BLR,Bengaluru,9,Monsoon,Sat,180,139,139,0.774,True,False,548496,50255,598751,0,150,1
2025-12-07,HYD,Hyderabad,12,Winter,Sat,180,147,147,0.819,True,False,523735,45963,569698,0,171,0
2025-09-15,CCU,Kolkata,9,Monsoon,Mon,180,140,140,0.776,True,False,544153,50908,595061,0,149,0
2025-02-15,CCU,Kolkata,2,Winter,Sun,180,139,139,0.774,False,False,458037,42356,500393,0,145,2
2025-06-09,BOM,Mumbai,6,Summer,Fri,180,169,169,0.939,False,False,761929,58718,820647,1,177,0
2025-04-14,DEL,Delhi,4,Spring,Wed,180,138,138,0.769,False,False,620870,48147,669017,0,158,1
2025-10-17,BOM,Mumbai,10,Post-Monsoon,Sat,180,153,153,0.85,True,False,779517,57555,837072,0,173,1
2025-07-25,HYD,Hyderabad,7,Monsoon,Wed,180,161,161,0.894,True,False,610782,53425,664207,0,174,0
2025-03-04,DEL,Delhi,3,Spring,Thu,180,146,146,0.809,True,False,615218,41945,657163,1,160,1
2025-04-09,DEL,Delhi,4,Spring,Mon,180,121,121,0.673,True,False,519554,39109,558663,0,126,0
2025-02-03,BOM,Mumbai,2,Winter,Sun,180,137,137,0.76,True,False,543673,53389,597062,0,155,0
2025-05-13,DEL,Delhi,5,Summer,Sat,180,147,147,0.817,True,False,666126,57460,723586,0,154,0
2025-06-28,BLR,Bengaluru,6,Summer,Fri,180,149,149,0.828,True,False,587426,53353,640779,0,174,1
2025-06-14,HYD,Hyderabad,6,Summer,Mon,180,125,125,0.695,True,False,451146,50344,501490,0,144,1
2025-08-20,BLR,Bengaluru,8,Monsoon,Mon,180,143,143,0.793,True,False,566649,52026,618675,0,149,3
2025-09-23,BOM,Mumbai,9,Monsoon,Wed,180,142,142,0.787,True,False,622815,56082,678897,0,156,1
2025-02-12,CCU,Kolkata,2,Winter,Sat,180,132,132,0.733,True,False,440448,55102,495550,0,153,2
2025-12-24,BLR,Bengaluru,12,Winter,Wed,180,147,147,0.819,True,False,585477,43342,628819,0,167,0
2025-12-22,BOM,Mumbai,12,Winter,Sat,180,155,155,0.862,True,False,656553,58755,715308,0,174,0
2025-05-15,DEL,Delhi,5,Summer,Sun,180,145,145,0.804,True,False,636480,45848,682328,0,158,0
2025-08-03,HYD,Hyderabad,8,Monsoon,Wed,180,130,130,0.722,True,False,475011,47388,522399,0,135,0
2025-01-09,CCU,Kolkata,1,Winter,Sun,180,123,123,0.685,True,False,428409,46988,475397,0,134,0
2025-11-27,BOM,Mumbai,11,Post-Monsoon,Wed,180,162,162,0.903,True,False,758925,67186,826111,0,173,3
2025-07-13,BOM,Mumbai,7,Monsoon,Wed,180,143,143,0.794,True,False,612929,48825,661754,0,161,1
2025-06-02,BOM,Mumbai,6,Summer,Sat,180,129,129,0.719,False,False,534726,53166,587892,0,145,1
2025-03-10,DEL,Delhi,3,Spring,Sat,180,148,148,0.824,True,False,629748,58504,688252,0,153,2
2025-03-03,HYD,Hyderabad,3,Spring,Tue,180,139,139,0.772,False,False,515468,39700,555168,0,144,0
2025-09-14,HYD,Hyderabad,9,Monsoon,Sat,180,118,118,0.655,True,False,425650,47549,473199,0,132,0
2025-09-17,DEL,Delhi,9,Monsoon,Sun,180,149,149,0.829,False,False,687587,43891,731478,0,153,3
2025-08-08,HYD,Hyderabad,8,Monsoon,Tue,180,131,131,0.728,True,False,464793,47647,512440,0,135,1
2025-11-15,BOM,Mumbai,11,Post-Monsoon,Sun,180,153,153,0.85,True,False,767424,56929,824353,2,167,0
2025-06-13,DEL,Delhi,6,Summer,Thu,180,127,127,0.705,True,False,575201,45786,620987,0,145,1
2025-07-21,DEL,Delhi,7,Monsoon,Mon,180,137,137,0.761,True,False,582905,53346,636251,0,160,1
2025-03-19,DEL,Delhi,3,Spring,Fri,180,139,139,0.771,True,False,617970,51457,669427,0,154,1
2025-04-06,HYD,Hyderabad,4,Spring,Thu,180,151,151,0.839,True,False,530875,56591,587466,0,176,3
2025-02-13,BOM,Mumbai,2,Winter,Thu,180,143,143,0.792,False,False,537122,45824,582946,0,165,1
2025-04-05,BOM,Mumbai,4,Spring,Sat,180,137,137,0.759,False,False,599902,43080,642982,0,154,2
2025-01-06,DEL,Delhi,1,Winter,Fri,180,147,147,0.815,True,False,615195,60187,675382,0,162,2
2025-09-25,CCU,Kolkata,9,Monsoon,Sat,180,121,0,0.671,False,True,0,0,0,1,0,0
2025-08-01,BLR,Bengaluru,8,Monsoon,Tue,180,134,134,0.745,True,False,510846,41311,552157,0,144,1
2025-07-08,HYD,Hyderabad,7,Monsoon,Thu,180,133,133,0.739,True,False,494595,49692,544287,0,146,2
2025-07-25,BLR,Bengaluru,7,Monsoon,Wed,180,134,134,0.744,True,False,536922,55679,592601,0,142,0
2025-08-03,HYD,Hyderabad,8,Monsoon,Mon,180,146,146,0.812,True,False,518244,54051,572295,0,151,2
2025-03-04,DEL,Delhi,3,Spring,Fri,180,138,138,0.767,True,False,584104,42242,626346,0,153,2
2025-12-01,BOM,Mumbai,12,Winter,Mon,180,127,127,0.707,True,False,576914,40021,616935,0,132,2
2025-08-23,DEL,Delhi,8,Monsoon,Mon,180,151,151,0.838,True,False,639108,45841,684949,0,157,0
2025-07-04,BOM,Mumbai,7,Monsoon,Sat,180,153,153,0.851,False,False,674889,54292,729181,0,170,1
2025-03-09,BLR,Bengaluru,3,Spring,Sun,180,131,131,0.728,True,False,523481,36779,560260,0,145,1
2025-06-17,BLR,Bengaluru,6,Summer,Thu,180,120,120,0.667,True,False,495933,37971,533904,0,138,1
2025-09-04,BLR,Bengaluru,9,Monsoon,Sat,180,144,144,0.801,True,False,552641,56512,609153,0,168,2
2025-09-14,DEL,Delhi,9,Monsoon,Sun,180,151,151,0.839,False,False,691952,60275,752227,0,165,1
2025-05-18,BOM,Mumbai,5,Summer,Thu,180,142,142,0.791,True,False,639415,42659,682074,0,152,1
2025-12-24,DEL,Delhi,12,Winter,Thu,180,137,137,0.764,True,False,606046,40926,646972,0,160,2
2025-09-23,BLR,Bengaluru,9,Monsoon,Fri,180,141,141,0.784,True,False,556377,39969,596346,0,145,0
2025-01-18,BOM,Mumbai,1,Winter,Wed,180,133,133,0.741,True,False,512037,37926,549963,0,136,0
2025-07-01,DEL,Delhi,7,Monsoon,Tue,180,120,120,0.668,True,False,523930,44201,568131,0,131,0
2025-11-16,BOM,Mumbai,11,Post-Monsoon,Thu,180,156,156,0.865,True,False,781319,48861,830180,0,160,0
2025-08-10,BOM,Mumbai,8,Monsoon,Wed,180,134,134,0.743,True,False,546450,41959,588409,0,156,1
2025-09-22,BOM,Mumbai,9,Monsoon,Sun,180,131,131,0.726,True,False,590807,39477,630284,0,146,0
2025-03-11,CCU,Kolkata,3,Spring,Thu,180,152,152,0.845,True,False,581785,51125,632910,0,172,1
2025-09-24,DEL,Delhi,9,Monsoon,Wed,180,134,134,0.745,True,False,589128,46020,635148,0,140,1
2025-10-17,BOM,Mumbai,10,Post-Monsoon,Mon,180,149,149,0.827,True,False,755983,48636,804619,0,172,0
2025-11-07,BOM,Mumbai,11,Post-Monsoon,Sun,180,135,135,0.75,True,False,681285,38221,719506,0,139,0
2025-10-16,BOM,Mumbai,10,Post-Monsoon,Thu,180,145,145,0.806,True,False,685917,49039,734956,0,152,0
2025-11-08,HYD,Hyderabad,11,Post-Monsoon,Thu,180,149,149,0.83,True,False,625173,58486,683659,0,157,0
2025-06-09,DEL,Delhi,6,Summer,Thu,180,133,133,0.737,True,False,562197,43183,605380,2,155,2
2025-06-06,CCU,Kolkata,6,Summer,Sat,180,131,131,0.727,True,False,493391,51985,545376,0,153,1
2025-04-20,BLR,Bengaluru,4,Spring,Thu,180,139,139,0.771,False,False,542942,51851,594793,0,156,3
2025-11-22,DEL,Delhi,11,Post-Monsoon,Thu,180,144,144,0.8,False,False,756708,51599,808307,1,158,0
2025-11-06,HYD,Hyderabad,11,Post-Monsoon,Thu,180,145,145,0.808,True,False,634834,46188,681022,0,150,0
2025-05-09,HYD,Hyderabad,5,Summer,Sun,180,165,165,0.914,False,False,596590,52622,649212,0,177,2
2025-09-23,DEL,Delhi,9,Monsoon,Sat,180,149,149,0.826,True,False,628316,46374,674690,2,169,1
2025-10-09,DEL,Delhi,10,Post-Monsoon,Wed,180,147,147,0.816,False,False,732021,44293,776314,0,153,3
2025-05-17,BOM,Mumbai,5,Summer,Fri,180,144,144,0.801,True,False,589008,45319,634327,0,154,1
2025-05-15,BLR,Bengaluru,5,Summer,Wed,180,142,142,0.792,False,False,522471,53911,576382,1,147,1
2025-10-05,BLR,Bengaluru,10,Post-Monsoon,Mon,180,155,155,0.864,True,False,720450,63255,783705,0,162,1
2025-12-16,DEL,Delhi,12,Winter,Fri,180,137,0,0.762,False,True,0,0,0,3,0,0
2025-01-17,BLR,Bengaluru,1,Winter,Mon,180,142,142,0.791,True,False,523160,57585,580745,0,163,0
2025-03-04,BLR,Bengaluru,3,Spring,Mon,180,156,156,0.864,True,False,638959,52093,691052,0,166,0
2025-03-20,BOM,Mumbai,3,Spring,Sat,180,136,136,0.754,True,False,569167,52870,622037,0,152,0
2025-09-12,HYD,Hyderabad,9,Monsoon,Wed,180,127,127,0.706,True,False,459585,45367,504952,0,143,0
2025-07-23,BOM,Mumbai,7,Monsoon,Sun,180,137,137,0.759,False,False,589212,46327,635539,0,149,1
2025-11-19,BLR,Bengaluru,11,Post-Monsoon,Wed,180,159,159,0.883,False,False,684133,45270,729403,0,183,1
2025-05-19,DEL,Delhi,5,Summer,Thu,180,151,151,0.838,False,False,687263,59600,746863,1,178,2
2025-05-14,BOM,Mumbai,5,Summer,Wed,180,142,142,0.791,True,False,575674,44151,619825,0,145,0
2025-03-23,BOM,Mumbai,3,Spring,Sat,180,137,137,0.759,True,False,553766,46177,599943,0,160,1
2025-08-18,BOM,Mumbai,8,Monsoon,Thu,180,144,144,0.801,True,False,604726,44147,648873,0,162,1
2025-06-26,HYD,Hyderabad,6,Summer,Wed,180,157,157,0.87,True,False,610830,56908,667738,0,162,2
2025-10-13,CCU,Kolkata,10,Post-Monsoon,Sun,180,139,139,0.774,True,False,581762,51514,633276,0,150,0
2025-09-22,DEL,Delhi,9,Monsoon,Thu,180,140,140,0.777,True,False,599937,55190,655127,0,155,2
2025-10-01,CCU,Kolkata,10,Post-Monsoon,Sun,180,162,162,0.902,True,False,676994,51804,728798,0,169,4
2025-12-12,BLR,Bengaluru,12,Winter,Sat,180,141,141,0.784,True,False,582599,49499,632098,0,158,1
2025-02-14,DEL,Delhi,2,Winter,Sun,180,133,133,0.742,False,False,504122,54066,558188,1,141,0
2025-07-17,CCU,Kolkata,7,Monsoon,Sat,180,133,133,0.738,True,False,512181,52874,565055,0,147,0
2025-01-14,CCU,Kolkata,1,Winter,Fri,180,148,148,0.822,True,False,478062,61174,539236,0,163,0
2025-02-02,BLR,Bengaluru,2,Winter,Sat,180,129,129,0.719,True,False,431041,38265,469306,0,143,0
2025-10-12,DEL,Delhi,10,Post-Monsoon,Mon,180,149,149,0.826,True,False,758297,58476,816773,0,163,1
2025-02-07,BOM,Mumbai,2,Winter,Tue,180,119,119,0.659,True,False,485095,43325,528420,0,137,0
2025-03-17,DEL,Delhi,3,Spring,Wed,180,149,149,0.828,True,False,689639,55993,745632,0,165,0
2025-07-16,DEL,Delhi,7,Monsoon,Fri,180,138,138,0.767,False,False,642802,51951,694753,0,143,1
2025-04-20,DEL,Delhi,4,Spring,Thu,180,143,143,0.792,False,False,598840,57030,655870,2,150,1
2025-10-26,BOM,Mumbai,10,Post-Monsoon,Mon,180,151,151,0.84,True,False,721395,44172,765567,0,167,1
2025-10-15,BOM,Mumbai,10,Post-Monsoon,Wed,180,151,151,0.837,False,False,720774,50162,770936,1,176,1
2025-12-23,BOM,Mumbai,12,Winter,Thu,180,146,146,0.81,True,False,658286,51705,709991,0,157,0
2025-02-26,BLR,Bengaluru,2,Winter,Sat,180,127,127,0.705,True,False,447976,42697,490673,0,138,0
2025-08-27,BOM,Mumbai,8,Monsoon,Wed,180,128,128,0.713,True,False,523975,36115,560090,0,148,1
2025-10-07,DEL,Delhi,10,Post-Monsoon,Fri,180,168,168,0.932,True,False,896014,51078,947092,0,189,1
2025-01-11,DEL,Delhi,1,Winter,Sun,180,143,143,0.796,True,False,551175,57741,608916,0,153,2
2025-12-07,BOM,Mumbai,12,Winter,Sat,180,143,143,0.796,True,False,624302,59495,683797,0,159,0
2025-04-12,BOM,Mumbai,4,Spring,Wed,180,141,141,0.782,True,False,619216,55575,674791,0,163,1
2025-03-07,HYD,Hyderabad,3,Spring,Sat,180,139,139,0.774,False,False,535882,41041,576923,0,144,1
2025-03-10,DEL,Delhi,3,Spring,Sat,180,145,145,0.803,True,False,648861,49140,698001,0,167,1
2025-01-26,DEL,Delhi,1,Winter,Mon,180,124,124,0.686,True,False,488076,41972,530048,0,135,2
2025-05-10,HYD,Hyderabad,5,Summer,Mon,180,136,136,0.754,True,False,501227,51263,552490,0,143,0
2025-07-10,HYD,Hyderabad,7,Monsoon,Tue,180,148,148,0.824,False,False,553349,45749,599098,0,167,0
2025-07-20,DEL,Delhi,7,Monsoon,Sun,180,125,125,0.694,True,False,534482,45945,580427,0,147,0
2025-12-15,BLR,Bengaluru,12,Winter,Wed,180,153,153,0.848,True,False,573950,62884,636834,0,172,2
2025-10-27,DEL,Delhi,10,Post-Monsoon,Thu,180,153,153,0.85,True,False,738300,59777,798077,0,167,0
2025-07-25,DEL,Delhi,7,Monsoon,Mon,180,129,129,0.714,True,False,589804,41921,631725,0,135,0
2025-11-01,CCU,Kolkata,11,Post-Monsoon,Fri,180,157,157,0.87,True,False,676363,55013,731376,0,178,1
2025-07-03,DEL,Delhi,7,Monsoon,Mon,180,140,140,0.779,True,False,634316,53385,687701,0,145,0
2025-11-21,DEL,Delhi,11,Post-Monsoon,Tue,180,158,158,0.879,True,False,788589,65813,854402,0,165,2
2025-04-08,CCU,Kolkata,4,Spring,Thu,180,141,141,0.786,False,False,555493,49247,604740,0,163,0
2025-02-19,BOM,Mumbai,2,Winter,Wed,180,134,134,0.742,True,False,495050,38658,533708,0,142,1
2025-01-14,BLR,Bengaluru,1,Winter,Sat,180,127,127,0.704,True,False,423763,46706,470469,0,148,0
2025-04-02,BLR,Bengaluru,4,Spring,Sat,180,146,146,0.81,True,False,565386,56056,621442,0,154,0
2025-11-05,BOM,Mumbai,11,Post-Monsoon,Thu,180,157,157,0.872,True,False,734622,63215,797837,0,163,0
2025-01-18,BOM,Mumbai,1,Winter,Sat,180,121,121,0.672,True,False,452363,49055,501418,0,127,2
2025-05-10,DEL,Delhi,5,Summer,Sat,180,140,140,0.778,True,False,630796,56929,687725,0,151,1
2025-04-08,CCU,Kolkata,4,Spring,Thu,180,158,158,0.877,True,False,568856,64730,633586,0,186,2
2025-03-14,BLR,Bengaluru,3,Spring,Thu,180,134,134,0.744,True,False,531017,48564,579581,0,153,0
2025-10-06,DEL,Delhi,10,Post-Monsoon,Sat,180,150,150,0.834,True,False,800029,43697,843726,0,165,0
2025-10-17,BLR,Bengaluru,10,Post-Monsoon,Mon,180,171,171,0.95,True,False,800817,62274,863091,0,188,1
2025-06-08,BOM,Mumbai,6,Summer,Sat,180,146,146,0.812,True,False,607083,42218,649301,0,162,0
2025-02-07,DEL,Delhi,2,Winter,Wed,180,134,134,0.742,False,False,506443,38734,545177,0,143,0
2025-10-25,HYD,Hyderabad,10,Post-Monsoon,Thu,180,174,174,0.965,False,False,753924,49035,802959,0,179,3
2025-05-08,BOM,Mumbai,5,Summer,Sat,180,138,138,0.765,True,False,627904,44468,672372,0,151,0
2025-04-01,BOM,Mumbai,4,Spring,Sat,180,133,133,0.739,False,False,559953,40415,600368,2,152,0
2025-12-02,BLR,Bengaluru,12,Winter,Wed,180,139,139,0.771,True,False,547534,44698,592232,0,146,0
2025-07-27,CCU,Kolkata,7,Monsoon,Tue,180,126,126,0.701,True,False,450630,35566,486196,0,131,1
2025-07-10,BOM,Mumbai,7,Monsoon,Sun,180,159,159,0.881,False,False,709618,65462,775080,2,179,1
2025-03-21,DEL,Delhi,3,Spring,Mon,180,150,150,0.833,True,False,683332,54545,737877,0,164,1
2025-07-13,HYD,Hyderabad,7,Monsoon,Tue,180,151,151,0.841,True,False,576312,56930,633242,0,159,0
2025-04-08,DEL,Delhi,4,Spring,Fri,180,137,137,0.761,True,False,635646,55654,691300,0,161,2
2025-10-13,BOM,Mumbai,10,Post-Monsoon,Sun,180,161,161,0.893,True,False,774367,49742,824109,0,167,0
2025-06-11,DEL,Delhi,6,Summer,Mon,180,148,148,0.82,True,False,688589,42313,730902,0,156,1
2025-03-20,CCU,Kolkata,3,Spring,Tue,180,134,134,0.743,True,False,482205,50535,532740,0,145,1
2025-04-18,DEL,Delhi,4,Spring,Mon,180,155,155,0.858,False,False,689995,57248,747243,0,162,0
2025-04-22,DEL,Delhi,4,Spring,Fri,180,143,143,0.797,True,False,661479,52633,714112,0,167,0
2025-12-24,BOM,Mumbai,12,Winter,Wed,180,137,137,0.762,False,False,581351,43936,625287,0,157,4
2025-02-13,CCU,Kolkata,2,Winter,Mon,180,116,116,0.646,False,False,394568,44948,439516,0,131,0
2025-06-08,BOM,Mumbai,6,Summer,Mon,180,114,114,0.635,True,False,480338,36885,517223,0,123,2
2025-12-23,HYD,Hyderabad,12,Winter,Thu,180,148,148,0.82,True,False,570305,59559,629864,0,165,2
2025-03-25,CCU,Kolkata,3,Spring,Wed,180,147,147,0.819,True,False,546666,51331,597997,0,172,1
2025-11-04,BOM,Mumbai,11,Post-Monsoon,Mon,180,148,148,0.823,False,False,732119,47289,779408,0,169,1
2025-08-01,CCU,Kolkata,8,Monsoon,Sat,180,138,138,0.767,True,False,505201,43409,548610,0,162,0
2025-07-20,CCU,Kolkata,7,Monsoon,Wed,180,147,147,0.817,False,False,570092,42362,612454,0,160,0
2025-04-13,BOM,Mumbai,4,Spring,Tue,180,127,127,0.704,True,False,516111,45329,561440,0,139,0
2025-01-05,BOM,Mumbai,1,Winter,Thu,180,138,138,0.768,True,False,538379,56660,595039,0,145,1
2025-10-17,BOM,Mumbai,10,Post-Monsoon,Fri,180,145,145,0.803,True,False,714094,43988,758082,0,149,2
2025-08-02,HYD,Hyderabad,8,Monsoon,Thu,180,133,133,0.74,True,False,463233,46670,509903,0,151,0
2025-08-13,DEL,Delhi,8,Monsoon,Thu,180,135,135,0.749,False,False,610047,41200,651247,0,146,2
2025-05-18,BLR,Bengaluru,5,Summer,Sun,180,150,150,0.833,True,False,616157,61856,678013,0,170,3
2025-04-25,BOM,Mumbai,4,Spring,Fri,180,141,141,0.785,True,False,608230,52111,660341,0,146,1
2025-05-23,BOM,Mumbai,5,Summer,Sat,180,158,158,0.875,True,False,690949,56708,747657,0,179,1
2025-10-15,BLR,Bengaluru,10,Post-Monsoon,Thu,180,151,151,0.841,True,False,665173,50482,715655,0,175,2
2025-07-15,BLR,Bengaluru,7,Monsoon,Sun,180,145,145,0.806,True,False,579118,46081,625199,0,169,0
2025-06-17,BOM,Mumbai,6,Summer,Sat,180,134,134,0.743,False,False,544467,50122,594589,0,147,1
2025-01-10,HYD,Hyderabad,1,Winter,Thu,180,129,129,0.716,False,False,412284,40380,452664,0,146,0
2025-09-09,BOM,Mumbai,9,Monsoon,Sun,180,139,139,0.771,False,False,614853,51052,665905,0,152,0
2025-09-27,BOM,Mumbai,9,Monsoon,Thu,180,136,136,0.756,True,False,588659,40606,629265,0,159,0
2025-09-22,CCU,Kolkata,9,Monsoon,Sun,180,138,138,0.768,False,False,496066,50366,546432,0,159,3
2025-03-06,BLR,Bengaluru,3,Spring,Sat,180,137,137,0.76,True,False,511049,49872,560921,0,154,0
2025-07-19,HYD,Hyderabad,7,Monsoon,Tue,180,150,150,0.835,False,False,558521,61930,620451,0,173,1
2025-11-06,DEL,Delhi,11,Post-Monsoon,Sun,180,128,128,0.711,False,False,623803,37700,661503,0,135,0
2025-02-23,CCU,Kolkata,2,Winter,Wed,180,139,139,0.771,True,False,477690,55814,533504,0,150,1
2025-12-02,DEL,Delhi,12,Winter,Thu,180,131,131,0.728,False,False,557974,46730,604704,0,142,3
2025-03-21,DEL,Delhi,3,Spring,Tue,180,147,147,0.814,True,False,656675,47207,703882,0,156,0
2025-08-16,BOM,Mumbai,8,Monsoon,Tue,180,155,155,0.863,False,False,637727,48779,686506,0,171,1
2025-06-17,BOM,Mumbai,6,Summer,Sat,180,116,116,0.646,False,False,522519,40948,563467,0,129,0
2025-03-10,BLR,Bengaluru,3,Spring,Thu,180,141,141,0.785,True,False,582200,53109,635309,0,164,1
2025-06-14,BLR,Bengaluru,6,Summer,Sun,180,137,137,0.763,True,False,502756,52100,554856,0,149,1
2025-01-25,BOM,Mumbai,1,Winter,Wed,180,151,151,0.84,True,False,614731,43363,658094,0,174,1
2025-01-22,DEL,Delhi,1,Winter,Sat,180,125,125,0.693,True,False,495664,51202,546866,0,146,1
2025-10-16,CCU,Kolkata,10,Post-Monsoon,Mon,180,131,131,0.729,True,False,548603,51871,600474,0,143,2
2025-11-27,BLR,Bengaluru,11,Post-Monsoon,Fri,180,145,145,0.806,False,False,646073,45258,691331,0,151,1
2025-10-26,BOM,Mumbai,10,Post-Monsoon,Thu,180,164,164,0.909,True,False,783335,56635,839970,0,183,0
2025-06-24,DEL,Delhi,6,Summer,Tue,180,135,135,0.752,True,False,579698,54853,634551,0,157,0
2025-10-25,DEL,Delhi,10,Post-Monsoon,Sat,180,146,146,0.813,True,False,759884,57051,816935,0,163,2
2025-08-02,CCU,Kolkata,8,Monsoon,Sun,180,123,123,0.681,False,False,486384,37634,524018,0,145,0
2025-09-19,DEL,Delhi,9,Monsoon,Thu,180,150,150,0.833,True,False,686060,42943,729003,0,159,1
2025-07-04,BLR,Bengaluru,7,Monsoon,Sun,180,134,134,0.746,True,False,497020,51995,549015,0,145,0
2025-09-01,BLR,Bengaluru,9,Monsoon,Sun,180,121,121,0.675,False,False,456293,35180,491473,0,128,2
2025-12-05,HYD,Hyderabad,12,Winter,Fri,180,138,138,0.767,False,False,505939,55312,561251,0,151,2
2025-12-28,HYD,Hyderabad,12,Winter,Sun,180,132,132,0.734,True,False,502284,54291,556575,0,139,0
2025-05-19,DEL,Delhi,5,Summer,Wed,180,147,147,0.817,True,False,619925,52141,672066,0,155,1
2025-04-05,DEL,Delhi,4,Spring,Fri,180,139,139,0.773,True,False,614692,44686,659378,0,151,0
2025-05-14,DEL,Delhi,5,Summer,Sun,180,127,127,0.705,False,False,532695,38519,571214,0,143,5
2025-12-01,BOM,Mumbai,12,Winter,Thu,180,161,161,0.892,True,False,653500,47052,700552,0,172,0
2025-05-06,BLR,Bengaluru,5,Summer,Sat,180,144,144,0.799,True,False,557822,52777,610599,0,164,0
2025-11-17,BLR,Bengaluru,11,Post-Monsoon,Thu,180,150,150,0.833,True,False,650349,45781,696130,0,156,0
2025-04-25,HYD,Hyderabad,4,Spring,Tue,180,156,156,0.868,True,False,601111,45016,646127,0,166,0
2025-09-06,DEL,Delhi,9,Monsoon,Wed,180,137,137,0.759,True,False,568274,40106,608380,1,142,1
2025-01-25,BLR,Bengaluru,1,Winter,Thu,180,134,134,0.745,True,False,493833,44118,537951,0,145,0
2025-06-16,CCU,Kolkata,6,Summer,Fri,180,153,153,0.848,True,False,615684,53165,668849,0,166,1
2025-11-05,HYD,Hyderabad,11,Post-Monsoon,Mon,180,157,157,0.87,True,False,646490,45937,692427,0,168,0
2025-04-11,HYD,Hyderabad,4,Spring,Fri,180,141,141,0.783,True,False,514425,58846,573271,0,156,0
2025-07-05,BLR,Bengaluru,7,Monsoon,Wed,180,157,157,0.872,False,False,601878,63045,664923,0,173,1
2025-07-05,DEL,Delhi,7,Monsoon,Tue,180,159,159,0.881,True,False,737701,63338,801039,0,182,0
2025-07-27,BLR,Bengaluru,7,Monsoon,Fri,180,147,147,0.818,True,False,593849,52954,646803,0,154,1
2025-07-22,DEL,Delhi,7,Monsoon,Wed,180,135,135,0.751,True,False,627636,51780,679416,0,149,1
2025-07-27,BOM,Mumbai,7,Monsoon,Thu,180,146,146,0.81,True,False,643435,47223,690658,0,168,0
2025-05-23,DEL,Delhi,5,Summer,Mon,180,123,123,0.681,True,False,560460,42616,603076,0,137,2
2025-09-04,HYD,Hyderabad,9,Monsoon,Sat,180,151,151,0.838,False,False,544115,53630,597745,0,165,0
2025-12-04,CCU,Kolkata,12,Winter,Wed,180,135,135,0.747,False,False,502637,39140,541777,1,151,1
2025-08-23,BOM,Mumbai,8,Monsoon,Fri,180,129,129,0.715,True,False,580123,50328,630451,0,146,1
2025-12-14,BLR,Bengaluru,12,Winter,Sat,180,134,134,0.742,True,False,531374,44708,576082,0,155,0
2025-05-26,HYD,Hyderabad,5,Summer,Wed,180,137,137,0.764,False,False,519192,48228,567420,0,151,1
2025-09-18,BLR,Bengaluru,9,Monsoon,Mon,180,146,146,0.813,True,False,569856,46592,616448,0,160,0
2025-05-18,HYD,Hyderabad,5,Summer,Tue,180,151,151,0.836,True,False,545668,60656,606324,0,169,0
2025-07-19,BLR,Bengaluru,7,Monsoon,Wed,180,128,128,0.714,True,False,527379,49213,576592,0,145,1
2025-12-05,DEL,Delhi,12,Winter,Tue,180,148,148,0.824,True,False,635237,50615,685852,0,161,0
2025-05-26,BLR,Bengaluru,5,Summer,Thu,180,146,146,0.813,True,False,584657,51071,635728,0,160,1
2025-12-21,BOM,Mumbai,12,Winter,Fri,180,152,152,0.842,True,False,659184,48797,707981,0,175,0
2025-10-12,BOM,Mumbai,10,Post-Monsoon,Wed,180,137,137,0.763,True,False,713355,55711,769066,0,148,2
2025-08-21,HYD,Hyderabad,8,Monsoon,Tue,180,146,146,0.814,True,False,549430,47123,596553,0,160,1
2025-11-26,DEL,Delhi,11,Post-Monsoon,Sun,180,146,146,0.813,True,False,781790,55054,836844,0,170,0
2025-04-16,CCU,Kolkata,4,Spring,Fri,180,141,141,0.784,True,False,531615,53709,585324,0,166,0
2025-05-28,DEL,Delhi,5,Summer,Wed,180,145,145,0.806,True,False,621356,45149,666505,0,159,1
2025-08-21,CCU,Kolkata,8,Monsoon,Thu,180,148,148,0.824,True,False,575725,43906,619631,0,158,2
2025-06-10,HYD,Hyderabad,6,Summer,Thu,180,136,136,0.755,True,False,520474,40553,561027,0,149,0
2025-07-21,BLR,Bengaluru,7,Monsoon,Fri,180,153,153,0.851,True,False,596357,60206,656563,0,162,1
2025-10-26,DEL,Delhi,10,Post-Monsoon,Sat,180,158,158,0.879,False,False,788560,66062,854622,2,177,1
2025-07-08,DEL,Delhi,7,Monsoon,Wed,180,117,117,0.65,True,False,496641,33721,530362,0,130,1
2025-10-12,BOM,Mumbai,10,Post-Monsoon,Thu,180,176,176,0.98,True,False,840146,68103,908249,0,206,2
2025-06-22,CCU,Kolkata,6,Summer,Sun,180,121,121,0.673,True,False,462036,48700,510736,0,137,0
2025-09-08,HYD,Hyderabad,9,Monsoon,Wed,180,142,142,0.787,True,False,517790,58858,576648,0,166,2
2025-03-09,CCU,Kolkata,3,Spring,Fri,180,134,134,0.745,True,False,535143,42963,578106,0,140,2
2025-10-23,CCU,Kolkata,10,Post-Monsoon,Sat,180,151,151,0.84,False,False,662452,62190,724642,0,167,2
2025-03-19,BOM,Mumbai,3,Spring,Fri,180,147,147,0.818,False,False,614400,57384,671784,1,156,1
2025-10-18,BOM,Mumbai,10,Post-Monsoon,Thu,180,165,165,0.916,True,False,794338,55058,849396,0,192,1
2025-04-08,DEL,Delhi,4,Spring,Mon,180,150,150,0.835,True,False,657187,58398,715585,0,156,2
2025-02-20,DEL,Delhi,2,Winter,Tue,180,156,156,0.868,True,False,619767,56919,676686,0,163,0
2025-01-16,DEL,Delhi,1,Winter,Sun,180,128,128,0.712,False,False,483961,51381,535342,0,136,4
2025-07-04,BOM,Mumbai,7,Monsoon,Tue,180,125,125,0.694,False,False,544552,37344,581896,0,145,1
2025-03-01,DEL,Delhi,3,Spring,Sun,180,131,0,0.73,False,True,0,0,0,2,0,0
2025-02-19,BLR,Bengaluru,2,Winter,Sat,180,149,149,0.83,True,False,509473,60722,570195,0,165,1
2025-02-06,HYD,Hyderabad,2,Winter,Tue,180,131,131,0.729,True,False,431576,43762,475338,0,153,2
2025-09-09,HYD,Hyderabad,9,Monsoon,Mon,180,148,148,0.822,True,False,558683,50633,609316,0,155,3
2025-02-16,HYD,Hyderabad,2,Winter,Wed,180,121,121,0.673,True,False,399900,50185,450085,0,136,2
2025-06-17,CCU,Kolkata,6,Summer,Thu,180,133,133,0.739,True,False,507370,51903,559273,0,150,1
2025-07-14,HYD,Hyderabad,7,Monsoon,Sat,180,139,139,0.774,True,False,518613,48520,567133,0,144,0
2025-08-07,DEL,Delhi,8,Monsoon,Fri,180,155,155,0.861,True,False,666646,49852,716498,0,175,2
2025-05-26,BOM,Mumbai,5,Summer,Sun,180,142,142,0.789,True,False,605915,44270,650185,0,162,1
2025-06-04,DEL,Delhi,6,Summer,Sun,180,121,121,0.671,True,False,505838,44784,550622,0,138,2
2025-12-15,BOM,Mumbai,12,Winter,Mon,180,130,130,0.724,True,False,564576,50085,614661,0,136,1
2025-12-11,BLR,Bengaluru,12,Winter,Fri,180,131,131,0.73,True,False,493678,40941,534619,0,139,1
2025-07-15,DEL,Delhi,7,Monsoon,Tue,180,141,141,0.786,True,False,583261,53722,636983,0,151,0
2025-10-04,HYD,Hyderabad,10,Post-Monsoon,Tue,180,163,163,0.908,True,False,701593,51102,752695,0,167,1
2025-12-20,BLR,Bengaluru,12,Winter,Tue,180,153,153,0.848,True,False,617062,49928,666990,0,173,0
2025-05-10,DEL,Delhi,5,Summer,Sat,180,125,125,0.695,True,False,519948,44645,564593,0,130,1
2025-10-23,BLR,Bengaluru,10,Post-Monsoon,Mon,180,168,168,0.933,True,False,779075,49764,828839,0,182,3
2025-01-19,BOM,Mumbai,1,Winter,Sun,180,146,146,0.812,True,False,575029,43935,618964,0,168,1
2025-03-17,BOM,Mumbai,3,Spring,Sat,180,132,132,0.733,False,False,591601,49360,640961,3,137,0
2025-02-08,HYD,Hyderabad,2,Winter,Thu,180,127,127,0.705,True,False,423322,41092,464414,0,148,1
2025-01-08,DEL,Delhi,1,Winter,Mon,180,119,119,0.66,True,False,488955,48237,537192,0,136,0
2025-10-10,BOM,Mumbai,10,Post-Monsoon,Wed,180,169,169,0.941,True,False,882104,48155,930259,0,177,1
2025-01-07,HYD,Hyderabad,1,Winter,Tue,180,128,128,0.712,True,False,401105,41099,442204,0,134,0
2025-12-08,CCU,Kolkata,12,Winter,Tue,180,148,148,0.821,False,False,548525,51465,599990,0,169,1
2025-02-13,DEL,Delhi,2,Winter,Thu,180,144,144,0.801,False,False,561895,56353,618248,0,152,0
2025-12-05,CCU,Kolkata,12,Winter,Thu,180,133,133,0.741,True,False,527052,45934,572986,0,147,0
2025-06-13,DEL,Delhi,6,Summer,Sun,180,159,159,0.885,False,False,695676,46896,742572,2,180,0
2025-11-25,HYD,Hyderabad,11,Post-Monsoon,Sun,180,162,162,0.898,True,False,714060,49641,763701,0,169,0
2025-02-19,BLR,Bengaluru,2,Winter,Sat,180,110,110,0.609,True,False,369799,37552,407351,0,114,0
2025-06-11,BOM,Mumbai,6,Summer,Wed,180,150,150,0.832,True,False,671894,60740,732634,0,173,1
2025-05-23,HYD,Hyderabad,5,Summer,Wed,180,139,139,0.773,True,False,522045,40408,562453,0,153,0
2025-01-07,CCU,Kolkata,1,Winter,Thu,180,116,116,0.645,True,False,415287,36521,451808,0,125,0
2025-12-21,DEL,Delhi,12,Winter,Tue,180,160,160,0.889,True,False,740614,62282,802896,0,180,0
2025-05-18,BOM,Mumbai,5,Summer,Fri,180,135,135,0.751,True,False,578091,41744,619835,0,141,2
2025-09-10,DEL,Delhi,9,Monsoon,Sat,180,114,114,0.635,True,False,491320,39050,530370,0,118,3
2025-05-20,BOM,Mumbai,5,Summer,Tue,180,158,158,0.879,True,False,716061,56464,772525,0,169,4
2025-08-02,DEL,Delhi,8,Monsoon,Fri,180,117,117,0.651,True,False,542339,37336,579675,0,132,0
2025-11-20,DEL,Delhi,11,Post-Monsoon,Thu,180,147,147,0.817,True,False,716111,53430,769541,0,166,0
2025-09-15,DEL,Delhi,9,Monsoon,Wed,180,136,136,0.757,True,False,631801,39683,671484,0,140,0
2025-10-20,HYD,Hyderabad,10,Post-Monsoon,Mon,180,157,157,0.873,False,False,666818,50622,717440,0,170,2
2025-04-11,BOM,Mumbai,4,Spring,Sun,180,139,139,0.77,True,False,570525,40777,611302,0,153,1
2025-11-02,BLR,Bengaluru,11,Post-Monsoon,Thu,180,167,167,0.926,True,False,715138,69059,784197,0,189,0
2025-05-23,DEL,Delhi,5,Summer,Wed,180,140,140,0.78,False,False,588368,58312,646680,0,164,2
2025-07-12,DEL,Delhi,7,Monsoon,Tue,180,156,156,0.866,False,False,683641,52951,736592,0,166,0
2025-09-07,BLR,Bengaluru,9,Monsoon,Sat,180,136,136,0.758,True,False,546347,44085,590432,0,147,1
2025-01-26,HYD,Hyderabad,1,Winter,Sat,180,125,125,0.693,True,False,421520,45164,466684,0,135,1
2025-05-14,DEL,Delhi,5,Summer,Fri,180,152,152,0.847,True,False,646737,52342,699079,0,178,0
2025-08-11,DEL,Delhi,8,Monsoon,Mon,180,141,141,0.784,False,False,654691,45098,699789,0,164,2
2025-09-16,BLR,Bengaluru,9,Monsoon,Sat,180,149,149,0.828,True,False,599211,47140,646351,0,155,0
2025-10-20,BOM,Mumbai,10,Post-Monsoon,Wed,180,156,156,0.868,False,False,782924,59380,842304,0,177,2
2025-11-20,HYD,Hyderabad,11,Post-Monsoon,Thu,180,151,151,0.841,True,False,670402,55060,725462,0,158,0
2025-06-12,BLR,Bengaluru,6,Summer,Mon,180,140,140,0.78,True,False,530278,39694,569972,0,149,0
2025-04-12,DEL,Delhi,4,Spring,Wed,180,126,126,0.698,True,False,579239,37389,616628,0,146,0
2025-06-01,BOM,Mumbai,6,Summer,Wed,180,160,160,0.889,True,False,667225,52995,720220,0,175,1
2025-08-26,DEL,Delhi,8,Monsoon,Thu,180,146,146,0.814,True,False,678632,49606,728238,0,165,1
2025-11-24,BOM,Mumbai,11,Post-Monsoon,Sat,180,169,169,0.938,True,False,856039,51164,907203,0,179,0
2025-02-10,DEL,Delhi,2,Winter,Thu,180,127,127,0.707,True,False,521247,50754,572001,0,145,0
2025-07-21,BOM,Mumbai,7,Monsoon,Sun,180,151,151,0.836,True,False,679215,52231,731446,0,169,2
2025-08-19,BOM,Mumbai,8,Monsoon,Thu,180,131,131,0.73,True,False,531826,53290,585116,0,147,0
2025-12-08,DEL,Delhi,12,Winter,Sun,180,135,135,0.752,False,False,614025,54155,668180,1,155,1
2025-12-15,DEL,Delhi,12,Winter,Mon,180,145,145,0.805,True,False,636219,55465,691684,0,168,2
2025-11-26,DEL,Delhi,11,Post-Monsoon,Wed,180,157,157,0.875,False,False,833123,55933,889056,0,180,3
2025-01-14,DEL,Delhi,1,Winter,Tue,180,140,140,0.78,True,False,525981,44712,570693,0,143,1
2025-08-27,DEL,Delhi,8,Monsoon,Wed,180,143,143,0.797,True,False,638148,47611,685759,0,147,1
2025-07-04,HYD,Hyderabad,7,Monsoon,Tue,180,114,114,0.635,False,False,442223,37715,479938,0,130,2
2025-08-25,DEL,Delhi,8,Monsoon,Wed,180,150,150,0.832,True,False,623840,54111,677951,0,157,3
2025-10-04,BOM,Mumbai,10,Post-Monsoon,Sun,180,143,143,0.796,True,False,685113,54467,739580,0,147,0
2025-03-03,BOM,Mumbai,3,Spring,Fri,180,137,137,0.759,True,False,600269,45911,646180,0,149,1
2025-02-26,HYD,Hyderabad,2,Winter,Thu,180,130,130,0.721,True,False,441335,45642,486977,0,144,0
2025-05-26,BLR,Bengaluru,5,Summer,Sat,180,150,150,0.833,True,False,573397,61999,635396,0,155,0
2025-05-12,BLR,Bengaluru,5,Summer,Tue,180,156,156,0.866,True,False,633297,60516,693813,1,162,0
2025-01-01,DEL,Delhi,1,Winter,Sat,180,112,112,0.624,True,False,469192,31721,500913,0,131,1
2025-02-04,HYD,Hyderabad,2,Winter,Sun,180,123,123,0.682,True,False,407524,40035,447559,0,140,0
2025-10-05,CCU,Kolkata,10,Post-Monsoon,Fri,180,171,171,0.951,True,False,779795,68906,848701,0,183,0
2025-01-11,HYD,Hyderabad,1,Winter,Mon,180,137,137,0.76,True,False,430939,41863,472802,0,152,1
2025-06-12,BLR,Bengaluru,6,Summer,Tue,180,150,150,0.831,True,False,607191,45651,652842,0,157,0
2025-06-06,BLR,Bengaluru,6,Summer,Thu,180,144,144,0.799,True,False,560801,55110,615911,0,165,0
2025-08-16,HYD,Hyderabad,8,Monsoon,Wed,180,160,160,0.887,True,False,588372,65022,653394,0,186,3
2025-05-19,DEL,Delhi,5,Summer,Sun,180,149,149,0.829,True,False,668360,60374,728734,0,159,0
2025-01-04,BOM,Mumbai,1,Winter,Tue,180,137,137,0.759,True,False,539854,50616,590470,1,147,0
2025-03-10,BOM,Mumbai,3,Spring,Fri,180,133,133,0.741,True,False,593316,50354,643670,0,150,0
2025-07-24,BOM,Mumbai,7,Monsoon,Fri,180,125,125,0.696,True,False,543789,45477,589266,0,136,1
2025-01-18,DEL,Delhi,1,Winter,Thu,180,131,131,0.729,True,False,507796,43691,551487,0,144,1
2025-06-08,HYD,Hyderabad,6,Summer,Thu,180,137,137,0.758,False,False,500780,46757,547537,0,160,0
2025-04-04,HYD,Hyderabad,4,Spring,Sat,180,119,119,0.661,True,False,441941,44884,486825,0,137,0
2025-09-07,BOM,Mumbai,9,Monsoon,Fri,180,121,121,0.674,True,False,541254,37873,579127,0,137,0
2025-12-14,DEL,Delhi,12,Winter,Sat,180,141,141,0.785,True,False,618235,50374,668609,0,154,1
2025-07-24,DEL,Delhi,7,Monsoon,Tue,180,167,167,0.927,True,False,775946,65502,841448,0,175,0
2025-04-23,HYD,Hyderabad,4,Spring,Thu,180,137,137,0.761,True,False,533062,52950,586012,0,158,0
2025-02-04,BOM,Mumbai,2,Winter,Fri,180,134,134,0.742,False,False,519169,38009,557178,1,144,0
2025-02-24,DEL,Delhi,2,Winter,Wed,180,127,127,0.706,False,False,482847,48952,531799,0,145,1
2025-03-04,BOM,Mumbai,3,Spring,Mon,180,138,138,0.769,True,False,568468,43502,611970,0,149,1
2025-05-07,BLR,Bengaluru,5,Summer,Tue,180,142,142,0.789,False,False,575819,49410,625229,1,156,1
2025-02-22,CCU,Kolkata,2,Winter,Thu,180,128,128,0.711,True,False,438927,49539,488466,1,141,1
2025-06-03,BLR,Bengaluru,6,Summer,Mon,180,142,142,0.787,True,False,556321,46066,602387,0,158,0
2025-09-28,BLR,Bengaluru,9,Monsoon,Sat,180,140,140,0.777,True,False,553033,58109,611142,0,152,1
2025-04-24,BOM,Mumbai,4,Spring,Wed,180,140,140,0.776,True,False,620017,54833,674850,0,162,0
2025-05-28,BOM,Mumbai,5,Summer,Sun,180,152,152,0.843,False,False,692793,51158,743951,0,161,1
2025-01-09,BLR,Bengaluru,1,Winter,Mon,180,107,107,0.597,True,False,358884,36014,394898,0,118,1
2025-08-25,BOM,Mumbai,8,Monsoon,Mon,180,142,142,0.788,False,False,644235,50418,694653,0,163,1
2025-02-15,BOM,Mumbai,2,Winter,Thu,180,140,140,0.78,True,False,564464,53993,618457,0,164,0
2025-12-12,BLR,Bengaluru,12,Winter,Wed,180,126,126,0.7,True,False,514688,52752,567440,0,132,1
2025-08-13,DEL,Delhi,8,Monsoon,Wed,180,161,161,0.897,True,False,725494,60384,785878,0,188,0
2025-04-09,BLR,Bengaluru,4,Spring,Tue,180,150,150,0.836,True,False,551542,59838,611380,0,171,1
2025-06-11,HYD,Hyderabad,6,Summer,Tue,180,130,130,0.724,True,False,498779,40674,539453,0,149,0
2025-04-06,BOM,Mumbai,4,Spring,Fri,180,134,134,0.744,True,False,576499,45737,622236,0,137,1
2025-09-25,DEL,Delhi,9,Monsoon,Tue,180,139,139,0.774,True,False,631036,51991,683027,0,162,0
2025-11-24,HYD,Hyderabad,11,Post-Monsoon,Fri,180,166,166,0.921,True,False,727715,68697,796412,0,171,1
2025-01-16,BLR,Bengaluru,1,Winter,Sun,180,111,111,0.616,True,False,382220,32911,415131,0,122,0
2025-02-22,DEL,Delhi,2,Winter,Thu,180,138,138,0.766,False,False,568706,39179,607885,0,159,5
2025-02-02,DEL,Delhi,2,Winter,Tue,180,118,118,0.654,True,False,474446,45319,519765,0,136,0
2025-07-20,BOM,Mumbai,7,Monsoon,Fri,180,133,133,0.741,True,False,554527,47083,601610,0,139,1
2025-03-19,DEL,Delhi,3,Spring,Tue,180,148,148,0.824,True,False,656390,48552,704942,0,157,0
2025-06-24,HYD,Hyderabad,6,Summer,Sat,180,124,124,0.69,True,False,473171,36393,509564,0,140,0
2025-08-03,HYD,Hyderabad,8,Monsoon,Mon,180,167,167,0.93,False,False,645548,56622,702170,0,179,1
2025-01-26,CCU,Kolkata,1,Winter,Sat,180,113,113,0.629,True,False,384720,34336,419056,0,130,2
2025-05-07,BLR,Bengaluru,5,Summer,Sat,180,140,140,0.776,True,False,527863,47161,575024,0,156,1
2025-04-04,BOM,Mumbai,4,Spring,Mon,180,149,149,0.826,True,False,624944,61308,686252,0,174,2
2025-10-04,BOM,Mumbai,10,Post-Monsoon,Fri,180,153,153,0.85,True,False,780105,62758,842863,0,170,0
2025-11-18,BLR,Bengaluru,11,Post-Monsoon,Tue,180,141,141,0.781,True,False,600880,49180,650060,0,156,1
2025-10-05,BOM,Mumbai,10,Post-Monsoon,Sun,180,167,167,0.929,False,False,852055,53162,905217,0,183,3
2025-01-21,BLR,Bengaluru,1,Winter,Thu,180,118,118,0.655,True,False,397916,35018,432934,0,128,1
2025-07-18,CCU,Kolkata,7,Monsoon,Thu,180,152,152,0.843,True,False,602628,47843,650471,0,164,0
2025-12-20,BLR,Bengaluru,12,Winter,Tue,180,125,125,0.692,True,False,465100,47235,512335,0,145,0
2025-06-07,DEL,Delhi,6,Summer,Tue,180,137,137,0.762,True,False,606465,38696,645161,0,154,0
2025-06-05,CCU,Kolkata,6,Summer,Mon,180,138,138,0.765,True,False,537134,51124,588258,0,148,0
2025-02-22,DEL,Delhi,2,Winter,Tue,180,131,131,0.727,True,False,508108,37429,545537,0,140,1
2025-08-20,DEL,Delhi,8,Monsoon,Fri,180,152,152,0.844,True,False,695559,53353,748912,0,175,2
2025-10-16,DEL,Delhi,10,Post-Monsoon,Sun,180,133,133,0.739,True,False,696386,53298,749684,0,151,2
2025-03-04,HYD,Hyderabad,3,Spring,Thu,180,157,157,0.875,True,False,553438,45044,598482,0,184,1
2025-07-15,HYD,Hyderabad,7,Monsoon,Sun,180,146,146,0.813,True,False,545967,51943,597910,0,161,2
2025-11-09,BOM,Mumbai,11,Post-Monsoon,Sat,180,170,170,0.946,True,False,821212,62114,883326,0,183,0
2025-12-18,BOM,Mumbai,12,Winter,Tue,180,141,141,0.782,True,False,603015,47959,650974,0,156,0
2025-11-22,BOM,Mumbai,11,Post-Monsoon,Sun,180,147,147,0.819,True,False,753227,54979,808206,0,153,1
2025-10-20,BOM,Mumbai,10,Post-Monsoon,Fri,180,151,151,0.84,True,False,713352,49722,763074,0,158,1
2025-11-27,DEL,Delhi,11,Post-Monsoon,Fri,180,150,150,0.835,True,False,771631,51460,823091,0,156,0
2025-02-07,BLR,Bengaluru,2,Winter,Thu,180,143,143,0.794,False,False,480424,40618,521042,0,163,0
2025-06-04,BOM,Mumbai,6,Summer,Sat,180,138,138,0.768,True,False,600523,39603,640126,0,149,1
2025-10-24,BLR,Bengaluru,10,Post-Monsoon,Sat,180,161,161,0.894,True,False,752149,45303,797452,0,189,1
2025-06-26,HYD,Hyderabad,6,Summer,Sat,180,146,146,0.81,True,False,554090,61111,615201,0,168,0
2025-09-17,CCU,Kolkata,9,Monsoon,Sat,180,141,141,0.784,True,False,539760,49101,588861,0,160,2
2025-08-25,BLR,Bengaluru,8,Monsoon,Thu,180,143,143,0.792,True,False,529324,40460,569784,0,147,1
2025-02-01,CCU,Kolkata,2,Winter,Wed,180,132,132,0.732,False,False,431913,49670,481583,0,136,0
2025-03-06,CCU,Kolkata,3,Spring,Tue,180,130,130,0.72,True,False,465078,50643,515721,0,144,2
2025-12-02,DEL,Delhi,12,Winter,Fri,180,142,142,0.788,False,False,609046,40674,649720,0,166,0
2025-10-06,BOM,Mumbai,10,Post-Monsoon,Tue,180,144,144,0.799,True,False,669574,44310,713884,0,152,1
2025-08-23,BOM,Mumbai,8,Monsoon,Thu,180,132,132,0.731,True,False,552571,54980,607551,0,140,0
2025-02-13,DEL,Delhi,2,Winter,Tue,180,147,147,0.818,True,False,583437,52348,635785,0,163,2
2025-05-14,HYD,Hyderabad,5,Summer,Mon,180,143,143,0.796,True,False,519438,42061,561499,0,157,0
2025-04-06,BOM,Mumbai,4,Spring,Wed,180,140,140,0.779,True,False,624713,42431,667144,0,153,1
2025-11-05,BLR,Bengaluru,11,Post-Monsoon,Mon,180,159,159,0.883,True,False,750766,57819,808585,0,169,1
2025-10-20,BOM,Mumbai,10,Post-Monsoon,Thu,180,133,133,0.741,True,False,637946,50186,688132,0,143,0
2025-05-26,DEL,Delhi,5,Summer,Sat,180,129,129,0.717,True,False,591273,48183,639456,0,137,1
2025-12-05,BLR,Bengaluru,12,Winter,Sat,180,132,132,0.731,True,False,492480,40816,533296,1,151,0
2025-06-01,CCU,Kolkata,6,Summer,Sat,180,153,153,0.85,True,False,592463,61802,654265,0,176,1
2025-08-11,HYD,Hyderabad,8,Monsoon,Wed,180,139,139,0.77,True,False,504256,42890,547146,0,160,0
2025-03-06,HYD,Hyderabad,3,Spring,Sat,180,127,127,0.706,True,False,458763,46912,505675,0,140,0
2025-08-24,BLR,Bengaluru,8,Monsoon,Wed,180,113,113,0.627,True,False,455225,36088,491313,0,132,1
2025-09-02,BOM,Mumbai,9,Monsoon,Wed,180,137,137,0.761,False,False,581579,56720,638299,0,155,1
2025-02-01,DEL,Delhi,2,Winter,Tue,180,151,151,0.836,True,False,600517,56358,656875,0,177,1
2025-09-25,BOM,Mumbai,9,Monsoon,Wed,180,119,119,0.662,True,False,522350,43205,565555,0,130,0
2025-04-22,HYD,Hyderabad,4,Spring,Sun,180,153,153,0.852,True,False,534758,53089,587847,0,176,1
2025-12-04,BOM,Mumbai,12,Winter,Tue,180,126,126,0.701,True,False,535948,46150,582098,0,135,2
2025-09-26,HYD,Hyderabad,9,Monsoon,Sun,180,147,147,0.818,True,False,547455,53582,601037,0,164,0
2025-02-17,HYD,Hyderabad,2,Winter,Fri,180,118,118,0.653,True,False,413851,46482,460333,0,138,0
2025-11-28,CCU,Kolkata,11,Post-Monsoon,Thu,180,147,147,0.816,True,False,628933,49473,678406,0,164,0
2025-09-03,CCU,Kolkata,9,Monsoon,Sat,180,130,130,0.725,False,False,489779,47233,537012,0,133,1
2025-05-22,BOM,Mumbai,5,Summer,Wed,180,137,137,0.762,True,False,586306,40712,627018,0,156,0
2025-01-03,BLR,Bengaluru,1,Winter,Sat,180,136,136,0.753,True,False,483101,44190,527291,1,148,1
2025-01-19,DEL,Delhi,1,Winter,Tue,180,149,149,0.828,True,False,621876,49049,670925,0,167,1
2025-11-20,DEL,Delhi,11,Post-Monsoon,Sun,180,152,152,0.846,True,False,730605,63327,793932,0,167,0
2025-06-22,BLR,Bengaluru,6,Summer,Sun,180,158,158,0.879,True,False,604152,44359,648511,0,185,0
2025-10-04,DEL,Delhi,10,Post-Monsoon,Fri,180,176,176,0.98,True,False,900117,57492,957609,0,199,1
2025-01-09,BOM,Mumbai,1,Winter,Tue,180,131,131,0.727,True,False,477802,44252,522054,0,141,0
2025-07-06,BOM,Mumbai,7,Monsoon,Fri,180,155,155,0.859,False,False,675641,57681,733322,0,172,4
2025-02-05,DEL,Delhi,2,Winter,Thu,180,131,131,0.726,True,False,488573,48092,536665,0,147,0
2025-07-13,HYD,Hyderabad,7,Monsoon,Tue,180,157,157,0.871,True,False,587177,60285,647462,0,170,2
2025-09-05,HYD,Hyderabad,9,Monsoon,Thu,180,140,140,0.781,True,False,541213,46675,587888,0,157,1
2025-02-07,BOM,Mumbai,2,Winter,Thu,180,146,146,0.812,True,False,590497,53616,644113,0,169,2
2025-08-09,HYD,Hyderabad,8,Monsoon,Sat,180,155,155,0.863,False,False,583107,58703,641810,0,174,0
2025-06-08,BOM,Mumbai,6,Summer,Sun,180,154,154,0.854,True,False,639746,55107,694853,0,178,1
2025-07-26,HYD,Hyderabad,7,Monsoon,Thu,180,138,138,0.766,True,False,517810,39040,556850,0,158,0
2025-03-26,DEL,Delhi,3,Spring,Fri,180,149,149,0.827,True,False,680083,47060,727143,0,171,3
2025-02-07,CCU,Kolkata,2,Winter,Fri,180,131,131,0.729,True,False,432324,37069,469393,0,148,1
2025-02-23,BOM,Mumbai,2,Winter,Sat,180,126,126,0.703,False,False,473245,49565,522810,0,131,1
2025-04-12,CCU,Kolkata,4,Spring,Sat,180,152,152,0.846,True,False,578057,57724,635781,0,176,2
2025-01-14,BLR,Bengaluru,1,Winter,Sat,180,113,113,0.63,False,False,381480,33424,414904,0,127,1
2025-09-17,CCU,Kolkata,9,Monsoon,Tue,180,131,0,0.728,False,True,0,0,0,0,0,0
2025-12-17,BOM,Mumbai,12,Winter,Fri,180,147,147,0.817,True,False,661524,52914,714438,0,161,2
2025-04-27,DEL,Delhi,4,Spring,Mon,180,145,145,0.806,True,False,655412,44920,700332,0,162,4
2025-06-07,BLR,Bengaluru,6,Summer,Sun,180,155,155,0.863,True,False,577064,55932,632996,0,159,2
2025-12-14,BOM,Mumbai,12,Winter,Fri,180,157,157,0.874,True,False,644935,64353,709288,0,172,0
2025-03-10,CCU,Kolkata,3,Spring,Sat,180,136,136,0.755,True,False,496249,42379,538628,0,142,0
2025-06-15,HYD,Hyderabad,6,Summer,Thu,180,146,146,0.812,True,False,524782,42819,567601,0,150,1
2025-12-02,DEL,Delhi,12,Winter,Mon,180,160,160,0.888,False,False,705451,54662,760113,0,170,0
2025-12-18,BLR,Bengaluru,12,Winter,Fri,180,149,149,0.827,False,False,606885,44992,651877,1,156,1
2025-08-14,BLR,Bengaluru,8,Monsoon,Thu,180,148,148,0.823,True,False,598082,51348,649430,0,153,1
2025-03-02,BLR,Bengaluru,3,Spring,Sat,180,138,138,0.767,True,False,558213,48679,606892,1,155,1
2025-07-26,DEL,Delhi,7,Monsoon,Sun,180,147,147,0.817,True,False,685128,59226,744354,0,162,1
2025-05-12,DEL,Delhi,5,Summer,Thu,180,134,134,0.742,True,False,624490,45980,670470,0,157,0
2025-11-06,DEL,Delhi,11,Post-Monsoon,Fri,180,155,155,0.862,True,False,812324,59955,872279,0,179,0
2025-05-14,CCU,Kolkata,5,Summer,Sat,180,148,148,0.823,True,False,540745,42237,582982,0,157,3
2025-08-19,DEL,Delhi,8,Monsoon,Sat,180,141,141,0.781,True,False,622382,53923,676305,0,156,1
2025-08-24,BOM,Mumbai,8,Monsoon,Thu,180,152,152,0.845,False,False,638694,62746,701440,2,164,1
2025-10-14,DEL,Delhi,10,Post-Monsoon,Thu,180,149,149,0.829,False,False,734906,49929,784835,0,174,1
2025-03-05,DEL,Delhi,3,Spring,Sat,180,159,159,0.886,True,False,712474,51248,763722,0,172,1
2025-10-20,CCU,Kolkata,10,Post-Monsoon,Sat,180,150,150,0.831,True,False,647995,48008,696003,0,170,1
2025-06-21,BLR,Bengaluru,6,Summer,Sun,180,166,166,0.921,True,False,613346,60719,674065,0,173,0
2025-01-14,BOM,Mumbai,1,Winter,Mon,180,124,124,0.689,False,False,466603,45612,512215,3,133,1
2025-07-14,DEL,Delhi,7,Monsoon,Sun,180,141,141,0.786,True,False,603699,45568,649267,0,151,0
2025-08-14,DEL,Delhi,8,Monsoon,Sun,180,159,159,0.886,False,False,731617,61817,793434,0,186,3
2025-09-05,BLR,Bengaluru,9,Monsoon,Fri,180,135,135,0.751,True,False,525700,56489,582189,0,139,0
2025-06-04,HYD,Hyderabad,6,Summer,Tue,180,126,126,0.698,True,False,452131,42298,494429,0,134,1
2025-11-03,HYD,Hyderabad,11,Post-Monsoon,Sun,180,171,171,0.948,True,False,728123,57520,785643,0,194,0
2025-02-02,CCU,Kolkata,2,Winter,Sun,180,137,137,0.763,True,False,455693,39531,495224,0,155,0
2025-01-05,BOM,Mumbai,1,Winter,Wed,180,128,128,0.71,True,False,514664,51517,566181,0,142,3
2025-03-17,BLR,Bengaluru,3,Spring,Fri,180,142,142,0.788,True,False,576215,46105,622320,0,145,1
2025-11-17,BLR,Bengaluru,11,Post-Monsoon,Wed,180,153,153,0.85,True,False,677520,59229,736749,0,168,3
2025-10-11,BLR,Bengaluru,10,Post-Monsoon,Tue,180,169,169,0.938,True,False,778844,70182,849026,0,199,0
2025-05-17,HYD,Hyderabad,5,Summer,Thu,180,145,145,0.808,True,False,536385,55514,591899,0,166,1
2025-10-14,BLR,Bengaluru,10,Post-Monsoon,Wed,180,150,150,0.834,False,False,688429,54692,743121,0,173,1
2025-10-18,BLR,Bengaluru,10,Post-Monsoon,Thu,180,154,154,0.853,True,False,694072,60576,754648,0,166,2
2025-06-12,CCU,Kolkata,6,Summer,Fri,180,133,133,0.736,True,False,507824,53183,561007,1,152,0
2025-07-20,HYD,Hyderabad,7,Monsoon,Sat,180,143,143,0.794,True,False,542059,44749,586808,0,150,1
2025-01-01,BOM,Mumbai,1,Winter,Tue,180,104,104,0.575,True,False,409963,34565,444528,0,122,0
2025-01-22,DEL,Delhi,1,Winter,Mon,180,113,113,0.627,False,False,467669,37700,505369,1,127,1
2025-11-14,CCU,Kolkata,11,Post-Monsoon,Mon,180,157,157,0.871,True,False,724966,54356,779322,0,174,0
2025-02-18,DEL,Delhi,2,Winter,Thu,180,129,129,0.716,True,False,507840,38036,545876,0,145,1
2025-02-05,DEL,Delhi,2,Winter,Tue,180,140,140,0.776,True,False,572415,52384,624799,0,146,0
2025-09-10,DEL,Delhi,9,Monsoon,Sat,180,137,137,0.763,True,False,574548,48565,623113,0,140,0
2025-04-06,BLR,Bengaluru,4,Spring,Thu,180,132,132,0.733,True,False,530651,52346,582997,0,155,1
2025-03-02,BOM,Mumbai,3,Spring,Sat,180,142,142,0.789,True,False,615989,51496,667485,0,149,1
2025-12-27,BLR,Bengaluru,12,Winter,Sat,180,144,144,0.801,False,False,580383,41256,621639,0,153,0
2025-03-05,BOM,Mumbai,3,Spring,Fri,180,138,138,0.768,False,False,563056,55149,618205,2,142,3
2025-02-05,BOM,Mumbai,2,Winter,Sun,180,119,119,0.659,True,False,457606,47248,504854,0,131,3
2025-06-20,CCU,Kolkata,6,Summer,Mon,180,137,137,0.761,True,False,551253,52010,603263,0,148,1
2025-05-09,BLR,Bengaluru,5,Summer,Wed,180,159,159,0.881,True,False,633347,47664,681011,0,167,2
2025-09-02,DEL,Delhi,9,Monsoon,Tue,180,152,152,0.845,False,False,695372,52811,748183,1,177,2
2025-03-20,HYD,Hyderabad,3,Spring,Sat,180,132,132,0.731,True,False,500551,55411,555962,0,139,1
2025-05-21,CCU,Kolkata,5,Summer,Wed,180,155,155,0.86,True,False,563529,63349,626878,0,163,2
2025-11-03,DEL,Delhi,11,Post-Monsoon,Mon,180,150,150,0.831,True,False,718154,55819,773973,0,165,0
2025-12-22,BLR,Bengaluru,12,Winter,Sat,180,135,135,0.749,True,False,536490,53526,590016,0,156,1
2025-04-28,DEL,Delhi,4,Spring,Mon,180,147,147,0.814,True,False,641323,50984,692307,0,162,1
2025-12-03,DEL,Delhi,12,Winter,Fri,180,145,145,0.807,False,False,618429,45917,664346,0,171,0
2025-09-21,DEL,Delhi,9,Monsoon,Tue,180,147,147,0.818,False,False,627258,61564,688822,0,151,1
2025-06-15,CCU,Kolkata,6,Summer,Mon,180,133,133,0.742,True,False,498040,43221,541261,0,146,0
2025-05-25,BLR,Bengaluru,5,Summer,Wed,180,149,149,0.828,True,False,576645,52817,629462,0,166,0
2025-04-22,BOM,Mumbai,4,Spring,Mon,180,139,139,0.774,True,False,592371,51903,644274,0,144,1
2025-05-25,BLR,Bengaluru,5,Summer,Fri,180,150,150,0.831,True,False,596223,47614,643837,1,175,1
2025-03-18,HYD,Hyderabad,3,Spring,Sun,180,116,116,0.643,True,False,412947,32635,445582,0,119,0
2025-12-25,DEL,Delhi,12,Winter,Fri,180,154,154,0.858,False,False,679166,49026,728192,2,167,2
2025-02-01,BLR,Bengaluru,2,Winter,Tue,180,125,125,0.693,True,False,442542,43718,486260,0,132,3
2025-02-13,DEL,Delhi,2,Winter,Fri,180,140,140,0.78,True,False,577226,41622,618848,0,157,2
2025-07-17,BLR,Bengaluru,7,Monsoon,Fri,180,154,154,0.857,True,False,578984,60919,639903,0,181,0
2025-11-10,DEL,Delhi,11,Post-Monsoon,Thu,180,164,164,0.909,True,False,799733,57103,856836,0,188,2
2025-06-23,HYD,Hyderabad,6,Summer,Thu,180,157,157,0.873,False,False,601641,56653,658294,1,166,2
2025-09-09,DEL,Delhi,9,Monsoon,Mon,180,149,149,0.83,True,False,656904,59802,716706,0,169,0
2025-07-15,HYD,Hyderabad,7,Monsoon,Sun,180,135,135,0.75,True,False,520200,48533,568733,0,149,2
2025-04-15,DEL,Delhi,4,Spring,Wed,180,146,146,0.814,True,False,606830,52261,659091,0,170,2
2025-08-11,DEL,Delhi,8,Monsoon,Sun,180,140,140,0.777,True,False,598577,39448,638025,0,153,1
2025-10-18,DEL,Delhi,10,Post-Monsoon,Mon,180,152,152,0.845,True,False,730421,57023,787444,0,177,0
2025-01-05,DEL,Delhi,1,Winter,Sat,180,137,137,0.762,True,False,530243,41303,571546,0,158,0
2025-06-13,BOM,Mumbai,6,Summer,Mon,180,146,146,0.809,True,False,610711,44209,654920,0,154,1
2025-08-12,DEL,Delhi,8,Monsoon,Sun,180,148,148,0.821,False,False,645964,41562,687526,0,165,3
2025-11-12,DEL,Delhi,11,Post-Monsoon,Thu,180,133,133,0.741,False,False,713318,38051,751369,0,145,1
2025-05-05,HYD,Hyderabad,5,Summer,Mon,180,135,135,0.751,True,False,486909,44084,530993,0,148,1
2025-04-11,DEL,Delhi,4,Spring,Sat,180,138,138,0.769,True,False,591514,38968,630482,0,146,0
2025-07-16,HYD,Hyderabad,7,Monsoon,Sat,180,164,164,0.911,True,False,576465,65923,642388,0,181,2
2025-06-08,BLR,Bengaluru,6,Summer,Wed,180,146,146,0.81,True,False,562322,61216,623538,0,165,1
2025-09-22,HYD,Hyderabad,9,Monsoon,Sat,180,127,127,0.708,True,False,497221,48623,545844,0,138,1
2025-07-03,BOM,Mumbai,7,Monsoon,Sun,180,134,134,0.742,True,False,605786,39435,645221,0,157,2
2025-03-04,HYD,Hyderabad,3,Spring,Wed,180,148,148,0.825,True,False,527903,48216,576119,0,174,2
2025-11-14,CCU,Kolkata,11,Post-Monsoon,Mon,180,142,142,0.79,False,False,609324,46336,655660,1,155,3
2025-03-18,BLR,Bengaluru,3,Spring,Wed,180,159,159,0.882,True,False,629720,62856,692576,0,170,1
2025-05-28,DEL,Delhi,5,Summer,Sun,180,140,140,0.777,True,False,632355,48843,681198,0,157,1
2025-03-26,DEL,Delhi,3,Spring,Tue,180,144,144,0.798,True,False,656756,40686,697442,0,151,1
2025-11-22,BLR,Bengaluru,11,Post-Monsoon,Fri,180,145,145,0.803,True,False,670558,60617,731175,0,166,0
2025-01-15,CCU,Kolkata,1,Winter,Tue,180,127,127,0.704,True,False,458655,48856,507511,0,133,1
2025-02-18,BOM,Mumbai,2,Winter,Sat,180,123,123,0.685,True,False,457029,35800,492829,0,132,1
2025-03-10,CCU,Kolkata,3,Spring,Sat,180,122,122,0.678,True,False,438429,39146,477575,0,138,0
2025-08-10,DEL,Delhi,8,Monsoon,Sun,180,136,136,0.758,True,False,572003,39016,611019,0,145,1
2025-10-04,HYD,Hyderabad,10,Post-Monsoon,Sun,180,157,157,0.87,False,False,648446,61813,710259,0,166,1
2025-04-23,DEL,Delhi,4,Spring,Tue,180,140,140,0.779,True,False,649911,46828,696739,0,146,1
2025-04-06,HYD,Hyderabad,4,Spring,Mon,180,128,128,0.71,True,False,466977,43367,510344,0,134,1
2025-09-21,HYD,Hyderabad,9,Monsoon,Sun,180,148,148,0.824,True,False,538329,57844,596173,0,166,1
2025-08-07,BOM,Mumbai,8,Monsoon,Sun,180,139,139,0.773,False,False,628199,48636,676835,2,158,1
2025-12-22,CCU,Kolkata,12,Winter,Fri,180,141,141,0.783,True,False,567173,45280,612453,0,164,0
2025-04-06,DEL,Delhi,4,Spring,Sun,180,151,151,0.837,True,False,642124,62570,704694,0,163,0
2025-06-24,BOM,Mumbai,6,Summer,Mon,180,143,143,0.793,True,False,624449,50636,675085,0,157,1
2025-08-05,CCU,Kolkata,8,Monsoon,Sat,180,128,128,0.712,True,False,480744,43062,523806,0,145,0
2025-09-03,DEL,Delhi,9,Monsoon,Fri,180,154,154,0.854,True,False,639721,60996,700717,0,173,1
2025-08-10,CCU,Kolkata,8,Monsoon,Wed,180,116,116,0.646,False,False,453027,43976,497003,0,126,1
2025-08-04,CCU,Kolkata,8,Monsoon,Thu,180,135,135,0.751,True,False,514418,49219,563637,0,139,2
2025-08-19,BLR,Bengaluru,8,Monsoon,Wed,180,147,147,0.818,True,False,593085,48555,641640,0,165,0
2025-11-01,DEL,Delhi,11,Post-Monsoon,Fri,180,156,156,0.864,True,False,751100,50913,802013,0,168,2
2025-01-05,CCU,Kolkata,1,Winter,Wed,180,127,127,0.708,True,False,443003,38319,481322,0,134,0
2025-12-18,BLR,Bengaluru,12,Winter,Thu,180,134,134,0.743,False,False,549288,53027,602315,0,153,0
2025-10-19,DEL,Delhi,10,Post-Monsoon,Sat,180,140,140,0.777,False,False,695277,39227,734504,0,150,2
2025-05-20,CCU,Kolkata,5,Summer,Tue,180,145,145,0.804,False,False,553298,60096,613394,1,151,1
2025-09-23,BLR,Bengaluru,9,Monsoon,Mon,180,128,128,0.709,True,False,529016,45890,574906,0,140,1
2025-10-15,HYD,Hyderabad,10,Post-Monsoon,Tue,180,144,144,0.799,True,False,633545,42590,676135,0,148,2
2025-12-15,BOM,Mumbai,12,Winter,Thu,180,143,143,0.797,True,False,586943,51279,638222,0,156,2
2025-10-20,CCU,Kolkata,10,Post-Monsoon,Fri,180,136,136,0.756,True,False,582490,40994,623484,0,142,1
2025-02-23,BOM,Mumbai,2,Winter,Sun,180,128,128,0.713,True,False,502591,49907,552498,0,151,1
2025-11-28,BOM,Mumbai,11,Post-Monsoon,Wed,180,145,145,0.803,True,False,687460,41664,729124,0,160,2
2025-06-08,BOM,Mumbai,6,Summer,Fri,180,138,138,0.764,True,False,572454,48475,620929,0,162,0
2025-12-10,HYD,Hyderabad,12,Winter,Thu,180,153,153,0.849,True,False,570437,52156,622593,0,161,1
2025-10-23,HYD,Hyderabad,10,Post-Monsoon,Tue,180,164,164,0.909,False,False,660530,55633,716163,0,172,2
2025-09-05,BLR,Bengaluru,9,Monsoon,Thu,180,143,143,0.795,True,False,556412,52991,609403,0,154,0
2025-04-14,BLR,Bengaluru,4,Spring,Thu,180,156,156,0.866,False,False,627807,60399,688206,0,167,1
2025-12-11,BLR,Bengaluru,12,Winter,Tue,180,142,142,0.786,False,False,539695,54599,594294,0,167,1
2025-03-23,CCU,Kolkata,3,Spring,Thu,180,150,150,0.831,True,False,544218,57725,601943,0,166,1
2025-12-05,HYD,Hyderabad,12,Winter,Sat,180,146,146,0.811,True,False,513446,56734,570180,0,166,4
2025-11-07,BOM,Mumbai,11,Post-Monsoon,Tue,180,144,144,0.8,True,False,736220,57697,793917,0,151,0
2025-12-07,DEL,Delhi,12,Winter,Tue,180,137,137,0.762,False,False,614029,50017,664046,1,159,0
2025-02-28,BOM,Mumbai,2,Winter,Tue,180,117,117,0.649,False,False,445667,37618,483285,0,130,0
2025-06-25,BOM,Mumbai,6,Summer,Tue,180,150,150,0.832,False,False,625244,51720,676964,1,169,2
2025-09-09,BOM,Mumbai,9,Monsoon,Sat,180,130,130,0.722,True,False,553527,38442,591969,1,138,0
2025-02-26,BLR,Bengaluru,2,Winter,Fri,180,148,148,0.824,True,False,531742,59514,591256,0,164,0
2025-04-06,BOM,Mumbai,4,Spring,Wed,180,135,135,0.748,False,False,560814,54425,615239,0,140,1
2025-12-08,DEL,Delhi,12,Winter,Thu,180,136,136,0.755,True,False,604681,56623,661304,0,147,0
2025-12-15,HYD,Hyderabad,12,Winter,Thu,180,120,120,0.665,True,False,463791,34392,498183,0,124,0
2025-12-06,HYD,Hyderabad,12,Winter,Fri,180,155,155,0.861,True,False,599364,50004,649368,0,178,1
2025-04-20,BLR,Bengaluru,4,Spring,Tue,180,149,149,0.828,True,False,606684,59875,666559,0,170,1
2025-04-01,BOM,Mumbai,4,Spring,Fri,180,146,146,0.813,False,False,628361,54297,682658,0,151,1
2025-10-27,BOM,Mumbai,10,Post-Monsoon,Thu,180,156,156,0.867,True,False,775046,58494,833540,0,177,1
2025-05-06,DEL,Delhi,5,Summer,Tue,180,137,137,0.761,True,False,569458,54411,623869,0,159,0
2025-10-18,DEL,Delhi,10,Post-Monsoon,Wed,180,145,145,0.803,True,False,732969,54927,787896,0,163,1
2025-01-05,BLR,Bengaluru,1,Winter,Sun,180,140,140,0.775,True,False,513989,56615,570604,0,159,2
2025-04-10,DEL,Delhi,4,Spring,Sun,180,156,156,0.868,False,False,681498,49644,731142,0,175,1
2025-11-20,HYD,Hyderabad,11,Post-Monsoon,Sun,180,142,142,0.79,True,False,621624,56911,678535,0,145,0
2025-07-17,DEL,Delhi,7,Monsoon,Mon,180,146,146,0.808,True,False,661729,48645,710374,0,159,0
2025-05-22,DEL,Delhi,5,Summer,Thu,180,138,138,0.767,True,False,572040,49080,621120,0,152,2
2025-12-10,DEL,Delhi,12,Winter,Tue,180,132,132,0.731,True,False,605857,52350,658207,0,140,0
2025-07-20,HYD,Hyderabad,7,Monsoon,Wed,180,141,141,0.784,True,False,502824,51968,554792,0,163,0
2025-04-18,BOM,Mumbai,4,Spring,Sat,180,141,141,0.782,True,False,587759,46944,634703,0,161,1
2025-02-13,DEL,Delhi,2,Winter,Mon,180,130,130,0.722,True,False,519239,43115,562354,0,142,0
2025-07-19,HYD,Hyderabad,7,Monsoon,Mon,180,132,132,0.734,False,False,509499,42556,552055,0,144,1
2025-12-06,BLR,Bengaluru,12,Winter,Thu,180,134,134,0.744,False,False,536226,49305,585531,3,146,0
2025-01-07,BOM,Mumbai,1,Winter,Wed,180,130,130,0.725,True,False,495634,40254,535888,0,143,2
2025-11-09,HYD,Hyderabad,11,Post-Monsoon,Wed,180,143,143,0.796,True,False,591375,59787,651162,0,164,0
2025-11-10,BLR,Bengaluru,11,Post-Monsoon,Sun,180,169,169,0.939,True,False,769632,67277,836909,0,177,2
2025-09-16,DEL,Delhi,9,Monsoon,Mon,180,135,135,0.749,True,False,594544,39443,633987,0,158,0
2025-04-26,BLR,Bengaluru,4,Spring,Tue,180,133,133,0.737,True,False,501464,48250,549714,0,146,0
2025-07-24,BLR,Bengaluru,7,Monsoon,Sat,180,122,122,0.676,True,False,501330,38164,539494,0,141,0
2025-02-15,HYD,Hyderabad,2,Winter,Sat,180,127,127,0.707,True,False,409132,39634,448766,0,149,0
2025-10-26,DEL,Delhi,10,Post-Monsoon,Thu,180,175,175,0.972,True,False,886010,52201,938211,0,200,6
2025-04-13,BOM,Mumbai,4,Spring,Thu,180,145,145,0.806,True,False,633675,48004,681679,0,168,1
2025-05-11,BOM,Mumbai,5,Summer,Wed,180,133,133,0.74,True,False,547131,54754,601885,0,143,2
2025-09-16,DEL,Delhi,9,Monsoon,Fri,180,138,138,0.764,True,False,587525,43584,631109,0,159,1
2025-08-25,HYD,Hyderabad,8,Monsoon,Thu,180,132,132,0.732,True,False,463348,41184,504532,0,146,0
2025-07-15,BOM,Mumbai,7,Monsoon,Sat,180,146,146,0.809,True,False,658434,57116,715550,0,160,0
2025-08-13,DEL,Delhi,8,Monsoon,Wed,180,139,139,0.77,True,False,628001,45736,673737,0,149,0
2025-05-28,DEL,Delhi,5,Summer,Thu,180,157,157,0.872,True,False,724078,57386,781464,0,168,0
2025-02-26,BOM,Mumbai,2,Winter,Tue,180,134,134,0.744,True,False,508687,54724,563411,0,138,2
2025-10-07,CCU,Kolkata,10,Post-Monsoon,Tue,180,155,155,0.861,True,False,703425,61873,765298,0,175,1
2025-03-20,CCU,Kolkata,3,Spring,Thu,180,143,143,0.796,True,False,552665,54276,606941,0,167,1
2025-09-05,BOM,Mumbai,9,Monsoon,Mon,180,125,0,0.696,False,True,0,0,0,2,0,0
2025-11-13,DEL,Delhi,11,Post-Monsoon,Fri,180,159,159,0.884,True,False,781975,61721,843696,0,168,3
2025-10-05,BLR,Bengaluru,10,Post-Monsoon,Mon,180,166,166,0.92,True,False,731660,57978,789638,0,179,1
2025-12-16,HYD,Hyderabad,12,Winter,Tue,180,154,154,0.858,True,False,587564,59754,647318,0,181,0
2025-03-10,BLR,Bengaluru,3,Spring,Thu,180,136,136,0.755,False,False,515718,39326,555044,1,158,2
2025-05-26,BOM,Mumbai,5,Summer,Fri,180,132,132,0.734,True,False,572170,53939,626109,0,140,2
2025-07-13,HYD,Hyderabad,7,Monsoon,Wed,180,137,137,0.758,True,False,523439,42556,565995,0,159,0
2025-06-19,BOM,Mumbai,6,Summer,Thu,180,136,136,0.753,True,False,561177,54483,615660,0,156,0
2025-01-19,DEL,Delhi,1,Winter,Sat,180,120,120,0.669,True,False,477144,40306,517450,0,135,1
2025-01-16,BLR,Bengaluru,1,Winter,Sat,180,123,123,0.683,True,False,457053,44379,501432,0,130,1
2025-04-26,BOM,Mumbai,4,Spring,Thu,180,145,145,0.807,True,False,659707,45583,705290,0,169,0
2025-05-02,BOM,Mumbai,5,Summer,Wed,180,130,130,0.724,True,False,540447,44910,585357,0,136,0
2025-07-24,BOM,Mumbai,7,Monsoon,Mon,180,134,134,0.745,True,False,583398,53857,637255,0,147,1
2025-12-06,BLR,Bengaluru,12,Winter,Fri,180,120,120,0.667,True,False,471067,37440,508507,0,128,1
2025-01-07,CCU,Kolkata,1,Winter,Fri,180,121,121,0.672,False,False,419152,38048,457200,0,137,3
2025-07-23,DEL,Delhi,7,Monsoon,Thu,180,127,127,0.703,True,False,564937,41844,606781,0,140,0
2025-01-06,DEL,Delhi,1,Winter,Sat,180,111,111,0.619,False,False,448182,43368,491550,0,126,3
2025-12-06,BOM,Mumbai,12,Winter,Fri,180,162,162,0.898,True,False,708224,45683,753907,0,189,2
2025-10-18,BOM,Mumbai,10,Post-Monsoon,Thu,180,158,158,0.878,False,False,802892,51992,854884,0,178,1
2025-02-02,HYD,Hyderabad,2,Winter,Thu,180,149,149,0.826,True,False,501954,49414,551368,0,170,1
2025-09-04,BOM,Mumbai,9,Monsoon,Sun,180,155,155,0.859,True,False,662776,59585,722361,0,172,0
2025-09-12,BOM,Mumbai,9,Monsoon,Fri,180,125,125,0.694,True,False,524115,39755,563870,0,131,0
2025-04-19,BOM,Mumbai,4,Spring,Sat,180,153,153,0.848,True,False,644331,56697,701028,0,178,1
2025-03-19,CCU,Kolkata,3,Spring,Sun,180,158,158,0.875,True,False,587062,52700,639762,1,164,0
2025-06-02,BLR,Bengaluru,6,Summer,Tue,180,141,141,0.784,True,False,577232,43842,621074,0,149,0
2025-05-01,DEL,Delhi,5,Summer,Fri,180,145,145,0.803,True,False,644433,55355,699788,0,168,0
2025-04-01,DEL,Delhi,4,Spring,Mon,180,167,167,0.926,False,False,701135,62632,763767,0,194,3
2025-11-20,BOM,Mumbai,11,Post-Monsoon,Thu,180,165,165,0.918,True,False,849073,50705,899778,0,183,2
2025-02-19,CCU,Kolkata,2,Winter,Sat,180,136,136,0.755,True,False,465328,46156,511484,0,155,2
2025-09-28,DEL,Delhi,9,Monsoon,Sun,180,147,147,0.815,True,False,673408,41284,714692,0,159,1
2025-09-04,BOM,Mumbai,9,Monsoon,Sun,180,145,145,0.804,True,False,586762,59924,646686,0,152,1
2025-11-01,BOM,Mumbai,11,Post-Monsoon,Fri,180,165,165,0.919,True,False,782023,68051,850074,0,178,1
2025-06-08,BLR,Bengaluru,6,Summer,Thu,180,146,146,0.812,False,False,580802,56799,637601,0,163,4
2025-04-10,DEL,Delhi,4,Spring,Sun,180,134,134,0.745,True,False,561697,43862,605559,0,154,1
2025-05-13,CCU,Kolkata,5,Summer,Tue,180,145,145,0.804,True,False,554306,41421,595727,0,162,0
2025-11-03,CCU,Kolkata,11,Post-Monsoon,Sat,180,158,158,0.876,True,False,661167,56802,717969,0,176,0
2025-11-23,HYD,Hyderabad,11,Post-Monsoon,Thu,180,159,159,0.885,True,False,715309,64534,779843,0,184,1
2025-12-15,BLR,Bengaluru,12,Winter,Tue,180,120,120,0.665,True,False,442942,47320,490262,0,126,0
2025-03-12,BLR,Bengaluru,3,Spring,Tue,180,138,138,0.767,True,False,547121,39893,587014,0,147,0
2025-06-24,DEL,Delhi,6,Summer,Sun,180,143,143,0.796,True,False,647842,55894,703736,0,160,1
2025-07-03,HYD,Hyderabad,7,Monsoon,Fri,180,151,151,0.838,True,False,549532,60626,610158,0,174,3
2025-10-17,DEL,Delhi,10,Post-Monsoon,Wed,180,172,172,0.955,True,False,860313,65593,925906,0,197,0
2025-09-13,BLR,Bengaluru,9,Monsoon,Thu,180,131,131,0.73,True,False,533318,40887,574205,0,141,1
2025-10-02,DEL,Delhi,10,Post-Monsoon,Tue,180,158,158,0.877,False,False,820719,63238,883957,0,168,2
2025-05-14,BLR,Bengaluru,5,Summer,Wed,180,156,156,0.868,True,False,583864,61817,645681,0,174,1
2025-12-17,DEL,Delhi,12,Winter,Sat,180,133,133,0.741,False,False,608943,44360,653303,0,147,3
2025-03-19,CCU,Kolkata,3,Spring,Tue,180,152,152,0.844,True,False,579361,47359,626720,0,164,0
2025-10-05,CCU,Kolkata,10,Post-Monsoon,Tue,180,176,176,0.98,True,False,797731,60960,858691,0,207,0
2025-09-08,BOM,Mumbai,9,Monsoon,Mon,180,146,146,0.809,True,False,647440,48106,695546,0,157,1
2025-02-22,DEL,Delhi,2,Winter,Tue,180,130,130,0.723,True,False,511826,37113,548939,0,147,2
2025-10-25,HYD,Hyderabad,10,Post-Monsoon,Fri,180,167,167,0.928,True,False,742791,48514,791305,0,190,1
2025-07-04,HYD,Hyderabad,7,Monsoon,Sun,180,155,155,0.859,False,False,578389,57312,635701,0,164,2
2025-06-10,HYD,Hyderabad,6,Summer,Sun,180,141,141,0.783,True,False,493942,47066,541008,0,146,2
2025-05-07,DEL,Delhi,5,Summer,Thu,180,141,141,0.784,True,False,589862,43534,633396,0,161,1
2025-09-11,BOM,Mumbai,9,Monsoon,Wed,180,138,138,0.767,False,False,611316,43520,654836,0,158,0
2025-11-17,HYD,Hyderabad,11,Post-Monsoon,Sat,180,170,170,0.943,True,False,744709,51735,796444,0,182,0
2025-04-06,DEL,Delhi,4,Spring,Fri,180,135,135,0.752,True,False,578400,39668,618068,0,143,0
2025-07-23,HYD,Hyderabad,7,Monsoon,Fri,180,139,139,0.773,True,False,503091,42355,545446,0,160,1
2025-03-20,BOM,Mumbai,3,Spring,Mon,180,142,142,0.789,True,False,639292,55371,694663,0,156,1
2025-11-15,BOM,Mumbai,11,Post-Monsoon,Tue,180,164,164,0.91,False,False,799203,55552,854755,0,177,3
2025-04-11,DEL,Delhi,4,Spring,Mon,180,143,143,0.796,True,False,657117,44106,701223,0,149,2
2025-02-22,BOM,Mumbai,2,Winter,Sun,180,136,136,0.753,True,False,529484,38397,567881,0,139,1
2025-09-28,BLR,Bengaluru,9,Monsoon,Sun,180,137,137,0.76,True,False,520548,52444,572992,0,140,2
2025-09-25,BOM,Mumbai,9,Monsoon,Wed,180,133,133,0.738,True,False,548223,42587,590810,0,152,0
2025-12-20,DEL,Delhi,12,Winter,Thu,180,137,137,0.759,True,False,600308,51848,652156,0,145,1
2025-05-11,BOM,Mumbai,5,Summer,Sun,180,155,155,0.864,False,False,649104,61297,710401,0,169,1
2025-07-05,BLR,Bengaluru,7,Monsoon,Sat,180,143,143,0.792,True,False,569813,50167,619980,0,164,2
2025-08-06,BLR,Bengaluru,8,Monsoon,Fri,180,159,159,0.883,True,False,618417,50713,669130,0,163,0
2025-10-08,CCU,Kolkata,10,Post-Monsoon,Mon,180,169,169,0.937,True,False,757814,49629,807443,0,185,1
2025-05-05,BLR,Bengaluru,5,Summer,Sun,180,130,130,0.722,True,False,487104,38369,525473,0,133,0
2025-05-15,BLR,Bengaluru,5,Summer,Thu,180,143,143,0.792,False,False,571386,55678,627064,3,159,0
2025-02-15,BLR,Bengaluru,2,Winter,Tue,180,141,141,0.783,True,False,507233,41859,549092,0,152,0
2025-09-14,BOM,Mumbai,9,Monsoon,Sun,180,144,144,0.801,False,False,627296,44713,672009,1,151,0
2025-12-16,BOM,Mumbai,12,Winter,Sat,180,143,143,0.793,True,False,616451,45541,661992,0,154,3
2025-04-05,HYD,Hyderabad,4,Spring,Sun,180,138,138,0.764,True,False,509104,54202,563306,0,154,1
2025-09-16,BOM,Mumbai,9,Monsoon,Sat,180,130,130,0.721,True,False,547632,49955,597587,0,148,0
2025-08-24,DEL,Delhi,8,Monsoon,Thu,180,128,128,0.712,True,False,537275,52403,589678,0,150,0
2025-03-11,HYD,Hyderabad,3,Spring,Sat,180,133,133,0.741,False,False,496904,42739,539643,0,136,1
2025-02-14,DEL,Delhi,2,Winter,Sat,180,142,142,0.791,True,False,564359,43262,607621,0,149,3
2025-01-19,DEL,Delhi,1,Winter,Fri,180,128,128,0.711,True,False,511315,39983,551298,0,142,0
2025-09-27,BOM,Mumbai,9,Monsoon,Sun,180,149,149,0.827,True,False,615414,48687,664101,0,164,0
2025-06-22,DEL,Delhi,6,Summer,Sat,180,148,148,0.82,True,False,634018,47589,681607,0,158,0
2025-08-10,DEL,Delhi,8,Monsoon,Sat,180,162,162,0.899,True,False,743145,61239,804384,0,170,0
2025-07-20,DEL,Delhi,7,Monsoon,Wed,180,164,164,0.91,True,False,704158,67662,771820,0,178,1
2025-03-14,BOM,Mumbai,3,Spring,Mon,180,135,135,0.752,True,False,551278,56471,607749,0,155,0
2025-05-16,BOM,Mumbai,5,Summer,Mon,180,141,141,0.784,True,False,609701,54281,663982,0,159,1
2025-02-01,CCU,Kolkata,2,Winter,Thu,180,129,129,0.718,True,False,448315,53942,502257,0,133,0
2025-02-22,DEL,Delhi,2,Winter,Mon,180,119,119,0.66,True,False,457903,43630,501533,0,128,1
2025-05-23,DEL,Delhi,5,Summer,Fri,180,150,150,0.833,False,False,678162,45128,723290,0,156,1
2025-11-21,CCU,Kolkata,11,Post-Monsoon,Sun,180,137,137,0.76,True,False,627512,41513,669025,0,142,2
2025-12-23,HYD,Hyderabad,12,Winter,Tue,180,128,128,0.712,True,False,491434,46869,538303,0,138,1
2025-11-05,CCU,Kolkata,11,Post-Monsoon,Wed,180,152,152,0.843,True,False,695375,53591,748966,0,159,0
2025-02-15,BLR,Bengaluru,2,Winter,Mon,180,136,136,0.755,True,False,475579,50710,526289,0,159,0
2025-06-04,BOM,Mumbai,6,Summer,Wed,180,138,138,0.767,False,False,618450,51391,669841,0,155,3
2025-01-15,BLR,Bengaluru,1,Winter,Fri,180,128,128,0.71,True,False,471856,47525,519381,0,144,1
2025-03-10,BLR,Bengaluru,3,Spring,Tue,180,148,148,0.823,True,False,549579,53392,602971,0,169,0
2025-07-01,BOM,Mumbai,7,Monsoon,Wed,180,132,132,0.735,False,False,540476,52720,593196,0,147,4
2025-06-18,BLR,Bengaluru,6,Summer,Tue,180,146,146,0.809,False,False,586711,56864,643575,0,168,2
2025-04-17,BLR,Bengaluru,4,Spring,Fri,180,128,128,0.711,True,False,499023,36878,535901,1,143,0
2025-11-14,BLR,Bengaluru,11,Post-Monsoon,Tue,180,162,162,0.899,True,False,683567,65551,749118,0,186,1
2025-12-21,HYD,Hyderabad,12,Winter,Fri,180,140,140,0.777,True,False,529238,58497,587735,0,165,0
2025-03-12,HYD,Hyderabad,3,Spring,Thu,180,145,145,0.804,True,False,565348,59492,624840,1,170,0
2025-07-10,DEL,Delhi,7,Monsoon,Tue,180,144,144,0.799,True,False,658543,58901,717444,0,164,1
2025-12-21,BLR,Bengaluru,12,Winter,Sat,180,156,156,0.866,True,False,627664,48391,676055,0,166,1
2025-12-02,DEL,Delhi,12,Winter,Wed,180,131,131,0.726,False,False,549252,52769,602021,0,135,0
2025-10-26,HYD,Hyderabad,10,Post-Monsoon,Sun,180,152,152,0.843,True,False,632110,44526,676636,0,176,0
2025-10-10,BOM,Mumbai,10,Post-Monsoon,Mon,180,156,156,0.865,True,False,725335,57182,782517,0,171,0
2025-06-22,BLR,Bengaluru,6,Summer,Sun,180,151,151,0.837,True,False,563573,45127,608700,0,160,0
2025-02-06,BOM,Mumbai,2,Winter,Sun,180,125,125,0.692,False,False,467079,48951,516030,0,146,2
2025-02-15,CCU,Kolkata,2,Winter,Fri,180,143,143,0.794,True,False,505517,49930,555447,0,148,1
2025-12-14,BOM,Mumbai,12,Winter,Mon,180,140,140,0.78,True,False,592979,51676,644655,0,163,1
2025-10-05,CCU,Kolkata,10,Post-Monsoon,Thu,180,141,141,0.783,True,False,615138,58749,673887,0,164,2
2025-10-18,CCU,Kolkata,10,Post-Monsoon,Wed,180,160,160,0.89,True,False,731842,66488,798330,0,169,1
2025-11-28,BOM,Mumbai,11,Post-Monsoon,Thu,180,145,145,0.803,True,False,692176,57925,750101,0,168,2
2025-11-19,DEL,Delhi,11,Post-Monsoon,Thu,180,152,152,0.846,True,False,741285,48177,789462,0,174,0
2025-07-28,BLR,Bengaluru,7,Monsoon,Wed,180,148,148,0.822,True,False,561019,59936,620955,0,163,1
2025-11-17,BOM,Mumbai,11,Post-Monsoon,Thu,180,171,171,0.951,True,False,837511,61153,898664,0,191,2
2025-08-19,BOM,Mumbai,8,Monsoon,Tue,180,135,135,0.75,True,False,612143,41575,653718,0,141,1
2025-03-13,BLR,Bengaluru,3,Spring,Tue,180,122,122,0.677,True,False,499084,36569,535653,0,143,0
2025-12-21,DEL,Delhi,12,Winter,Sun,180,139,139,0.773,True,False,590579,54658,645237,0,155,2
2025-04-09,HYD,Hyderabad,4,Spring,Thu,180,141,141,0.784,False,False,523145,46325,569470,0,163,2
2025-05-09,DEL,Delhi,5,Summer,Sun,180,131,131,0.731,True,False,588861,39926,628787,0,147,0
2025-11-17,BLR,Bengaluru,11,Post-Monsoon,Fri,180,148,148,0.823,True,False,651718,59620,711338,0,170,0
2025-12-04,CCU,Kolkata,12,Winter,Tue,180,135,135,0.751,False,False,525200,47465,572665,0,144,3
2025-08-21,BOM,Mumbai,8,Monsoon,Thu,180,125,125,0.695,False,False,516900,46713,563613,0,140,2
2025-06-13,BLR,Bengaluru,6,Summer,Wed,180,171,171,0.948,True,False,680121,69261,749382,0,198,1
2025-02-25,HYD,Hyderabad,2,Winter,Sun,180,130,130,0.724,True,False,423582,50938,474520,0,139,1
2025-07-11,BLR,Bengaluru,7,Monsoon,Wed,180,145,145,0.804,True,False,588347,58288,646635,0,159,1
2025-03-28,BLR,Bengaluru,3,Spring,Sun,180,148,148,0.824,True,False,603711,56325,660036,0,156,2
2025-11-09,BLR,Bengaluru,11,Post-Monsoon,Thu,180,153,153,0.849,True,False,682257,45694,727951,0,170,1
2025-09-19,BOM,Mumbai,9,Monsoon,Thu,180,134,134,0.746,False,False,542297,45681,587978,1,147,0
2025-10-06,DEL,Delhi,10,Post-Monsoon,Fri,180,147,147,0.819,True,False,765742,46671,812413,0,160,2
2025-03-27,HYD,Hyderabad,3,Spring,Tue,180,159,159,0.882,True,False,558274,51662,609936,0,165,2
2025-02-26,CCU,Kolkata,2,Winter,Sun,180,127,127,0.705,True,False,433991,42560,476551,0,141,1
2025-02-06,BOM,Mumbai,2,Winter,Sun,180,123,123,0.682,True,False,470785,38391,509176,0,132,1
2025-11-14,DEL,Delhi,11,Post-Monsoon,Thu,180,176,176,0.98,True,False,935428,65742,1001170,0,183,1
2025-02-19,DEL,Delhi,2,Winter,Wed,180,117,117,0.649,False,False,452216,48337,500553,0,121,0
2025-02-05,DEL,Delhi,2,Winter,Tue,180,146,146,0.812,True,False,562252,42870,605122,0,162,0
2025-12-10,HYD,Hyderabad,12,Winter,Sun,180,143,143,0.792,False,False,552977,44165,597142,2,147,0
2025-02-10,DEL,Delhi,2,Winter,Sun,180,133,133,0.737,True,False,538028,45633,583661,1,149,1
2025-04-15,DEL,Delhi,4,Spring,Wed,180,137,137,0.759,True,False,575397,54369,629766,0,149,0
2025-05-10,HYD,Hyderabad,5,Summer,Mon,180,158,158,0.877,False,False,603315,50388,653703,0,165,0
2025-10-20,BOM,Mumbai,10,Post-Monsoon,Thu,180,170,170,0.945,True,False,847204,49747,896951,0,195,1
2025-04-24,CCU,Kolkata,4,Spring,Tue,180,142,142,0.79,False,False,563471,42563,606034,0,156,1
2025-03-08,BOM,Mumbai,3,Spring,Sun,180,141,141,0.781,False,False,606943,42529,649472,0,160,2
2025-09-21,CCU,Kolkata,9,Monsoon,Sun,180,154,154,0.856,False,False,612818,64490,677308,0,176,1
2025-05-26,DEL,Delhi,5,Summer,Sun,180,127,127,0.707,False,False,591482,37995,629477,0,145,0
2025-01-08,HYD,Hyderabad,1,Winter,Sat,180,124,124,0.691,True,False,432751,35362,468113,0,135,0
2025-06-16,BOM,Mumbai,6,Summer,Tue,180,119,119,0.659,True,False,493098,40389,533487,0,133,1
2025-11-22,DEL,Delhi,11,Post-Monsoon,Sat,180,130,130,0.724,True,False,692179,47633,739812,0,135,1
2025-10-10,DEL,Delhi,10,Post-Monsoon,Sat,180,154,154,0.856,True,False,746269,56109,802378,0,162,0
2025-03-19,BLR,Bengaluru,3,Spring,Sat,180,127,127,0.708,True,False,510455,48510,558965,0,133,0
2025-01-04,BOM,Mumbai,1,Winter,Sat,180,136,136,0.758,True,False,497930,49250,547180,0,142,0
2025-07-17,BOM,Mumbai,7,Monsoon,Tue,180,133,133,0.737,True,False,552855,45576,598431,1,140,1
2025-11-16,BLR,Bengaluru,11,Post-Monsoon,Thu,180,141,141,0.785,True,False,644209,47100,691309,0,153,0
2025-06-10,DEL,Delhi,6,Summer,Sat,180,161,161,0.892,False,False,742530,65070,807600,3,184,1
2025-09-05,DEL,Delhi,9,Monsoon,Sun,180,154,154,0.857,True,False,681558,60353,741911,0,171,0
2025-01-14,DEL,Delhi,1,Winter,Sat,180,148,148,0.821,True,False,617009,45699,662708,0,167,2
2025-04-13,DEL,Delhi,4,Spring,Fri,180,150,150,0.834,True,False,657353,53353,710706,0,177,0
2025-12-23,BOM,Mumbai,12,Winter,Sat,180,139,139,0.77,False,False,587309,55276,642585,0,150,0
2025-10-03,DEL,Delhi,10,Post-Monsoon,Sat,180,150,150,0.833,True,False,789959,51752,841711,0,173,1
2025-02-21,HYD,Hyderabad,2,Winter,Sun,180,125,125,0.695,True,False,429334,42613,471947,0,134,1
2025-04-10,DEL,Delhi,4,Spring,Sat,180,150,150,0.835,True,False,641089,46394,687483,0,173,0
2025-05-20,BLR,Bengaluru,5,Summer,Sat,180,137,137,0.761,True,False,565023,47188,612211,0,145,2
2025-02-11,BLR,Bengaluru,2,Winter,Fri,180,129,129,0.718,False,False,478484,36842,515326,0,138,1
2025-03-04,BLR,Bengaluru,3,Spring,Tue,180,152,152,0.845,True,False,562446,62119,624565,0,159,1
2025-08-06,HYD,Hyderabad,8,Monsoon,Sat,180,130,130,0.724,True,False,475611,47352,522963,0,134,1
2025-05-17,DEL,Delhi,5,Summer,Mon,180,152,152,0.844,False,False,665928,61997,727925,1,168,1
2025-04-28,DEL,Delhi,4,Spring,Fri,180,139,139,0.772,False,False,600612,52747,653359,0,149,1
2025-05-19,HYD,Hyderabad,5,Summer,Sun,180,131,131,0.725,True,False,456267,46412,502679,0,137,1
2025-07-07,CCU,Kolkata,7,Monsoon,Mon,180,151,151,0.837,True,False,562518,46419,608937,0,171,0
2025-07-19,HYD,Hyderabad,7,Monsoon,Fri,180,135,135,0.75,False,False,501611,48562,550173,0,159,0
2025-07-15,BOM,Mumbai,7,Monsoon,Wed,180,139,139,0.77,True,False,609588,43654,653242,0,158,1
2025-12-16,CCU,Kolkata,12,Winter,Mon,180,159,159,0.881,False,False,573129,63297,636426,0,179,0
2025-06-25,BOM,Mumbai,6,Summer,Thu,180,147,147,0.817,True,False,613872,57600,671472,0,154,2
2025-12-17,BOM,Mumbai,12,Winter,Sun,180,148,148,0.824,True,False,665711,59337,725048,0,165,1
2025-01-03,CCU,Kolkata,1,Winter,Tue,180,134,134,0.744,True,False,437248,46934,484182,0,137,1
2025-01-12,DEL,Delhi,1,Winter,Sun,180,135,135,0.751,True,False,507355,49711,557066,0,153,1
2025-12-02,DEL,Delhi,12,Winter,Sat,180,158,158,0.88,True,False,705650,52622,758272,0,163,1
2025-08-27,HYD,Hyderabad,8,Monsoon,Thu,180,140,140,0.78,True,False,519549,51417,570966,0,157,2
2025-03-12,BOM,Mumbai,3,Spring,Wed,180,144,144,0.798,True,False,612902,57411,670313,0,165,0
2025-02-27,DEL,Delhi,2,Winter,Tue,180,139,139,0.774,True,False,520113,50847,570960,0,159,0
2025-02-24,CCU,Kolkata,2,Winter,Thu,180,165,165,0.919,True,False,564052,51735,615787,0,173,1
2025-05-20,DEL,Delhi,5,Summer,Mon,180,137,137,0.759,True,False,611703,43863,655566,0,142,0
2025-03-22,DEL,Delhi,3,Spring,Sat,180,155,155,0.861,False,False,716379,61625,778004,1,166,1
2025-04-12,BLR,Bengaluru,4,Spring,Wed,180,138,138,0.768,True,False,513322,57886,571208,0,141,0
2025-11-05,BOM,Mumbai,11,Post-Monsoon,Mon,180,166,166,0.92,False,False,787386,52402,839788,1,187,1
2025-05-19,DEL,Delhi,5,Summer,Sun,180,132,132,0.736,True,False,591077,51948,643025,0,136,1
2025-06-20,CCU,Kolkata,6,Summer,Sat,180,145,145,0.808,False,False,546818,58277,605095,1,159,2
2025-12-24,BOM,Mumbai,12,Winter,Tue,180,140,140,0.777,True,False,570530,42380,612910,0,165,1
2025-10-09,HYD,Hyderabad,10,Post-Monsoon,Sun,180,149,149,0.826,True,False,629832,53405,683237,0,154,1
2025-01-09,BOM,Mumbai,1,Winter,Fri,180,154,154,0.857,True,False,601663,44814,646477,0,161,0
2025-10-07,HYD,Hyderabad,10,Post-Monsoon,Mon,180,145,145,0.808,True,False,653548,41982,695530,0,155,0
2025-11-28,DEL,Delhi,11,Post-Monsoon,Tue,180,155,155,0.863,True,False,794256,56871,851127,0,162,0
2025-02-07,HYD,Hyderabad,2,Winter,Fri,180,133,133,0.736,True,False,449438,54223,503661,0,139,2
2025-04-08,BLR,Bengaluru,4,Spring,Sun,180,131,131,0.73,True,False,491506,49462,540968,0,147,0
2025-04-24,BOM,Mumbai,4,Spring,Thu,180,151,151,0.838,True,False,625991,50290,676281,0,170,1
2025-05-28,HYD,Hyderabad,5,Summer,Mon,180,139,139,0.77,True,False,524559,43756,568315,0,152,0
2025-04-21,BOM,Mumbai,4,Spring,Sun,180,141,141,0.783,True,False,596629,50799,647428,0,150,0
2025-07-23,HYD,Hyderabad,7,Monsoon,Wed,180,147,147,0.815,True,False,571406,61168,632574,0,162,1
2025-02-14,BOM,Mumbai,2,Winter,Tue,180,117,117,0.651,True,False,437342,34019,471361,0,123,1
2025-03-02,BOM,Mumbai,3,Spring,Tue,180,145,145,0.804,True,False,591015,40640,631655,0,150,0
2025-09-12,DEL,Delhi,9,Monsoon,Tue,180,143,143,0.794,True,False,659470,54929,714399,0,155,1
2025-09-17,CCU,Kolkata,9,Monsoon,Fri,180,138,138,0.767,True,False,545714,50163,595877,0,149,0
2025-03-10,DEL,Delhi,3,Spring,Mon,180,139,139,0.772,False,False,610743,47321,658064,0,152,0
2025-06-19,HYD,Hyderabad,6,Summer,Tue,180,151,151,0.839,True,False,590963,49837,640800,1,165,0
2025-03-06,BOM,Mumbai,3,Spring,Sun,180,142,142,0.792,True,False,624525,40614,665139,0,160,0
2025-06-24,HYD,Hyderabad,6,Summer,Tue,180,133,133,0.738,True,False,491259,46851,538110,0,145,2
2025-10-23,DEL,Delhi,10,Post-Monsoon,Tue,180,159,159,0.881,True,False,826563,64252,890815,0,164,2
2025-06-28,BOM,Mumbai,6,Summer,Fri,180,150,150,0.831,True,False,658371,61370,719741,0,176,0
2025-06-16,BOM,Mumbai,6,Summer,Wed,180,121,121,0.671,False,False,503058,47628,550686,0,130,1
2025-02-24,BOM,Mumbai,2,Winter,Fri,180,131,131,0.73,False,False,496454,51212,547666,1,153,0
2025-11-10,BOM,Mumbai,11,Post-Monsoon,Tue,180,139,139,0.772,True,False,710278,56708,766986,0,159,1
2025-02-22,BOM,Mumbai,2,Winter,Sun,180,141,141,0.783,False,False,514953,43423,558376,0,165,1
2025-10-15,BOM,Mumbai,10,Post-Monsoon,Thu,180,169,169,0.941,True,False,865610,67931,933541,0,185,2
2025-11-22,CCU,Kolkata,11,Post-Monsoon,Fri,180,161,161,0.894,True,False,666149,54644,720793,0,174,1
2025-07-17,DEL,Delhi,7,Monsoon,Mon,180,147,147,0.819,True,False,666104,61551,727655,0,157,1
2025-08-21,CCU,Kolkata,8,Monsoon,Sat,180,154,154,0.857,True,False,589550,52710,642260,0,169,1
2025-05-27,HYD,Hyderabad,5,Summer,Thu,180,152,152,0.844,False,False,566026,44660,610686,0,163,1
2025-11-20,BOM,Mumbai,11,Post-Monsoon,Wed,180,172,172,0.954,True,False,832637,56483,889120,0,187,0
2025-11-15,CCU,Kolkata,11,Post-Monsoon,Thu,180,149,149,0.825,False,False,658647,54338,712985,0,173,0
2025-08-23,HYD,Hyderabad,8,Monsoon,Sat,180,151,151,0.837,False,False,569189,46473,615662,0,156,2
2025-02-22,BOM,Mumbai,2,Winter,Tue,180,138,138,0.764,True,False,537095,40437,577532,0,143,1
2025-01-28,BLR,Bengaluru,1,Winter,Sat,180,111,111,0.618,True,False,368618,40241,408859,0,123,0
2025-12-22,BOM,Mumbai,12,Winter,Thu,180,129,129,0.715,False,False,584139,40740,624879,1,140,1
2025-06-06,DEL,Delhi,6,Summer,Thu,180,139,139,0.774,True,False,584481,43681,628162,0,162,0
2025-04-05,BOM,Mumbai,4,Spring,Thu,180,145,145,0.806,True,False,640933,53747,694680,0,169,0
2025-12-11,DEL,Delhi,12,Winter,Fri,180,136,136,0.754,False,False,606351,47228,653579,0,156,2
2025-08-25,DEL,Delhi,8,Monsoon,Fri,180,149,149,0.827,True,False,679451,61100,740551,0,166,1
2025-12-22,BLR,Bengaluru,12,Winter,Sun,180,158,158,0.88,True,False,606804,46236,653040,0,168,0
2025-08-05,DEL,Delhi,8,Monsoon,Thu,180,136,136,0.753,False,False,587297,38435,625732,0,158,2
2025-02-18,BLR,Bengaluru,2,Winter,Fri,180,123,123,0.685,False,False,444109,45243,489352,0,136,0
2025-11-16,HYD,Hyderabad,11,Post-Monsoon,Fri,180,152,152,0.847,False,False,632713,51230,683943,0,176,0
2025-05-10,CCU,Kolkata,5,Summer,Sat,180,125,125,0.695,False,False,497647,52302,549949,0,134,0
2025-12-04,HYD,Hyderabad,12,Winter,Fri,180,152,152,0.843,True,False,537300,51182,588482,0,169,0
2025-06-12,HYD,Hyderabad,6,Summer,Wed,180,148,148,0.824,True,False,552317,45807,598124,0,151,1
2025-08-05,DEL,Delhi,8,Monsoon,Fri,180,132,132,0.735,False,False,608339,44499,652838,0,142,0
2025-01-07,BOM,Mumbai,1,Winter,Sun,180,136,136,0.757,True,False,500016,51213,551229,0,146,0
2025-02-17,CCU,Kolkata,2,Winter,Sat,180,134,134,0.742,True,False,440151,44789,484940,0,154,1
2025-04-05,BOM,Mumbai,4,Spring,Fri,180,125,125,0.693,True,False,527819,40347,568166,0,143,3
2025-04-04,BOM,Mumbai,4,Spring,Fri,180,130,130,0.721,False,False,547071,44252,591323,1,139,2
2025-05-19,DEL,Delhi,5,Summer,Thu,180,155,155,0.864,False,False,648260,59278,707538,0,177,1
2025-03-18,HYD,Hyderabad,3,Spring,Sun,180,154,154,0.856,True,False,580174,45303,625477,0,174,1
2025-12-24,HYD,Hyderabad,12,Winter,Fri,180,151,151,0.84,True,False,535375,49733,585108,0,175,2
2025-08-11,BLR,Bengaluru,8,Monsoon,Wed,180,148,148,0.824,True,False,581273,51805,633078,0,161,2
2025-10-08,BLR,Bengaluru,10,Post-Monsoon,Sun,180,169,169,0.937,True,False,716848,63744,780592,0,174,1
2025-07-22,DEL,Delhi,7,Monsoon,Mon,180,137,137,0.759,True,False,585001,56473,641474,0,146,0
2025-08-22,DEL,Delhi,8,Monsoon,Tue,180,131,131,0.729,True,False,561673,50390,612063,0,148,0
2025-09-13,BOM,Mumbai,9,Monsoon,Fri,180,143,143,0.795,True,False,578144,48241,626385,0,150,1
2025-12-15,HYD,Hyderabad,12,Winter,Thu,180,122,122,0.676,True,False,426265,35102,461367,0,136,1
2025-05-16,BLR,Bengaluru,5,Summer,Fri,180,129,129,0.719,False,False,480789,36547,517336,1,148,3
2025-10-02,DEL,Delhi,10,Post-Monsoon,Fri,180,160,160,0.889,True,False,821732,51651,873383,0,174,1
2025-05-24,DEL,Delhi,5,Summer,Thu,180,143,143,0.797,True,False,639913,41500,681413,0,147,1
2025-08-08,DEL,Delhi,8,Monsoon,Fri,180,150,150,0.831,True,False,627545,54391,681936,0,159,1
2025-04-17,DEL,Delhi,4,Spring,Mon,180,132,132,0.733,True,False,596479,54213,650692,0,136,0
2025-01-12,BLR,Bengaluru,1,Winter,Sun,180,125,125,0.693,True,False,417747,51099,468846,0,138,1
2025-12-09,CCU,Kolkata,12,Winter,Fri,180,134,134,0.743,False,False,510150,48634,558784,0,157,1
2025-11-03,BOM,Mumbai,11,Post-Monsoon,Wed,180,137,137,0.763,True,False,688004,55001,743005,0,152,1
2025-07-15,CCU,Kolkata,7,Monsoon,Sun,180,155,155,0.859,True,False,611386,53369,664755,0,171,1
2025-05-16,BLR,Bengaluru,5,Summer,Sun,180,140,140,0.778,True,False,515291,46484,561775,0,150,0
2025-06-21,BOM,Mumbai,6,Summer,Sun,180,146,146,0.809,False,False,655804,41672,697476,1,169,2
2025-10-07,DEL,Delhi,10,Post-Monsoon,Mon,180,173,173,0.963,False,False,863514,65262,928776,2,177,1
2025-06-27,HYD,Hyderabad,6,Summer,Sat,180,160,160,0.891,True,False,577007,48603,625610,0,187,1
2025-10-08,CCU,Kolkata,10,Post-Monsoon,Fri,180,143,143,0.792,False,False,593801,52311,646112,0,162,2
2025-02-15,HYD,Hyderabad,2,Winter,Tue,180,144,144,0.802,True,False,461630,58571,520201,0,153,0
2025-10-28,BOM,Mumbai,10,Post-Monsoon,Sat,180,153,153,0.852,True,False,750733,64216,814949,0,172,2
2025-05-10,DEL,Delhi,5,Summer,Mon,180,126,126,0.698,True,False,528407,45107,573514,0,140,0
2025-05-07,BLR,Bengaluru,5,Summer,Sun,180,157,157,0.873,True,False,598582,53715,652297,0,173,1
2025-07-20,BOM,Mumbai,7,Monsoon,Sun,180,133,133,0.738,True,False,593474,37643,631117,0,151,0
2025-03-05,HYD,Hyderabad,3,Spring,Fri,180,134,134,0.743,True,False,516431,49226,565657,0,140,1
2025-05-14,BOM,Mumbai,5,Summer,Fri,180,121,121,0.673,True,False,502754,35226,537980,0,134,0
2025-08-18,DEL,Delhi,8,Monsoon,Sun,180,128,128,0.712,True,False,552715,47937,600652,3,138,2
2025-09-26,BLR,Bengaluru,9,Monsoon,Wed,180,137,137,0.763,False,False,518313,46613,564926,0,159,1
2025-06-17,BOM,Mumbai,6,Summer,Fri,180,124,124,0.691,False,False,552098,36168,588266,0,136,1
2025-10-23,DEL,Delhi,10,Post-Monsoon,Wed,180,147,147,0.818,True,False,725376,58520,783896,0,166,0
2025-05-24,BOM,Mumbai,5,Summer,Wed,180,136,136,0.756,True,False,578439,52460,630899,0,158,1
2025-11-25,BOM,Mumbai,11,Post-Monsoon,Sun,180,141,141,0.783,True,False,727801,48217,776018,0,161,1
2025-09-20,DEL,Delhi,9,Monsoon,Mon,180,145,145,0.807,False,False,602907,52441,655348,0,156,3
2025-04-20,CCU,Kolkata,4,Spring,Mon,180,143,143,0.794,True,False,521626,45057,566683,0,163,1
2025-08-01,CCU,Kolkata,8,Monsoon,Sun,180,146,146,0.812,True,False,548544,51221,599765,0,155,1
2025-04-09,HYD,Hyderabad,4,Spring,Wed,180,122,122,0.675,True,False,427413,36490,463903,0,129,1
2025-02-13,CCU,Kolkata,2,Winter,Fri,180,124,124,0.691,True,False,410651,41982,452633,0,145,0
2025-05-24,HYD,Hyderabad,5,Summer,Mon,180,168,168,0.934,False,False,606952,54845,661797,0,176,0
2025-07-04,DEL,Delhi,7,Monsoon,Mon,180,133,133,0.739,True,False,598975,38813,637788,0,141,0
2025-09-08,BOM,Mumbai,9,Monsoon,Sat,180,146,146,0.811,False,False,652614,52279,704893,0,166,1
2025-09-10,DEL,Delhi,9,Monsoon,Tue,180,154,154,0.854,True,False,644846,63379,708225,0,178,0
2025-01-28,DEL,Delhi,1,Winter,Tue,180,121,121,0.671,True,False,489888,38572,528460,0,142,1
2025-05-06,BOM,Mumbai,5,Summer,Sat,180,145,145,0.806,True,False,633405,47005,680410,0,152,0
2025-11-05,HYD,Hyderabad,11,Post-Monsoon,Fri,180,148,148,0.821,False,False,631600,50291,681891,1,171,2
2025-12-07,DEL,Delhi,12,Winter,Sun,180,137,137,0.759,False,False,610789,38821,649610,0,152,0
2025-01-02,DEL,Delhi,1,Winter,Thu,180,133,133,0.737,True,False,540840,37652,578492,0,146,1
2025-03-12,BLR,Bengaluru,3,Spring,Sat,180,144,144,0.801,True,False,528902,56749,585651,0,157,0
2025-08-05,BLR,Bengaluru,8,Monsoon,Fri,180,134,134,0.744,True,False,524996,45043,570039,0,157,0
2025-10-04,DEL,Delhi,10,Post-Monsoon,Thu,180,155,155,0.858,True,False,820650,63757,884407,0,179,1
2025-02-04,HYD,Hyderabad,2,Winter,Sat,180,148,148,0.82,True,False,489703,58898,548601,0,157,1
2025-05-28,BOM,Mumbai,5,Summer,Mon,180,145,145,0.805,True,False,600611,43901,644512,1,152,1
2025-01-14,HYD,Hyderabad,1,Winter,Mon,180,139,139,0.77,True,False,436946,47642,484588,0,160,0
2025-10-13,CCU,Kolkata,10,Post-Monsoon,Sat,180,163,163,0.907,True,False,689546,52952,742498,0,177,3
2025-09-18,BOM,Mumbai,9,Monsoon,Fri,180,159,159,0.886,True,False,669396,49700,719096,0,172,0
2025-11-12,DEL,Delhi,11,Post-Monsoon,Mon,180,158,158,0.88,True,False,815492,62614,878106,0,182,0
2025-01-19,BOM,Mumbai,1,Winter,Mon,180,140,140,0.777,True,False,561555,56740,618295,0,161,3
2025-07-19,HYD,Hyderabad,7,Monsoon,Fri,180,158,158,0.878,True,False,563602,56391,619993,0,182,2
2025-07-22,CCU,Kolkata,7,Monsoon,Wed,180,138,138,0.767,True,False,551629,43403,595032,0,151,1
2025-06-20,BOM,Mumbai,6,Summer,Thu,180,129,129,0.716,True,False,572290,44299,616589,0,151,0
2025-12-01,HYD,Hyderabad,12,Winter,Sat,180,137,137,0.764,True,False,508053,52422,560475,0,147,0
2025-05-25,BOM,Mumbai,5,Summer,Sun,180,144,144,0.798,False,False,614341,47103,661444,0,165,1
2025-11-11,HYD,Hyderabad,11,Post-Monsoon,Tue,180,145,145,0.803,False,False,599142,46127,645269,0,171,0
2025-05-17,BOM,Mumbai,5,Summer,Sat,180,147,147,0.817,True,False,666533,47018,713551,1,155,0
2025-08-09,BOM,Mumbai,8,Monsoon,Tue,180,140,140,0.78,True,False,583155,42007,625162,0,153,0
2025-04-12,BOM,Mumbai,4,Spring,Fri,180,131,131,0.729,True,False,559278,40040,599318,0,138,0
2025-04-09,DEL,Delhi,4,Spring,Wed,180,135,135,0.751,True,False,587508,46858,634366,0,140,1
2025-09-14,HYD,Hyderabad,9,Monsoon,Mon,180,145,145,0.807,True,False,553710,48058,601768,0,154,0
2025-11-20,CCU,Kolkata,11,Post-Monsoon,Sat,180,140,140,0.776,False,False,643144,49110,692254,0,162,3
2025-05-14,BOM,Mumbai,5,Summer,Wed,180,133,133,0.738,True,False,589508,52535,642043,0,139,1
2025-04-13,BOM,Mumbai,4,Spring,Tue,180,136,136,0.753,False,False,561578,44107,605685,0,151,2
2025-08-26,DEL,Delhi,8,Monsoon,Sun,180,143,143,0.795,True,False,649212,55912,705124,0,154,0
2025-09-03,CCU,Kolkata,9,Monsoon,Sun,180,140,140,0.779,True,False,505927,45573,551500,0,158,0
2025-09-03,BLR,Bengaluru,9,Monsoon,Fri,180,139,139,0.774,True,False,523507,40931,564438,0,153,0
2025-07-20,BLR,Bengaluru,7,Monsoon,Fri,180,147,147,0.816,True,False,546936,55382,602318,0,165,0
2025-07-26,HYD,Hyderabad,7,Monsoon,Mon,180,142,142,0.79,False,False,521088,57159,578247,0,158,1
2025-03-12,HYD,Hyderabad,3,Spring,Thu,180,137,137,0.759,True,False,508354,40881,549235,0,150,0
2025-01-14,BOM,Mumbai,1,Winter,Mon,180,130,130,0.723,True,False,501663,47032,548695,0,145,0
2025-12-02,DEL,Delhi,12,Winter,Thu,180,144,144,0.799,True,False,657156,56057,713213,0,163,1
2025-01-05,DEL,Delhi,1,Winter,Sun,180,137,137,0.759,False,False,558483,54233,612716,0,149,3
2025-12-02,BOM,Mumbai,12,Winter,Fri,180,146,146,0.811,True,False,646023,51582,697605,0,154,2
2025-11-09,BOM,Mumbai,11,Post-Monsoon,Sun,180,154,154,0.855,True,False,757912,48032,805944,0,169,1
2025-11-07,HYD,Hyderabad,11,Post-Monsoon,Sun,180,144,144,0.798,True,False,578215,45188,623403,0,150,1
2025-12-17,CCU,Kolkata,12,Winter,Wed,180,154,154,0.856,False,False,559251,62440,621691,0,169,3
2025-08-03,HYD,Hyderabad,8,Monsoon,Sun,180,146,146,0.809,True,False,560999,51756,612755,0,171,0
2025-08-09,DEL,Delhi,8,Monsoon,Sun,180,155,155,0.86,False,False,690992,59253,750245,0,181,1
2025-12-17,BOM,Mumbai,12,Winter,Wed,180,154,154,0.854,True,False,667798,45937,713735,0,181,0
2025-05-02,BLR,Bengaluru,5,Summer,Wed,180,137,137,0.762,True,False,540551,49278,589829,0,141,1
2025-10-18,BLR,Bengaluru,10,Post-Monsoon,Sat,180,148,148,0.823,True,False,652992,59005,711997,0,164,1
2025-04-17,BOM,Mumbai,4,Spring,Tue,180,129,129,0.715,False,False,571997,42180,614177,2,138,0
2025-05-18,BOM,Mumbai,5,Summer,Wed,180,150,150,0.831,False,False,633545,51220,684765,0,155,2
2025-06-26,BOM,Mumbai,6,Summer,Sat,180,150,150,0.832,True,False,646840,55022,701862,0,168,0
2025-12-11,DEL,Delhi,12,Winter,Wed,180,159,159,0.885,True,False,725149,45785,770934,0,175,0
2025-07-08,BLR,Bengaluru,7,Monsoon,Mon,180,145,145,0.804,True,False,533314,56492,589806,0,161,0
2025-09-10,BOM,Mumbai,9,Monsoon,Tue,180,139,139,0.77,True,False,602736,46367,649103,0,144,0
2025-04-09,DEL,Delhi,4,Spring,Mon,180,142,142,0.79,True,False,657625,40461,698086,0,149,0
2025-12-27,CCU,Kolkata,12,Winter,Fri,180,141,141,0.782,True,False,563477,46498,609975,0,157,1
2025-05-08,HYD,Hyderabad,5,Summer,Fri,180,152,152,0.847,True,False,590571,59538,650109,0,160,0
2025-06-21,CCU,Kolkata,6,Summer,Tue,180,126,126,0.7,False,False,471917,49217,521134,0,146,1
2025-01-26,DEL,Delhi,1,Winter,Sat,180,120,120,0.666,False,False,484124,43260,527384,0,132,1
2025-05-20,DEL,Delhi,5,Summer,Sun,180,141,141,0.786,True,False,586525,45890,632415,0,162,2
2025-03-10,DEL,Delhi,3,Spring,Mon,180,150,150,0.832,False,False,694294,47637,741931,3,158,2
2025-01-17,CCU,Kolkata,1,Winter,Mon,180,122,122,0.675,True,False,400900,35995,436895,0,141,2
2025-03-23,BOM,Mumbai,3,Spring,Sun,180,147,147,0.815,False,False,616765,47866,664631,2,171,1
2025-06-02,DEL,Delhi,6,Summer,Mon,180,153,153,0.849,False,False,693179,62139,755318,1,160,2
2025-04-04,DEL,Delhi,4,Spring,Sun,180,148,148,0.823,True,False,656727,49478,706205,0,174,0
2025-05-04,CCU,Kolkata,5,Summer,Tue,180,127,127,0.707,True,False,499018,50986,550004,0,146,0
2025-03-16,DEL,Delhi,3,Spring,Sat,180,152,152,0.845,True,False,640572,59329,699901,0,157,1
2025-06-10,HYD,Hyderabad,6,Summer,Tue,180,157,157,0.873,False,False,579355,47252,626607,0,181,1
2025-07-19,CCU,Kolkata,7,Monsoon,Sat,180,119,119,0.658,False,False,457356,39006,496362,0,139,0
2025-02-18,DEL,Delhi,2,Winter,Sat,180,124,124,0.686,True,False,484670,35387,520057,0,130,1
2025-05-17,BOM,Mumbai,5,Summer,Fri,180,144,144,0.801,True,False,633621,59633,693254,0,166,0
2025-09-01,BLR,Bengaluru,9,Monsoon,Thu,180,153,153,0.85,True,False,572348,47111,619459,0,174,1
2025-05-15,BOM,Mumbai,5,Summer,Mon,180,140,140,0.776,True,False,610997,58383,669380,0,164,3
2025-11-06,HYD,Hyderabad,11,Post-Monsoon,Thu,180,153,0,0.848,False,True,0,0,0,0,0,0
2025-07-18,HYD,Hyderabad,7,Monsoon,Tue,180,132,132,0.735,True,False,505302,53633,558935,0,136,0
2025-04-15,DEL,Delhi,4,Spring,Mon,180,147,147,0.819,True,False,664507,59852,724359,0,152,1
2025-10-01,CCU,Kolkata,10,Post-Monsoon,Wed,180,176,176,0.98,True,False,784732,49628,834360,0,207,1
2025-01-17,BLR,Bengaluru,1,Winter,Sun,180,140,140,0.777,True,False,466702,51262,517964,1,152,0
2025-09-08,DEL,Delhi,9,Monsoon,Fri,180,122,122,0.679,True,False,559898,35451,595349,0,125,0
2025-08-20,HYD,Hyderabad,8,Monsoon,Wed,180,150,150,0.833,True,False,580303,53817,634120,0,167,1
2025-07-08,CCU,Kolkata,7,Monsoon,Wed,180,122,122,0.678,True,False,464038,37071,501109,0,125,0
2025-06-04,DEL,Delhi,6,Summer,Mon,180,159,159,0.882,False,False,663012,49787,712799,0,175,2
2025-12-27,BLR,Bengaluru,12,Winter,Mon,180,157,157,0.874,True,False,603327,51245,654572,0,173,0
2025-07-27,BOM,Mumbai,7,Monsoon,Sun,180,128,128,0.711,True,False,551014,46416,597430,0,133,0
2025-03-08,CCU,Kolkata,3,Spring,Fri,180,132,132,0.731,True,False,479222,53643,532865,0,139,1
2025-06-27,CCU,Kolkata,6,Summer,Wed,180,122,122,0.676,True,False,447980,44304,492284,0,138,0
2025-09-15,BOM,Mumbai,9,Monsoon,Fri,180,124,124,0.688,True,False,503745,47234,550979,0,142,1
2025-08-12,CCU,Kolkata,8,Monsoon,Thu,180,137,137,0.763,True,False,494193,52111,546304,0,156,0
2025-11-22,HYD,Hyderabad,11,Post-Monsoon,Thu,180,154,154,0.855,True,False,631563,58461,690024,0,169,1
2025-05-26,BOM,Mumbai,5,Summer,Mon,180,145,145,0.805,True,False,613784,50744,664528,0,159,3
2025-06-06,DEL,Delhi,6,Summer,Wed,180,144,144,0.8,True,False,645524,48296,693820,0,164,4
2025-11-09,DEL,Delhi,11,Post-Monsoon,Sat,180,142,142,0.791,True,False,690935,40103,731038,0,160,1
2025-10-09,BOM,Mumbai,10,Post-Monsoon,Sat,180,165,165,0.915,False,False,801416,57433,858849,0,188,0
2025-12-28,DEL,Delhi,12,Winter,Sat,180,132,132,0.735,False,False,578050,53626,631676,0,150,2
2025-05-21,BLR,Bengaluru,5,Summer,Mon,180,146,146,0.81,True,False,584938,59778,644716,0,154,1
2025-04-07,CCU,Kolkata,4,Spring,Mon,180,147,147,0.818,True,False,584680,47084,631764,0,156,1
2025-02-13,HYD,Hyderabad,2,Winter,Tue,180,140,140,0.775,True,False,449752,52398,502150,0,156,1
2025-05-03,BLR,Bengaluru,5,Summer,Wed,180,140,140,0.777,True,False,537405,53023,590428,0,160,0
2025-10-19,BOM,Mumbai,10,Post-Monsoon,Mon,180,145,145,0.808,True,False,745836,56770,802606,0,159,2
2025-07-11,BOM,Mumbai,7,Monsoon,Thu,180,140,140,0.777,True,False,629500,56307,685807,0,161,1
2025-09-07,BLR,Bengaluru,9,Monsoon,Tue,180,153,153,0.852,True,False,579635,48278,627913,0,162,0
2025-12-21,CCU,Kolkata,12,Winter,Wed,180,134,134,0.746,False,False,530941,49557,580498,0,150,1
2025-08-28,CCU,Kolkata,8,Monsoon,Sat,180,133,133,0.737,True,False,507391,51308,558699,0,141,0
2025-02-01,BLR,Bengaluru,2,Winter,Tue,180,134,134,0.743,False,False,453412,53482,506894,0,142,4
2025-04-09,DEL,Delhi,4,Spring,Mon,180,149,149,0.83,True,False,684803,53667,738470,0,159,0
2025-04-26,DEL,Delhi,4,Spring,Tue,180,140,140,0.779,False,False,630310,42936,673246,0,156,0
2025-04-14,BLR,Bengaluru,4,Spring,Tue,180,131,131,0.729,False,False,531318,51645,582963,2,145,0
2025-09-19,BOM,Mumbai,9,Monsoon,Thu,180,139,139,0.771,True,False,590847,41796,632643,0,157,1
2025-08-21,CCU,Kolkata,8,Monsoon,Mon,180,139,139,0.774,False,False,507056,47734,554790,0,163,2
2025-09-28,CCU,Kolkata,9,Monsoon,Wed,180,145,145,0.804,True,False,522412,52183,574595,0,150,0
2025-10-03,DEL,Delhi,10,Post-Monsoon,Fri,180,152,152,0.844,True,False,809875,62681,872556,0,177,1
2025-09-23,BLR,Bengaluru,9,Monsoon,Fri,180,149,149,0.826,True,False,604364,47070,651434,0,159,1
2025-07-28,DEL,Delhi,7,Monsoon,Fri,180,133,133,0.739,True,False,618941,38824,657765,0,154,0
2025-08-14,BOM,Mumbai,8,Monsoon,Sun,180,153,153,0.848,True,False,660335,49745,710080,1,171,1
2025-07-14,HYD,Hyderabad,7,Monsoon,Tue,180,162,162,0.898,False,False,602116,51407,653523,0,190,2
2025-12-16,BLR,Bengaluru,12,Winter,Wed,180,136,136,0.753,True,False,552226,43004,595230,0,146,0
2025-04-20,HYD,Hyderabad,4,Spring,Sun,180,145,145,0.808,True,False,525226,43613,568839,0,150,1
2025-02-25,BOM,Mumbai,2,Winter,Sat,180,145,145,0.805,True,False,547761,43432,591193,0,150,0
2025-05-05,DEL,Delhi,5,Summer,Fri,180,153,153,0.847,True,False,647448,58967,706415,0,180,0
2025-12-08,BLR,Bengaluru,12,Winter,Thu,180,144,144,0.803,True,False,532433,49700,582133,0,149,2
2025-08-01,CCU,Kolkata,8,Monsoon,Tue,180,126,126,0.698,True,False,462073,48272,510345,1,146,0
2025-02-13,HYD,Hyderabad,2,Winter,Thu,180,137,137,0.76,True,False,469141,56059,525200,0,149,1
2025-03-18,BOM,Mumbai,3,Spring,Wed,180,146,146,0.81,True,False,628937,54253,683190,0,168,0
2025-02-01,BOM,Mumbai,2,Winter,Fri,180,128,128,0.71,False,False,513616,46913,560529,0,147,1
2025-03-01,BLR,Bengaluru,3,Spring,Wed,180,153,153,0.848,True,False,612602,44504,657106,0,165,1
2025-12-17,CCU,Kolkata,12,Winter,Thu,180,169,0,0.936,False,True,0,0,0,0,0,0
2025-06-23,DEL,Delhi,6,Summer,Sun,180,135,135,0.749,True,False,569878,43717,613595,0,153,2
2025-05-20,BOM,Mumbai,5,Summer,Tue,180,166,166,0.924,True,False,704574,50456,755030,0,192,0
2025-12-14,BLR,Bengaluru,12,Winter,Tue,180,149,149,0.826,True,False,550195,56222,606417,0,170,0
2025-06-06,BLR,Bengaluru,6,Summer,Mon,180,144,144,0.801,True,False,574161,48665,622826,0,162,0
2025-10-23,BOM,Mumbai,10,Post-Monsoon,Sat,180,176,176,0.98,True,False,843283,52554,895837,0,202,2
2025-10-07,DEL,Delhi,10,Post-Monsoon,Thu,180,153,153,0.851,False,False,819337,43378,862715,0,180,2
2025-11-06,DEL,Delhi,11,Post-Monsoon,Fri,180,151,151,0.841,True,False,722438,62895,785333,0,158,3
2025-09-19,DEL,Delhi,9,Monsoon,Sun,180,123,123,0.683,True,False,571079,40006,611085,0,143,1
2025-10-26,DEL,Delhi,10,Post-Monsoon,Wed,180,142,142,0.79,True,False,696469,42099,738568,0,153,1
2025-10-26,DEL,Delhi,10,Post-Monsoon,Tue,180,172,172,0.956,False,False,819834,68645,888479,0,186,0
2025-09-10,DEL,Delhi,9,Monsoon,Sun,180,144,144,0.801,True,False,609644,60064,669708,0,153,1
2025-12-23,BOM,Mumbai,12,Winter,Sun,180,133,133,0.739,True,False,569032,44677,613709,0,151,1
2025-03-25,BLR,Bengaluru,3,Spring,Tue,180,145,145,0.803,True,False,583082,49842,632924,0,149,0
2025-01-17,HYD,Hyderabad,1,Winter,Wed,180,109,109,0.604,True,False,342411,31789,374200,0,114,1
2025-08-22,CCU,Kolkata,8,Monsoon,Mon,180,151,151,0.84,True,False,589669,51888,641557,0,166,2
2025-07-07,HYD,Hyderabad,7,Monsoon,Mon,180,161,161,0.896,True,False,599723,64414,664137,0,172,1
2025-11-25,DEL,Delhi,11,Post-Monsoon,Mon,180,176,0,0.98,False,True,0,0,0,0,0,0
2025-10-15,DEL,Delhi,10,Post-Monsoon,Thu,180,140,140,0.777,True,False,749341,53015,802356,0,146,1
2025-11-10,BLR,Bengaluru,11,Post-Monsoon,Wed,180,155,155,0.859,True,False,729614,46566,776180,0,169,0
2025-08-27,BOM,Mumbai,8,Monsoon,Tue,180,155,155,0.861,False,False,663814,64947,728761,0,159,1
2025-09-05,HYD,Hyderabad,9,Monsoon,Wed,180,163,0,0.905,False,True,0,0,0,2,0,0
2025-01-25,DEL,Delhi,1,Winter,Tue,180,128,128,0.713,False,False,514419,37674,552093,1,144,0
2025-06-07,BLR,Bengaluru,6,Summer,Sun,180,161,161,0.895,True,False,610469,57861,668330,0,174,1
2025-03-16,BOM,Mumbai,3,Spring,Thu,180,136,136,0.756,False,False,550223,41560,591783,0,140,2
2025-01-09,DEL,Delhi,1,Winter,Fri,180,138,138,0.768,False,False,556577,52996,609573,0,151,2
2025-06-14,HYD,Hyderabad,6,Summer,Fri,180,135,135,0.75,False,False,509174,44961,554135,0,156,1
2025-04-19,BLR,Bengaluru,4,Spring,Thu,180,150,150,0.833,True,False,579887,46488,626375,0,166,1
2025-11-24,BOM,Mumbai,11,Post-Monsoon,Fri,180,140,140,0.78,True,False,697060,40508,737568,0,158,0
2025-12-22,CCU,Kolkata,12,Winter,Sun,180,151,151,0.84,False,False,553488,54507,607995,0,177,2
2025-10-10,BOM,Mumbai,10,Post-Monsoon,Sun,180,159,159,0.883,True,False,794855,54427,849282,0,173,0
2025-03-21,BOM,Mumbai,3,Spring,Wed,180,151,151,0.839,False,False,684200,43841,728041,0,157,3
2025-08-16,BOM,Mumbai,8,Monsoon,Tue,180,142,142,0.788,True,False,604486,54212,658698,0,147,2
2025-09-09,DEL,Delhi,9,Monsoon,Tue,180,129,129,0.717,True,False,582083,52622,634705,0,145,1
2025-01-09,BLR,Bengaluru,1,Winter,Sun,180,133,133,0.739,False,False,484425,38841,523266,0,137,1
2025-06-17,CCU,Kolkata,6,Summer,Thu,180,148,148,0.824,True,False,582763,46721,629484,0,162,0
2025-06-01,BLR,Bengaluru,6,Summer,Thu,180,156,156,0.866,True,False,642877,61844,704721,1,181,0
2025-01-15,DEL,Delhi,1,Winter,Thu,180,128,128,0.708,True,False,513859,46630,560489,0,141,1
2025-04-12,BOM,Mumbai,4,Spring,Wed,180,142,142,0.792,True,False,600058,40930,640988,0,161,2
2025-11-27,BLR,Bengaluru,11,Post-Monsoon,Thu,180,155,155,0.86,False,False,704857,64350,769207,0,161,1
2025-10-26,HYD,Hyderabad,10,Post-Monsoon,Fri,180,172,172,0.955,False,False,768606,64194,832800,0,194,0
2025-10-21,BLR,Bengaluru,10,Post-Monsoon,Thu,180,140,140,0.775,True,False,663899,47430,711329,0,150,1
2025-11-15,BOM,Mumbai,11,Post-Monsoon,Sun,180,168,168,0.936,True,False,856537,49599,906136,0,172,0
2025-03-17,CCU,Kolkata,3,Spring,Mon,180,135,135,0.752,True,False,513067,55748,568815,0,151,0
2025-11-20,BLR,Bengaluru,11,Post-Monsoon,Mon,180,166,166,0.922,True,False,718091,60755,778846,0,183,0
2025-02-18,BOM,Mumbai,2,Winter,Sat,180,125,125,0.693,True,False,479816,40233,520049,0,138,0
2025-08-26,HYD,Hyderabad,8,Monsoon,Tue,180,135,135,0.748,False,False,502550,52505,555055,0,142,3
2025-05-18,HYD,Hyderabad,5,Summer,Sun,180,133,133,0.74,True,False,477692,37597,515289,0,142,1
2025-07-11,DEL,Delhi,7,Monsoon,Sun,180,145,145,0.806,True,False,658151,59136,717287,0,165,1
2025-05-09,BOM,Mumbai,5,Summer,Mon,180,135,135,0.747,True,False,545752,51557,597309,0,149,2
2025-02-01,BLR,Bengaluru,2,Winter,Fri,180,148,148,0.825,False,False,530608,48022,578630,1,152,0
2025-01-21,BLR,Bengaluru,1,Winter,Sat,180,128,128,0.714,True,False,466933,47432,514365,2,143,1
2025-02-04,BLR,Bengaluru,2,Winter,Thu,180,144,144,0.799,True,False,504673,55285,559958,0,157,2
2025-02-04,DEL,Delhi,2,Winter,Tue,180,136,136,0.758,True,False,555673,46433,602106,0,159,0
2025-08-23,DEL,Delhi,8,Monsoon,Wed,180,142,142,0.788,True,False,645576,54087,699663,0,148,0
2025-06-19,BLR,Bengaluru,6,Summer,Fri,180,138,138,0.768,True,False,538932,54792,593724,0,154,0
2025-04-25,DEL,Delhi,4,Spring,Thu,180,148,148,0.821,True,False,672145,43488,715633,0,161,1
2025-09-09,CCU,Kolkata,9,Monsoon,Tue,180,141,141,0.783,True,False,558819,50043,608862,1,151,1
2025-03-03,CCU,Kolkata,3,Spring,Wed,180,138,138,0.766,True,False,528148,48015,576163,0,154,0
2025-02-03,DEL,Delhi,2,Winter,Thu,180,127,127,0.707,True,False,521394,46172,567566,0,138,0
2025-01-08,BLR,Bengaluru,1,Winter,Sun,180,131,131,0.73,True,False,469335,47049,516384,1,139,0
2025-01-05,BOM,Mumbai,1,Winter,Sat,180,123,123,0.684,True,False,477811,41690,519501,0,130,1
2025-04-14,HYD,Hyderabad,4,Spring,Thu,180,152,152,0.843,True,False,553467,43977,597444,0,164,0
2025-07-11,BOM,Mumbai,7,Monsoon,Fri,180,130,130,0.724,False,False,556670,53602,610272,1,133,0
2025-05-28,BOM,Mumbai,5,Summer,Sun,180,155,155,0.859,True,False,645035,55616,700651,0,176,2
2025-12-18,DEL,Delhi,12,Winter,Thu,180,121,121,0.672,True,False,527247,50144,577391,0,128,0
2025-09-18,DEL,Delhi,9,Monsoon,Fri,180,135,135,0.752,True,False,601643,42240,643883,0,153,2
2025-01-25,DEL,Delhi,1,Winter,Sun,180,133,133,0.736,True,False,504271,49206,553477,0,152,0
2025-12-03,DEL,Delhi,12,Winter,Fri,180,168,168,0.933,True,False,749949,47693,797642,0,178,2
2025-02-15,BLR,Bengaluru,2,Winter,Thu,180,136,136,0.756,True,False,460614,45634,506248,0,147,0
2025-03-15,BOM,Mumbai,3,Spring,Tue,180,139,139,0.773,True,False,618965,46724,665689,0,155,1
2025-08-17,BOM,Mumbai,8,Monsoon,Mon,180,141,141,0.783,True,False,592719,45155,637874,0,159,0
2025-06-15,BOM,Mumbai,6,Summer,Sat,180,131,131,0.73,False,False,573901,37273,611174,0,154,2
2025-01-18,BLR,Bengaluru,1,Winter,Mon,180,146,146,0.811,True,False,525966,54056,580022,0,149,2
2025-04-03,BOM,Mumbai,4,Spring,Sun,180,153,153,0.852,False,False,647923,61937,709860,0,174,1
2025-11-19,DEL,Delhi,11,Post-Monsoon,Tue,180,151,151,0.836,True,False,763963,57119,821082,0,176,0
2025-02-12,DEL,Delhi,2,Winter,Sat,180,142,142,0.79,False,False,564121,47486,611607,0,161,3
2025-11-02,HYD,Hyderabad,11,Post-Monsoon,Fri,180,147,147,0.819,True,False,619913,52798,672711,0,150,0
2025-10-23,BOM,Mumbai,10,Post-Monsoon,Mon,180,171,171,0.95,True,False,796265,71201,867466,0,197,0
2025-06-13,CCU,Kolkata,6,Summer,Wed,180,138,138,0.766,True,False,512548,41014,553562,0,141,0
2025-11-07,BOM,Mumbai,11,Post-Monsoon,Thu,180,138,138,0.769,True,False,722228,45195,767423,0,154,2
2025-04-20,CCU,Kolkata,4,Spring,Fri,180,129,129,0.718,False,False,503113,49532,552645,0,141,1
2025-11-16,DEL,Delhi,11,Post-Monsoon,Sun,180,153,153,0.85,True,False,812438,50384,862822,0,157,1
2025-04-20,BOM,Mumbai,4,Spring,Fri,180,150,150,0.831,True,False,636516,43688,680204,0,164,1
2025-10-08,DEL,Delhi,10,Post-Monsoon,Sat,180,169,169,0.937,True,False,898318,60528,958846,0,178,0
2025-05-01,BLR,Bengaluru,5,Summer,Sat,180,133,133,0.739,False,False,498039,54632,552671,0,145,3
2025-11-24,BLR,Bengaluru,11,Post-Monsoon,Sun,180,155,155,0.86,True,False,718103,49937,768040,0,159,0
2025-05-28,DEL,Delhi,5,Summer,Thu,180,149,149,0.829,True,False,652924,51045,703969,0,160,0
2025-10-18,CCU,Kolkata,10,Post-Monsoon,Wed,180,138,138,0.769,False,False,567723,55468,623191,0,152,3
2025-05-25,DEL,Delhi,5,Summer,Sun,180,135,135,0.75,True,False,558446,40982,599428,0,138,0
2025-04-24,BOM,Mumbai,4,Spring,Wed,180,118,118,0.658,True,False,498530,35370,533900,0,126,1
2025-01-08,BOM,Mumbai,1,Winter,Thu,180,136,136,0.758,True,False,539153,46509,585662,0,154,0
2025-12-23,BOM,Mumbai,12,Winter,Tue,180,130,130,0.723,False,False,526300,41998,568298,0,153,3
2025-05-12,DEL,Delhi,5,Summer,Sun,180,139,139,0.773,True,False,624022,51377,675399,2,160,0
2025-10-20,CCU,Kolkata,10,Post-Monsoon,Thu,180,164,164,0.911,True,False,744345,59994,804339,1,168,3
2025-05-17,CCU,Kolkata,5,Summer,Mon,180,146,146,0.811,True,False,547057,52831,599888,0,162,1
2025-07-22,BLR,Bengaluru,7,Monsoon,Sat,180,133,133,0.742,False,False,521957,53726,575683,0,147,0
2025-03-04,HYD,Hyderabad,3,Spring,Mon,180,160,160,0.89,False,False,592631,53307,645938,0,173,1
2025-07-19,CCU,Kolkata,7,Monsoon,Fri,180,142,142,0.787,True,False,546355,47630,593985,0,146,0
2025-12-17,DEL,Delhi,12,Winter,Thu,180,148,148,0.822,False,False,679402,60187,739589,0,160,1
2025-06-01,DEL,Delhi,6,Summer,Fri,180,130,130,0.72,True,False,565833,45506,611339,0,149,1
2025-04-15,DEL,Delhi,4,Spring,Mon,180,142,142,0.792,True,False,626712,50291,677003,0,158,0
2025-03-24,BLR,Bengaluru,3,Spring,Mon,180,137,137,0.76,True,False,565566,38885,604451,0,161,1
2025-11-10,BOM,Mumbai,11,Post-Monsoon,Sat,180,145,145,0.808,True,False,676445,45280,721725,0,157,0
2025-03-20,DEL,Delhi,3,Spring,Fri,180,130,130,0.725,True,False,579191,41833,621024,0,140,0
2025-09-09,BLR,Bengaluru,9,Monsoon,Fri,180,158,158,0.88,False,False,599257,54200,653457,0,171,2
2025-12-19,DEL,Delhi,12,Winter,Sat,180,129,129,0.715,False,False,547587,47046,594633,1,147,0
2025-09-08,DEL,Delhi,9,Monsoon,Sun,180,127,127,0.706,True,False,581392,52798,634190,0,139,0
2025-07-09,CCU,Kolkata,7,Monsoon,Thu,180,142,142,0.786,True,False,559041,53366,612407,0,166,2
2025-09-27,DEL,Delhi,9,Monsoon,Sat,180,146,146,0.81,True,False,606652,59607,666259,0,166,0
2025-06-18,HYD,Hyderabad,6,Summer,Sun,180,159,159,0.886,False,False,611826,51731,663557,0,177,0
2025-06-17,BOM,Mumbai,6,Summer,Wed,180,151,151,0.837,False,False,651455,53773,705228,0,158,1
2025-04-12,HYD,Hyderabad,4,Spring,Sun,180,115,115,0.64,True,False,410402,36397,446799,0,127,0
2025-01-05,CCU,Kolkata,1,Winter,Sun,180,136,136,0.754,True,False,461313,45519,506832,0,152,0
2025-07-13,DEL,Delhi,7,Monsoon,Thu,180,165,165,0.918,True,False,694937,66881,761818,0,187,4
2025-12-04,HYD,Hyderabad,12,Winter,Mon,180,149,149,0.829,True,False,557777,42481,600258,0,169,1
2025-08-09,BLR,Bengaluru,8,Monsoon,Wed,180,146,146,0.813,True,False,557000,56976,613976,0,159,0
2025-04-11,BOM,Mumbai,4,Spring,Sat,180,141,141,0.783,True,False,598786,52376,651162,0,163,2
2025-09-24,BOM,Mumbai,9,Monsoon,Mon,180,132,132,0.734,True,False,589774,51139,640913,0,149,0
2025-09-12,DEL,Delhi,9,Monsoon,Wed,180,152,152,0.844,True,False,670193,51166,721359,0,176,2
2025-11-13,DEL,Delhi,11,Post-Monsoon,Thu,180,176,176,0.98,True,False,924729,68829,993558,0,202,0
2025-06-01,CCU,Kolkata,6,Summer,Wed,180,132,132,0.733,True,False,529428,54510,583938,1,138,0
2025-06-17,DEL,Delhi,6,Summer,Tue,180,131,131,0.729,True,False,601213,39342,640555,0,137,0
2025-05-03,HYD,Hyderabad,5,Summer,Sun,180,140,140,0.778,False,False,547091,54293,601384,0,148,1
2025-09-07,DEL,Delhi,9,Monsoon,Tue,180,132,132,0.731,True,False,547308,50395,597703,0,139,0
2025-04-07,HYD,Hyderabad,4,Spring,Mon,180,116,116,0.645,True,False,419871,41668,461539,0,119,0
2025-12-01,DEL,Delhi,12,Winter,Tue,180,148,148,0.825,True,False,651040,49989,701029,0,166,1
2025-12-01,DEL,Delhi,12,Winter,Fri,180,125,125,0.693,True,False,555362,52481,607843,0,132,1
2025-10-08,BOM,Mumbai,10,Post-Monsoon,Sat,180,153,153,0.853,True,False,777169,51229,828398,0,172,1
2025-03-11,DEL,Delhi,3,Spring,Mon,180,131,131,0.729,True,False,591938,47512,639450,0,141,1
2025-06-14,BOM,Mumbai,6,Summer,Wed,180,146,146,0.808,False,False,638863,58398,697261,0,157,3
2025-11-17,BOM,Mumbai,11,Post-Monsoon,Fri,180,155,155,0.86,True,False,809881,64198,874079,0,167,0
2025-05-21,DEL,Delhi,5,Summer,Sun,180,145,145,0.807,True,False,637915,49669,687584,0,151,0
2025-04-01,BOM,Mumbai,4,Spring,Thu,180,144,144,0.798,True,False,595603,44138,639741,0,169,0
2025-12-18,DEL,Delhi,12,Winter,Sun,180,134,0,0.745,False,True,0,0,0,2,0,0
2025-02-08,BOM,Mumbai,2,Winter,Mon,180,138,138,0.768,True,False,544432,54210,598642,0,159,2
2025-06-05,BOM,Mumbai,6,Summer,Sat,180,125,125,0.695,True,False,520298,46353,566651,0,139,2
2025-02-20,BOM,Mumbai,2,Winter,Sat,180,137,137,0.762,True,False,530052,47464,577516,0,147,1
2025-02-20,BOM,Mumbai,2,Winter,Mon,180,152,152,0.843,True,False,604877,60731,665608,0,159,3
2025-10-23,BLR,Bengaluru,10,Post-Monsoon,Thu,180,152,152,0.842,True,False,641494,55230,696724,0,175,1
2025-11-22,BOM,Mumbai,11,Post-Monsoon,Sat,180,152,152,0.844,True,False,782944,55813,838757,0,161,3
2025-10-06,BLR,Bengaluru,10,Post-Monsoon,Tue,180,155,155,0.86,True,False,705188,53475,758663,0,169,0
2025-11-22,CCU,Kolkata,11,Post-Monsoon,Tue,180,156,156,0.867,True,False,700532,52413,752945,0,176,1
2025-02-21,HYD,Hyderabad,2,Winter,Wed,180,124,124,0.691,True,False,434069,45075,479144,3,132,0
2025-02-19,DEL,Delhi,2,Winter,Tue,180,140,140,0.779,False,False,539702,56517,596219,0,161,1
2025-03-25,BLR,Bengaluru,3,Spring,Thu,180,146,146,0.812,False,False,568256,47286,615542,0,170,0
2025-09-11,CCU,Kolkata,9,Monsoon,Tue,180,142,142,0.787,False,False,564905,41283,606188,0,163,3
2025-02-16,HYD,Hyderabad,2,Winter,Tue,180,130,130,0.721,True,False,425429,43497,468926,0,137,0
2025-09-12,BOM,Mumbai,9,Monsoon,Fri,180,143,143,0.794,True,False,596521,53475,649996,0,168,3
2025-08-08,BOM,Mumbai,8,Monsoon,Thu,180,149,149,0.828,True,False,614698,57198,671896,0,167,3
2025-07-17,BLR,Bengaluru,7,Monsoon,Mon,180,164,164,0.91,True,False,636147,50788,686935,0,175,0
2025-02-17,BOM,Mumbai,2,Winter,Mon,180,124,124,0.688,False,False,481603,36323,517926,0,127,1
2025-09-28,CCU,Kolkata,9,Monsoon,Sat,180,128,128,0.71,True,False,504593,43381,547974,0,137,0
2025-06-21,DEL,Delhi,6,Summer,Fri,180,145,145,0.807,True,False,646140,44215,690355,0,155,0
2025-07-09,HYD,Hyderabad,7,Monsoon,Sun,180,145,145,0.808,True,False,541595,50584,592179,0,154,1
2025-07-05,BLR,Bengaluru,7,Monsoon,Sun,180,151,151,0.838,True,False,574516,53252,627768,0,162,0
2025-11-02,HYD,Hyderabad,11,Post-Monsoon,Thu,180,148,148,0.823,True,False,656695,43508,700203,0,169,1
2025-10-13,BLR,Bengaluru,10,Post-Monsoon,Wed,180,150,150,0.835,True,False,688188,53091,741279,0,154,0
2025-08-15,BLR,Bengaluru,8,Monsoon,Tue,180,143,143,0.792,True,False,577052,42207,619259,0,163,1
2025-11-15,BLR,Bengaluru,11,Post-Monsoon,Tue,180,152,152,0.847,True,False,714207,52992,767199,0,179,2
2025-12-08,BOM,Mumbai,12,Winter,Sun,180,151,151,0.839,False,False,677567,59172,736739,1,156,3
2025-03-24,HYD,Hyderabad,3,Spring,Mon,180,123,123,0.685,True,False,456017,37424,493441,0,135,0
2025-07-13,BOM,Mumbai,7,Monsoon,Sun,180,140,140,0.78,True,False,576621,43241,619862,0,153,1
2025-06-24,CCU,Kolkata,6,Summer,Sat,180,130,0,0.723,False,True,0,0,0,0,0,0
2025-05-21,BLR,Bengaluru,5,Summer,Fri,180,143,143,0.796,True,False,559460,42860,602320,0,155,1
2025-03-03,HYD,Hyderabad,3,Spring,Thu,180,130,130,0.722,True,False,461254,39393,500647,0,145,3
2025-08-15,BOM,Mumbai,8,Monsoon,Tue,180,135,135,0.749,True,False,554154,45661,599815,0,150,3
2025-09-26,CCU,Kolkata,9,Monsoon,Thu,180,126,126,0.699,True,False,491326,42545,533871,1,142,2
2025-10-07,DEL,Delhi,10,Post-Monsoon,Wed,180,142,142,0.788,True,False,681401,46434,727835,0,148,2
2025-07-01,BLR,Bengaluru,7,Monsoon,Fri,180,138,138,0.766,False,False,518635,48198,566833,0,154,1
2025-10-21,BOM,Mumbai,10,Post-Monsoon,Sun,180,169,169,0.937,True,False,858232,66365,924597,0,192,1
2025-10-19,BOM,Mumbai,10,Post-Monsoon,Thu,180,164,164,0.914,True,False,792308,50377,842685,0,168,1
2025-05-05,BOM,Mumbai,5,Summer,Sun,180,145,145,0.804,False,False,606029,48811,654840,0,151,3
2025-09-09,BOM,Mumbai,9,Monsoon,Tue,180,140,140,0.779,False,False,601015,57485,658500,0,152,3
2025-04-10,HYD,Hyderabad,4,Spring,Sun,180,124,124,0.691,True,False,477603,39850,517453,0,138,1
2025-07-28,DEL,Delhi,7,Monsoon,Sat,180,112,112,0.62,True,False,507183,42609,549792,0,114,0
2025-03-19,BLR,Bengaluru,3,Spring,Sat,180,147,147,0.818,True,False,594619,49456,644075,0,153,1
2025-12-07,BLR,Bengaluru,12,Winter,Wed,180,162,162,0.9,True,False,669386,51904,721290,0,171,0
2025-05-24,CCU,Kolkata,5,Summer,Sun,180,145,145,0.805,True,False,546353,49983,596336,0,170,1
2025-12-27,HYD,Hyderabad,12,Winter,Sat,180,129,129,0.717,True,False,453204,49842,503046,0,143,0
2025-06-09,BOM,Mumbai,6,Summer,Sun,180,140,140,0.779,False,False,601401,55152,656553,1,159,1
2025-12-23,BLR,Bengaluru,12,Winter,Fri,180,138,138,0.764,True,False,518985,49609,568594,0,156,0
2025-03-01,BOM,Mumbai,3,Spring,Mon,180,150,150,0.834,True,False,673366,61205,734571,0,165,1
2025-11-12,HYD,Hyderabad,11,Post-Monsoon,Fri,180,151,151,0.84,True,False,652506,57474,709980,0,174,1
2025-12-23,CCU,Kolkata,12,Winter,Wed,180,153,153,0.851,True,False,578908,43208,622116,0,162,0
2025-06-25,HYD,Hyderabad,6,Summer,Sat,180,147,147,0.819,True,False,511473,53307,564780,0,150,0
2025-03-05,HYD,Hyderabad,3,Spring,Sat,180,130,130,0.722,True,False,503752,41110,544862,0,142,1
2025-02-10,DEL,Delhi,2,Winter,Sun,180,127,127,0.705,True,False,510293,38484,548777,0,143,0
2025-06-16,BOM,Mumbai,6,Summer,Thu,180,136,136,0.756,False,False,555515,44130,599645,0,149,1
2025-05-24,DEL,Delhi,5,Summer,Thu,180,144,144,0.8,False,False,641412,55154,696566,0,149,2
2025-10-18,BLR,Bengaluru,10,Post-Monsoon,Thu,180,158,158,0.877,True,False,695652,45139,740791,0,161,0
2025-07-27,BOM,Mumbai,7,Monsoon,Thu,180,155,155,0.861,False,False,691784,53448,745232,0,161,3
2025-11-21,DEL,Delhi,11,Post-Monsoon,Sun,180,163,163,0.905,True,False,840416,50328,890744,0,188,2
2025-02-18,HYD,Hyderabad,2,Winter,Sat,180,128,128,0.713,False,False,415058,50468,465526,0,141,0
2025-08-17,CCU,Kolkata,8,Monsoon,Mon,180,131,131,0.726,False,False,477996,37583,515579,0,140,2
2025-05-08,BOM,Mumbai,5,Summer,Fri,180,149,149,0.828,False,False,663653,48187,711840,0,164,1
2025-02-12,DEL,Delhi,2,Winter,Fri,180,138,138,0.767,True,False,549057,48659,597716,0,155,0
2025-01-07,BLR,Bengaluru,1,Winter,Sat,180,136,136,0.758,True,False,477757,56223,533980,0,141,1
2025-05-11,CCU,Kolkata,5,Summer,Tue,180,140,140,0.778,True,False,558068,50219,608287,0,154,0
2025-05-03,CCU,Kolkata,5,Summer,Fri,180,151,151,0.838,True,False,583779,60154,643933,0,170,1
2025-08-25,CCU,Kolkata,8,Monsoon,Thu,180,132,132,0.735,True,False,484357,43086,527443,0,152,0
2025-03-07,BOM,Mumbai,3,Spring,Fri,180,142,142,0.789,True,False,646268,52026,698294,0,146,0
2025-05-11,BOM,Mumbai,5,Summer,Sat,180,131,131,0.73,True,False,562802,54577,617379,0,137,0
2025-05-15,BOM,Mumbai,5,Summer,Sun,180,133,133,0.739,True,False,588240,38083,626323,0,150,0
2025-06-04,DEL,Delhi,6,Summer,Sun,180,138,138,0.766,True,False,639564,53330,692894,0,156,1
2025-05-22,BOM,Mumbai,5,Summer,Mon,180,142,142,0.788,False,False,574234,41038,615272,0,145,1
2025-03-09,HYD,Hyderabad,3,Spring,Fri,180,136,136,0.755,True,False,483223,53035,536258,0,157,0
2025-05-27,CCU,Kolkata,5,Summer,Thu,180,111,111,0.616,False,False,410290,33885,444175,1,127,0
2025-12-22,BOM,Mumbai,12,Winter,Sun,180,129,129,0.718,True,False,578448,50883,629331,0,140,0
2025-04-17,BLR,Bengaluru,4,Spring,Thu,180,130,130,0.723,True,False,487140,48160,535300,0,148,0
2025-07-25,DEL,Delhi,7,Monsoon,Mon,180,128,128,0.711,True,False,564544,49339,613883,0,138,1
2025-12-11,DEL,Delhi,12,Winter,Thu,180,126,126,0.702,False,False,572594,35722,608316,0,139,2
2025-08-26,CCU,Kolkata,8,Monsoon,Sun,180,146,0,0.81,False,True,0,0,0,0,0,0
2025-07-12,BOM,Mumbai,7,Monsoon,Mon,180,128,128,0.709,False,False,527042,49755,576797,0,147,0
2025-08-26,HYD,Hyderabad,8,Monsoon,Thu,180,152,152,0.844,True,False,565148,53270,618418,0,158,0
2025-05-04,DEL,Delhi,5,Summer,Mon,180,145,145,0.803,False,False,646100,57766,703866,0,157,1
2025-03-03,BLR,Bengaluru,3,Spring,Tue,180,159,159,0.882,True,False,619031,49620,668651,0,171,0
2025-03-05,DEL,Delhi,3,Spring,Fri,180,137,0,0.76,False,True,0,0,0,0,0,0
2025-08-23,HYD,Hyderabad,8,Monsoon,Tue,180,138,138,0.769,True,False,530796,44412,575208,0,157,0
2025-04-01,DEL,Delhi,4,Spring,Thu,180,125,125,0.694,True,False,547913,44715,592628,0,132,1
2025-12-17,BLR,Bengaluru,12,Winter,Mon,180,136,136,0.757,True,False,529279,43837,573116,0,142,0
2025-02-26,DEL,Delhi,2,Winter,Sun,180,131,131,0.729,True,False,504772,40494,545266,0,134,0
2025-03-12,CCU,Kolkata,3,Spring,Sat,180,140,140,0.777,True,False,563642,40094,603736,0,148,1
2025-08-25,BLR,Bengaluru,8,Monsoon,Tue,180,139,139,0.772,True,False,513707,50381,564088,0,142,0
2025-05-09,BOM,Mumbai,5,Summer,Sun,180,145,145,0.807,True,False,594500,49748,644248,0,148,0
2025-01-27,BLR,Bengaluru,1,Winter,Wed,180,131,131,0.73,True,False,441420,37177,478597,1,135,1
2025-04-14,DEL,Delhi,4,Spring,Mon,180,138,138,0.768,True,False,641763,45389,687152,0,157,1
2025-06-22,DEL,Delhi,6,Summer,Sun,180,137,137,0.764,False,False,636315,39926,676241,1,161,3
2025-04-01,CCU,Kolkata,4,Spring,Thu,180,135,135,0.749,True,False,535599,50033,585632,0,151,1
2025-09-13,HYD,Hyderabad,9,Monsoon,Sun,180,140,140,0.778,True,False,500843,44250,545093,0,149,0
2025-01-20,DEL,Delhi,1,Winter,Fri,180,146,146,0.811,True,False,555194,49743,604937,0,169,1
2025-03-07,BOM,Mumbai,3,Spring,Wed,180,144,144,0.798,True,False,655752,47638,703390,0,162,0
2025-12-25,CCU,Kolkata,12,Winter,Tue,180,149,149,0.828,True,False,586663,54876,641539,0,154,1
2025-02-02,DEL,Delhi,2,Winter,Mon,180,123,123,0.685,True,False,506713,43250,549963,0,131,1
2025-03-20,BLR,Bengaluru,3,Spring,Sun,180,145,145,0.805,True,False,569508,59572,629080,0,170,0
2025-07-09,BOM,Mumbai,7,Monsoon,Sun,180,132,132,0.732,False,False,534254,52092,586346,0,136,2
2025-06-17,DEL,Delhi,6,Summer,Sun,180,163,163,0.906,True,False,718173,54539,772712,0,167,1
2025-02-12,BLR,Bengaluru,2,Winter,Thu,180,156,156,0.864,True,False,521105,61909,583014,0,171,0
2025-04-19,BOM,Mumbai,4,Spring,Thu,180,127,127,0.704,False,False,549688,51139,600827,0,135,1
2025-01-19,BLR,Bengaluru,1,Winter,Sat,180,136,136,0.757,True,False,493363,44515,537878,0,155,0
2025-08-16,DEL,Delhi,8,Monsoon,Wed,180,147,147,0.815,True,False,637275,56366,693641,0,171,2
2025-04-21,BOM,Mumbai,4,Spring,Fri,180,140,140,0.776,True,False,620852,45967,666819,0,146,0
2025-05-04,DEL,Delhi,5,Summer,Sat,180,148,148,0.821,True,False,633198,50928,684126,0,173,1
2025-04-27,BOM,Mumbai,4,Spring,Mon,180,151,151,0.84,True,False,655283,63060,718343,0,171,2
2025-11-22,DEL,Delhi,11,Post-Monsoon,Wed,180,151,151,0.841,True,False,731321,49855,781176,0,177,0
2025-08-14,HYD,Hyderabad,8,Monsoon,Sun,180,137,137,0.762,True,False,514171,47858,562029,0,144,0
2025-09-09,BLR,Bengaluru,9,Monsoon,Sat,180,139,139,0.774,True,False,510107,51761,561868,0,158,1
2025-10-01,BOM,Mumbai,10,Post-Monsoon,Mon,180,154,154,0.854,True,False,720217,62012,782229,0,168,2
2025-04-14,CCU,Kolkata,4,Spring,Mon,180,125,125,0.692,True,False,447900,48522,496422,0,131,1
2025-10-02,DEL,Delhi,10,Post-Monsoon,Sun,180,151,151,0.841,True,False,787506,62020,849526,0,157,1
2025-06-07,BOM,Mumbai,6,Summer,Mon,180,137,137,0.76,True,False,560088,40207,600295,0,148,1
2025-06-21,BLR,Bengaluru,6,Summer,Fri,180,133,133,0.737,True,False,529931,42039,571970,0,150,0
2025-01-02,DEL,Delhi,1,Winter,Mon,180,149,149,0.827,False,False,573665,53972,627637,0,174,0
2025-01-06,BOM,Mumbai,1,Winter,Tue,180,121,121,0.672,False,False,496079,48848,544927,0,130,1
2025-11-27,DEL,Delhi,11,Post-Monsoon,Sun,180,145,145,0.804,True,False,761259,52231,813490,0,169,2
2025-09-13,BOM,Mumbai,9,Monsoon,Sat,180,125,125,0.696,True,False,556106,49547,605653,0,131,0
2025-08-15,HYD,Hyderabad,8,Monsoon,Wed,180,151,151,0.842,False,False,591958,56565,648523,0,165,0
2025-06-12,BOM,Mumbai,6,Summer,Tue,180,156,156,0.867,False,False,710414,65442,775856,0,166,1
2025-08-03,CCU,Kolkata,8,Monsoon,Sun,180,139,139,0.772,True,False,505178,51344,556522,0,150,1
2025-04-08,BOM,Mumbai,4,Spring,Sat,180,145,145,0.804,False,False,592051,45825,637876,0,166,0
2025-04-21,HYD,Hyderabad,4,Spring,Wed,180,134,134,0.746,True,False,516026,53473,569499,0,150,0
2025-02-24,BLR,Bengaluru,2,Winter,Thu,180,129,129,0.716,True,False,478742,52943,531685,0,152,1
2025-06-12,HYD,Hyderabad,6,Summer,Tue,180,147,147,0.814,False,False,523069,50135,573204,0,170,0
2025-06-15,CCU,Kolkata,6,Summer,Tue,180,151,151,0.84,True,False,599649,58353,658002,0,167,0
2025-05-01,BLR,Bengaluru,5,Summer,Wed,180,163,163,0.908,True,False,637800,46783,684583,0,175,0
2025-12-02,DEL,Delhi,12,Winter,Tue,180,137,137,0.761,False,False,604028,48782,652810,0,151,0
2025-11-08,HYD,Hyderabad,11,Post-Monsoon,Sun,180,159,159,0.883,False,False,682248,50697,732945,2,178,1
2025-03-21,HYD,Hyderabad,3,Spring,Sun,180,146,146,0.812,True,False,568244,43194,611438,0,152,1
2025-05-03,BOM,Mumbai,5,Summer,Mon,180,135,135,0.749,True,False,605703,54475,660178,0,155,1
2025-04-09,DEL,Delhi,4,Spring,Sat,180,150,150,0.832,False,False,633623,57980,691603,0,163,0
2025-06-27,BOM,Mumbai,6,Summer,Tue,180,164,164,0.909,False,False,668049,55859,723908,2,184,0
2025-02-22,BOM,Mumbai,2,Winter,Thu,180,154,154,0.858,True,False,568288,51636,619924,0,176,0
2025-09-11,BLR,Bengaluru,9,Monsoon,Mon,180,156,156,0.866,True,False,619000,56946,675946,0,161,0
2025-07-02,BLR,Bengaluru,7,Monsoon,Sun,180,150,150,0.832,True,False,575618,55916,631534,0,163,0
2025-01-23,BOM,Mumbai,1,Winter,Tue,180,140,140,0.775,True,False,574086,45158,619244,1,151,0
2025-09-01,BLR,Bengaluru,9,Monsoon,Tue,180,144,144,0.801,True,False,581295,47663,628958,0,157,1
2025-11-04,BLR,Bengaluru,11,Post-Monsoon,Tue,180,174,174,0.964,True,False,773047,69943,842990,0,204,1
2025-12-17,CCU,Kolkata,12,Winter,Fri,180,138,138,0.766,True,False,541004,57139,598143,0,162,3
2025-06-22,HYD,Hyderabad,6,Summer,Tue,180,147,147,0.817,True,False,555576,58027,613603,0,160,0
2025-01-26,DEL,Delhi,1,Winter,Mon,180,137,137,0.76,True,False,515643,39674,555317,0,160,1
2025-05-06,CCU,Kolkata,5,Summer,Fri,180,149,149,0.829,True,False,574027,47787,621814,0,157,1
2025-12-11,HYD,Hyderabad,12,Winter,Wed,180,141,141,0.783,False,False,495300,48851,544151,0,150,0
2025-07-19,HYD,Hyderabad,7,Monsoon,Tue,180,163,163,0.908,True,False,591736,52693,644429,0,188,0
2025-08-09,CCU,Kolkata,8,Monsoon,Wed,180,139,139,0.774,False,False,513354,47417,560771,0,155,1
2025-10-27,HYD,Hyderabad,10,Post-Monsoon,Thu,180,151,151,0.837,True,False,654050,47025,701075,0,156,0
2025-08-14,BLR,Bengaluru,8,Monsoon,Sat,180,151,151,0.84,True,False,617685,57449,675134,0,166,1
2025-11-27,BOM,Mumbai,11,Post-Monsoon,Fri,180,151,151,0.838,True,False,775967,63186,839153,0,171,1
2025-12-07,BLR,Bengaluru,12,Winter,Tue,180,141,141,0.785,True,False,525066,54208,579274,0,155,0
2025-04-09,DEL,Delhi,4,Spring,Fri,180,125,125,0.694,True,False,525036,42819,567855,0,143,1
2025-03-15,CCU,Kolkata,3,Spring,Tue,180,152,152,0.842,True,False,611819,49197,661016,0,169,0
2025-10-21,HYD,Hyderabad,10,Post-Monsoon,Tue,180,154,154,0.858,True,False,693633,62137,755770,0,163,2
2025-01-22,BOM,Mumbai,1,Winter,Fri,180,138,138,0.767,True,False,539216,53454,592670,0,144,0
2025-03-25,BOM,Mumbai,3,Spring,Wed,180,139,139,0.774,True,False,631706,47825,679531,0,161,0
2025-09-06,BOM,Mumbai,9,Monsoon,Tue,180,154,154,0.857,True,False,623463,61240,684703,0,158,0
2025-04-14,BOM,Mumbai,4,Spring,Tue,180,144,144,0.798,True,False,609029,57407,666436,0,153,2
2025-04-13,CCU,Kolkata,4,Spring,Mon,180,150,150,0.834,True,False,554007,62203,616210,0,168,2
2025-08-01,BOM,Mumbai,8,Monsoon,Sat,180,124,124,0.69,False,False,564026,36450,600476,0,133,2
2025-11-10,DEL,Delhi,11,Post-Monsoon,Mon,180,174,174,0.965,True,False,911179,56208,967387,0,193,1
2025-04-06,CCU,Kolkata,4,Spring,Thu,180,146,146,0.812,False,False,568996,44208,613204,0,158,1
2025-08-16,DEL,Delhi,8,Monsoon,Sat,180,138,138,0.765,True,False,643466,50677,694143,0,152,0
2025-12-08,BOM,Mumbai,12,Winter,Thu,180,125,125,0.695,True,False,534937,37007,571944,0,139,3
2025-07-17,BOM,Mumbai,7,Monsoon,Sun,180,142,142,0.786,True,False,626436,58637,685073,0,158,1
2025-07-11,CCU,Kolkata,7,Monsoon,Sun,180,129,129,0.717,True,False,476956,45271,522227,0,148,0
2025-09-23,BLR,Bengaluru,9,Monsoon,Fri,180,145,145,0.806,True,False,594219,54925,649144,0,159,1
2025-10-12,HYD,Hyderabad,10,Post-Monsoon,Fri,180,149,149,0.827,False,False,606451,52504,658955,0,175,2
2025-06-08,HYD,Hyderabad,6,Summer,Thu,180,155,155,0.862,True,False,545694,49803,595497,0,158,1
2025-12-07,BLR,Bengaluru,12,Winter,Mon,180,142,142,0.787,False,False,578300,54747,633047,1,148,0
2025-06-28,BOM,Mumbai,6,Summer,Tue,180,140,140,0.776,True,False,627832,47215,675047,0,147,0
2025-12-21,CCU,Kolkata,12,Winter,Tue,180,152,152,0.843,True,False,559519,55770,615289,0,166,0
2025-08-20,DEL,Delhi,8,Monsoon,Mon,180,150,150,0.836,True,False,644632,60260,704892,0,171,0
2025-05-11,BOM,Mumbai,5,Summer,Thu,180,146,146,0.811,True,False,627409,57809,685218,0,168,2
2025-04-09,BLR,Bengaluru,4,Spring,Sun,180,136,136,0.756,True,False,538415,50090,588505,0,141,1
2025-02-18,DEL,Delhi,2,Winter,Fri,180,141,141,0.786,False,False,561642,53316,614958,0,166,0
2025-03-25,BLR,Bengaluru,3,Spring,Fri,180,136,136,0.754,False,False,540545,41073,581618,0,144,0
2025-10-16,HYD,Hyderabad,10,Post-Monsoon,Mon,180,151,151,0.841,True,False,672742,49366,722108,0,168,0
2025-12-18,BLR,Bengaluru,12,Winter,Sat,180,130,130,0.724,True,False,499316,38920,538236,0,140,0
2025-02-20,BOM,Mumbai,2,Winter,Sun,180,125,125,0.697,False,False,463258,35551,498809,3,137,3
2025-07-23,HYD,Hyderabad,7,Monsoon,Fri,180,150,150,0.831,False,False,557272,59880,617152,0,172,2
2025-03-09,BLR,Bengaluru,3,Spring,Tue,180,132,132,0.736,True,False,503339,46881,550220,0,142,0
2025-01-17,BLR,Bengaluru,1,Winter,Fri,180,133,133,0.741,True,False,457069,53065,510134,0,151,1
2025-05-03,CCU,Kolkata,5,Summer,Wed,180,157,157,0.872,True,False,610887,63212,674099,0,175,0
2025-09-06,BOM,Mumbai,9,Monsoon,Thu,180,151,151,0.838,False,False,642802,55855,698657,2,166,1
2025-06-20,DEL,Delhi,6,Summer,Tue,180,141,141,0.785,True,False,606299,54995,661294,0,163,2
2025-04-22,DEL,Delhi,4,Spring,Sat,180,144,144,0.798,False,False,654728,42403,697131,0,154,1
2025-02-06,BOM,Mumbai,2,Winter,Tue,180,149,149,0.827,False,False,571407,43438,614845,0,161,3
2025-02-26,BOM,Mumbai,2,Winter,Sun,180,148,148,0.82,True,False,577437,59895,637332,0,174,1
2025-09-11,HYD,Hyderabad,9,Monsoon,Sat,180,142,142,0.791,True,False,553499,58203,611702,0,157,1
2025-11-26,DEL,Delhi,11,Post-Monsoon,Sun,180,152,152,0.845,False,False,735471,53924,789395,0,174,1
2025-12-07,BOM,Mumbai,12,Winter,Fri,180,160,160,0.889,True,False,713059,51582,764641,0,169,1
2025-05-22,BLR,Bengaluru,5,Summer,Sat,180,141,141,0.782,True,False,537771,55275,593046,0,157,2
2025-02-09,BOM,Mumbai,2,Winter,Thu,180,129,129,0.714,True,False,526557,36584,563141,0,141,0
2025-08-04,BLR,Bengaluru,8,Monsoon,Thu,180,151,151,0.841,False,False,619982,54707,674689,0,176,0
2025-06-07,BLR,Bengaluru,6,Summer,Wed,180,131,131,0.728,False,False,518866,41517,560383,0,147,0
2025-01-24,CCU,Kolkata,1,Winter,Tue,180,122,122,0.677,False,False,428257,38161,466418,0,133,1
2025-06-21,HYD,Hyderabad,6,Summer,Tue,180,142,142,0.791,True,False,531930,52739,584669,0,158,0
2025-09-25,BOM,Mumbai,9,Monsoon,Mon,180,143,143,0.796,True,False,612609,52535,665144,0,156,3
2025-12-23,BOM,Mumbai,12,Winter,Sat,180,153,153,0.848,False,False,645878,57331,703209,0,178,1
2025-11-02,DEL,Delhi,11,Post-Monsoon,Wed,180,136,136,0.753,True,False,669345,42301,711646,0,152,0
2025-10-08,CCU,Kolkata,10,Post-Monsoon,Sun,180,162,162,0.9,True,False,699099,53298,752397,1,183,0
2025-05-19,BLR,Bengaluru,5,Summer,Sun,180,126,126,0.7,True,False,511457,51393,562850,0,138,2
2025-07-19,BLR,Bengaluru,7,Monsoon,Sat,180,160,160,0.887,False,False,626281,59769,686050,0,187,0
2025-12-13,DEL,Delhi,12,Winter,Fri,180,137,137,0.761,False,False,634782,53647,688429,1,144,3
2025-03-03,BLR,Bengaluru,3,Spring,Thu,180,149,149,0.826,True,False,566796,47483,614279,0,175,1
2025-11-06,DEL,Delhi,11,Post-Monsoon,Mon,180,156,156,0.865,True,False,801750,49177,850927,0,178,2
2025-10-13,BOM,Mumbai,10,Post-Monsoon,Tue,180,166,166,0.923,True,False,827961,63083,891044,0,174,0
2025-10-21,BLR,Bengaluru,10,Post-Monsoon,Mon,180,163,163,0.906,True,False,700555,54851,755406,0,169,1
2025-04-14,HYD,Hyderabad,4,Spring,Tue,180,138,138,0.767,False,False,522034,48082,570116,0,148,0
2025-06-20,BLR,Bengaluru,6,Summer,Fri,180,130,130,0.72,True,False,524417,51491,575908,0,133,0
2025-08-21,BOM,Mumbai,8,Monsoon,Wed,180,130,130,0.722,False,False,556545,36726,593271,0,140,1
2025-05-07,CCU,Kolkata,5,Summer,Tue,180,158,158,0.878,True,False,600763,47411,648174,0,164,1
2025-11-22,BOM,Mumbai,11,Post-Monsoon,Sun,180,176,176,0.98,False,False,854932,68862,923794,0,204,1
2025-11-27,BLR,Bengaluru,11,Post-Monsoon,Sun,180,159,159,0.885,True,False,677083,50834,727917,0,186,0
2025-08-02,BLR,Bengaluru,8,Monsoon,Thu,180,151,151,0.84,False,False,614469,57847,672316,0,171,3
2025-11-13,BLR,Bengaluru,11,Post-Monsoon,Sat,180,144,144,0.802,False,False,653029,55856,708885,0,168,2
2025-02-24,DEL,Delhi,2,Winter,Thu,180,132,132,0.733,False,False,544974,44817,589791,0,137,0
2025-06-04,HYD,Hyderabad,6,Summer,Fri,180,136,136,0.758,True,False,482319,54552,536871,0,152,1
2025-10-12,DEL,Delhi,10,Post-Monsoon,Thu,180,146,146,0.813,False,False,715895,43282,759177,0,164,0
2025-01-10,BLR,Bengaluru,1,Winter,Mon,180,108,108,0.601,False,False,364644,38103,402747,0,126,1
2025-08-15,DEL,Delhi,8,Monsoon,Thu,180,147,147,0.818,True,False,680760,58174,738934,0,164,1
2025-04-08,CCU,Kolkata,4,Spring,Fri,180,139,139,0.77,True,False,499761,52671,552432,0,143,0
2025-12-24,BLR,Bengaluru,12,Winter,Fri,180,144,144,0.798,True,False,528363,40424,568787,0,154,1
2025-05-19,DEL,Delhi,5,Summer,Wed,180,141,141,0.786,False,False,625602,54160,679762,0,155,2
2025-06-17,DEL,Delhi,6,Summer,Tue,180,144,144,0.799,False,False,606382,47924,654306,0,170,2
2025-05-25,DEL,Delhi,5,Summer,Sat,180,141,141,0.786,True,False,603882,45029,648911,0,162,1
2025-03-15,BOM,Mumbai,3,Spring,Fri,180,160,160,0.89,True,False,712510,63511,776021,0,168,1
2025-02-23,BOM,Mumbai,2,Winter,Sat,180,118,118,0.657,True,False,463230,38171,501401,0,138,0
2025-10-25,BOM,Mumbai,10,Post-Monsoon,Wed,180,151,151,0.837,False,False,760127,61737,821864,0,162,2
2025-04-07,DEL,Delhi,4,Spring,Mon,180,121,121,0.67,False,False,516180,35274,551454,0,135,0
2025-02-16,BOM,Mumbai,2,Winter,Sun,180,118,118,0.658,True,False,437657,39106,476763,0,126,1
2025-09-07,DEL,Delhi,9,Monsoon,Sat,180,146,146,0.812,True,False,608337,57095,665432,0,166,1
2025-04-22,HYD,Hyderabad,4,Spring,Sat,180,162,162,0.9,True,False,575138,49016,624154,0,175,0
2025-11-25,DEL,Delhi,11,Post-Monsoon,Sun,180,159,159,0.885,True,False,786435,53675,840110,0,172,1
2025-02-01,DEL,Delhi,2,Winter,Mon,180,138,138,0.768,True,False,571672,46078,617750,0,161,1
2025-09-01,BOM,Mumbai,9,Monsoon,Wed,180,149,149,0.826,True,False,668454,59158,727612,0,156,0
2025-06-11,BLR,Bengaluru,6,Summer,Tue,180,137,137,0.761,True,False,525886,43677,569563,0,150,0
2025-05-07,BOM,Mumbai,5,Summer,Fri,180,132,132,0.732,True,False,553704,38847,592551,0,139,0
2025-01-10,BLR,Bengaluru,1,Winter,Sat,180,116,116,0.646,True,False,421612,41157,462769,0,129,0
2025-09-07,BLR,Bengaluru,9,Monsoon,Tue,180,153,153,0.85,True,False,606508,61315,667823,0,157,1
2025-04-06,DEL,Delhi,4,Spring,Fri,180,136,136,0.757,True,False,585261,57052,642313,0,143,0
2025-12-20,HYD,Hyderabad,12,Winter,Sat,180,125,125,0.697,True,False,478293,48662,526955,1,137,0
2025-11-21,CCU,Kolkata,11,Post-Monsoon,Tue,180,167,167,0.925,False,False,736085,54393,790478,1,183,1
2025-12-10,DEL,Delhi,12,Winter,Sun,180,148,148,0.824,False,False,656172,47691,703863,0,156,1
2025-04-18,CCU,Kolkata,4,Spring,Wed,180,145,145,0.805,True,False,521871,41708,563579,0,163,0
2025-06-23,BOM,Mumbai,6,Summer,Mon,180,110,110,0.61,True,False,459847,38582,498429,0,129,0
2025-02-03,BLR,Bengaluru,2,Winter,Mon,180,144,0,0.798,False,True,0,0,0,0,0,0
2025-03-18,HYD,Hyderabad,3,Spring,Fri,180,136,136,0.754,True,False,527878,51384,579262,0,142,2
2025-12-21,HYD,Hyderabad,12,Winter,Thu,180,152,152,0.846,True,False,562393,43778,606171,0,179,0
2025-02-21,BLR,Bengaluru,2,Winter,Wed,180,117,117,0.651,True,False,427731,35061,462792,0,125,0
2025-06-16,BOM,Mumbai,6,Summer,Sun,180,123,123,0.683,True,False,517342,43973,561315,0,133,0
2025-06-21,BOM,Mumbai,6,Summer,Thu,180,133,133,0.737,True,False,581528,44151,625679,0,139,0
2025-10-01,CCU,Kolkata,10,Post-Monsoon,Mon,180,155,155,0.86,True,False,663162,56426,719588,0,168,1
2025-09-23,BOM,Mumbai,9,Monsoon,Sun,180,137,137,0.76,True,False,619054,54655,673709,0,160,0
2025-11-13,BOM,Mumbai,11,Post-Monsoon,Fri,180,147,147,0.818,True,False,765145,49047,814192,0,158,2
2025-07-14,DEL,Delhi,7,Monsoon,Sun,180,148,148,0.823,True,False,676012,56428,732440,0,168,1
2025-06-21,BLR,Bengaluru,6,Summer,Sat,180,137,137,0.759,True,False,542024,50304,592328,0,149,1
2025-05-08,BLR,Bengaluru,5,Summer,Tue,180,153,153,0.85,True,False,617940,45180,663120,0,165,1
2025-06-01,BOM,Mumbai,6,Summer,Fri,180,143,143,0.795,False,False,596663,56043,652706,0,164,2
2025-10-07,BOM,Mumbai,10,Post-Monsoon,Fri,180,171,171,0.952,True,False,813019,56833,869852,0,185,0
2025-11-12,HYD,Hyderabad,11,Post-Monsoon,Thu,180,152,152,0.846,True,False,630799,46197,676996,0,167,2
2025-09-26,HYD,Hyderabad,9,Monsoon,Tue,180,153,153,0.853,True,False,587519,60347,647866,0,171,1
2025-03-14,DEL,Delhi,3,Spring,Tue,180,160,160,0.891,True,False,706354,62018,768372,0,185,0
2025-05-27,BOM,Mumbai,5,Summer,Thu,180,143,143,0.796,False,False,631609,59945,691554,1,161,2
2025-11-27,CCU,Kolkata,11,Post-Monsoon,Sat,180,115,115,0.639,True,False,532323,37089,569412,0,132,0
2025-07-21,CCU,Kolkata,7,Monsoon,Fri,180,146,146,0.81,True,False,530637,42749,573386,0,172,1
2025-05-03,DEL,Delhi,5,Summer,Sat,180,126,126,0.698,True,False,541151,39366,580517,0,135,3
2025-07-17,HYD,Hyderabad,7,Monsoon,Wed,180,125,125,0.696,True,False,469008,48310,517318,0,131,0
2025-06-21,BLR,Bengaluru,6,Summer,Tue,180,135,135,0.749,True,False,506099,53754,559853,0,141,0
2025-01-05,DEL,Delhi,1,Winter,Tue,180,137,137,0.762,True,False,563437,43935,607372,0,159,1
2025-02-28,BLR,Bengaluru,2,Winter,Tue,180,129,129,0.719,True,False,429190,49197,478387,0,141,0
2025-06-03,DEL,Delhi,6,Summer,Thu,180,131,131,0.726,True,False,568074,43314,611388,0,146,1
2025-06-21,BLR,Bengaluru,6,Summer,Sun,180,133,133,0.74,True,False,514708,47907,562615,0,146,1
2025-06-06,DEL,Delhi,6,Summer,Sat,180,148,148,0.822,True,False,657053,52070,709123,0,152,0
2025-04-27,BLR,Bengaluru,4,Spring,Tue,180,138,138,0.765,True,False,552179,46678,598857,0,161,1
2025-10-25,CCU,Kolkata,10,Post-Monsoon,Tue,180,167,167,0.926,True,False,725555,51055,776610,0,170,1
2025-08-26,BOM,Mumbai,8,Monsoon,Thu,180,131,131,0.725,True,False,547177,54311,601488,0,138,0
2025-12-28,BOM,Mumbai,12,Winter,Thu,180,127,127,0.703,True,False,562610,39771,602381,0,145,1
2025-04-04,DEL,Delhi,4,Spring,Wed,180,144,144,0.8,True,False,639763,48359,688122,0,148,3
2025-04-10,DEL,Delhi,4,Spring,Sun,180,136,136,0.753,True,False,606036,55969,662005,0,149,0
2025-02-06,DEL,Delhi,2,Winter,Tue,180,130,130,0.72,True,False,512552,45503,558055,0,139,0
2025-12-11,BLR,Bengaluru,12,Winter,Thu,180,150,150,0.833,True,False,566687,49317,616004,0,167,2
2025-01-12,BLR,Bengaluru,1,Winter,Sun,180,116,116,0.647,True,False,415524,43303,458827,0,124,1
2025-06-16,CCU,Kolkata,6,Summer,Wed,180,135,135,0.752,False,False,504877,56585,561462,0,151,2
2025-06-12,BLR,Bengaluru,6,Summer,Tue,180,132,132,0.736,True,False,544351,52428,596779,0,156,1
2025-07-02,BOM,Mumbai,7,Monsoon,Mon,180,137,137,0.76,False,False,623601,47412,671013,1,153,1
2025-06-16,BLR,Bengaluru,6,Summer,Mon,180,138,138,0.766,True,False,524013,45145,569158,0,147,1
2025-09-08,CCU,Kolkata,9,Monsoon,Fri,180,134,134,0.746,False,False,505100,43011,548111,0,140,2
2025-05-05,DEL,Delhi,5,Summer,Tue,180,136,136,0.754,True,False,588381,53116,641497,0,150,0
2025-12-03,HYD,Hyderabad,12,Winter,Thu,180,138,138,0.766,False,False,532335,57920,590255,0,158,0
2025-10-07,BLR,Bengaluru,10,Post-Monsoon,Tue,180,155,155,0.859,True,False,703438,62831,766269,0,171,2
2025-06-23,DEL,Delhi,6,Summer,Tue,180,119,119,0.662,True,False,504377,37481,541858,0,130,0
2025-08-07,DEL,Delhi,8,Monsoon,Tue,180,142,142,0.787,True,False,641762,59168,700930,0,165,1
2025-11-18,HYD,Hyderabad,11,Post-Monsoon,Tue,180,155,155,0.861,True,False,695032,58394,753426,0,172,0
2025-08-18,HYD,Hyderabad,8,Monsoon,Sun,180,151,151,0.838,False,False,549714,49432,599146,0,157,1
2025-02-16,CCU,Kolkata,2,Winter,Sat,180,134,134,0.743,False,False,455060,51448,506508,0,156,1
2025-10-20,DEL,Delhi,10,Post-Monsoon,Fri,180,149,149,0.825,True,False,757410,44154,801564,0,169,1
2025-12-11,HYD,Hyderabad,12,Winter,Wed,180,138,138,0.764,True,False,526552,40270,566822,0,159,1
2025-06-13,BLR,Bengaluru,6,Summer,Thu,180,145,145,0.807,True,False,588857,52449,641306,0,153,0
2025-01-07,BLR,Bengaluru,1,Winter,Sat,180,139,139,0.771,True,False,490971,50011,540982,0,160,0
2025-11-23,HYD,Hyderabad,11,Post-Monsoon,Sat,180,140,140,0.776,True,False,576762,58030,634792,0,146,1
2025-05-23,DEL,Delhi,5,Summer,Tue,180,132,132,0.734,True,False,601695,50625,652320,0,149,1
2025-03-11,BLR,Bengaluru,3,Spring,Mon,180,129,129,0.716,True,False,501273,49099,550372,0,143,0
2025-06-13,DEL,Delhi,6,Summer,Thu,180,142,142,0.789,True,False,652141,49848,701989,0,157,0
2025-01-27,BOM,Mumbai,1,Winter,Thu,180,128,128,0.709,True,False,493151,47682,540833,0,143,0
2025-02-07,BOM,Mumbai,2,Winter,Fri,180,139,139,0.77,True,False,519333,45447,564780,0,152,0
2025-12-12,CCU,Kolkata,12,Winter,Sun,180,135,135,0.748,True,False,540562,47686,588248,0,159,0
2025-04-13,BOM,Mumbai,4,Spring,Wed,180,155,155,0.859,True,False,700179,58488,758667,0,160,0
2025-05-23,BLR,Bengaluru,5,Summer,Tue,180,138,138,0.769,True,False,557634,52799,610433,0,141,0
2025-11-07,BOM,Mumbai,11,Post-Monsoon,Thu,180,157,157,0.872,True,False,809931,46217,856148,0,172,1
2025-01-02,HYD,Hyderabad,1,Winter,Mon,180,126,126,0.699,False,False,403242,52567,455809,0,145,0
2025-12-15,DEL,Delhi,12,Winter,Sat,180,156,156,0.868,True,False,691113,46680,737793,0,178,0
2025-08-07,BOM,Mumbai,8,Monsoon,Sun,180,124,124,0.689,False,False,524385,52054,576439,0,136,1
2025-09-26,BLR,Bengaluru,9,Monsoon,Wed,180,126,126,0.697,True,False,520372,38872,559244,0,130,0
2025-07-17,DEL,Delhi,7,Monsoon,Fri,180,128,128,0.711,True,False,579751,50181,629932,0,131,1
2025-06-26,BLR,Bengaluru,6,Summer,Sat,180,146,146,0.809,True,False,568778,45279,614057,0,168,2
2025-09-09,DEL,Delhi,9,Monsoon,Sat,180,148,148,0.824,True,False,644106,48331,692437,0,174,1
2025-12-26,CCU,Kolkata,12,Winter,Mon,180,166,166,0.924,False,False,606434,49768,656202,0,170,1
2025-01-27,BOM,Mumbai,1,Winter,Wed,180,119,119,0.663,True,False,449215,46027,495242,0,139,0
2025-06-17,BOM,Mumbai,6,Summer,Thu,180,128,128,0.71,True,False,521777,50355,572132,0,134,0
2025-11-28,BLR,Bengaluru,11,Post-Monsoon,Mon,180,156,156,0.866,False,False,712899,47178,760077,0,165,0
2025-10-04,DEL,Delhi,10,Post-Monsoon,Wed,180,144,144,0.802,True,False,762468,41090,803558,0,151,1
2025-04-26,HYD,Hyderabad,4,Spring,Fri,180,143,143,0.796,True,False,530797,56772,587569,0,148,1
2025-09-22,BLR,Bengaluru,9,Monsoon,Thu,180,144,144,0.798,True,False,532127,54435,586562,0,147,2
2025-04-25,HYD,Hyderabad,4,Spring,Tue,180,133,133,0.741,True,False,509787,43835,553622,0,141,0
2025-06-05,HYD,Hyderabad,6,Summer,Mon,180,125,125,0.697,True,False,461421,39932,501353,0,130,0
2025-07-16,BOM,Mumbai,7,Monsoon,Tue,180,138,138,0.768,True,False,609262,54087,663349,0,153,0
2025-07-19,HYD,Hyderabad,7,Monsoon,Wed,180,143,143,0.793,False,False,534772,52681,587453,0,164,3
2025-10-26,HYD,Hyderabad,10,Post-Monsoon,Thu,180,145,145,0.804,True,False,612464,42515,654979,0,154,3
2025-12-12,BOM,Mumbai,12,Winter,Sun,180,150,150,0.832,True,False,616269,50150,666419,0,158,3
2025-10-04,BOM,Mumbai,10,Post-Monsoon,Fri,180,151,151,0.837,True,False,767572,58551,826123,0,156,1
2025-01-14,DEL,Delhi,1,Winter,Mon,180,151,151,0.84,True,False,623042,52195,675237,0,174,0
2025-07-19,BLR,Bengaluru,7,Monsoon,Sun,180,153,153,0.852,True,False,612297,61054,673351,0,167,1
2025-06-05,BLR,Bengaluru,6,Summer,Fri,180,155,155,0.859,True,False,596862,50381,647243,0,177,2
2025-06-11,BLR,Bengaluru,6,Summer,Mon,180,124,124,0.687,True,False,510467,42174,552641,0,132,0
2025-06-20,BLR,Bengaluru,6,Summer,Fri,180,134,134,0.745,False,False,493081,43146,536227,0,143,2
2025-02-13,BLR,Bengaluru,2,Winter,Tue,180,127,127,0.704,True,False,448417,37577,485994,0,142,1
2025-01-21,DEL,Delhi,1,Winter,Sun,180,139,139,0.774,True,False,519364,43606,562970,0,151,1
2025-06-25,DEL,Delhi,6,Summer,Wed,180,143,143,0.794,True,False,604320,53289,657609,0,158,1
2025-07-03,BLR,Bengaluru,7,Monsoon,Wed,180,132,132,0.731,False,False,486654,44064,530718,0,148,1
2025-06-03,DEL,Delhi,6,Summer,Thu,180,141,141,0.781,False,False,621487,57322,678809,0,155,0
2025-08-24,HYD,Hyderabad,8,Monsoon,Thu,180,158,158,0.876,False,False,582293,61448,643741,1,163,1
2025-10-08,BLR,Bengaluru,10,Post-Monsoon,Sun,180,160,160,0.892,True,False,723622,66154,789776,0,182,1
2025-10-28,BOM,Mumbai,10,Post-Monsoon,Fri,180,134,134,0.745,False,False,687989,45412,733401,0,152,1
2025-01-10,BLR,Bengaluru,1,Winter,Tue,180,114,114,0.634,True,False,378154,41774,419928,0,133,0
2025-06-10,BOM,Mumbai,6,Summer,Wed,180,134,134,0.745,True,False,558022,55393,613415,0,145,1
2025-10-25,DEL,Delhi,10,Post-Monsoon,Tue,180,164,164,0.911,True,False,780994,49629,830623,0,186,2
2025-12-06,BOM,Mumbai,12,Winter,Thu,180,154,154,0.854,True,False,667855,58423,726278,0,162,2
2025-05-20,CCU,Kolkata,5,Summer,Sun,180,165,165,0.916,True,False,660781,48418,709199,0,191,0
2025-07-03,CCU,Kolkata,7,Monsoon,Thu,180,121,121,0.674,True,False,458414,45011,503425,0,138,1
2025-07-27,DEL,Delhi,7,Monsoon,Thu,180,119,119,0.659,True,False,547379,33352,580731,0,132,1
2025-06-19,CCU,Kolkata,6,Summer,Sun,180,133,133,0.738,True,False,500358,45379,545737,0,141,1
2025-03-18,DEL,Delhi,3,Spring,Mon,180,133,133,0.738,True,False,589947,39505,629452,0,136,1
2025-10-01,DEL,Delhi,10,Post-Monsoon,Sat,180,176,176,0.98,True,False,896223,65726,961949,0,187,1
2025-08-10,DEL,Delhi,8,Monsoon,Sat,180,148,148,0.822,True,False,664870,59422,724292,0,155,0
2025-11-12,BOM,Mumbai,11,Post-Monsoon,Mon,180,169,169,0.938,True,False,869196,62791,931987,0,181,1
2025-08-06,BLR,Bengaluru,8,Monsoon,Sun,180,145,145,0.805,True,False,596204,41105,637309,0,165,1
2025-11-10,BOM,Mumbai,11,Post-Monsoon,Sun,180,151,151,0.838,True,False,780599,58756,839355,0,167,3
2025-04-04,DEL,Delhi,4,Spring,Sat,180,159,159,0.881,False,False,733702,66442,800144,1,181,2
2025-04-24,BLR,Bengaluru,4,Spring,Wed,180,143,143,0.792,False,False,585121,49303,634424,0,152,1
2025-07-17,DEL,Delhi,7,Monsoon,Fri,180,160,160,0.89,True,False,708415,66357,774772,0,184,0
2025-01-04,BOM,Mumbai,1,Winter,Tue,180,125,125,0.697,True,False,494988,46329,541317,0,145,0
2025-04-13,BLR,Bengaluru,4,Spring,Tue,180,149,149,0.83,False,False,588420,58178,646598,0,173,1
2025-02-22,DEL,Delhi,2,Winter,Mon,180,133,133,0.739,True,False,517063,51423,568486,0,148,2
2025-09-03,DEL,Delhi,9,Monsoon,Sun,180,148,148,0.821,True,False,634533,43009,677542,0,167,0
2025-02-21,DEL,Delhi,2,Winter,Sun,180,128,128,0.71,True,False,488535,40740,529275,0,146,1
2025-07-28,CCU,Kolkata,7,Monsoon,Sat,180,135,135,0.749,True,False,485921,54976,540897,0,139,0
2025-08-15,DEL,Delhi,8,Monsoon,Mon,180,150,150,0.833,True,False,690927,57545,748472,0,166,1
2025-09-08,CCU,Kolkata,9,Monsoon,Sat,180,141,141,0.783,False,False,551286,54451,605737,1,146,1
2025-01-20,BOM,Mumbai,1,Winter,Tue,180,144,144,0.802,True,False,545042,57153,602195,0,152,0
2025-04-12,HYD,Hyderabad,4,Spring,Sat,180,161,161,0.895,False,False,625980,54284,680264,0,176,1
2025-06-14,BLR,Bengaluru,6,Summer,Sat,180,136,136,0.758,True,False,505681,52046,557727,0,154,2
2025-11-20,CCU,Kolkata,11,Post-Monsoon,Tue,180,146,146,0.813,True,False,633510,58446,691956,0,157,0
2025-03-03,DEL,Delhi,3,Spring,Wed,180,122,122,0.68,True,False,525762,50051,575813,0,128,1
2025-11-04,HYD,Hyderabad,11,Post-Monsoon,Tue,180,166,166,0.923,True,False,677921,67023,744944,0,185,2
2025-04-01,BOM,Mumbai,4,Spring,Mon,180,145,145,0.803,True,False,588518,46113,634631,0,160,3
2025-09-09,BOM,Mumbai,9,Monsoon,Mon,180,128,128,0.71,True,False,522775,43966,566741,0,142,1
2025-01-18,CCU,Kolkata,1,Winter,Sun,180,137,137,0.762,False,False,452903,50361,503264,1,162,2
2025-06-03,CCU,Kolkata,6,Summer,Fri,180,153,153,0.85,False,False,576585,64063,640648,0,173,0
2025-07-18,CCU,Kolkata,7,Monsoon,Fri,180,148,148,0.82,False,False,548903,57876,606779,0,173,1
2025-11-06,BOM,Mumbai,11,Post-Monsoon,Sat,180,148,148,0.823,True,False,740026,59585,799611,0,168,1
2025-04-02,BOM,Mumbai,4,Spring,Sat,180,148,148,0.821,True,False,608099,60619,668718,0,167,0
2025-10-11,DEL,Delhi,10,Post-Monsoon,Sat,180,149,149,0.828,True,False,736956,56995,793951,0,173,1
2025-08-04,BLR,Bengaluru,8,Monsoon,Wed,180,151,151,0.842,True,False,613860,43805,657665,2,164,0
2025-11-23,HYD,Hyderabad,11,Post-Monsoon,Tue,180,161,161,0.894,True,False,655901,50110,706011,0,170,0
2025-05-15,BLR,Bengaluru,5,Summer,Mon,180,141,141,0.781,False,False,535073,51886,586959,0,145,1
2025-05-09,DEL,Delhi,5,Summer,Sun,180,145,145,0.807,True,False,634433,48292,682725,0,169,2
2025-06-25,HYD,Hyderabad,6,Summer,Thu,180,154,154,0.853,True,False,594238,55868,650106,0,167,0
2025-09-28,HYD,Hyderabad,9,Monsoon,Mon,180,149,149,0.829,True,False,572283,49647,621930,0,161,0
2025-06-11,DEL,Delhi,6,Summer,Sat,180,128,128,0.713,True,False,568193,44731,612924,0,137,1
2025-02-14,DEL,Delhi,2,Winter,Mon,180,147,147,0.817,True,False,574344,56192,630536,0,163,1
2025-08-01,BLR,Bengaluru,8,Monsoon,Mon,180,142,142,0.791,True,False,559356,43887,603243,0,150,2
2025-04-08,BOM,Mumbai,4,Spring,Thu,180,143,143,0.793,True,False,651371,57529,708900,0,150,0
2025-07-14,BLR,Bengaluru,7,Monsoon,Wed,180,159,159,0.881,True,False,615687,60084,675771,0,163,0
2025-10-17,BLR,Bengaluru,10,Post-Monsoon,Wed,180,152,152,0.842,True,False,696388,54252,750640,0,170,4
2025-03-15,CCU,Kolkata,3,Spring,Sat,180,147,147,0.818,True,False,556093,42297,598390,0,169,0
2025-02-08,BLR,Bengaluru,2,Winter,Sat,180,144,144,0.798,True,False,478266,51886,530152,0,168,1
2025-05-28,BOM,Mumbai,5,Summer,Wed,180,130,130,0.72,False,False,569907,44477,614384,0,141,1
2025-02-08,CCU,Kolkata,2,Winter,Thu,180,134,134,0.746,True,False,456815,45779,502594,0,148,0
2025-10-20,BOM,Mumbai,10,Post-Monsoon,Tue,180,153,153,0.851,True,False,717699,59252,776951,0,158,3
2025-11-26,DEL,Delhi,11,Post-Monsoon,Thu,180,138,138,0.765,True,False,670397,50292,720689,0,149,0
2025-07-26,DEL,Delhi,7,Monsoon,Sat,180,146,146,0.812,False,False,675976,41401,717377,3,150,3
2025-06-23,DEL,Delhi,6,Summer,Fri,180,139,139,0.774,True,False,626283,51407,677690,0,153,3
2025-05-15,HYD,Hyderabad,5,Summer,Tue,180,135,135,0.747,True,False,498437,40992,539429,0,139,2
2025-03-05,BLR,Bengaluru,3,Spring,Thu,180,135,135,0.75,True,False,540215,44758,584973,0,143,0
2025-07-23,BLR,Bengaluru,7,Monsoon,Sat,180,146,146,0.813,False,False,598863,49322,648185,0,170,2
2025-03-11,BOM,Mumbai,3,Spring,Sat,180,140,140,0.781,False,False,577739,53327,631066,1,155,1
2025-07-13,BLR,Bengaluru,7,Monsoon,Sat,180,164,164,0.909,True,False,637516,66763,704279,0,169,0
2025-10-23,DEL,Delhi,10,Post-Monsoon,Fri,180,128,128,0.711,True,False,649473,37747,687220,0,135,2
2025-10-07,BOM,Mumbai,10,Post-Monsoon,Fri,180,173,173,0.96,True,False,869654,66683,936337,0,192,2
2025-04-11,BLR,Bengaluru,4,Spring,Thu,180,150,150,0.831,True,False,579286,52617,631903,0,169,1
2025-07-15,BOM,Mumbai,7,Monsoon,Thu,180,130,130,0.723,True,False,559241,48843,608084,0,144,0
2025-10-24,CCU,Kolkata,10,Post-Monsoon,Thu,180,141,141,0.781,True,False,636707,45783,682490,0,145,0
2025-05-04,BOM,Mumbai,5,Summer,Sat,180,132,132,0.732,True,False,538322,43408,581730,0,142,1
2025-11-01,HYD,Hyderabad,11,Post-Monsoon,Thu,180,147,147,0.817,True,False,619945,46761,666706,0,155,3
2025-12-13,BLR,Bengaluru,12,Winter,Thu,180,141,141,0.783,True,False,575363,51477,626840,1,148,1
2025-05-16,DEL,Delhi,5,Summer,Thu,180,134,134,0.742,False,False,609879,51264,661143,1,146,1
2025-01-13,HYD,Hyderabad,1,Winter,Fri,180,146,146,0.809,True,False,477713,43382,521095,0,169,1
2025-06-14,BLR,Bengaluru,6,Summer,Sat,180,144,144,0.802,True,False,543701,49122,592823,0,166,3
2025-03-03,DEL,Delhi,3,Spring,Sun,180,162,162,0.898,True,False,728786,62361,791147,0,175,4
2025-12-14,BOM,Mumbai,12,Winter,Wed,180,143,143,0.793,True,False,634728,58842,693570,0,166,1
2025-04-26,BLR,Bengaluru,4,Spring,Sat,180,140,140,0.779,False,False,550749,58342,609091,0,155,1
2025-03-01,DEL,Delhi,3,Spring,Wed,180,136,136,0.755,True,False,624847,51664,676511,0,149,0
2025-03-21,DEL,Delhi,3,Spring,Wed,180,148,148,0.821,True,False,683749,58905,742654,0,166,0
2025-02-21,BLR,Bengaluru,2,Winter,Mon,180,136,136,0.755,True,False,466156,56452,522608,0,157,1
2025-05-08,BLR,Bengaluru,5,Summer,Wed,180,137,137,0.764,False,False,548744,45049,593793,0,142,1
2025-08-23,BOM,Mumbai,8,Monsoon,Sat,180,145,145,0.806,True,False,639942,46853,686795,0,165,1
2025-03-08,BLR,Bengaluru,3,Spring,Wed,180,137,137,0.762,True,False,548013,56736,604749,0,161,0
2025-05-26,CCU,Kolkata,5,Summer,Thu,180,125,125,0.694,True,False,450501,51929,502430,0,143,1
2025-10-24,BOM,Mumbai,10,Post-Monsoon,Sat,180,157,157,0.871,True,False,787823,44928,832751,0,173,1
2025-01-13,DEL,Delhi,1,Winter,Fri,180,116,116,0.646,True,False,458573,34945,493518,0,136,1
2025-06-09,DEL,Delhi,6,Summer,Wed,180,145,145,0.808,True,False,627168,54506,681674,0,149,3
2025-01-17,BOM,Mumbai,1,Winter,Sat,180,133,133,0.736,True,False,540170,46381,586551,0,142,3
2025-07-14,HYD,Hyderabad,7,Monsoon,Fri,180,151,151,0.837,True,False,546109,48631,594740,0,159,1
2025-06-20,DEL,Delhi,6,Summer,Sat,180,143,143,0.795,False,False,605171,59552,664723,2,155,1
2025-06-13,DEL,Delhi,6,Summer,Thu,180,149,149,0.826,True,False,659635,54916,714551,0,168,1
2025-02-01,BLR,Bengaluru,2,Winter,Sat,180,136,136,0.755,True,False,455115,38235,493350,0,150,0
2025-03-19,BLR,Bengaluru,3,Spring,Thu,180,148,148,0.82,True,False,555982,61194,617176,1,173,0
2025-03-22,DEL,Delhi,3,Spring,Mon,180,142,142,0.79,True,False,649932,53387,703319,0,149,2
2025-01-04,HYD,Hyderabad,1,Winter,Mon,180,133,133,0.739,True,False,435238,53939,489177,0,141,1
2025-01-02,BLR,Bengaluru,1,Winter,Tue,180,136,136,0.753,True,False,469224,40744,509968,0,155,0
2025-02-07,BLR,Bengaluru,2,Winter,Thu,180,135,135,0.752,True,False,445484,48258,493742,0,144,2
2025-12-17,DEL,Delhi,12,Winter,Fri,180,123,123,0.684,True,False,512926,47884,560810,0,140,0
2025-04-15,BOM,Mumbai,4,Spring,Thu,180,139,139,0.77,True,False,573489,42162,615651,0,164,0
2025-09-13,DEL,Delhi,9,Monsoon,Fri,180,147,147,0.817,True,False,650747,53425,704172,0,163,0
2025-07-18,HYD,Hyderabad,7,Monsoon,Tue,180,148,148,0.822,False,False,573584,46416,620000,0,169,2
2025-02-01,BOM,Mumbai,2,Winter,Fri,180,140,140,0.776,False,False,523016,46626,569642,1,151,4
2025-03-09,HYD,Hyderabad,3,Spring,Fri,180,135,135,0.749,True,False,508351,45932,554283,0,139,1
2025-07-20,BLR,Bengaluru,7,Monsoon,Fri,180,131,131,0.728,True,False,538657,54166,592823,0,143,0
2025-08-16,BOM,Mumbai,8,Monsoon,Thu,180,138,138,0.764,True,False,599293,42075,641368,0,143,0
2025-09-26,CCU,Kolkata,9,Monsoon,Wed,180,138,138,0.767,True,False,518095,55756,573851,1,152,2
2025-11-01,CCU,Kolkata,11,Post-Monsoon,Wed,180,155,155,0.86,True,False,709874,53026,762900,0,159,0
2025-11-26,DEL,Delhi,11,Post-Monsoon,Thu,180,157,157,0.87,True,False,771791,56864,828655,0,181,1
2025-02-10,BLR,Bengaluru,2,Winter,Thu,180,126,126,0.701,True,False,423594,47159,470753,0,132,0
2025-02-15,BLR,Bengaluru,2,Winter,Wed,180,150,150,0.835,True,False,542393,55315,597708,0,176,2
2025-10-23,DEL,Delhi,10,Post-Monsoon,Tue,180,173,173,0.959,True,False,892037,55703,947740,0,179,2
2025-09-08,CCU,Kolkata,9,Monsoon,Mon,180,144,144,0.798,True,False,550767,52138,602905,0,153,1
2025-11-28,BLR,Bengaluru,11,Post-Monsoon,Fri,180,156,156,0.864,True,False,736664,47441,784105,0,184,0
2025-12-16,DEL,Delhi,12,Winter,Tue,180,148,148,0.824,True,False,643014,48091,691105,0,157,0
2025-11-12,BLR,Bengaluru,11,Post-Monsoon,Fri,180,166,166,0.923,True,False,721049,68731,789780,0,190,0
2025-07-22,HYD,Hyderabad,7,Monsoon,Tue,180,136,136,0.758,False,False,504379,39269,543648,0,145,1
2025-02-12,DEL,Delhi,2,Winter,Tue,180,134,134,0.747,True,False,546590,55552,602142,0,149,0
2025-07-28,HYD,Hyderabad,7,Monsoon,Tue,180,152,152,0.844,False,False,577252,49475,626727,3,158,1
2025-03-06,HYD,Hyderabad,3,Spring,Sun,180,166,166,0.921,True,False,615706,56813,672519,0,171,1
2025-05-17,DEL,Delhi,5,Summer,Tue,180,131,131,0.728,True,False,549595,40234,589829,0,139,1
2025-01-22,BOM,Mumbai,1,Winter,Fri,180,137,137,0.762,True,False,511684,38987,550671,0,154,0
2025-11-17,BLR,Bengaluru,11,Post-Monsoon,Thu,180,157,157,0.875,True,False,727219,52496,779715,0,164,0
2025-09-02,BOM,Mumbai,9,Monsoon,Tue,180,138,138,0.767,False,False,566686,53919,620605,0,144,1
2025-08-16,DEL,Delhi,8,Monsoon,Sat,180,142,142,0.787,True,False,654297,54981,709278,1,149,0
2025-09-26,CCU,Kolkata,9,Monsoon,Thu,180,136,136,0.753,True,False,507408,42384,549792,0,142,0
2025-09-19,DEL,Delhi,9,Monsoon,Fri,180,142,142,0.79,True,False,652671,51165,703836,0,161,0
2025-01-11,BLR,Bengaluru,1,Winter,Sat,180,130,130,0.724,True,False,478268,53862,532130,0,152,0
2025-08-03,HYD,Hyderabad,8,Monsoon,Sat,180,137,137,0.762,True,False,507728,51672,559400,0,161,0
2025-06-26,BOM,Mumbai,6,Summer,Wed,180,133,133,0.741,True,False,563561,54553,618114,0,153,1
2025-12-04,DEL,Delhi,12,Winter,Tue,180,144,144,0.802,True,False,597444,58720,656164,0,161,2
2025-12-25,CCU,Kolkata,12,Winter,Thu,180,144,144,0.799,True,False,577282,52024,629306,0,161,1
2025-12-08,BOM,Mumbai,12,Winter,Sat,180,124,124,0.689,True,False,508842,39928,548770,0,130,2
2025-07-07,BOM,Mumbai,7,Monsoon,Sun,180,145,145,0.808,False,False,646781,46321,693102,0,154,1
2025-10-23,BLR,Bengaluru,10,Post-Monsoon,Tue,180,168,168,0.934,True,False,757480,69949,827429,0,196,0
2025-07-18,BLR,Bengaluru,7,Monsoon,Mon,180,148,148,0.822,True,False,577537,54508,632045,0,173,0
2025-02-05,HYD,Hyderabad,2,Winter,Tue,180,132,132,0.732,True,False,417418,51819,469237,0,144,0
2025-11-08,BLR,Bengaluru,11,Post-Monsoon,Sun,180,137,137,0.759,True,False,607322,44817,652139,0,158,2
2025-11-05,DEL,Delhi,11,Post-Monsoon,Fri,180,151,151,0.84,True,False,755595,49459,805054,0,161,2
2025-09-20,BLR,Bengaluru,9,Monsoon,Mon,180,144,144,0.8,False,False,550634,40662,591296,0,166,2
2025-03-16,DEL,Delhi,3,Spring,Fri,180,142,142,0.787,True,False,653985,50213,704198,0,153,0
2025-02-19,BOM,Mumbai,2,Winter,Mon,180,121,121,0.671,True,False,486680,45496,532176,0,127,1
2025-11-28,CCU,Kolkata,11,Post-Monsoon,Wed,180,159,159,0.886,True,False,718864,46292,765156,0,167,0
2025-11-24,BOM,Mumbai,11,Post-Monsoon,Sun,180,156,156,0.869,True,False,805455,60935,866390,0,172,0
2025-06-06,DEL,Delhi,6,Summer,Mon,180,145,145,0.807,True,False,639923,41492,681415,0,148,0
2025-12-23,CCU,Kolkata,12,Winter,Tue,180,148,148,0.82,False,False,540537,53083,593620,0,163,1
2025-06-12,BOM,Mumbai,6,Summer,Mon,180,156,156,0.866,False,False,631314,61296,692610,2,178,3
2025-08-05,CCU,Kolkata,8,Monsoon,Sat,180,141,141,0.784,True,False,544963,44664,589627,0,163,0
2025-09-27,DEL,Delhi,9,Monsoon,Fri,180,136,136,0.756,True,False,611912,50994,662906,0,148,0
2025-06-22,DEL,Delhi,6,Summer,Sun,180,126,126,0.698,True,False,561298,49362,610660,0,146,0
2025-02-15,DEL,Delhi,2,Winter,Sat,180,113,113,0.626,True,False,439719,35123,474842,0,133,0
2025-08-10,BLR,Bengaluru,8,Monsoon,Thu,180,156,156,0.868,True,False,609671,48479,658150,0,183,1
2025-12-08,DEL,Delhi,12,Winter,Mon,180,141,141,0.781,True,False,634251,58604,692855,0,166,0
2025-01-12,HYD,Hyderabad,1,Winter,Thu,180,121,121,0.669,False,False,381965,48213,430178,0,127,1
2025-10-03,CCU,Kolkata,10,Post-Monsoon,Thu,180,147,147,0.815,True,False,664944,51669,716613,0,170,0
2025-09-19,DEL,Delhi,9,Monsoon,Tue,180,153,153,0.85,False,False,669957,61663,731620,0,175,2
2025-05-16,BLR,Bengaluru,5,Summer,Sun,180,160,160,0.887,True,False,646694,51103,697797,0,165,0
2025-09-02,BOM,Mumbai,9,Monsoon,Fri,180,144,144,0.802,True,False,583002,60147,643149,0,157,0
2025-10-03,DEL,Delhi,10,Post-Monsoon,Fri,180,162,162,0.902,True,False,855895,65266,921161,0,168,2
2025-09-26,BOM,Mumbai,9,Monsoon,Tue,180,134,134,0.745,False,False,544359,41091,585450,0,148,3
2025-02-03,BOM,Mumbai,2,Winter,Wed,180,140,140,0.78,False,False,549136,45093,594229,0,162,2
2025-10-01,DEL,Delhi,10,Post-Monsoon,Tue,180,164,164,0.909,True,False,810123,68739,878862,0,186,0
2025-09-16,DEL,Delhi,9,Monsoon,Mon,180,144,144,0.802,True,False,616152,59074,675226,0,161,0
2025-01-08,CCU,Kolkata,1,Winter,Sun,180,137,137,0.762,True,False,474693,56778,531471,0,154,0
2025-05-26,BOM,Mumbai,5,Summer,Wed,180,158,158,0.878,False,False,714914,64640,779554,1,186,1
2025-07-01,DEL,Delhi,7,Monsoon,Sat,180,156,156,0.868,True,False,654910,62950,717860,0,172,1
2025-04-09,HYD,Hyderabad,4,Spring,Sat,180,142,142,0.79,True,False,513674,52610,566284,0,149,2
2025-07-08,BLR,Bengaluru,7,Monsoon,Mon,180,140,140,0.78,True,False,543889,58140,602029,0,148,0
2025-11-19,CCU,Kolkata,11,Post-Monsoon,Tue,180,146,146,0.811,True,False,672115,61301,733416,0,161,1
2025-12-16,BOM,Mumbai,12,Winter,Thu,180,149,149,0.828,False,False,616050,50948,666998,0,162,3
2025-10-10,DEL,Delhi,10,Post-Monsoon,Sun,180,162,162,0.902,False,False,789535,52757,842292,0,169,2
2025-05-15,CCU,Kolkata,5,Summer,Tue,180,160,160,0.889,True,False,596718,56598,653316,0,183,0
2025-11-17,BLR,Bengaluru,11,Post-Monsoon,Mon,180,159,159,0.884,True,False,754504,63811,818315,0,184,1
2025-11-01,HYD,Hyderabad,11,Post-Monsoon,Sat,180,166,166,0.922,True,False,703942,56890,760832,0,173,1
2025-04-12,BLR,Bengaluru,4,Spring,Fri,180,143,143,0.795,False,False,573618,51717,625335,0,165,2
2025-06-24,CCU,Kolkata,6,Summer,Thu,180,126,126,0.7,False,False,469035,49923,518958,0,130,2
2025-11-06,BOM,Mumbai,11,Post-Monsoon,Sat,180,161,161,0.893,True,False,758327,46464,804791,0,182,1
2025-02-09,BOM,Mumbai,2,Winter,Fri,180,134,134,0.745,False,False,501900,48595,550495,0,156,2
2025-06-06,CCU,Kolkata,6,Summer,Fri,180,132,132,0.732,True,False,520029,46151,566180,0,147,0
2025-08-25,BOM,Mumbai,8,Monsoon,Sat,180,121,121,0.675,False,False,530324,34338,564662,0,126,0
2025-06-22,CCU,Kolkata,6,Summer,Sun,180,152,152,0.846,True,False,581602,45157,626759,0,159,1
2025-11-01,DEL,Delhi,11,Post-Monsoon,Tue,180,139,139,0.773,True,False,719121,44183,763304,0,158,1
2025-06-12,CCU,Kolkata,6,Summer,Thu,180,131,131,0.727,False,False,521069,54236,575305,0,141,1
2025-11-16,DEL,Delhi,11,Post-Monsoon,Tue,180,151,151,0.838,False,False,726403,58540,784943,0,163,0
2025-10-17,HYD,Hyderabad,10,Post-Monsoon,Sun,180,151,151,0.839,True,False,651181,48586,699767,0,172,1
2025-01-16,CCU,Kolkata,1,Winter,Fri,180,142,142,0.791,True,False,469025,46943,515968,0,147,1
2025-03-18,BOM,Mumbai,3,Spring,Mon,180,121,121,0.673,True,False,549412,34871,584283,1,139,3
2025-09-18,BOM,Mumbai,9,Monsoon,Sat,180,139,139,0.771,True,False,587444,40836,628280,0,144,0
2025-08-02,DEL,Delhi,8,Monsoon,Sat,180,148,148,0.825,True,False,664805,56409,721214,0,157,0
2025-10-26,DEL,Delhi,10,Post-Monsoon,Mon,180,157,157,0.87,True,False,757754,56446,814200,1,166,1
2025-02-11,BLR,Bengaluru,2,Winter,Tue,180,127,127,0.708,True,False,445840,48144,493984,0,138,0
2025-08-24,DEL,Delhi,8,Monsoon,Sun,180,119,119,0.662,True,False,507631,49144,556775,2,127,2
2025-09-13,DEL,Delhi,9,Monsoon,Sun,180,130,130,0.72,True,False,586196,48404,634600,0,151,1
2025-08-14,DEL,Delhi,8,Monsoon,Mon,180,136,136,0.753,True,False,601136,49074,650210,0,153,1
2025-03-24,BOM,Mumbai,3,Spring,Sun,180,154,154,0.855,True,False,654756,48334,703090,0,175,1
2025-11-06,HYD,Hyderabad,11,Post-Monsoon,Mon,180,149,149,0.825,True,False,599875,58935,658810,0,175,0
2025-07-06,CCU,Kolkata,7,Monsoon,Wed,180,131,131,0.726,True,False,486931,53756,540687,0,143,0
2025-01-26,BLR,Bengaluru,1,Winter,Fri,180,136,136,0.754,True,False,491342,52259,543601,0,143,0
2025-02-24,BLR,Bengaluru,2,Winter,Sun,180,135,135,0.75,True,False,499325,39879,539204,0,152,1
2025-05-15,BOM,Mumbai,5,Summer,Sun,180,139,139,0.773,True,False,616327,50631,666958,0,162,1
2025-05-22,BOM,Mumbai,5,Summer,Sun,180,162,162,0.898,False,False,666577,55207,721784,0,167,0
2025-01-01,DEL,Delhi,1,Winter,Sat,180,128,128,0.711,True,False,489912,43665,533577,0,131,0
2025-12-05,HYD,Hyderabad,12,Winter,Sat,180,144,144,0.798,True,False,563963,48199,612162,0,150,0
2025-06-20,BOM,Mumbai,6,Summer,Tue,180,136,136,0.757,True,False,595239,40470,635709,0,149,2
2025-01-06,DEL,Delhi,1,Winter,Sat,180,118,118,0.657,True,False,483387,36562,519949,0,122,1
2025-06-07,BLR,Bengaluru,6,Summer,Mon,180,127,127,0.706,False,False,479163,40970,520133,0,147,2
2025-01-07,BLR,Bengaluru,1,Winter,Wed,180,155,155,0.861,True,False,575602,46574,622176,0,161,1
2025-12-27,CCU,Kolkata,12,Winter,Mon,180,138,138,0.764,True,False,533575,54518,588093,0,145,2
2025-06-14,DEL,Delhi,6,Summer,Tue,180,137,137,0.759,True,False,619094,56917,676011,0,153,0
2025-09-10,CCU,Kolkata,9,Monsoon,Fri,180,148,148,0.823,False,False,588081,49659,637740,0,159,0
2025-06-12,CCU,Kolkata,6,Summer,Fri,180,132,132,0.733,True,False,493025,54145,547170,0,155,0
2025-05-07,DEL,Delhi,5,Summer,Sun,180,143,143,0.795,True,False,659430,53103,712533,0,153,1
2025-08-25,HYD,Hyderabad,8,Monsoon,Mon,180,150,150,0.832,True,False,578730,60152,638882,0,159,1
2025-11-13,HYD,Hyderabad,11,Post-Monsoon,Thu,180,176,176,0.98,True,False,761435,51100,812535,0,204,0
2025-06-04,BOM,Mumbai,6,Summer,Sat,180,136,136,0.753,True,False,611912,46000,657912,0,156,0
2025-03-14,CCU,Kolkata,3,Spring,Sat,180,147,147,0.818,False,False,560497,41560,602057,0,158,1
2025-03-13,BLR,Bengaluru,3,Spring,Sun,180,127,127,0.703,False,False,515446,53090,568536,0,146,3
2025-11-10,DEL,Delhi,11,Post-Monsoon,Sun,180,155,155,0.861,True,False,757096,53070,810166,0,173,1
2025-12-21,DEL,Delhi,12,Winter,Sat,180,141,141,0.781,True,False,634967,42652,677619,0,148,1
2025-11-20,BOM,Mumbai,11,Post-Monsoon,Wed,180,167,167,0.928,False,False,829229,63478,892707,0,184,3
2025-08-10,DEL,Delhi,8,Monsoon,Sat,180,136,136,0.758,True,False,616774,39595,656369,0,145,1
2025-12-04,BOM,Mumbai,12,Winter,Sat,180,145,145,0.806,False,False,648982,56630,705612,0,167,2
2025-01-24,DEL,Delhi,1,Winter,Sun,180,130,130,0.723,False,False,508355,48231,556586,0,142,2
2025-05-28,DEL,Delhi,5,Summer,Thu,180,149,149,0.825,True,False,694712,45882,740594,0,165,0
2025-10-08,DEL,Delhi,10,Post-Monsoon,Mon,180,149,149,0.83,True,False,784704,51383,836087,0,155,4
2025-11-12,BLR,Bengaluru,11,Post-Monsoon,Tue,180,141,141,0.784,True,False,644025,53587,697612,0,159,1
2025-02-09,BLR,Bengaluru,2,Winter,Tue,180,132,132,0.733,False,False,459739,42787,502526,0,143,0
2025-03-23,BOM,Mumbai,3,Spring,Sun,180,138,138,0.764,True,False,590026,48516,638542,0,156,1
2025-08-26,BOM,Mumbai,8,Monsoon,Fri,180,120,120,0.667,True,False,494183,36539,530722,0,138,0
2025-08-05,BLR,Bengaluru,8,Monsoon,Thu,180,149,149,0.828,True,False,585933,60545,646478,0,169,0
2025-10-26,BLR,Bengaluru,10,Post-Monsoon,Sun,180,155,155,0.861,True,False,680558,56657,737215,0,177,0
2025-12-16,BOM,Mumbai,12,Winter,Sun,180,150,150,0.834,True,False,628441,61636,690077,0,155,0
2025-06-14,DEL,Delhi,6,Summer,Wed,180,155,155,0.859,True,False,679736,55271,735007,1,164,1
2025-02-24,DEL,Delhi,2,Winter,Sat,180,136,136,0.755,True,False,563954,49959,613913,0,156,2
2025-05-10,BOM,Mumbai,5,Summer,Sun,180,136,136,0.758,True,False,593671,47723,641394,0,158,2
2025-06-19,DEL,Delhi,6,Summer,Fri,180,129,129,0.718,True,False,562459,41139,603598,0,145,0
2025-04-08,BLR,Bengaluru,4,Spring,Wed,180,163,163,0.904,False,False,632890,54670,687560,0,181,2
2025-11-09,CCU,Kolkata,11,Post-Monsoon,Wed,180,154,154,0.857,True,False,660603,59815,720418,0,176,1
2025-02-22,DEL,Delhi,2,Winter,Mon,180,139,139,0.771,False,False,531314,42716,574030,1,151,2
2025-06-12,DEL,Delhi,6,Summer,Sat,180,150,150,0.831,True,False,639634,59934,699568,0,174,2
2025-05-11,DEL,Delhi,5,Summer,Tue,180,149,0,0.829,False,True,0,0,0,1,0,0
2025-04-26,HYD,Hyderabad,4,Spring,Sun,180,133,133,0.736,True,False,478245,49036,527281,0,147,0
2025-01-04,BOM,Mumbai,1,Winter,Sat,180,145,145,0.806,False,False,528946,58053,586999,0,158,2
2025-08-07,DEL,Delhi,8,Monsoon,Sat,180,147,147,0.818,True,False,644398,44291,688689,0,155,0
2025-08-24,DEL,Delhi,8,Monsoon,Sun,180,146,146,0.812,True,False,638707,45138,683845,0,163,1
2025-06-23,DEL,Delhi,6,Summer,Wed,180,133,133,0.738,False,False,583831,47527,631358,0,143,1
2025-08-03,BLR,Bengaluru,8,Monsoon,Fri,180,137,137,0.762,True,False,516595,47076,563671,0,141,0
2025-06-04,DEL,Delhi,6,Summer,Mon,180,145,145,0.807,True,False,628085,41489,669574,0,169,0
2025-08-16,BOM,Mumbai,8,Monsoon,Wed,180,143,143,0.792,True,False,640340,52258,692598,0,167,1
2025-10-26,DEL,Delhi,10,Post-Monsoon,Sat,180,150,150,0.835,True,False,757192,46429,803621,0,156,0
2025-08-01,BOM,Mumbai,8,Monsoon,Sun,180,131,131,0.731,True,False,578592,45404,623996,0,139,1
2025-04-24,DEL,Delhi,4,Spring,Fri,180,132,132,0.731,True,False,554838,39055,593893,0,138,2
2025-08-05,DEL,Delhi,8,Monsoon,Sat,180,151,151,0.84,False,False,678977,59317,738294,0,176,0
2025-09-13,HYD,Hyderabad,9,Monsoon,Tue,180,146,146,0.809,True,False,530805,53354,584159,0,166,1
2025-12-16,BOM,Mumbai,12,Winter,Fri,180,146,146,0.808,True,False,632367,56076,688443,0,156,1
2025-02-24,HYD,Hyderabad,2,Winter,Fri,180,134,134,0.745,False,False,425005,55123,480128,0,152,2
2025-11-18,HYD,Hyderabad,11,Post-Monsoon,Fri,180,157,157,0.87,True,False,707006,45643,752649,0,177,0
2025-11-10,BOM,Mumbai,11,Post-Monsoon,Thu,180,154,154,0.854,True,False,771390,52350,823740,0,160,0
2025-01-18,BOM,Mumbai,1,Winter,Fri,180,133,133,0.74,True,False,538169,46812,584981,0,144,1
2025-04-10,CCU,Kolkata,4,Spring,Tue,180,144,144,0.802,True,False,542048,50645,592693,0,165,0
2025-04-07,BLR,Bengaluru,4,Spring,Thu,180,146,146,0.813,True,False,570012,48454,618466,0,149,1
2025-01-11,BOM,Mumbai,1,Winter,Mon,180,152,152,0.844,True,False,558486,60286,618772,0,161,1
2025-02-27,BLR,Bengaluru,2,Winter,Sun,180,142,142,0.789,True,False,513418,42723,556141,0,148,1
2025-11-18,CCU,Kolkata,11,Post-Monsoon,Tue,180,158,158,0.877,True,False,730333,54877,785210,0,180,1
2025-10-13,HYD,Hyderabad,10,Post-Monsoon,Mon,180,165,165,0.915,False,False,712011,55535,767546,0,187,2
2025-02-08,BOM,Mumbai,2,Winter,Sun,180,129,129,0.718,True,False,479520,44174,523694,0,134,0
2025-11-16,CCU,Kolkata,11,Post-Monsoon,Mon,180,169,169,0.936,True,False,728931,69514,798445,0,195,2
2025-05-27,DEL,Delhi,5,Summer,Fri,180,176,176,0.98,True,False,762224,63467,825691,0,183,1
2025-04-14,BOM,Mumbai,4,Spring,Mon,180,134,134,0.745,False,False,542876,40222,583098,2,155,2
2025-02-19,DEL,Delhi,2,Winter,Thu,180,129,129,0.718,True,False,521348,41404,562752,0,152,0
2025-07-22,BLR,Bengaluru,7,Monsoon,Sun,180,147,147,0.817,True,False,593944,56633,650577,0,169,0
2025-08-03,CCU,Kolkata,8,Monsoon,Sat,180,137,137,0.76,True,False,506488,44214,550702,0,148,1
2025-10-28,DEL,Delhi,10,Post-Monsoon,Thu,180,151,151,0.84,True,False,791249,44054,835303,0,157,1
2025-11-06,DEL,Delhi,11,Post-Monsoon,Tue,180,171,171,0.948,True,False,913478,53670,967148,0,193,0
2025-11-04,BLR,Bengaluru,11,Post-Monsoon,Mon,180,156,156,0.864,True,False,676202,49316,725518,0,180,0
2025-09-06,DEL,Delhi,9,Monsoon,Sun,180,131,131,0.728,False,False,575440,52153,627593,0,154,1
2025-03-06,BOM,Mumbai,3,Spring,Sun,180,135,135,0.751,False,False,553256,53658,606914,1,157,0
2025-04-09,DEL,Delhi,4,Spring,Fri,180,155,155,0.859,True,False,678327,63467,741794,0,178,1
2025-08-23,BOM,Mumbai,8,Monsoon,Thu,180,125,125,0.693,False,False,568887,46200,615087,0,129,0
2025-08-27,HYD,Hyderabad,8,Monsoon,Fri,180,143,143,0.793,True,False,546717,54194,600911,0,151,1
2025-08-19,DEL,Delhi,8,Monsoon,Mon,180,126,126,0.702,True,False,555232,47815,603047,0,140,3
2025-03-07,BLR,Bengaluru,3,Spring,Thu,180,133,133,0.737,True,False,531324,53627,584951,0,152,1
2025-12-15,BOM,Mumbai,12,Winter,Thu,180,149,149,0.83,True,False,668251,58299,726550,0,160,0
2025-12-17,BOM,Mumbai,12,Winter,Wed,180,158,158,0.876,True,False,661619,51708,713327,0,169,0
2025-10-14,BOM,Mumbai,10,Post-Monsoon,Fri,180,148,148,0.821,True,False,695969,48180,744149,0,168,0
2025-08-20,DEL,Delhi,8,Monsoon,Fri,180,149,149,0.829,True,False,694242,51576,745818,0,153,2
2025-08-11,BLR,Bengaluru,8,Monsoon,Mon,180,144,144,0.797,True,False,592418,55181,647599,0,151,0
2025-09-07,DEL,Delhi,9,Monsoon,Tue,180,169,0,0.937,False,True,0,0,0,0,0,0
2025-07-26,BOM,Mumbai,7,Monsoon,Sat,180,132,132,0.732,True,False,562048,49076,611124,0,148,1
2025-04-02,BLR,Bengaluru,4,Spring,Fri,180,154,154,0.857,True,False,609287,58956,668243,0,175,1
2025-08-02,DEL,Delhi,8,Monsoon,Fri,180,141,141,0.782,True,False,608126,41049,649175,0,153,0
2025-03-19,BLR,Bengaluru,3,Spring,Sat,180,147,147,0.817,False,False,549709,49659,599368,0,167,0
2025-12-20,HYD,Hyderabad,12,Winter,Fri,180,149,149,0.825,True,False,555354,53511,608865,0,166,2
2025-10-24,DEL,Delhi,10,Post-Monsoon,Thu,180,172,172,0.958,True,False,874702,50976,925678,0,192,0
2025-06-10,HYD,Hyderabad,6,Summer,Tue,180,129,129,0.715,True,False,489588,37691,527279,0,145,1
2025-03-04,DEL,Delhi,3,Spring,Tue,180,131,131,0.726,True,False,551973,52280,604253,0,148,2
2025-06-18,DEL,Delhi,6,Summer,Wed,180,167,167,0.93,True,False,778043,53077,831120,1,187,0
2025-10-11,BOM,Mumbai,10,Post-Monsoon,Fri,180,152,152,0.845,True,False,796116,49035,845151,0,160,0
2025-09-08,BOM,Mumbai,9,Monsoon,Mon,180,139,139,0.775,True,False,577913,41124,619037,0,162,0
2025-11-05,BOM,Mumbai,11,Post-Monsoon,Sat,180,174,174,0.965,False,False,830576,51873,882449,0,185,2
2025-10-08,DEL,Delhi,10,Post-Monsoon,Fri,180,142,142,0.791,True,False,680444,47735,728179,0,156,0
2025-04-09,HYD,Hyderabad,4,Spring,Thu,180,143,143,0.795,True,False,501641,58639,560280,0,160,0
2025-05-06,BLR,Bengaluru,5,Summer,Wed,180,144,144,0.802,True,False,564857,50404,615261,0,147,0
2025-07-12,HYD,Hyderabad,7,Monsoon,Wed,180,135,135,0.748,True,False,522355,54474,576829,0,154,1
2025-08-19,CCU,Kolkata,8,Monsoon,Thu,180,137,137,0.762,True,False,509062,53261,562323,0,145,0
2025-08-01,DEL,Delhi,8,Monsoon,Thu,180,154,154,0.856,True,False,701473,51692,753165,0,178,2
2025-06-10,DEL,Delhi,6,Summer,Sun,180,142,142,0.79,True,False,608757,55541,664298,0,166,0
2025-12-02,BOM,Mumbai,12,Winter,Thu,180,135,135,0.749,True,False,597307,55990,653297,0,157,1
2025-07-25,CCU,Kolkata,7,Monsoon,Sat,180,131,131,0.726,False,False,508872,44909,553781,0,144,0
2025-10-02,DEL,Delhi,10,Post-Monsoon,Sat,180,127,127,0.704,True,False,663594,47972,711566,0,145,0
2025-09-24,BOM,Mumbai,9,Monsoon,Mon,180,132,132,0.732,True,False,555685,43482,599167,0,142,0
2025-12-01,BOM,Mumbai,12,Winter,Wed,180,143,143,0.796,True,False,610157,53753,663910,0,151,3
2025-09-21,DEL,Delhi,9,Monsoon,Mon,180,147,147,0.818,True,False,674718,59581,734299,0,156,0
2025-07-09,BOM,Mumbai,7,Monsoon,Mon,180,143,143,0.792,True,False,619041,43733,662774,0,147,3
2025-01-07,HYD,Hyderabad,1,Winter,Sun,180,147,147,0.819,True,False,465501,44946,510447,0,168,0
2025-05-23,HYD,Hyderabad,5,Summer,Sat,180,146,146,0.811,True,False,563034,55279,618313,0,157,1
2025-01-24,HYD,Hyderabad,1,Winter,Sat,180,117,117,0.652,True,False,379609,41299,420908,0,129,2
2025-05-12,HYD,Hyderabad,5,Summer,Sun,180,135,0,0.747,False,True,0,0,0,1,0,0
2025-11-15,CCU,Kolkata,11,Post-Monsoon,Sat,180,150,150,0.833,True,False,629782,49638,679420,0,172,3
2025-03-18,HYD,Hyderabad,3,Spring,Fri,180,146,146,0.809,True,False,516204,49955,566159,0,156,1
2025-11-08,DEL,Delhi,11,Post-Monsoon,Mon,180,152,152,0.842,True,False,764385,58004,822389,1,167,0
2025-04-15,BOM,Mumbai,4,Spring,Wed,180,138,138,0.766,True,False,569115,52756,621871,0,152,1
2025-07-19,BLR,Bengaluru,7,Monsoon,Thu,180,135,135,0.747,True,False,504912,55974,560886,0,138,2
2025-01-24,DEL,Delhi,1,Winter,Sat,180,138,138,0.765,True,False,560174,56710,616884,2,160,1
2025-08-02,HYD,Hyderabad,8,Monsoon,Thu,180,128,128,0.709,True,False,463726,49494,513220,0,132,2
2025-09-13,BLR,Bengaluru,9,Monsoon,Sun,180,117,117,0.653,True,False,442976,47367,490343,0,124,1
2025-06-11,BLR,Bengaluru,6,Summer,Wed,180,142,142,0.79,True,False,543826,55462,599288,0,161,0
2025-07-22,DEL,Delhi,7,Monsoon,Thu,180,138,138,0.768,True,False,620491,43166,663657,0,160,0
2025-06-10,BOM,Mumbai,6,Summer,Tue,180,156,156,0.869,False,False,644336,45900,690236,0,180,2
2025-06-23,HYD,Hyderabad,6,Summer,Wed,180,162,162,0.9,True,False,563629,67780,631409,0,174,1
2025-11-22,BLR,Bengaluru,11,Post-Monsoon,Mon,180,138,138,0.766,True,False,648733,54676,703409,0,160,0
2025-02-19,BOM,Mumbai,2,Winter,Wed,180,147,147,0.817,False,False,576166,57339,633505,0,154,3
2025-04-11,HYD,Hyderabad,4,Spring,Sat,180,125,125,0.695,True,False,453943,46055,499998,0,132,0
2025-05-02,BLR,Bengaluru,5,Summer,Tue,180,125,125,0.694,True,False,493469,47222,540691,0,132,0
2025-01-02,HYD,Hyderabad,1,Winter,Fri,180,130,130,0.721,False,False,409605,46807,456412,0,151,1
2025-04-10,BOM,Mumbai,4,Spring,Sun,180,138,138,0.764,False,False,619687,41215,660902,0,149,1
2025-02-10,HYD,Hyderabad,2,Winter,Mon,180,131,131,0.729,True,False,434823,38743,473566,0,138,1
2025-07-01,DEL,Delhi,7,Monsoon,Wed,180,168,168,0.935,True,False,763629,64030,827659,1,193,1
2025-04-27,BLR,Bengaluru,4,Spring,Thu,180,160,160,0.891,True,False,594130,66318,660448,0,172,1
2025-10-21,BOM,Mumbai,10,Post-Monsoon,Mon,180,161,161,0.897,False,False,804005,49881,853886,0,182,4
2025-01-03,BOM,Mumbai,1,Winter,Thu,180,125,125,0.694,True,False,466745,35337,502082,0,146,0
2025-02-08,BOM,Mumbai,2,Winter,Fri,180,131,131,0.726,True,False,507242,45210,552452,0,139,0
2025-11-22,DEL,Delhi,11,Post-Monsoon,Fri,180,155,155,0.863,True,False,747671,57407,805078,0,183,1
2025-06-09,BOM,Mumbai,6,Summer,Sun,180,131,131,0.727,True,False,559835,45882,605717,0,134,0
2025-10-06,DEL,Delhi,10,Post-Monsoon,Wed,180,155,155,0.861,True,False,767389,46721,814110,0,160,1
2025-09-28,BOM,Mumbai,9,Monsoon,Wed,180,136,136,0.755,True,False,595614,45486,641100,0,156,0
2025-05-07,BOM,Mumbai,5,Summer,Wed,180,137,137,0.76,True,False,612858,54854,667712,0,144,1
2025-06-12,DEL,Delhi,6,Summer,Tue,180,144,0,0.803,False,True,0,0,0,1,0,0
2025-08-25,DEL,Delhi,8,Monsoon,Sun,180,142,142,0.787,True,False,613265,46779,660044,0,162,0
2025-07-03,BLR,Bengaluru,7,Monsoon,Mon,180,151,151,0.838,False,False,622805,57065,679870,0,170,2
2025-04-21,DEL,Delhi,4,Spring,Sun,180,144,144,0.798,False,False,600578,52992,653570,0,169,0
2025-03-20,BOM,Mumbai,3,Spring,Fri,180,147,147,0.815,True,False,663622,46766,710388,0,153,2
2025-03-12,BOM,Mumbai,3,Spring,Fri,180,173,173,0.961,True,False,724643,53981,778624,0,177,1
2025-02-06,BLR,Bengaluru,2,Winter,Sat,180,118,118,0.658,True,False,423389,43535,466924,0,134,0
2025-07-07,DEL,Delhi,7,Monsoon,Fri,180,149,149,0.828,True,False,637110,43152,680262,0,173,2
2025-02-26,BLR,Bengaluru,2,Winter,Fri,180,128,128,0.711,True,False,435639,38312,473951,0,138,1
2025-04-04,DEL,Delhi,4,Spring,Tue,180,142,142,0.786,True,False,614067,42452,656519,0,147,0
2025-08-22,HYD,Hyderabad,8,Monsoon,Fri,180,138,138,0.766,True,False,519873,39506,559379,0,146,0
2025-06-22,CCU,Kolkata,6,Summer,Tue,180,135,135,0.752,True,False,527263,40391,567654,0,139,0
2025-11-19,DEL,Delhi,11,Post-Monsoon,Tue,180,138,138,0.768,True,False,661675,42577,704252,0,143,0
2025-03-20,BOM,Mumbai,3,Spring,Fri,180,137,137,0.761,True,False,579657,38878,618535,0,150,0
2025-01-14,DEL,Delhi,1,Winter,Fri,180,124,124,0.688,True,False,501961,40330,542291,0,140,2
2025-07-26,CCU,Kolkata,7,Monsoon,Mon,180,136,136,0.755,True,False,489738,52283,542021,0,154,2
2025-06-01,CCU,Kolkata,6,Summer,Sun,180,161,161,0.894,True,False,618715,53691,672406,0,189,0
2025-12-27,BLR,Bengaluru,12,Winter,Tue,180,150,150,0.836,True,False,557788,54794,612582,0,175,0
2025-02-27,BOM,Mumbai,2,Winter,Fri,180,121,121,0.67,False,False,457782,41005,498787,0,134,1
2025-06-18,CCU,Kolkata,6,Summer,Thu,180,119,119,0.664,True,False,433759,40731,474490,0,136,1
2025-12-16,BLR,Bengaluru,12,Winter,Tue,180,141,141,0.785,True,False,540861,40382,581243,0,144,2
2025-06-16,HYD,Hyderabad,6,Summer,Sat,180,118,118,0.658,True,False,414590,49037,463627,0,133,2
2025-11-26,BOM,Mumbai,11,Post-Monsoon,Wed,180,176,176,0.98,False,False,906771,52954,959725,0,184,0
2025-10-23,BLR,Bengaluru,10,Post-Monsoon,Fri,180,166,166,0.921,False,False,765287,46782,812069,1,170,2
2025-04-17,DEL,Delhi,4,Spring,Wed,180,129,129,0.717,True,False,599978,42239,642217,0,136,0
2025-11-11,CCU,Kolkata,11,Post-Monsoon,Wed,180,163,163,0.905,True,False,713516,60741,774257,0,180,2
2025-06-15,BLR,Bengaluru,6,Summer,Thu,180,150,150,0.833,True,False,614968,61407,676375,0,169,1
2025-09-02,HYD,Hyderabad,9,Monsoon,Sun,180,129,129,0.714,True,False,454763,39532,494295,0,136,0
2025-03-25,BOM,Mumbai,3,Spring,Thu,180,133,133,0.737,True,False,587015,55493,642508,0,138,3
2025-11-01,BOM,Mumbai,11,Post-Monsoon,Mon,180,155,155,0.858,True,False,746128,45672,791800,0,175,0
2025-05-25,HYD,Hyderabad,5,Summer,Wed,180,139,139,0.772,True,False,516146,53477,569623,0,144,0
2025-05-06,DEL,Delhi,5,Summer,Sun,180,143,143,0.797,True,False,609897,52896,662793,0,154,1
2025-11-02,BLR,Bengaluru,11,Post-Monsoon,Fri,180,146,146,0.81,True,False,669660,43142,712802,0,157,0
2025-08-28,BLR,Bengaluru,8,Monsoon,Sat,180,152,152,0.845,True,False,566861,54357,621218,0,171,1
2025-09-24,BOM,Mumbai,9,Monsoon,Sun,180,130,130,0.722,True,False,539739,40995,580734,0,144,1
2025-05-15,CCU,Kolkata,5,Summer,Sun,180,157,157,0.875,True,False,610107,60000,670107,0,161,0
2025-09-03,BLR,Bengaluru,9,Monsoon,Wed,180,131,131,0.726,True,False,520088,47964,568052,0,137,0
2025-12-07,HYD,Hyderabad,12,Winter,Fri,180,139,139,0.77,True,False,543252,57342,600594,0,164,1
2025-05-04,CCU,Kolkata,5,Summer,Sun,180,140,140,0.778,True,False,519439,44997,564436,0,144,1
2025-07-02,BLR,Bengaluru,7,Monsoon,Fri,180,154,154,0.855,True,False,616697,50221,666918,0,179,0
2025-01-27,DEL,Delhi,1,Winter,Wed,180,146,146,0.81,True,False,561399,53459,614858,0,166,1
2025-12-26,HYD,Hyderabad,12,Winter,Sun,180,116,116,0.643,False,False,445522,47657,493179,0,119,0
2025-01-12,BLR,Bengaluru,1,Winter,Thu,180,136,136,0.758,True,False,496379,54040,550419,0,160,0
2025-03-15,BLR,Bengaluru,3,Spring,Thu,180,139,139,0.773,True,False,524296,39094,563390,0,158,0
2025-12-26,HYD,Hyderabad,12,Winter,Sat,180,138,138,0.764,True,False,480980,55344,536324,0,142,0
2025-08-11,DEL,Delhi,8,Monsoon,Sun,180,148,148,0.823,True,False,630560,47304,677864,0,160,0
2025-08-20,DEL,Delhi,8,Monsoon,Sat,180,164,164,0.91,True,False,730154,67990,798144,0,169,1
2025-06-24,BOM,Mumbai,6,Summer,Wed,180,123,123,0.683,True,False,526142,46084,572226,0,126,1
2025-11-26,BLR,Bengaluru,11,Post-Monsoon,Wed,180,164,164,0.908,True,False,779538,57804,837342,0,171,1
2025-01-17,BLR,Bengaluru,1,Winter,Fri,180,107,107,0.597,False,False,357106,39195,396301,0,115,1
2025-02-14,DEL,Delhi,2,Winter,Sat,180,108,108,0.601,False,False,408417,36135,444552,1,119,3
2025-12-05,DEL,Delhi,12,Winter,Sun,180,148,148,0.824,True,False,614161,41994,656155,0,174,1
2025-04-08,BOM,Mumbai,4,Spring,Mon,180,127,127,0.708,True,False,551619,40971,592590,0,138,1
2025-07-17,BLR,Bengaluru,7,Monsoon,Thu,180,132,132,0.735,False,False,539620,41935,581555,0,144,3
2025-03-17,CCU,Kolkata,3,Spring,Fri,180,141,141,0.785,True,False,534038,41880,575918,0,145,0
2025-05-04,BLR,Bengaluru,5,Summer,Sun,180,126,126,0.702,True,False,503045,41727,544772,0,129,0
2025-04-20,BLR,Bengaluru,4,Spring,Tue,180,127,127,0.708,True,False,515418,45849,561267,0,136,0
2025-05-21,DEL,Delhi,5,Summer,Thu,180,140,140,0.776,True,False,580880,46106,626986,0,146,1
2025-08-15,DEL,Delhi,8,Monsoon,Fri,180,145,145,0.805,True,False,675258,53597,728855,0,154,1
2025-11-19,HYD,Hyderabad,11,Post-Monsoon,Wed,180,176,176,0.98,True,False,735746,55679,791425,0,191,0
2025-12-17,CCU,Kolkata,12,Winter,Tue,180,124,124,0.689,True,False,487947,41444,529391,0,146,0
2025-07-18,DEL,Delhi,7,Monsoon,Sat,180,147,147,0.818,True,False,613675,42130,655805,0,165,1
2025-12-21,HYD,Hyderabad,12,Winter,Mon,180,155,155,0.861,True,False,576144,64475,640619,0,166,0
2025-07-23,BOM,Mumbai,7,Monsoon,Tue,180,130,130,0.722,True,False,536338,41462,577800,0,134,0
2025-04-21,DEL,Delhi,4,Spring,Sat,180,144,0,0.802,False,True,0,0,0,0,0,0
2025-09-20,BOM,Mumbai,9,Monsoon,Sun,180,148,148,0.822,False,False,605287,53658,658945,0,156,0
2025-03-08,DEL,Delhi,3,Spring,Wed,180,127,127,0.705,True,False,568854,42029,610883,0,149,0
2025-02-07,BLR,Bengaluru,2,Winter,Fri,180,133,133,0.74,True,False,478274,38683,516957,0,145,0
2025-11-19,DEL,Delhi,11,Post-Monsoon,Sun,180,161,161,0.895,True,False,792545,47847,840392,0,168,2
2025-03-27,HYD,Hyderabad,3,Spring,Tue,180,147,147,0.816,True,False,520741,53884,574625,0,168,0
2025-07-05,BLR,Bengaluru,7,Monsoon,Sat,180,154,154,0.858,True,False,575704,51925,627629,0,157,2
2025-06-06,BLR,Bengaluru,6,Summer,Mon,180,143,143,0.795,True,False,532166,53730,585896,0,154,2
2025-02-27,BLR,Bengaluru,2,Winter,Thu,180,139,139,0.771,True,False,512822,46397,559219,0,159,1
2025-03-14,DEL,Delhi,3,Spring,Thu,180,158,158,0.878,True,False,663940,45089,709029,0,170,2
2025-06-27,DEL,Delhi,6,Summer,Thu,180,142,142,0.788,True,False,630109,42383,672492,0,150,0
2025-08-14,DEL,Delhi,8,Monsoon,Mon,180,131,131,0.726,True,False,560266,47070,607336,0,142,1
2025-06-16,BLR,Bengaluru,6,Summer,Fri,180,149,149,0.825,True,False,604956,54798,659754,0,174,2
2025-03-06,BLR,Bengaluru,3,Spring,Tue,180,147,147,0.818,True,False,600964,41706,642670,0,166,0
2025-11-10,BLR,Bengaluru,11,Post-Monsoon,Fri,180,159,159,0.881,True,False,697084,63135,760219,0,186,0
2025-01-11,HYD,Hyderabad,1,Winter,Mon,180,135,135,0.75,True,False,466474,41306,507780,0,143,0
2025-04-19,BLR,Bengaluru,4,Spring,Wed,180,161,161,0.896,True,False,630862,50570,681432,0,165,3
2025-11-02,HYD,Hyderabad,11,Post-Monsoon,Sun,180,155,155,0.861,True,False,679744,64267,744011,0,159,0
2025-02-22,BOM,Mumbai,2,Winter,Mon,180,132,132,0.735,True,False,505811,40946,546757,0,152,0
2025-10-17,HYD,Hyderabad,10,Post-Monsoon,Thu,180,148,148,0.821,False,False,664352,41661,706013,0,166,0
2025-12-24,DEL,Delhi,12,Winter,Thu,180,133,133,0.739,True,False,600222,37866,638088,0,151,1
2025-07-12,BLR,Bengaluru,7,Monsoon,Fri,180,152,152,0.842,True,False,591880,46645,638525,0,162,0
2025-04-03,DEL,Delhi,4,Spring,Fri,180,141,141,0.783,True,False,648463,58747,707210,1,165,1
2025-05-02,DEL,Delhi,5,Summer,Fri,180,135,135,0.751,True,False,606834,56407,663241,0,152,2
2025-06-11,BOM,Mumbai,6,Summer,Wed,180,161,161,0.894,False,False,731332,60968,792300,0,183,0
2025-09-14,DEL,Delhi,9,Monsoon,Fri,180,128,128,0.712,True,False,593002,47837,640839,0,134,0
2025-02-13,DEL,Delhi,2,Winter,Thu,180,145,145,0.803,True,False,598810,54838,653648,0,155,0
2025-06-02,DEL,Delhi,6,Summer,Thu,180,114,114,0.635,True,False,496870,41359,538229,0,134,0
2025-04-15,BLR,Bengaluru,4,Spring,Sat,180,123,123,0.681,True,False,467790,39262,507052,0,140,0
2025-12-06,BLR,Bengaluru,12,Winter,Tue,180,141,141,0.782,True,False,575493,41851,617344,0,144,2
2025-01-15,BOM,Mumbai,1,Winter,Thu,180,136,136,0.753,True,False,504260,39641,543901,0,160,2
2025-01-07,DEL,Delhi,1,Winter,Mon,180,120,120,0.664,False,False,473346,47388,520734,0,126,1
2025-07-19,BOM,Mumbai,7,Monsoon,Tue,180,149,149,0.826,False,False,618893,57849,676742,0,174,1
2025-08-22,DEL,Delhi,8,Monsoon,Thu,180,151,151,0.84,True,False,669518,51500,721018,0,169,0
2025-12-18,DEL,Delhi,12,Winter,Sat,180,149,149,0.83,True,False,674505,56694,731199,0,153,1
2025-11-08,BOM,Mumbai,11,Post-Monsoon,Wed,180,170,170,0.947,True,False,845300,59066,904366,0,179,1
2025-03-13,BOM,Mumbai,3,Spring,Sat,180,149,149,0.828,True,False,640825,56156,696981,0,162,0
2025-06-19,BLR,Bengaluru,6,Summer,Fri,180,145,145,0.805,True,False,571777,43785,615562,0,151,0
2025-02-02,BLR,Bengaluru,2,Winter,Fri,180,124,124,0.688,False,False,428148,51406,479554,0,146,1
2025-08-12,CCU,Kolkata,8,Monsoon,Thu,180,130,130,0.724,True,False,503680,41568,545248,0,148,0
2025-01-03,DEL,Delhi,1,Winter,Mon,180,128,128,0.711,False,False,495209,37279,532488,0,137,1
2025-08-16,DEL,Delhi,8,Monsoon,Mon,180,131,131,0.728,False,False,553583,49518,603101,0,142,3
2025-04-02,BOM,Mumbai,4,Spring,Wed,180,145,145,0.803,True,False,629382,54460,683842,0,161,2
2025-05-02,CCU,Kolkata,5,Summer,Tue,180,135,135,0.75,True,False,485391,48454,533845,0,146,2
2025-12-10,BLR,Bengaluru,12,Winter,Fri,180,144,144,0.799,True,False,570827,55298,626125,0,155,2
2025-06-07,BOM,Mumbai,6,Summer,Sat,180,146,146,0.81,False,False,661052,41386,702438,0,162,0
2025-07-11,DEL,Delhi,7,Monsoon,Sun,180,126,126,0.698,True,False,578825,37548,616373,0,129,0
2025-05-25,BLR,Bengaluru,5,Summer,Wed,180,134,134,0.743,True,False,508040,47589,555629,0,149,0
2025-06-15,BLR,Bengaluru,6,Summer,Wed,180,147,147,0.814,True,False,576685,49026,625711,0,154,1
2025-02-12,DEL,Delhi,2,Winter,Mon,180,131,131,0.729,True,False,511822,52947,564769,0,150,0
2025-05-28,BOM,Mumbai,5,Summer,Wed,180,142,142,0.791,True,False,597796,51782,649578,1,147,1
2025-09-21,HYD,Hyderabad,9,Monsoon,Wed,180,149,149,0.829,True,False,549648,48290,597938,0,153,1
2025-04-26,BOM,Mumbai,4,Spring,Fri,180,126,126,0.699,True,False,533963,40510,574473,0,138,0
2025-08-13,DEL,Delhi,8,Monsoon,Sun,180,145,145,0.803,False,False,628397,60540,688937,0,164,0
2025-12-10,DEL,Delhi,12,Winter,Tue,180,137,137,0.76,True,False,635391,53846,689237,0,150,0
2025-11-02,CCU,Kolkata,11,Post-Monsoon,Tue,180,146,146,0.812,True,False,628962,54060,683022,0,171,4
2025-06-19,DEL,Delhi,6,Summer,Wed,180,146,146,0.81,False,False,606748,41593,648341,0,165,2
2025-03-21,BLR,Bengaluru,3,Spring,Fri,180,142,142,0.789,True,False,565553,49669,615222,0,163,0
2025-04-27,HYD,Hyderabad,4,Spring,Sun,180,139,139,0.77,True,False,495225,40123,535348,0,161,1
2025-05-25,BLR,Bengaluru,5,Summer,Thu,180,135,135,0.749,True,False,524000,50588,574588,0,150,0
2025-11-10,BLR,Bengaluru,11,Post-Monsoon,Sat,180,154,154,0.856,True,False,668536,57028,725564,0,158,1
2025-02-06,HYD,Hyderabad,2,Winter,Sun,180,141,141,0.784,False,False,490267,44132,534399,0,150,1
2025-12-11,DEL,Delhi,12,Winter,Sat,180,163,163,0.903,False,False,742831,63004,805835,1,189,1
2025-05-05,CCU,Kolkata,5,Summer,Wed,180,155,155,0.864,True,False,610106,61465,671571,0,173,2
2025-11-07,BOM,Mumbai,11,Post-Monsoon,Sat,180,154,154,0.853,True,False,753867,47224,801091,0,160,1
2025-10-17,BOM,Mumbai,10,Post-Monsoon,Mon,180,163,163,0.905,True,False,850209,55028,905237,0,183,0
2025-05-20,DEL,Delhi,5,Summer,Sun,180,146,146,0.809,True,False,609914,45968,655882,0,151,0
2025-04-28,BOM,Mumbai,4,Spring,Thu,180,155,155,0.861,True,False,657916,63634,721550,0,164,0
2025-03-06,CCU,Kolkata,3,Spring,Wed,180,121,121,0.674,True,False,437782,42550,480332,0,130,0
2025-11-22,DEL,Delhi,11,Post-Monsoon,Sat,180,150,150,0.833,True,False,796819,46002,842821,0,166,1
2025-11-26,BLR,Bengaluru,11,Post-Monsoon,Sun,180,160,160,0.887,True,False,703836,65941,769777,0,177,1
2025-04-16,BOM,Mumbai,4,Spring,Tue,180,143,143,0.797,True,False,639899,43374,683273,0,167,0
2025-03-26,DEL,Delhi,3,Spring,Sun,180,137,137,0.763,True,False,619840,54539,674379,0,160,1
2025-03-03,BOM,Mumbai,3,Spring,Tue,180,145,145,0.808,True,False,644875,54352,699227,0,167,0
2025-06-27,BOM,Mumbai,6,Summer,Wed,180,138,138,0.764,True,False,588843,45039,633882,0,156,1
2025-05-26,HYD,Hyderabad,5,Summer,Fri,180,154,154,0.853,True,False,602160,59525,661685,0,177,1
2025-10-19,BOM,Mumbai,10,Post-Monsoon,Mon,180,159,159,0.882,True,False,759101,54528,813629,0,170,0
2025-07-12,BLR,Bengaluru,7,Monsoon,Thu,180,151,151,0.838,False,False,618213,44496,662709,0,159,3
2025-04-23,CCU,Kolkata,4,Spring,Sat,180,129,129,0.718,True,False,475623,49392,525015,0,133,0
2025-03-26,DEL,Delhi,3,Spring,Sun,180,137,137,0.758,False,False,602806,50934,653740,0,149,1
2025-03-04,CCU,Kolkata,3,Spring,Fri,180,150,150,0.833,False,False,603789,54773,658562,0,163,0
2025-04-14,CCU,Kolkata,4,Spring,Mon,180,145,145,0.803,True,False,565950,58140,624090,0,148,0
2025-12-07,BLR,Bengaluru,12,Winter,Sun,180,148,148,0.82,False,False,592304,61159,653463,0,159,4
2025-10-26,DEL,Delhi,10,Post-Monsoon,Tue,180,173,173,0.959,True,False,913973,61454,975427,0,193,1
2025-05-22,HYD,Hyderabad,5,Summer,Fri,180,148,148,0.819,True,False,562913,55871,618784,1,157,0
2025-02-28,CCU,Kolkata,2,Winter,Wed,180,137,137,0.759,True,False,460049,38924,498973,0,158,1
2025-08-21,HYD,Hyderabad,8,Monsoon,Wed,180,136,136,0.755,False,False,517914,47989,565903,0,148,1
2025-06-06,CCU,Kolkata,6,Summer,Thu,180,127,127,0.708,False,False,507016,43155,550171,0,133,4
2025-08-03,DEL,Delhi,8,Monsoon,Sun,180,113,113,0.629,True,False,520345,43930,564275,0,125,1
2025-12-28,DEL,Delhi,12,Winter,Tue,180,137,137,0.761,False,False,593988,51203,645191,1,145,0
2025-11-19,BOM,Mumbai,11,Post-Monsoon,Fri,180,159,159,0.882,True,False,814747,51204,865951,0,178,1
2025-07-12,BOM,Mumbai,7,Monsoon,Mon,180,132,132,0.733,False,False,545943,37860,583803,0,155,1
2025-08-06,HYD,Hyderabad,8,Monsoon,Sat,180,153,153,0.85,False,False,595296,55206,650502,1,174,1
2025-07-24,BOM,Mumbai,7,Monsoon,Sat,180,137,137,0.762,True,False,578261,53841,632102,0,155,1
2025-06-12,BOM,Mumbai,6,Summer,Thu,180,161,161,0.895,True,False,728497,47163,775660,0,175,0
2025-05-07,HYD,Hyderabad,5,Summer,Tue,180,154,154,0.855,True,False,564354,49538,613892,0,180,1
2025-12-14,BLR,Bengaluru,12,Winter,Sat,180,119,119,0.663,True,False,485414,37840,523254,0,134,1
2025-11-19,BLR,Bengaluru,11,Post-Monsoon,Mon,180,136,136,0.758,False,False,609577,49068,658645,0,153,5
2025-03-15,HYD,Hyderabad,3,Spring,Thu,180,130,130,0.723,True,False,499905,52256,552161,0,144,2
2025-01-16,DEL,Delhi,1,Winter,Fri,180,125,125,0.694,True,False,483145,50267,533412,0,140,2
2025-11-19,DEL,Delhi,11,Post-Monsoon,Wed,180,156,156,0.866,True,False,781791,44533,826324,0,172,1
2025-05-23,HYD,Hyderabad,5,Summer,Tue,180,150,150,0.833,True,False,576670,53067,629737,0,156,3
2025-07-22,BOM,Mumbai,7,Monsoon,Mon,180,148,148,0.823,True,False,629837,62122,691959,0,155,0
2025-08-21,DEL,Delhi,8,Monsoon,Thu,180,140,140,0.778,True,False,634688,42049,676737,0,150,2
2025-05-10,CCU,Kolkata,5,Summer,Sat,180,129,129,0.717,False,False,484745,47508,532253,0,143,1
2025-10-09,DEL,Delhi,10,Post-Monsoon,Thu,180,141,141,0.782,True,False,696085,43169,739254,0,145,1
2025-07-01,DEL,Delhi,7,Monsoon,Thu,180,140,140,0.776,True,False,581600,41449,623049,0,160,0
2025-01-11,HYD,Hyderabad,1,Winter,Thu,180,133,133,0.738,False,False,430019,52711,482730,0,154,0
2025-01-02,DEL,Delhi,1,Winter,Tue,180,134,134,0.746,False,False,513017,53134,566151,2,148,3
2025-10-08,BOM,Mumbai,10,Post-Monsoon,Sun,180,160,160,0.89,True,False,801949,56766,858715,0,189,1
2025-04-28,HYD,Hyderabad,4,Spring,Fri,180,144,144,0.801,True,False,511266,41856,553122,0,148,0
2025-07-12,BOM,Mumbai,7,Monsoon,Fri,180,130,0,0.723,False,True,0,0,0,0,0,0
2025-12-23,HYD,Hyderabad,12,Winter,Mon,180,144,144,0.802,True,False,525560,56730,582290,0,157,0
2025-11-17,BLR,Bengaluru,11,Post-Monsoon,Fri,180,159,159,0.881,True,False,733020,53833,786853,0,180,1
2025-10-08,HYD,Hyderabad,10,Post-Monsoon,Sun,180,162,162,0.899,True,False,661120,55946,717066,0,167,0
2025-11-05,BOM,Mumbai,11,Post-Monsoon,Thu,180,158,158,0.876,True,False,749890,55293,805183,0,174,0
2025-01-18,DEL,Delhi,1,Winter,Fri,180,127,127,0.705,False,False,481526,43021,524547,0,140,0
2025-11-12,DEL,Delhi,11,Post-Monsoon,Tue,180,156,156,0.864,True,False,827125,61449,888574,0,169,0
2025-04-18,BOM,Mumbai,4,Spring,Fri,180,144,144,0.801,True,False,631124,42337,673461,0,164,1
2025-03-23,BOM,Mumbai,3,Spring,Fri,180,145,145,0.806,True,False,590751,41285,632036,0,149,1
2025-10-04,DEL,Delhi,10,Post-Monsoon,Thu,180,152,152,0.842,True,False,749402,62429,811831,0,162,1
2025-07-01,BOM,Mumbai,7,Monsoon,Tue,180,132,132,0.733,True,False,566937,44756,611693,0,147,3
2025-10-12,DEL,Delhi,10,Post-Monsoon,Sun,180,150,150,0.835,True,False,747082,62184,809266,0,154,0
2025-10-20,BOM,Mumbai,10,Post-Monsoon,Sun,180,154,154,0.854,False,False,740038,50028,790066,0,181,0
2025-04-09,DEL,Delhi,4,Spring,Sat,180,137,137,0.763,False,False,622173,47687,669860,0,158,1
2025-07-25,DEL,Delhi,7,Monsoon,Mon,180,140,140,0.778,True,False,589231,49816,639047,0,158,2
2025-02-02,DEL,Delhi,2,Winter,Sat,180,132,132,0.734,False,False,497165,38011,535176,1,143,0
2025-06-08,DEL,Delhi,6,Summer,Wed,180,148,148,0.824,True,False,672115,53294,725409,0,165,3
2025-08-08,DEL,Delhi,8,Monsoon,Sun,180,141,141,0.781,True,False,595954,57213,653167,0,157,1
2025-07-04,BLR,Bengaluru,7,Monsoon,Mon,180,131,131,0.728,True,False,534535,40859,575394,0,150,2
2025-06-19,DEL,Delhi,6,Summer,Wed,180,162,162,0.902,False,False,714057,53111,767168,0,186,2
2025-05-22,HYD,Hyderabad,5,Summer,Wed,180,159,159,0.884,True,False,601067,47796,648863,0,171,1
2025-05-02,BLR,Bengaluru,5,Summer,Tue,180,143,143,0.793,True,False,550033,58346,608379,0,168,0
2025-09-23,BOM,Mumbai,9,Monsoon,Tue,180,147,147,0.819,True,False,604752,45102,649854,0,171,0
2025-02-06,DEL,Delhi,2,Winter,Sat,180,125,125,0.696,True,False,489952,42855,532807,0,131,0
2025-08-07,BLR,Bengaluru,8,Monsoon,Thu,180,133,0,0.738,False,True,0,0,0,2,0,0
2025-07-15,BOM,Mumbai,7,Monsoon,Sun,180,149,149,0.827,True,False,636852,54947,691799,0,160,0
2025-11-14,CCU,Kolkata,11,Post-Monsoon,Mon,180,150,150,0.832,False,False,684027,62654,746681,0,164,1
2025-07-04,DEL,Delhi,7,Monsoon,Tue,180,142,142,0.789,True,False,623367,43583,666950,0,159,0
2025-08-21,DEL,Delhi,8,Monsoon,Tue,180,143,143,0.795,True,False,630658,59634,690292,0,164,1
2025-06-17,BOM,Mumbai,6,Summer,Wed,180,132,132,0.731,True,False,596466,37085,633551,0,148,0
2025-08-24,DEL,Delhi,8,Monsoon,Fri,180,141,141,0.785,False,False,655778,40848,696626,0,144,0
2025-01-23,CCU,Kolkata,1,Winter,Sun,180,132,132,0.732,True,False,472195,49173,521368,0,145,1
2025-02-16,HYD,Hyderabad,2,Winter,Sun,180,129,129,0.716,True,False,429965,36639,466604,0,136,0
2025-07-20,BLR,Bengaluru,7,Monsoon,Thu,180,142,142,0.789,True,False,573511,52408,625919,0,160,2
2025-01-02,DEL,Delhi,1,Winter,Thu,180,129,129,0.715,False,False,524816,47881,572697,0,152,1
2025-10-25,DEL,Delhi,10,Post-Monsoon,Thu,180,151,151,0.84,True,False,791843,58344,850187,0,171,0
2025-09-03,DEL,Delhi,9,Monsoon,Fri,180,152,152,0.842,False,False,635918,45283,681201,0,168,0
2025-01-18,DEL,Delhi,1,Winter,Thu,180,147,147,0.816,False,False,575928,59483,635411,0,166,0
2025-08-20,BLR,Bengaluru,8,Monsoon,Fri,180,133,133,0.741,True,False,536119,45030,581149,0,142,0
2025-04-21,HYD,Hyderabad,4,Spring,Sun,180,149,149,0.826,True,False,545556,46086,591642,0,161,0
2025-07-23,DEL,Delhi,7,Monsoon,Sun,180,147,147,0.814,False,False,656130,61540,717670,0,162,4
2025-03-12,BLR,Bengaluru,3,Spring,Sat,180,133,133,0.74,True,False,517525,53722,571247,0,139,1
2025-03-10,BOM,Mumbai,3,Spring,Wed,180,169,169,0.937,True,False,706754,64075,770829,0,180,0
2025-11-12,BOM,Mumbai,11,Post-Monsoon,Thu,180,154,154,0.857,True,False,803781,62293,866074,0,169,1
2025-09-01,CCU,Kolkata,9,Monsoon,Sat,180,162,162,0.901,False,False,625616,51900,677516,0,184,3
2025-05-26,DEL,Delhi,5,Summer,Thu,180,134,134,0.743,True,False,556887,39378,596265,0,146,1
2025-03-12,BOM,Mumbai,3,Spring,Sat,180,140,140,0.776,True,False,614571,43968,658539,0,150,0
2025-01-25,BLR,Bengaluru,1,Winter,Sat,180,134,134,0.747,True,False,492863,54113,546976,0,145,0
2025-02-10,HYD,Hyderabad,2,Winter,Tue,180,128,128,0.709,False,False,413176,53052,466228,0,131,0
2025-02-18,HYD,Hyderabad,2,Winter,Sat,180,130,130,0.722,True,False,437916,42877,480793,0,135,2
2025-01-07,BLR,Bengaluru,1,Winter,Sun,180,130,130,0.722,True,False,481145,39424,520569,0,146,2
2025-03-22,DEL,Delhi,3,Spring,Sat,180,157,157,0.87,True,False,715639,50567,766206,0,166,1
2025-03-05,BLR,Bengaluru,3,Spring,Wed,180,141,141,0.785,True,False,535775,49083,584858,0,165,0
2025-11-21,BLR,Bengaluru,11,Post-Monsoon,Tue,180,163,163,0.907,True,False,714733,46216,760949,0,178,0
2025-05-13,HYD,Hyderabad,5,Summer,Mon,180,132,132,0.736,True,False,479448,46592,526040,0,144,0
2025-10-18,DEL,Delhi,10,Post-Monsoon,Sun,180,152,152,0.843,False,False,760451,58761,819212,0,172,1
2025-06-16,BOM,Mumbai,6,Summer,Fri,180,130,130,0.722,True,False,526756,47622,574378,0,138,0
2025-06-11,HYD,Hyderabad,6,Summer,Thu,180,160,160,0.891,True,False,621710,52178,673888,0,176,1
2025-08-14,HYD,Hyderabad,8,Monsoon,Thu,180,170,170,0.942,True,False,591602,52968,644570,0,186,0
2025-05-20,BOM,Mumbai,5,Summer,Mon,180,140,140,0.778,True,False,602404,44085,646489,0,157,1
2025-02-23,BOM,Mumbai,2,Winter,Sat,180,132,132,0.731,True,False,495475,51016,546491,0,138,0
2025-08-25,HYD,Hyderabad,8,Monsoon,Sun,180,125,125,0.692,True,False,438218,46513,484731,0,131,0
2025-05-08,BLR,Bengaluru,5,Summer,Wed,180,137,137,0.761,True,False,549473,46016,595489,0,140,0
2025-06-02,DEL,Delhi,6,Summer,Tue,180,173,173,0.962,True,False,799265,69208,868473,0,177,1
2025-02-01,HYD,Hyderabad,2,Winter,Tue,180,130,130,0.721,True,False,425014,39328,464342,0,146,1
2025-06-15,BLR,Bengaluru,6,Summer,Mon,180,142,142,0.786,True,False,529619,54415,584034,1,163,1
2025-01-01,BOM,Mumbai,1,Winter,Thu,180,133,133,0.738,True,False,526971,42112,569083,0,142,2
2025-11-03,HYD,Hyderabad,11,Post-Monsoon,Thu,180,168,168,0.933,True,False,695160,62634,757794,0,173,1
2025-07-16,BOM,Mumbai,7,Monsoon,Thu,180,140,140,0.779,True,False,615660,47531,663191,0,149,1
2025-07-10,BLR,Bengaluru,7,Monsoon,Sat,180,139,139,0.77,False,False,529858,43209,573067,0,149,1
2025-07-12,BOM,Mumbai,7,Monsoon,Sat,180,131,131,0.729,False,False,569729,52787,622516,0,136,1
2025-08-15,BOM,Mumbai,8,Monsoon,Fri,180,116,116,0.647,True,False,492969,41445,534414,0,132,4
2025-02-03,CCU,Kolkata,2,Winter,Mon,180,124,124,0.686,True,False,445455,51788,497243,0,133,0
2025-10-06,BOM,Mumbai,10,Post-Monsoon,Sat,180,165,165,0.916,False,False,844862,55025,899887,3,179,2
2025-08-24,HYD,Hyderabad,8,Monsoon,Fri,180,152,152,0.844,True,False,582660,46755,629415,0,161,2
2025-02-18,BOM,Mumbai,2,Winter,Wed,180,142,142,0.789,True,False,549099,56718,605817,0,152,2
2025-05-06,DEL,Delhi,5,Summer,Wed,180,135,135,0.748,False,False,563090,41252,604342,2,154,2
2025-05-11,BLR,Bengaluru,5,Summer,Sun,180,131,131,0.726,True,False,497839,54171,552010,0,139,3
2025-08-17,BLR,Bengaluru,8,Monsoon,Mon,180,167,167,0.926,True,False,618074,65978,684052,0,193,1
2025-04-07,DEL,Delhi,4,Spring,Sun,180,154,154,0.857,True,False,709872,53754,763626,0,172,1
2025-10-13,DEL,Delhi,10,Post-Monsoon,Sun,180,160,160,0.888,True,False,833610,62032,895642,0,177,0
2025-02-26,DEL,Delhi,2,Winter,Wed,180,120,120,0.664,True,False,477336,35856,513192,0,141,0
2025-09-28,DEL,Delhi,9,Monsoon,Wed,180,147,147,0.819,True,False,625083,47312,672395,0,167,1
2025-08-02,HYD,Hyderabad,8,Monsoon,Sat,180,167,167,0.93,True,False,603664,59174,662838,0,176,0
2025-08-08,HYD,Hyderabad,8,Monsoon,Fri,180,144,144,0.8,True,False,511301,43564,554865,0,154,1
2025-02-15,BLR,Bengaluru,2,Winter,Wed,180,120,120,0.667,True,False,416464,44682,461146,0,138,0
2025-02-16,CCU,Kolkata,2,Winter,Tue,180,158,158,0.879,True,False,531427,65098,596525,0,169,0
2025-01-04,DEL,Delhi,1,Winter,Thu,180,152,152,0.842,False,False,637012,47496,684508,1,158,1
2025-09-08,DEL,Delhi,9,Monsoon,Thu,180,137,137,0.762,False,False,567000,51115,618115,0,146,0
2025-03-24,HYD,Hyderabad,3,Spring,Mon,180,140,140,0.777,False,False,535543,43079,578622,0,155,3
2025-06-18,BOM,Mumbai,6,Summer,Tue,180,140,140,0.78,False,False,608892,56465,665357,0,152,0
2025-04-05,HYD,Hyderabad,4,Spring,Sun,180,139,139,0.775,True,False,498605,51000,549605,0,152,1
2025-02-12,BOM,Mumbai,2,Winter,Fri,180,113,113,0.629,True,False,451811,44202,496013,0,120,0
2025-06-05,DEL,Delhi,6,Summer,Tue,180,138,138,0.768,True,False,584710,53085,637795,0,149,0
2025-09-18,CCU,Kolkata,9,Monsoon,Fri,180,145,145,0.804,True,False,531459,49259,580718,0,164,0
2025-09-12,DEL,Delhi,9,Monsoon,Wed,180,150,150,0.833,True,False,636785,46891,683676,0,170,2
2025-10-01,HYD,Hyderabad,10,Post-Monsoon,Thu,180,156,156,0.864,False,False,676799,58995,735794,0,160,1
2025-09-09,CCU,Kolkata,9,Monsoon,Tue,180,131,131,0.73,True,False,477354,43095,520449,0,135,0
2025-08-12,DEL,Delhi,8,Monsoon,Fri,180,148,148,0.82,True,False,638206,48349,686555,0,164,0
2025-06-15,DEL,Delhi,6,Summer,Tue,180,143,143,0.796,True,False,651313,42514,693827,0,159,0
2025-11-28,BOM,Mumbai,11,Post-Monsoon,Sun,180,158,158,0.878,True,False,799017,56761,855778,0,162,0
2025-02-23,BLR,Bengaluru,2,Winter,Fri,180,126,126,0.697,True,False,418118,46982,465100,0,129,0
2025-06-22,HYD,Hyderabad,6,Summer,Thu,180,137,137,0.759,True,False,476902,39292,516194,0,144,1
2025-03-06,DEL,Delhi,3,Spring,Mon,180,145,145,0.805,True,False,666394,47484,713878,0,152,1
2025-08-04,DEL,Delhi,8,Monsoon,Tue,180,150,150,0.831,True,False,634650,56563,691213,0,167,1
2025-02-16,BOM,Mumbai,2,Winter,Tue,180,154,154,0.856,False,False,572916,59209,632125,0,164,3
2025-01-17,BOM,Mumbai,1,Winter,Sun,180,151,151,0.837,True,False,595096,52028,647124,1,175,0
2025-11-14,CCU,Kolkata,11,Post-Monsoon,Sun,180,166,166,0.922,True,False,693209,48410,741619,0,195,1
2025-07-01,BLR,Bengaluru,7,Monsoon,Wed,180,122,122,0.679,True,False,451206,38362,489568,0,143,0
2025-12-17,BOM,Mumbai,12,Winter,Wed,180,140,140,0.78,False,False,613939,53290,667229,0,150,3
2025-12-16,BLR,Bengaluru,12,Winter,Tue,180,158,158,0.875,True,False,617795,53728,671523,0,175,0
2025-07-20,BLR,Bengaluru,7,Monsoon,Mon,180,148,148,0.823,True,False,550998,45756,596754,0,169,0
2025-03-11,BOM,Mumbai,3,Spring,Wed,180,138,138,0.768,True,False,616929,39148,656077,0,159,1
2025-05-25,DEL,Delhi,5,Summer,Wed,180,149,149,0.83,True,False,641999,43895,685894,0,163,0
2025-03-16,DEL,Delhi,3,Spring,Mon,180,144,144,0.802,True,False,607549,50390,657939,0,158,1
2025-12-03,DEL,Delhi,12,Winter,Sat,180,161,161,0.894,True,False,668888,66935,735823,0,165,2
2025-05-17,BLR,Bengaluru,5,Summer,Sat,180,151,151,0.84,True,False,608083,44210,652293,0,173,2
2025-12-13,DEL,Delhi,12,Winter,Sun,180,147,147,0.818,True,False,646409,55059,701468,0,155,0
2025-06-14,BLR,Bengaluru,6,Summer,Thu,180,138,138,0.764,True,False,554906,53867,608773,0,149,1
2025-05-25,HYD,Hyderabad,5,Summer,Mon,180,150,150,0.835,True,False,522384,46709,569093,0,168,2
2025-10-13,BOM,Mumbai,10,Post-Monsoon,Tue,180,161,161,0.893,True,False,764554,49554,814108,0,168,1
2025-07-17,DEL,Delhi,7,Monsoon,Tue,180,135,135,0.749,True,False,597467,56139,653606,0,157,1
2025-11-26,BLR,Bengaluru,11,Post-Monsoon,Sun,180,170,170,0.943,True,False,760343,63254,823597,0,188,0
2025-11-09,DEL,Delhi,11,Post-Monsoon,Thu,180,154,154,0.856,True,False,788220,61608,849828,0,160,3
2025-09-28,HYD,Hyderabad,9,Monsoon,Fri,180,144,144,0.801,True,False,517423,43965,561388,0,169,1
2025-04-16,BOM,Mumbai,4,Spring,Fri,180,136,136,0.758,True,False,579505,49863,629368,0,152,1
2025-11-09,DEL,Delhi,11,Post-Monsoon,Mon,180,154,154,0.858,True,False,740950,50173,791123,0,171,0
2025-09-12,HYD,Hyderabad,9,Monsoon,Wed,180,124,124,0.691,True,False,470043,47303,517346,0,136,1
2025-07-06,HYD,Hyderabad,7,Monsoon,Sun,180,137,137,0.758,True,False,514014,41646,555660,0,149,0
2025-02-17,DEL,Delhi,2,Winter,Mon,180,141,141,0.784,True,False,539993,49258,589251,0,155,1
2025-02-13,DEL,Delhi,2,Winter,Sat,180,142,142,0.79,True,False,555005,50466,605471,0,159,0
2025-09-13,BOM,Mumbai,9,Monsoon,Mon,180,132,132,0.732,True,False,541953,38098,580051,0,145,2
2025-05-02,DEL,Delhi,5,Summer,Fri,180,146,146,0.81,True,False,618709,41471,660180,0,164,1
2025-07-24,BLR,Bengaluru,7,Monsoon,Fri,180,132,132,0.732,True,False,510390,54292,564682,0,154,1
2025-02-14,HYD,Hyderabad,2,Winter,Tue,180,138,138,0.765,True,False,472205,41331,513536,2,148,2
2025-10-07,HYD,Hyderabad,10,Post-Monsoon,Sat,180,159,159,0.884,True,False,699757,58171,757928,0,166,1
2025-10-11,CCU,Kolkata,10,Post-Monsoon,Sun,180,143,143,0.797,True,False,616040,43651,659691,0,150,1
2025-05-10,DEL,Delhi,5,Summer,Wed,180,137,137,0.763,True,False,589547,42485,632032,0,148,1
2025-07-15,BOM,Mumbai,7,Monsoon,Sun,180,137,137,0.762,True,False,579130,47222,626352,0,157,0
2025-08-07,DEL,Delhi,8,Monsoon,Tue,180,153,153,0.849,True,False,679154,62504,741658,0,172,1
2025-02-12,BLR,Bengaluru,2,Winter,Sat,180,150,150,0.831,True,False,534179,42596,576775,0,173,1
2025-06-27,DEL,Delhi,6,Summer,Sat,180,133,133,0.741,True,False,571263,55212,626475,0,157,2
2025-09-05,DEL,Delhi,9,Monsoon,Sun,180,140,140,0.779,True,False,583640,55506,639146,0,163,2
2025-01-25,BOM,Mumbai,1,Winter,Thu,180,135,135,0.75,False,False,512482,52844,565326,0,156,2
2025-05-09,CCU,Kolkata,5,Summer,Thu,180,143,143,0.792,True,False,565501,56324,621825,0,163,0
2025-03-28,BOM,Mumbai,3,Spring,Fri,180,133,133,0.74,True,False,537734,51095,588829,0,139,1
2025-09-07,BOM,Mumbai,9,Monsoon,Mon,180,112,112,0.621,False,False,477757,40443,518200,0,123,2
2025-05-10,BOM,Mumbai,5,Summer,Sun,180,155,155,0.863,True,False,656147,58981,715128,0,171,1
2025-07-25,BOM,Mumbai,7,Monsoon,Tue,180,112,112,0.623,True,False,510244,37709,547953,0,123,1
2025-11-20,HYD,Hyderabad,11,Post-Monsoon,Tue,180,151,151,0.837,True,False,652113,47171,699284,0,156,1
2025-12-11,BOM,Mumbai,12,Winter,Mon,180,155,155,0.86,False,False,669903,63018,732921,0,178,2
2025-11-11,BOM,Mumbai,11,Post-Monsoon,Mon,180,149,149,0.829,True,False,765829,54210,820039,0,174,2
2025-06-26,BOM,Mumbai,6,Summer,Mon,180,173,173,0.961,True,False,741454,70948,812402,0,196,1
2025-04-26,DEL,Delhi,4,Spring,Sat,180,145,145,0.804,True,False,626264,54379,680643,0,158,2
2025-03-08,HYD,Hyderabad,3,Spring,Wed,180,151,151,0.837,True,False,569289,46333,615622,0,165,1
2025-03-20,BLR,Bengaluru,3,Spring,Wed,180,133,133,0.736,True,False,542894,47939,590833,0,146,0
2025-07-01,BOM,Mumbai,7,Monsoon,Sun,180,133,133,0.741,True,False,562349,45115,607464,0,148,0
2025-02-11,DEL,Delhi,2,Winter,Mon,180,123,123,0.683,True,False,480723,40145,520868,0,133,0
2025-11-18,DEL,Delhi,11,Post-Monsoon,Tue,180,164,164,0.909,True,False,848132,60736,908868,0,173,2
2025-01-25,HYD,Hyderabad,1,Winter,Mon,180,134,134,0.747,True,False,466763,44247,511010,0,153,0
2025-07-06,HYD,Hyderabad,7,Monsoon,Mon,180,147,147,0.818,True,False,576077,60259,636336,1,163,1
2025-05-25,BLR,Bengaluru,5,Summer,Fri,180,138,138,0.765,True,False,553107,49912,603019,0,158,0
2025-10-08,BLR,Bengaluru,10,Post-Monsoon,Sat,180,149,149,0.826,True,False,654617,54203,708820,0,159,1
2025-02-23,BLR,Bengaluru,2,Winter,Wed,180,101,101,0.56,True,False,354519,38046,392565,0,105,1
2025-10-14,CCU,Kolkata,10,Post-Monsoon,Mon,180,149,149,0.826,True,False,680810,56020,736830,0,155,0
2025-01-09,HYD,Hyderabad,1,Winter,Wed,180,125,125,0.697,True,False,421322,39446,460768,0,128,0
2025-04-15,BLR,Bengaluru,4,Spring,Sun,180,129,129,0.718,True,False,488880,49249,538129,0,145,1
2025-07-11,BLR,Bengaluru,7,Monsoon,Sun,180,154,154,0.854,True,False,566524,55911,622435,0,175,1
2025-11-18,HYD,Hyderabad,11,Post-Monsoon,Sun,180,163,163,0.905,True,False,701554,49901,751455,0,170,0
2025-04-10,BLR,Bengaluru,4,Spring,Tue,180,128,128,0.712,True,False,522617,42408,565025,0,144,0
2025-10-01,CCU,Kolkata,10,Post-Monsoon,Mon,180,176,176,0.98,True,False,747322,54227,801549,0,186,2
2025-11-11,HYD,Hyderabad,11,Post-Monsoon,Wed,180,166,166,0.924,True,False,736245,61467,797712,0,190,0
2025-10-26,DEL,Delhi,10,Post-Monsoon,Wed,180,176,176,0.98,True,False,851711,59891,911602,0,180,1
2025-11-04,HYD,Hyderabad,11,Post-Monsoon,Wed,180,153,153,0.85,True,False,629823,48377,678200,0,178,0
2025-11-26,HYD,Hyderabad,11,Post-Monsoon,Mon,180,164,164,0.91,False,False,665473,54816,720289,0,171,2
2025-09-08,DEL,Delhi,9,Monsoon,Sun,180,139,139,0.774,True,False,625038,55252,680290,0,148,1
2025-01-08,BOM,Mumbai,1,Winter,Wed,180,137,137,0.763,True,False,553638,44483,598121,0,140,1
2025-01-17,BOM,Mumbai,1,Winter,Sat,180,132,132,0.734,False,False,490837,55193,546030,1,142,1
2025-11-13,HYD,Hyderabad,11,Post-Monsoon,Thu,180,152,152,0.842,True,False,609818,51098,660916,0,161,2
2025-08-14,CCU,Kolkata,8,Monsoon,Wed,180,134,134,0.747,True,False,495108,39054,534162,0,149,0
2025-01-23,DEL,Delhi,1,Winter,Sun,180,139,139,0.773,False,False,527235,48482,575717,0,152,1
2025-12-06,DEL,Delhi,12,Winter,Sat,180,137,137,0.761,False,False,590986,41688,632674,0,153,3
2025-12-21,HYD,Hyderabad,12,Winter,Mon,180,152,152,0.846,True,False,533256,52994,586250,0,173,0
2025-02-15,BOM,Mumbai,2,Winter,Sat,180,128,128,0.709,True,False,522139,36095,558234,0,145,1
2025-12-01,BLR,Bengaluru,12,Winter,Sat,180,152,152,0.845,True,False,604609,42880,647489,0,159,2
2025-09-28,BLR,Bengaluru,9,Monsoon,Thu,180,137,137,0.759,True,False,532697,55177,587874,0,147,0
2025-01-04,BOM,Mumbai,1,Winter,Thu,180,105,105,0.581,True,False,428701,29743,458444,0,113,0
2025-11-23,BOM,Mumbai,11,Post-Monsoon,Sun,180,168,168,0.934,False,False,861205,50480,911685,2,193,0
2025-03-19,HYD,Hyderabad,3,Spring,Fri,180,121,121,0.675,True,False,471489,49517,521006,0,126,1
2025-05-14,DEL,Delhi,5,Summer,Wed,180,136,136,0.753,True,False,582938,47151,630089,0,156,1
2025-01-07,BLR,Bengaluru,1,Winter,Sat,180,131,131,0.731,True,False,478153,50126,528279,0,135,0
2025-12-05,HYD,Hyderabad,12,Winter,Tue,180,155,155,0.86,True,False,590388,64706,655094,0,167,2
2025-02-09,DEL,Delhi,2,Winter,Wed,180,124,124,0.686,True,False,515113,44475,559588,0,142,3
2025-05-24,BLR,Bengaluru,5,Summer,Fri,180,144,144,0.802,True,False,535877,53045,588922,0,155,0
2025-08-14,HYD,Hyderabad,8,Monsoon,Wed,180,139,139,0.771,True,False,516474,56038,572512,0,142,2
2025-10-10,DEL,Delhi,10,Post-Monsoon,Fri,180,157,157,0.872,True,False,812420,52387,864807,0,169,1
2025-02-03,BLR,Bengaluru,2,Winter,Wed,180,125,125,0.693,True,False,463410,44921,508331,0,144,1
2025-05-18,DEL,Delhi,5,Summer,Wed,180,163,163,0.907,False,False,745456,53369,798825,0,189,0
2025-11-06,CCU,Kolkata,11,Post-Monsoon,Fri,180,151,151,0.838,True,False,672411,43267,715678,0,168,0
2025-02-22,BLR,Bengaluru,2,Winter,Wed,180,117,117,0.647,True,False,389174,41484,430658,0,133,2
2025-04-14,BOM,Mumbai,4,Spring,Sat,180,155,155,0.859,True,False,663132,52407,715539,0,170,1
2025-07-25,BLR,Bengaluru,7,Monsoon,Mon,180,143,143,0.795,True,False,575381,57740,633121,0,154,0
2025-11-26,HYD,Hyderabad,11,Post-Monsoon,Sun,180,144,144,0.801,True,False,602540,50870,653410,0,165,0
2025-03-16,CCU,Kolkata,3,Spring,Fri,180,124,124,0.691,True,False,493083,35081,528164,0,134,0
2025-12-10,BOM,Mumbai,12,Winter,Sun,180,132,132,0.732,True,False,576634,40160,616794,2,140,3
2025-09-10,DEL,Delhi,9,Monsoon,Tue,180,147,147,0.818,True,False,663951,43636,707587,0,157,2
2025-02-20,HYD,Hyderabad,2,Winter,Mon,180,125,125,0.697,False,False,409530,43711,453241,0,139,0
2025-07-23,BLR,Bengaluru,7,Monsoon,Sat,180,148,148,0.822,True,False,590483,49679,640162,0,154,1
2025-05-25,BLR,Bengaluru,5,Summer,Fri,180,133,133,0.741,False,False,490798,54794,545592,0,157,0
2025-10-05,BLR,Bengaluru,10,Post-Monsoon,Thu,180,152,152,0.843,True,False,663521,46062,709583,0,165,0
2025-05-06,HYD,Hyderabad,5,Summer,Sun,180,144,144,0.801,True,False,511287,48502,559789,0,152,0
2025-06-27,DEL,Delhi,6,Summer,Wed,180,153,153,0.848,False,False,703038,46286,749324,0,168,3
2025-08-10,DEL,Delhi,8,Monsoon,Tue,180,156,156,0.865,True,False,653701,58442,712143,0,159,0
2025-08-18,BOM,Mumbai,8,Monsoon,Sat,180,139,139,0.775,False,False,568558,56555,625113,0,160,2
2025-07-12,BOM,Mumbai,7,Monsoon,Sat,180,128,128,0.712,True,False,531315,52888,584203,0,137,0
2025-01-09,BLR,Bengaluru,1,Winter,Fri,180,130,130,0.723,True,False,467392,40622,508014,0,150,0
2025-09-05,DEL,Delhi,9,Monsoon,Mon,180,145,145,0.806,True,False,608275,55161,663436,0,170,1
2025-10-24,HYD,Hyderabad,10,Post-Monsoon,Mon,180,171,171,0.948,True,False,743084,54512,797596,0,176,0
2025-03-24,BOM,Mumbai,3,Spring,Fri,180,148,148,0.821,False,False,658412,54743,713155,0,171,2
2025-05-17,CCU,Kolkata,5,Summer,Tue,180,142,142,0.786,True,False,537754,51424,589178,0,153,0
2025-07-11,BLR,Bengaluru,7,Monsoon,Thu,180,148,148,0.821,True,False,601132,49988,651120,0,172,0
2025-08-24,BOM,Mumbai,8,Monsoon,Fri,180,133,133,0.74,False,False,542464,46432,588896,0,138,1
2025-02-20,DEL,Delhi,2,Winter,Wed,180,133,133,0.74,True,False,543357,54537,597894,0,150,0
2025-09-12,BOM,Mumbai,9,Monsoon,Wed,180,149,149,0.829,False,False,665434,45911,711345,0,162,2
2025-02-03,DEL,Delhi,2,Winter,Wed,180,126,126,0.702,True,False,490076,41947,532023,0,144,2
2025-05-17,BLR,Bengaluru,5,Summer,Wed,180,153,153,0.853,False,False,627684,54149,681833,0,177,1
2025-04-24,DEL,Delhi,4,Spring,Tue,180,134,134,0.745,True,False,578215,52382,630597,0,154,1
2025-08-12,HYD,Hyderabad,8,Monsoon,Sun,180,118,118,0.657,True,False,412712,43250,455962,1,137,0
2025-11-27,BOM,Mumbai,11,Post-Monsoon,Mon,180,149,149,0.825,True,False,738771,53532,792303,0,157,1
2025-05-23,BLR,Bengaluru,5,Summer,Mon,180,133,133,0.736,True,False,497214,49323,546537,0,154,1
2025-04-17,DEL,Delhi,4,Spring,Fri,180,144,144,0.798,True,False,606488,59189,665677,0,158,2
2025-08-05,BLR,Bengaluru,8,Monsoon,Tue,180,148,148,0.824,True,False,577095,48659,625754,0,160,3
2025-12-04,BOM,Mumbai,12,Winter,Fri,180,147,147,0.816,True,False,609761,51764,661525,0,163,0
2025-10-28,CCU,Kolkata,10,Post-Monsoon,Sun,180,150,150,0.835,True,False,622036,60510,682546,0,164,0
2025-09-14,BOM,Mumbai,9,Monsoon,Sun,180,139,139,0.772,False,False,606859,53177,660036,0,145,0
2025-01-26,BLR,Bengaluru,1,Winter,Fri,180,129,129,0.716,True,False,448205,53906,502111,0,139,0
2025-09-25,BLR,Bengaluru,9,Monsoon,Wed,180,159,159,0.884,False,False,649784,56594,706378,1,173,1
2025-04-21,DEL,Delhi,4,Spring,Thu,180,143,143,0.795,True,False,593842,44474,638316,0,155,2
2025-04-20,DEL,Delhi,4,Spring,Sat,180,145,145,0.804,True,False,628929,55247,684176,0,159,2
2025-01-12,BOM,Mumbai,1,Winter,Tue,180,132,132,0.733,True,False,507268,40521,547789,0,135,2
2025-07-12,HYD,Hyderabad,7,Monsoon,Tue,180,146,146,0.813,True,False,508529,55562,564091,0,172,2
2025-01-28,HYD,Hyderabad,1,Winter,Tue,180,142,142,0.788,True,False,445840,49252,495092,0,163,0
2025-07-02,BOM,Mumbai,7,Monsoon,Thu,180,150,150,0.834,False,False,640025,55860,695885,0,167,4
2025-10-09,BOM,Mumbai,10,Post-Monsoon,Wed,180,169,169,0.941,True,False,835721,65229,900950,0,182,0
2025-04-25,BOM,Mumbai,4,Spring,Fri,180,141,141,0.783,True,False,622441,43604,666045,0,159,0
2025-01-09,BOM,Mumbai,1,Winter,Mon,180,124,124,0.69,True,False,505876,45152,551028,0,142,0
2025-11-11,BOM,Mumbai,11,Post-Monsoon,Wed,180,161,161,0.894,True,False,842669,46059,888728,0,172,1
2025-07-28,BOM,Mumbai,7,Monsoon,Fri,180,172,172,0.953,True,False,699838,61863,761701,0,177,0
2025-02-15,HYD,Hyderabad,2,Winter,Fri,180,121,121,0.672,True,False,416493,41581,458074,0,135,0
2025-06-16,DEL,Delhi,6,Summer,Sun,180,151,151,0.839,True,False,647476,54789,702265,0,177,1
2025-10-15,BLR,Bengaluru,10,Post-Monsoon,Fri,180,172,172,0.956,True,False,749152,66770,815922,0,177,1
2025-01-28,BLR,Bengaluru,1,Winter,Fri,180,140,140,0.776,False,False,514917,39514,554431,0,147,0
2025-11-25,BOM,Mumbai,11,Post-Monsoon,Fri,180,153,153,0.852,True,False,744188,56826,801014,0,168,1
2025-04-18,HYD,Hyderabad,4,Spring,Wed,180,137,137,0.761,True,False,534186,55665,589851,0,147,1
2025-02-11,BLR,Bengaluru,2,Winter,Sat,180,114,114,0.634,True,False,388691,46322,435013,0,127,1
2025-05-16,BOM,Mumbai,5,Summer,Thu,180,140,140,0.779,True,False,575166,49427,624593,0,161,0
2025-04-09,BOM,Mumbai,4,Spring,Thu,180,159,159,0.886,True,False,646241,53895,700136,0,173,1
2025-12-20,DEL,Delhi,12,Winter,Fri,180,134,134,0.745,False,False,561767,44161,605928,0,155,0
2025-02-08,HYD,Hyderabad,2,Winter,Sun,180,128,128,0.713,True,False,415059,49143,464202,0,134,1
2025-10-18,HYD,Hyderabad,10,Post-Monsoon,Sat,180,153,153,0.85,True,False,653346,49909,703255,0,167,0
2025-11-03,BLR,Bengaluru,11,Post-Monsoon,Sun,180,176,176,0.98,True,False,819147,61979,881126,0,184,0
2025-08-08,DEL,Delhi,8,Monsoon,Thu,180,127,127,0.706,True,False,534938,47629,582567,0,130,1
2025-03-27,HYD,Hyderabad,3,Spring,Sun,180,147,147,0.817,True,False,545397,60999,606396,0,151,0
2025-11-09,BOM,Mumbai,11,Post-Monsoon,Mon,180,158,158,0.877,True,False,813737,49246,862983,0,178,0
2025-07-08,BOM,Mumbai,7,Monsoon,Sat,180,139,139,0.773,False,False,591482,42987,634469,0,162,0
2025-05-28,DEL,Delhi,5,Summer,Tue,180,124,124,0.688,True,False,566945,35197,602142,0,136,0
2025-12-24,BOM,Mumbai,12,Winter,Sun,180,126,126,0.701,False,False,555933,40936,596869,0,131,0
2025-01-06,CCU,Kolkata,1,Winter,Wed,180,129,129,0.714,True,False,452030,40877,492907,0,137,1
2025-03-14,DEL,Delhi,3,Spring,Sun,180,143,143,0.796,True,False,596528,58488,655016,0,146,1
2025-12-12,BLR,Bengaluru,12,Winter,Sun,180,124,124,0.69,True,False,497771,48134,545905,0,127,1
2025-04-21,DEL,Delhi,4,Spring,Fri,180,147,147,0.815,True,False,669696,46195,715891,0,165,1
2025-04-23,BLR,Bengaluru,4,Spring,Sat,180,145,145,0.804,True,False,546215,57008,603223,0,159,2
2025-01-21,HYD,Hyderabad,1,Winter,Fri,180,126,126,0.7,True,False,422038,49841,471879,1,147,0
2025-08-27,CCU,Kolkata,8,Monsoon,Thu,180,126,126,0.703,False,False,451859,40562,492421,0,143,2
2025-05-06,HYD,Hyderabad,5,Summer,Sat,180,144,144,0.801,True,False,504754,54249,559003,0,154,3
2025-02-22,DEL,Delhi,2,Winter,Thu,180,122,122,0.677,False,False,493766,36828,530594,0,133,1
2025-08-25,HYD,Hyderabad,8,Monsoon,Mon,180,134,134,0.744,True,False,503592,39486,543078,0,139,0
2025-01-04,BOM,Mumbai,1,Winter,Wed,180,132,132,0.736,True,False,480706,38988,519694,0,153,0
2025-09-24,BOM,Mumbai,9,Monsoon,Fri,180,130,130,0.722,True,False,555614,46990,602604,0,152,0
2025-07-15,BOM,Mumbai,7,Monsoon,Mon,180,115,115,0.641,False,False,510044,45798,555842,1,133,1
2025-04-08,BOM,Mumbai,4,Spring,Sun,180,132,132,0.732,True,False,576705,50710,627415,0,151,1
2025-10-02,CCU,Kolkata,10,Post-Monsoon,Fri,180,144,144,0.8,True,False,660343,58554,718897,0,161,2
2025-02-17,HYD,Hyderabad,2,Winter,Sun,180,142,142,0.789,True,False,492528,58088,550616,0,155,2
2025-05-25,DEL,Delhi,5,Summer,Sun,180,139,139,0.773,False,False,617778,41674,659452,0,154,0
2025-10-22,CCU,Kolkata,10,Post-Monsoon,Wed,180,159,159,0.884,True,False,716760,66397,783157,0,164,1
2025-05-09,HYD,Hyderabad,5,Summer,Sun,180,135,135,0.749,True,False,504424,38005,542429,0,145,1
2025-11-17,CCU,Kolkata,11,Post-Monsoon,Sat,180,130,130,0.72,False,False,580794,45443,626237,0,148,1
2025-11-02,BLR,Bengaluru,11,Post-Monsoon,Wed,180,157,157,0.872,False,False,705282,60759,766041,0,177,1
2025-05-04,HYD,Hyderabad,5,Summer,Thu,180,141,141,0.782,False,False,501864,48842,550706,0,145,1
2025-06-13,HYD,Hyderabad,6,Summer,Sat,180,145,145,0.805,True,False,507059,56559,563618,0,164,0
2025-05-01,BOM,Mumbai,5,Summer,Thu,180,137,137,0.762,True,False,587513,45323,632836,0,144,2
2025-11-10,DEL,Delhi,11,Post-Monsoon,Sun,180,165,165,0.919,True,False,812872,55901,868773,0,193,1
2025-02-17,HYD,Hyderabad,2,Winter,Fri,180,127,127,0.704,True,False,406236,41746,447982,0,142,1
2025-10-15,DEL,Delhi,10,Post-Monsoon,Sat,180,160,160,0.889,False,False,853100,67134,920234,0,169,1
2025-02-07,CCU,Kolkata,2,Winter,Fri,180,124,124,0.689,True,False,420771,43051,463822,0,140,0
2025-06-18,BOM,Mumbai,6,Summer,Tue,180,130,130,0.724,False,False,545321,39709,585030,0,142,2
2025-11-11,BLR,Bengaluru,11,Post-Monsoon,Sat,180,136,136,0.755,True,False,632419,38170,670589,0,155,2
2025-06-16,DEL,Delhi,6,Summer,Sat,180,139,139,0.771,True,False,609434,57579,667013,0,158,0
2025-02-20,BLR,Bengaluru,2,Winter,Wed,180,137,137,0.761,True,False,504931,44570,549501,0,153,1
2025-11-18,BLR,Bengaluru,11,Post-Monsoon,Tue,180,148,148,0.823,True,False,643260,43492,686752,0,152,0
2025-08-16,DEL,Delhi,8,Monsoon,Sat,180,135,135,0.752,True,False,615794,43888,659682,0,147,1
2025-06-01,BOM,Mumbai,6,Summer,Mon,180,156,156,0.866,True,False,707360,50014,757374,0,164,0
2025-03-21,BLR,Bengaluru,3,Spring,Sat,180,149,149,0.829,True,False,550640,51845,602485,2,159,0
2025-09-10,BOM,Mumbai,9,Monsoon,Fri,180,139,139,0.77,False,False,612937,46799,659736,0,153,0
2025-02-19,BLR,Bengaluru,2,Winter,Sun,180,150,150,0.831,False,False,517339,57220,574559,0,173,0
2025-09-18,DEL,Delhi,9,Monsoon,Sun,180,145,145,0.807,False,False,630139,54406,684545,0,159,1
2025-07-01,DEL,Delhi,7,Monsoon,Wed,180,146,146,0.813,False,False,624470,57160,681630,0,171,2
2025-01-20,BLR,Bengaluru,1,Winter,Sat,180,127,127,0.704,True,False,461110,42463,503573,0,140,1
2025-09-12,BOM,Mumbai,9,Monsoon,Mon,180,156,156,0.866,False,False,637296,44535,681831,0,181,2
2025-08-07,HYD,Hyderabad,8,Monsoon,Sat,180,145,145,0.805,True,False,516676,41740,558416,0,168,2
2025-03-08,BOM,Mumbai,3,Spring,Fri,180,116,0,0.645,False,True,0,0,0,1,0,0
2025-07-20,BOM,Mumbai,7,Monsoon,Mon,180,130,130,0.72,True,False,588416,42835,631251,0,147,1
2025-07-13,HYD,Hyderabad,7,Monsoon,Sat,180,134,134,0.743,True,False,475379,39304,514683,0,158,0
2025-01-20,DEL,Delhi,1,Winter,Sat,180,134,134,0.743,True,False,541324,49855,591179,0,143,1
2025-04-22,HYD,Hyderabad,4,Spring,Wed,180,143,143,0.794,True,False,520802,47771,568573,0,164,1
2025-03-07,BLR,Bengaluru,3,Spring,Thu,180,150,150,0.834,True,False,557265,54178,611443,0,155,0
2025-04-19,DEL,Delhi,4,Spring,Wed,180,150,150,0.835,True,False,644533,45217,689750,0,170,1
2025-01-15,BLR,Bengaluru,1,Winter,Sun,180,116,116,0.647,True,False,425669,39171,464840,0,133,0
2025-07-13,CCU,Kolkata,7,Monsoon,Mon,180,136,136,0.755,False,False,529318,52251,581569,3,146,0
2025-10-05,HYD,Hyderabad,10,Post-Monsoon,Mon,180,159,159,0.882,False,False,674934,50631,725565,0,165,1
2025-02-09,BLR,Bengaluru,2,Winter,Fri,180,139,139,0.773,True,False,508788,53264,562052,0,159,0
2025-02-27,BLR,Bengaluru,2,Winter,Tue,180,130,130,0.723,True,False,464308,46046,510354,0,152,0
2025-09-21,BLR,Bengaluru,9,Monsoon,Wed,180,157,157,0.875,False,False,596088,64169,660257,0,184,0
2025-02-27,DEL,Delhi,2,Winter,Mon,180,120,120,0.669,True,False,462906,41117,504023,0,135,0
2025-10-28,BOM,Mumbai,10,Post-Monsoon,Wed,180,176,176,0.98,True,False,833771,58126,891897,0,205,3
2025-10-27,BLR,Bengaluru,10,Post-Monsoon,Fri,180,147,147,0.815,False,False,680944,46789,727733,0,173,0
2025-09-08,BOM,Mumbai,9,Monsoon,Fri,180,131,131,0.727,True,False,536387,38672,575059,0,153,1
2025-11-27,DEL,Delhi,11,Post-Monsoon,Tue,180,162,162,0.901,True,False,776775,64226,841001,0,167,0
2025-08-25,BOM,Mumbai,8,Monsoon,Tue,180,125,125,0.692,True,False,527383,43780,571163,0,147,0
2025-10-20,DEL,Delhi,10,Post-Monsoon,Wed,180,176,176,0.98,True,False,903310,58860,962170,0,207,0
2025-10-06,BOM,Mumbai,10,Post-Monsoon,Thu,180,164,164,0.91,True,False,843077,53122,896199,0,182,0
2025-11-09,DEL,Delhi,11,Post-Monsoon,Thu,180,148,148,0.821,True,False,722394,52716,775110,0,174,0
2025-04-22,BLR,Bengaluru,4,Spring,Sun,180,136,136,0.754,True,False,500343,46270,546613,0,150,0
2025-07-24,BOM,Mumbai,7,Monsoon,Wed,180,138,138,0.766,True,False,625833,39064,664897,0,154,0
2025-10-01,DEL,Delhi,10,Post-Monsoon,Fri,180,137,137,0.759,True,False,694126,47383,741509,0,158,1
2025-08-06,HYD,Hyderabad,8,Monsoon,Sat,180,136,136,0.758,True,False,533391,54033,587424,0,153,0
2025-05-10,CCU,Kolkata,5,Summer,Thu,180,143,143,0.796,True,False,553892,45161,599053,1,153,2
2025-08-22,BLR,Bengaluru,8,Monsoon,Sun,180,146,146,0.809,True,False,548835,52362,601197,0,155,0
2025-06-07,HYD,Hyderabad,6,Summer,Thu,180,133,133,0.741,True,False,478559,48528,527087,0,145,0
2025-06-25,HYD,Hyderabad,6,Summer,Tue,180,139,139,0.774,True,False,511594,44672,556266,0,160,0
2025-10-06,BLR,Bengaluru,10,Post-Monsoon,Tue,180,162,162,0.901,True,False,739814,61531,801345,0,190,2
2025-03-16,DEL,Delhi,3,Spring,Sat,180,169,169,0.937,True,False,757638,55963,813601,0,178,0
2025-07-21,BOM,Mumbai,7,Monsoon,Sun,180,156,156,0.864,True,False,685908,56096,742004,0,179,2
2025-01-26,DEL,Delhi,1,Winter,Thu,180,122,122,0.676,False,False,478052,41977,520029,1,136,0
2025-11-05,BLR,Bengaluru,11,Post-Monsoon,Fri,180,152,152,0.842,True,False,688556,56509,745065,0,166,0
2025-01-25,DEL,Delhi,1,Winter,Thu,180,129,129,0.719,False,False,495160,42471,537631,0,137,0
2025-06-03,BLR,Bengaluru,6,Summer,Thu,180,157,157,0.875,True,False,616910,45243,662153,0,174,1
2025-03-12,BOM,Mumbai,3,Spring,Sat,180,138,138,0.764,True,False,578448,51409,629857,0,142,0
2025-08-02,DEL,Delhi,8,Monsoon,Sat,180,131,131,0.728,True,False,546238,49320,595558,0,151,1
2025-03-04,BOM,Mumbai,3,Spring,Wed,180,131,131,0.729,True,False,592589,46438,639027,0,151,0
2025-03-22,CCU,Kolkata,3,Spring,Wed,180,141,141,0.784,True,False,534267,42976,577243,0,166,0
2025-02-02,BOM,Mumbai,2,Winter,Tue,180,130,130,0.721,False,False,528840,42557,571397,0,138,4
2025-12-19,DEL,Delhi,12,Winter,Sun,180,129,129,0.715,False,False,559989,48973,608962,2,148,1
2025-02-26,CCU,Kolkata,2,Winter,Wed,180,146,146,0.812,False,False,526568,57095,583663,0,159,1
2025-07-12,DEL,Delhi,7,Monsoon,Fri,180,136,136,0.757,True,False,608365,55156,663521,0,159,1
2025-05-16,HYD,Hyderabad,5,Summer,Fri,180,153,153,0.849,True,False,592078,45108,637186,0,174,2
2025-08-04,CCU,Kolkata,8,Monsoon,Mon,180,121,121,0.674,True,False,486561,38299,524860,0,141,0
2025-12-21,BLR,Bengaluru,12,Winter,Tue,180,144,144,0.798,False,False,533507,52760,586267,0,147,1
2025-10-18,BOM,Mumbai,10,Post-Monsoon,Tue,180,170,170,0.944,True,False,861038,68131,929169,0,192,2
2025-01-07,CCU,Kolkata,1,Winter,Mon,180,117,117,0.65,True,False,392586,33214,425800,0,125,0
2025-09-12,BOM,Mumbai,9,Monsoon,Fri,180,154,154,0.857,True,False,650731,49021,699752,0,159,1
2025-06-22,DEL,Delhi,6,Summer,Wed,180,148,148,0.822,True,False,633118,47954,681072,0,161,1
2025-06-25,DEL,Delhi,6,Summer,Thu,180,137,137,0.759,False,False,606857,53678,660535,0,141,0
2025-09-11,DEL,Delhi,9,Monsoon,Fri,180,151,151,0.836,True,False,677914,57722,735636,0,175,0
2025-07-23,BOM,Mumbai,7,Monsoon,Wed,180,137,137,0.759,True,False,567028,43181,610209,0,156,0
2025-05-26,CCU,Kolkata,5,Summer,Wed,180,151,151,0.839,True,False,564596,43287,607883,0,158,1
2025-11-25,BOM,Mumbai,11,Post-Monsoon,Sat,180,141,141,0.786,True,False,699585,53013,752598,0,152,0
2025-02-25,BLR,Bengaluru,2,Winter,Fri,180,131,131,0.727,True,False,460565,42941,503506,0,139,0
2025-09-07,HYD,Hyderabad,9,Monsoon,Tue,180,123,123,0.686,True,False,430514,35855,466369,0,131,0
2025-11-08,DEL,Delhi,11,Post-Monsoon,Mon,180,141,141,0.785,True,False,701108,52903,754011,0,164,0
2025-01-16,BOM,Mumbai,1,Winter,Sun,180,134,134,0.745,True,False,502358,46538,548896,0,154,2
2025-07-03,DEL,Delhi,7,Monsoon,Wed,180,138,138,0.769,True,False,626756,42336,669092,0,144,3
2025-05-26,DEL,Delhi,5,Summer,Fri,180,137,137,0.763,True,False,602919,55048,657967,0,142,0
2025-12-22,BLR,Bengaluru,12,Winter,Sat,180,159,159,0.885,True,False,614583,57001,671584,0,163,0
2025-05-17,BLR,Bengaluru,5,Summer,Wed,180,130,130,0.723,True,False,482344,36583,518927,0,146,1
2025-06-16,DEL,Delhi,6,Summer,Thu,180,143,143,0.797,True,False,625894,45862,671756,0,161,0
2025-10-14,CCU,Kolkata,10,Post-Monsoon,Tue,180,168,168,0.932,True,False,726990,62005,788995,0,194,0
2025-05-28,BLR,Bengaluru,5,Summer,Wed,180,143,143,0.792,True,False,553257,51218,604475,0,151,0
2025-03-05,DEL,Delhi,3,Spring,Sat,180,125,125,0.695,True,False,557427,45753,603180,0,144,0
2025-12-28,DEL,Delhi,12,Winter,Sat,180,124,124,0.687,False,False,531695,45636,577331,1,146,1
2025-01-26,DEL,Delhi,1,Winter,Tue,180,132,132,0.732,False,False,529965,50995,580960,0,150,4
2025-03-21,CCU,Kolkata,3,Spring,Sat,180,128,128,0.709,True,False,484104,40787,524891,0,148,0
2025-07-15,DEL,Delhi,7,Monsoon,Sun,180,157,157,0.874,False,False,705847,56423,762270,0,184,0
2025-02-03,CCU,Kolkata,2,Winter,Sat,180,129,129,0.718,True,False,434224,39263,473487,0,147,1
2025-12-05,HYD,Hyderabad,12,Winter,Mon,180,136,136,0.753,False,False,514647,42377,557024,0,158,0
2025-02-16,DEL,Delhi,2,Winter,Tue,180,152,152,0.843,False,False,629731,61211,690942,1,157,1
2025-05-06,DEL,Delhi,5,Summer,Tue,180,140,140,0.778,True,False,632633,56838,689471,0,146,1
2025-12-17,DEL,Delhi,12,Winter,Tue,180,147,147,0.815,True,False,634192,60506,694698,0,157,0
2025-09-21,DEL,Delhi,9,Monsoon,Fri,180,158,158,0.878,False,False,719127,58607,777734,0,174,1
2025-10-07,BLR,Bengaluru,10,Post-Monsoon,Fri,180,153,153,0.848,True,False,653312,51815,705127,0,165,1
2025-01-21,HYD,Hyderabad,1,Winter,Mon,180,133,133,0.738,False,False,424436,54057,478493,0,139,2
2025-03-22,BOM,Mumbai,3,Spring,Tue,180,145,145,0.803,False,False,633253,50032,683285,0,153,1
2025-05-15,BOM,Mumbai,5,Summer,Fri,180,126,126,0.701,True,False,548834,37023,585857,0,141,0
2025-09-27,DEL,Delhi,9,Monsoon,Wed,180,144,144,0.8,True,False,670448,51806,722254,0,162,0
2025-01-03,HYD,Hyderabad,1,Winter,Thu,180,128,128,0.71,True,False,437122,40071,477193,0,147,0
2025-09-27,BOM,Mumbai,9,Monsoon,Tue,180,139,139,0.772,False,False,621867,50174,672041,0,161,3
2025-06-04,BLR,Bengaluru,6,Summer,Wed,180,150,150,0.836,True,False,604343,52807,657150,0,157,1
2025-07-18,BOM,Mumbai,7,Monsoon,Tue,180,163,163,0.907,True,False,741759,64158,805917,0,173,0
2025-03-26,BOM,Mumbai,3,Spring,Sat,180,131,131,0.727,True,False,533837,50663,584500,0,154,1
2025-04-24,BOM,Mumbai,4,Spring,Wed,180,146,146,0.81,True,False,605365,52844,658209,0,160,2
2025-01-12,CCU,Kolkata,1,Winter,Wed,180,139,139,0.771,True,False,476049,48791,524840,0,149,1
2025-12-21,CCU,Kolkata,12,Winter,Sun,180,142,142,0.791,True,False,549523,53640,603163,0,162,0
2025-11-02,BLR,Bengaluru,11,Post-Monsoon,Sat,180,158,158,0.877,True,False,692586,45663,738249,0,184,0
2025-12-27,BLR,Bengaluru,12,Winter,Fri,180,138,138,0.769,True,False,545839,42281,588120,0,161,1
2025-10-17,DEL,Delhi,10,Post-Monsoon,Sat,180,150,150,0.833,True,False,714632,49022,763654,0,154,0
2025-04-03,BOM,Mumbai,4,Spring,Fri,180,142,142,0.786,True,False,630152,48185,678337,0,146,1
2025-10-25,BOM,Mumbai,10,Post-Monsoon,Sun,180,132,132,0.731,True,False,627535,46545,674080,0,155,0
2025-03-17,BLR,Bengaluru,3,Spring,Sat,180,134,134,0.745,True,False,508495,40687,549182,0,146,1
2025-03-28,CCU,Kolkata,3,Spring,Sat,180,147,147,0.815,True,False,587211,55702,642913,0,160,0
2025-10-01,BOM,Mumbai,10,Post-Monsoon,Sun,180,148,148,0.82,True,False,696539,42371,738910,0,159,0
2025-03-14,BOM,Mumbai,3,Spring,Sat,180,158,158,0.876,True,False,684494,54068,738562,0,173,0
2025-05-27,BOM,Mumbai,5,Summer,Tue,180,155,155,0.862,True,False,658788,59968,718756,0,164,0
2025-05-14,BOM,Mumbai,5,Summer,Sat,180,154,154,0.858,False,False,669505,56479,725984,0,172,0
2025-03-04,DEL,Delhi,3,Spring,Thu,180,152,152,0.842,True,False,681144,50777,731921,0,156,0
2025-03-03,BOM,Mumbai,3,Spring,Sun,180,164,164,0.913,True,False,742991,49280,792271,0,175,1
2025-12-12,HYD,Hyderabad,12,Winter,Tue,180,145,145,0.806,True,False,545868,51267,597135,0,168,3
2025-08-24,DEL,Delhi,8,Monsoon,Thu,180,149,149,0.827,True,False,617149,60612,677761,0,152,2
2025-12-06,BOM,Mumbai,12,Winter,Tue,180,135,135,0.752,True,False,558303,40707,599010,0,150,2
2025-07-03,BOM,Mumbai,7,Monsoon,Mon,180,145,145,0.803,True,False,594532,41977,636509,0,156,1
2025-10-06,HYD,Hyderabad,10,Post-Monsoon,Mon,180,163,163,0.905,True,False,701571,58299,759870,0,173,0
2025-12-22,BLR,Bengaluru,12,Winter,Sun,180,136,136,0.758,True,False,509735,51288,561023,0,159,0
2025-12-03,BOM,Mumbai,12,Winter,Fri,180,125,125,0.695,True,False,550494,46363,596857,0,133,0
2025-08-13,DEL,Delhi,8,Monsoon,Sun,180,141,141,0.785,True,False,644008,54317,698325,1,154,1
2025-02-09,CCU,Kolkata,2,Winter,Sat,180,119,119,0.661,False,False,401832,42379,444211,0,137,0
2025-06-01,BLR,Bengaluru,6,Summer,Sat,180,161,161,0.894,False,False,637801,66767,704568,2,165,0
2025-07-09,DEL,Delhi,7,Monsoon,Thu,180,153,153,0.852,True,False,688307,53501,741808,0,156,0
2025-04-11,DEL,Delhi,4,Spring,Sun,180,138,138,0.768,True,False,622995,40036,663031,0,158,1
2025-01-05,CCU,Kolkata,1,Winter,Fri,180,147,147,0.819,True,False,507571,46874,554445,0,169,0
2025-07-03,BLR,Bengaluru,7,Monsoon,Fri,180,138,138,0.765,False,False,542848,39720,582568,0,144,1
2025-08-16,BOM,Mumbai,8,Monsoon,Thu,180,151,151,0.839,True,False,640059,54306,694365,0,172,1
2025-06-28,DEL,Delhi,6,Summer,Thu,180,153,153,0.852,True,False,637750,43987,681737,0,164,0
2025-08-03,BLR,Bengaluru,8,Monsoon,Fri,180,132,132,0.734,True,False,527532,54544,582076,0,142,0
2025-11-14,HYD,Hyderabad,11,Post-Monsoon,Fri,180,155,155,0.863,False,False,675264,64360,739624,0,162,2
2025-09-19,BOM,Mumbai,9,Monsoon,Fri,180,148,148,0.822,True,False,605669,49876,655545,0,167,0
2025-09-04,DEL,Delhi,9,Monsoon,Tue,180,156,156,0.865,False,False,679192,60889,740081,0,178,2
2025-06-20,HYD,Hyderabad,6,Summer,Mon,180,147,147,0.816,True,False,527468,50576,578044,0,163,0
2025-11-21,BLR,Bengaluru,11,Post-Monsoon,Tue,180,156,156,0.864,True,False,674509,47287,721796,0,173,0
2025-10-04,BLR,Bengaluru,10,Post-Monsoon,Sat,180,144,144,0.799,True,False,652130,50161,702291,0,152,0
2025-05-02,BLR,Bengaluru,5,Summer,Sun,180,135,135,0.751,False,False,516854,41329,558183,1,141,1
2025-07-25,BOM,Mumbai,7,Monsoon,Sat,180,142,142,0.788,True,False,592534,41371,633905,0,150,1
2025-04-01,DEL,Delhi,4,Spring,Tue,180,143,143,0.797,True,False,622911,43655,666566,0,163,1
2025-04-10,DEL,Delhi,4,Spring,Sat,180,131,131,0.729,True,False,576654,49054,625708,0,145,0
2025-06-28,DEL,Delhi,6,Summer,Mon,180,142,142,0.787,True,False,615006,57812,672818,0,164,0
2025-11-14,BLR,Bengaluru,11,Post-Monsoon,Thu,180,166,166,0.921,True,False,774768,56667,831435,0,181,0
2025-03-22,BLR,Bengaluru,3,Spring,Tue,180,129,129,0.714,True,False,485969,51302,537271,0,134,1
2025-06-04,DEL,Delhi,6,Summer,Tue,180,150,150,0.832,True,False,629674,53637,683311,0,163,2
2025-12-20,DEL,Delhi,12,Winter,Sat,180,144,144,0.801,True,False,623374,42107,665481,0,159,0
2025-06-20,DEL,Delhi,6,Summer,Sun,180,160,160,0.889,True,False,700754,49361,750115,0,186,0
2025-11-27,CCU,Kolkata,11,Post-Monsoon,Sat,180,153,153,0.852,True,False,660770,45661,706431,0,177,1
2025-04-16,BLR,Bengaluru,4,Spring,Tue,180,130,130,0.722,True,False,501761,46473,548234,0,142,1
2025-02-03,BLR,Bengaluru,2,Winter,Tue,180,138,138,0.764,True,False,465097,57525,522622,0,163,1
2025-01-17,BOM,Mumbai,1,Winter,Mon,180,135,135,0.752,True,False,515248,44724,559972,0,145,0
2025-08-08,BOM,Mumbai,8,Monsoon,Sun,180,158,158,0.876,True,False,699380,64749,764129,0,166,3
2025-01-09,DEL,Delhi,1,Winter,Wed,180,143,143,0.792,False,False,542354,53578,595932,0,155,0
2025-05-02,BLR,Bengaluru,5,Summer,Mon,180,148,148,0.823,True,False,566409,53958,620367,0,174,1
2025-01-02,BLR,Bengaluru,1,Winter,Tue,180,106,106,0.587,True,False,355830,41448,397278,0,117,0
2025-07-27,BOM,Mumbai,7,Monsoon,Sun,180,157,157,0.872,True,False,649688,56622,706310,0,183,0
2025-12-14,CCU,Kolkata,12,Winter,Sat,180,138,138,0.766,True,False,510960,46976,557936,0,144,0
2025-07-11,DEL,Delhi,7,Monsoon,Mon,180,141,141,0.785,True,False,648301,45013,693314,0,151,0
2025-06-15,DEL,Delhi,6,Summer,Thu,180,148,148,0.82,False,False,688857,44441,733298,0,174,2
2025-10-21,DEL,Delhi,10,Post-Monsoon,Sun,180,148,148,0.824,False,False,715389,52271,767660,0,155,3
2025-05-04,CCU,Kolkata,5,Summer,Tue,180,139,139,0.77,True,False,532342,41997,574339,0,147,2
2025-03-08,BOM,Mumbai,3,Spring,Fri,180,154,154,0.855,True,False,664812,58473,723285,0,161,0
2025-10-07,BOM,Mumbai,10,Post-Monsoon,Mon,180,135,135,0.748,False,False,636552,38458,675010,0,153,0
2025-03-05,BLR,Bengaluru,3,Spring,Thu,180,127,127,0.703,True,False,502723,43513,546236,0,138,2
2025-02-23,BLR,Bengaluru,2,Winter,Thu,180,134,134,0.742,True,False,457946,46823,504769,1,146,0
2025-09-21,BLR,Bengaluru,9,Monsoon,Sat,180,128,128,0.713,True,False,490955,40376,531331,0,132,3
2025-03-07,DEL,Delhi,3,Spring,Thu,180,134,134,0.744,True,False,571836,47561,619397,0,146,1
2025-07-13,BLR,Bengaluru,7,Monsoon,Sun,180,137,137,0.764,True,False,531681,39817,571498,0,160,2
2025-06-03,BOM,Mumbai,6,Summer,Tue,180,135,135,0.75,True,False,586847,40271,627118,0,156,0
2025-11-28,BOM,Mumbai,11,Post-Monsoon,Fri,180,145,145,0.807,False,False,693209,52213,745422,0,160,1
2025-06-08,BLR,Bengaluru,6,Summer,Fri,180,130,130,0.721,True,False,518254,38582,556836,0,151,1
2025-09-15,DEL,Delhi,9,Monsoon,Thu,180,133,133,0.736,True,False,609703,44049,653752,0,144,1
2025-04-11,BLR,Bengaluru,4,Spring,Mon,180,130,130,0.725,True,False,530693,43522,574215,0,151,0
2025-04-21,HYD,Hyderabad,4,Spring,Tue,180,127,127,0.708,True,False,462668,35857,498525,0,142,1
2025-12-18,BLR,Bengaluru,12,Winter,Sun,180,145,145,0.807,True,False,547793,59785,607578,0,153,1
2025-10-06,DEL,Delhi,10,Post-Monsoon,Wed,180,146,146,0.81,True,False,725499,60320,785819,0,168,3
2025-05-04,HYD,Hyderabad,5,Summer,Tue,180,158,158,0.878,True,False,552115,47946,600061,0,175,0
2025-03-26,HYD,Hyderabad,3,Spring,Wed,180,141,141,0.786,True,False,498274,56898,555172,0,162,1
2025-03-24,HYD,Hyderabad,3,Spring,Tue,180,146,146,0.812,True,False,526468,54296,580764,0,156,0
2025-09-22,DEL,Delhi,9,Monsoon,Tue,180,147,147,0.814,True,False,665372,50292,715664,0,165,1
2025-06-04,DEL,Delhi,6,Summer,Mon,180,127,127,0.703,False,False,571464,47035,618499,0,141,1
2025-04-04,BOM,Mumbai,4,Spring,Thu,180,140,140,0.775,True,False,592256,44350,636606,0,143,1
2025-10-01,BLR,Bengaluru,10,Post-Monsoon,Fri,180,171,171,0.948,True,False,784985,50387,835372,0,194,1
2025-01-06,BLR,Bengaluru,1,Winter,Sat,180,146,146,0.812,True,False,518687,46677,565364,0,161,2
2025-06-28,BOM,Mumbai,6,Summer,Fri,180,137,137,0.762,False,False,577954,51514,629468,2,142,3
2025-06-02,CCU,Kolkata,6,Summer,Sat,180,130,130,0.721,False,False,518404,52567,570971,0,141,1
2025-03-22,BLR,Bengaluru,3,Spring,Wed,180,130,130,0.72,True,False,524236,44319,568555,0,151,0
2025-10-26,BLR,Bengaluru,10,Post-Monsoon,Tue,180,143,143,0.792,True,False,639778,46549,686327,0,159,1
2025-11-07,BLR,Bengaluru,11,Post-Monsoon,Sat,180,159,159,0.884,True,False,706176,53388,759564,0,169,0
2025-04-11,BOM,Mumbai,4,Spring,Sat,180,138,138,0.767,False,False,608352,39073,647425,0,149,0
2025-11-23,BOM,Mumbai,11,Post-Monsoon,Thu,180,164,164,0.91,False,False,766675,64044,830719,2,176,2
2025-03-23,CCU,Kolkata,3,Spring,Sun,180,133,133,0.737,True,False,508388,53963,562351,1,141,1
2025-04-04,DEL,Delhi,4,Spring,Sun,180,147,147,0.816,True,False,683007,45979,728986,0,163,2
2025-09-21,CCU,Kolkata,9,Monsoon,Mon,180,132,132,0.734,True,False,528301,50581,578882,0,145,1
2025-05-21,HYD,Hyderabad,5,Summer,Wed,180,142,142,0.786,True,False,496219,43915,540134,0,159,0
2025-05-05,CCU,Kolkata,5,Summer,Mon,180,148,148,0.821,False,False,544447,45284,589731,0,158,5
2025-02-02,BOM,Mumbai,2,Winter,Sat,180,135,135,0.751,True,False,539395,39807,579202,0,140,1
2025-07-09,BLR,Bengaluru,7,Monsoon,Sun,180,143,143,0.794,True,False,538870,45413,584283,0,165,1
2025-06-14,DEL,Delhi,6,Summer,Sun,180,137,137,0.76,True,False,567777,56158,623935,0,161,0
2025-03-19,BLR,Bengaluru,3,Spring,Thu,180,139,139,0.772,True,False,563687,57607,621294,0,143,0
2025-11-05,CCU,Kolkata,11,Post-Monsoon,Fri,180,158,158,0.88,True,False,680034,47202,727236,0,179,1
2025-04-04,BOM,Mumbai,4,Spring,Wed,180,159,159,0.884,False,False,658548,56530,715078,2,163,1
2025-08-14,BOM,Mumbai,8,Monsoon,Fri,180,121,121,0.669,True,False,537948,36407,574355,0,134,0
2025-01-17,BOM,Mumbai,1,Winter,Fri,180,146,146,0.809,True,False,558276,42276,600552,0,164,0
2025-06-27,HYD,Hyderabad,6,Summer,Sun,180,135,135,0.747,True,False,480091,53511,533602,0,150,0
2025-04-01,DEL,Delhi,4,Spring,Thu,180,135,135,0.747,True,False,594885,39474,634359,0,141,1
2025-07-13,DEL,Delhi,7,Monsoon,Wed,180,147,147,0.817,True,False,621443,51323,672766,0,155,0
2025-03-02,BOM,Mumbai,3,Spring,Tue,180,148,148,0.824,True,False,658834,45762,704596,0,157,1
2025-01-03,CCU,Kolkata,1,Winter,Tue,180,132,132,0.733,True,False,478332,44166,522498,0,144,1
2025-05-02,BOM,Mumbai,5,Summer,Fri,180,138,138,0.769,True,False,581323,52797,634120,0,143,0
2025-06-15,CCU,Kolkata,6,Summer,Sun,180,137,137,0.763,True,False,541111,49429,590540,0,141,1
2025-07-04,CCU,Kolkata,7,Monsoon,Tue,180,139,139,0.77,False,False,516620,49194,565814,0,146,2
2025-01-22,BLR,Bengaluru,1,Winter,Wed,180,130,130,0.72,False,False,446888,51777,498665,0,152,1
2025-08-24,DEL,Delhi,8,Monsoon,Fri,180,148,148,0.823,True,False,655473,48544,704017,0,172,0
2025-02-15,DEL,Delhi,2,Winter,Tue,180,142,142,0.789,True,False,556283,52548,608831,0,156,1
2025-05-12,HYD,Hyderabad,5,Summer,Mon,180,130,130,0.72,True,False,494808,39965,534773,0,145,0
2025-10-03,CCU,Kolkata,10,Post-Monsoon,Sun,180,157,157,0.874,True,False,714912,50373,765285,0,181,0
2025-12-15,BOM,Mumbai,12,Winter,Tue,180,140,140,0.776,False,False,635975,49683,685658,2,162,2
2025-09-13,HYD,Hyderabad,9,Monsoon,Wed,180,133,133,0.736,True,False,474337,43802,518139,0,137,0
2025-01-08,BLR,Bengaluru,1,Winter,Thu,180,124,124,0.688,True,False,423582,43932,467514,0,129,1
2025-07-10,BOM,Mumbai,7,Monsoon,Sun,180,134,134,0.742,False,False,575194,50573,625767,0,147,0
2025-04-09,CCU,Kolkata,4,Spring,Tue,180,139,139,0.774,True,False,509478,46557,556035,0,142,0
2025-04-26,DEL,Delhi,4,Spring,Sat,180,145,145,0.808,True,False,604081,47157,651238,0,161,1
2025-05-17,BOM,Mumbai,5,Summer,Sat,180,141,141,0.781,True,False,608979,46527,655506,0,165,4
2025-01-18,CCU,Kolkata,1,Winter,Tue,180,130,130,0.72,False,False,441616,46689,488305,3,140,4
2025-05-22,DEL,Delhi,5,Summer,Sun,180,134,134,0.744,False,False,584102,46475,630577,0,146,0
2025-10-20,DEL,Delhi,10,Post-Monsoon,Sat,180,143,143,0.792,True,False,688172,48030,736202,0,149,0
2025-10-16,BOM,Mumbai,10,Post-Monsoon,Sun,180,139,139,0.775,True,False,652963,44042,697005,0,161,0
2025-01-01,BOM,Mumbai,1,Winter,Thu,180,142,142,0.791,False,False,520580,48539,569119,1,161,1
2025-07-28,DEL,Delhi,7,Monsoon,Fri,180,128,128,0.713,True,False,579730,48316,628046,0,133,0
2025-03-17,BOM,Mumbai,3,Spring,Mon,180,139,139,0.774,True,False,621445,50241,671686,0,155,0
2025-09-06,HYD,Hyderabad,9,Monsoon,Tue,180,144,144,0.798,True,False,535577,47392,582969,0,158,0
2025-02-04,BOM,Mumbai,2,Winter,Tue,180,133,133,0.739,True,False,521477,37356,558833,0,138,0
2025-07-04,DEL,Delhi,7,Monsoon,Sat,180,141,141,0.784,True,False,652725,51970,704695,0,152,0
2025-12-19,BOM,Mumbai,12,Winter,Sat,180,157,157,0.871,True,False,699347,64771,764118,0,161,3
2025-02-03,DEL,Delhi,2,Winter,Wed,180,132,132,0.736,False,False,503427,49235,552662,0,155,0
2025-07-05,BLR,Bengaluru,7,Monsoon,Sun,180,168,168,0.935,True,False,654509,66486,720995,0,190,2
2025-06-14,BOM,Mumbai,6,Summer,Thu,180,128,128,0.712,True,False,518158,53583,571741,0,135,1
2025-08-26,BOM,Mumbai,8,Monsoon,Tue,180,143,143,0.795,True,False,633236,48635,681871,0,156,1
2025-02-02,CCU,Kolkata,2,Winter,Tue,180,146,146,0.813,True,False,484451,49235,533686,0,159,0
2025-09-27,DEL,Delhi,9,Monsoon,Wed,180,139,139,0.772,True,False,631859,41930,673789,0,156,0
2025-11-26,DEL,Delhi,11,Post-Monsoon,Tue,180,155,155,0.859,True,False,751293,46191,797484,0,167,2
2025-07-22,HYD,Hyderabad,7,Monsoon,Wed,180,161,161,0.894,False,False,627682,46583,674265,3,181,2
2025-04-18,BLR,Bengaluru,4,Spring,Fri,180,149,149,0.827,True,False,602239,46763,649002,0,159,2
2025-03-20,BLR,Bengaluru,3,Spring,Fri,180,149,149,0.829,True,False,565004,50239,615243,0,173,1
2025-03-17,DEL,Delhi,3,Spring,Thu,180,132,132,0.732,True,False,563838,44316,608154,0,148,0
2025-09-08,BLR,Bengaluru,9,Monsoon,Wed,180,132,132,0.735,True,False,523588,52904,576492,0,154,1
2025-09-27,BOM,Mumbai,9,Monsoon,Fri,180,123,123,0.686,False,False,558074,44378,602452,0,141,0
2025-09-06,HYD,Hyderabad,9,Monsoon,Wed,180,138,138,0.768,True,False,487407,42109,529516,0,162,1
2025-12-17,DEL,Delhi,12,Winter,Thu,180,146,146,0.812,True,False,659544,46414,705958,0,163,0
2025-06-27,DEL,Delhi,6,Summer,Sun,180,151,151,0.841,True,False,631810,57581,689391,0,172,0
2025-01-11,DEL,Delhi,1,Winter,Thu,180,130,130,0.723,False,False,509128,49594,558722,1,138,2
2025-02-24,HYD,Hyderabad,2,Winter,Tue,180,130,130,0.723,True,False,408412,53470,461882,0,145,0
2025-05-12,HYD,Hyderabad,5,Summer,Sun,180,143,143,0.795,False,False,555174,52556,607730,1,165,0
2025-10-13,CCU,Kolkata,10,Post-Monsoon,Thu,180,158,158,0.88,True,False,716444,59505,775949,0,166,1
2025-12-23,HYD,Hyderabad,12,Winter,Tue,180,154,154,0.857,True,False,541991,62989,604980,0,181,2
2025-02-15,BLR,Bengaluru,2,Winter,Sat,180,127,127,0.705,False,False,469291,52747,522038,0,141,2
2025-05-09,BOM,Mumbai,5,Summer,Tue,180,144,144,0.799,True,False,626000,48913,674913,0,162,3
2025-11-23,BOM,Mumbai,11,Post-Monsoon,Sat,180,168,168,0.933,True,False,839764,53484,893248,0,194,0
2025-12-24,DEL,Delhi,12,Winter,Thu,180,147,147,0.818,True,False,662278,51818,714096,0,155,0
2025-10-26,BOM,Mumbai,10,Post-Monsoon,Tue,180,135,135,0.751,True,False,673435,40932,714367,0,145,0
2025-08-04,DEL,Delhi,8,Monsoon,Sun,180,158,158,0.879,True,False,705192,58326,763518,0,162,0
2025-04-21,DEL,Delhi,4,Spring,Mon,180,147,147,0.818,True,False,670316,46975,717291,0,161,0
2025-06-12,BLR,Bengaluru,6,Summer,Mon,180,158,158,0.877,True,False,646255,62916,709171,0,169,0
2025-11-12,DEL,Delhi,11,Post-Monsoon,Fri,180,150,150,0.836,True,False,759091,59562,818653,0,153,2
2025-08-01,DEL,Delhi,8,Monsoon,Wed,180,127,127,0.703,True,False,548577,51183,599760,0,147,0
2025-07-06,DEL,Delhi,7,Monsoon,Thu,180,147,147,0.817,True,False,611334,48057,659391,0,151,0
2025-10-28,DEL,Delhi,10,Post-Monsoon,Thu,180,159,159,0.884,True,False,783942,56870,840812,0,167,1
2025-10-03,BOM,Mumbai,10,Post-Monsoon,Thu,180,149,149,0.829,True,False,723301,52252,775553,0,167,1
2025-10-01,BLR,Bengaluru,10,Post-Monsoon,Fri,180,131,131,0.726,True,False,585656,46937,632593,0,138,1
2025-12-22,DEL,Delhi,12,Winter,Sat,180,121,121,0.671,True,False,517003,35408,552411,0,127,1
2025-03-20,BOM,Mumbai,3,Spring,Mon,180,128,128,0.712,False,False,572300,48415,620715,0,141,0
2025-08-06,BLR,Bengaluru,8,Monsoon,Wed,180,126,126,0.702,True,False,472896,45523,518419,0,136,0
2025-11-12,DEL,Delhi,11,Post-Monsoon,Sun,180,151,151,0.838,True,False,755134,55101,810235,0,174,0
2025-08-11,DEL,Delhi,8,Monsoon,Fri,180,137,137,0.763,True,False,631585,39427,671012,0,154,0
2025-09-02,HYD,Hyderabad,9,Monsoon,Mon,180,127,127,0.706,True,False,497057,46661,543718,0,139,0
2025-11-25,BLR,Bengaluru,11,Post-Monsoon,Wed,180,155,155,0.863,True,False,713847,59242,773089,0,178,1
