date,airline,airline_type,route,origin,destination,day_of_week,month,season,time_bucket,delay_minutes,delayed,cancelled
2025-05-08,BlueSky Air,Full-service,DEL-BOM,DEL,BOM,Tue,5,Summer,Early Morning (05-08),3.7,False,False
2025-02-07,BlueSky Air,Full-service,DEL-BOM,DEL,BOM,Tue,2,Winter,Afternoon (11-15),3.4,False,False
2025-10-09,BlueSky Air,Full-service,DEL-BLR,DEL,BLR,Sun,10,Post-Monsoon,Night (19-23),6.2,False,False
2025-07-04,Skyline National,Full-service,DEL-BOM,DEL,BOM,Wed,7,Monsoon,Night (19-23),13.5,False,False
2025-07-03,Metro Express,LCC,BLR-COK,BLR,COK,Fri,7,Monsoon,Morning (08-11),14.7,False,False
2025-02-28,BlueSky Air,Full-service,BLR-HYD,BLR,HYD,Tue,2,Winter,Night (19-23),4.7,False,False
2025-11-09,IndiFly,LCC,BOM-BLR,BOM,BLR,Sat,11,Post-Monsoon,Night (19-23),12.5,False,False
2025-07-09,BlueSky Air,Full-service,DEL-BLR,DEL,BLR,Sat,7,Monsoon,Evening (15-19),4.0,False,False
2025-06-13,IndiFly,LCC,DEL-PNQ,DEL,PNQ,Wed,6,Summer,Early Morning (05-08),5.8,False,False
2025-12-18,IndiFly,LCC,DEL-BOM,DEL,BOM,Fri,12,Winter,Morning (08-11),17.0,True,False
2025-01-28,Metro Express,LCC,DEL-BOM,DEL,BOM,Mon,1,Winter,Early Morning (05-08),22.3,True,False
2025-09-28,Metro Express,LCC,DEL-BLR,DEL,BLR,Mon,9,Monsoon,Evening (15-19),3.8,False,False
2025-05-14,Skyline National,Full-service,BOM-BLR,BOM,BLR,Tue,5,Summer,Afternoon (11-15),4.5,False,False
2025-05-27,Skyline National,Full-service,MAA-CCU,MAA,CCU,Sat,5,Summer,Afternoon (11-15),3.2,False,False
2025-01-20,Coastal Wings,Regional/turboprop,DEL-GOI,DEL,GOI,Wed,1,Winter,Afternoon (11-15),9.0,False,False
2025-02-25,IndiFly,LCC,BLR-HYD,BLR,HYD,Fri,2,Winter,Evening (15-19),2.6,False,False
2025-07-07,IndiFly,LCC,MAA-CCU,MAA,CCU,Fri,7,Monsoon,Evening (15-19),12.0,False,False
2025-09-15,BlueSky Air,Full-service,DEL-HYD,DEL,HYD,Mon,9,Monsoon,Morning (08-11),6.2,False,False
2025-02-02,BlueSky Air,Full-service,DEL-BOM,DEL,BOM,Sun,2,Winter,Morning (08-11),6.4,False,False
2025-10-19,Metro Express,LCC,BLR-HYD,BLR,HYD,Thu,10,Post-Monsoon,Morning (08-11),6.2,False,False
2025-07-15,BlueSky Air,Full-service,BOM-BLR,BOM,BLR,Sun,7,Monsoon,Evening (15-19),9.6,False,False
2025-02-08,Metro Express,LCC,BOM-BLR,BOM,BLR,Tue,2,Winter,Early Morning (05-08),6.1,False,False
2025-08-26,IndiFly,LCC,DEL-GOI,DEL,GOI,Sun,8,Monsoon,Night (19-23),12.5,False,False
2025-07-16,BlueSky Air,Full-service,DEL-BLR,DEL,BLR,Thu,7,Monsoon,Morning (08-11),4.7,False,False
2025-08-10,Coastal Wings,Regional/turboprop,BOM-BLR,BOM,BLR,Thu,8,Monsoon,Evening (15-19),18.8,True,False
2025-04-02,Metro Express,LCC,DEL-BLR,DEL,BLR,Fri,4,Spring,Evening (15-19),3.3,False,False
2025-09-06,Metro Express,LCC,DEL-GOI,DEL,GOI,Mon,9,Monsoon,Night (19-23),14.0,False,False
2025-04-19,IndiFly,LCC,COK-BOM,COK,BOM,Fri,4,Spring,Early Morning (05-08),2.3,False,False
2025-11-23,Metro Express,LCC,BOM-BLR,BOM,BLR,Wed,11,Post-Monsoon,Morning (08-11),5.8,False,False
2025-02-01,Metro Express,LCC,BLR-HYD,BLR,HYD,Thu,2,Winter,Evening (15-19),10.0,False,False
2025-06-03,Metro Express,LCC,DEL-BOM,DEL,BOM,Tue,6,Summer,Morning (08-11),4.5,False,False
2025-11-17,BlueSky Air,Full-service,HYD-MAA,HYD,MAA,Mon,11,Post-Monsoon,Evening (15-19),6.4,False,False
2025-02-24,Skyline National,Full-service,BOM-BLR,BOM,BLR,Fri,2,Winter,Early Morning (05-08),4.2,False,False
2025-09-16,BlueSky Air,Full-service,MAA-CCU,MAA,CCU,Wed,9,Monsoon,Night (19-23),0.0,False,True
2025-05-06,Skyline National,Full-service,BOM-COK,BOM,COK,Sat,5,Summer,Afternoon (11-15),12.7,False,False
2025-03-18,Coastal Wings,Regional/turboprop,DEL-AMD,DEL,AMD,Mon,3,Spring,Night (19-23),13.4,False,False
2025-01-12,Metro Express,LCC,COK-BOM,COK,BOM,Tue,1,Winter,Evening (15-19),13.9,False,False
2025-12-05,Skyline National,Full-service,BLR-COK,BLR,COK,Tue,12,Winter,Night (19-23),18.1,True,False
2025-04-09,Skyline National,Full-service,MAA-CCU,MAA,CCU,Tue,4,Spring,Evening (15-19),2.6,False,False
2025-08-12,IndiFly,LCC,DEL-PNQ,DEL,PNQ,Wed,8,Monsoon,Night (19-23),13.0,False,False
2025-06-21,IndiFly,LCC,BLR-HYD,BLR,HYD,Fri,6,Summer,Morning (08-11),2.2,False,False
2025-09-04,Metro Express,LCC,BOM-COK,BOM,COK,Thu,9,Monsoon,Night (19-23),29.3,True,False
2025-07-03,BlueSky Air,Full-service,DEL-BLR,DEL,BLR,Sat,7,Monsoon,Night (19-23),9.6,False,False
2025-11-14,Skyline National,Full-service,BOM-GOI,BOM,GOI,Wed,11,Post-Monsoon,Afternoon (11-15),4.5,False,False
2025-03-20,Coastal Wings,Regional/turboprop,DEL-AMD,DEL,AMD,Fri,3,Spring,Morning (08-11),4.8,False,False
2025-08-22,BlueSky Air,Full-service,BOM-GOI,BOM,GOI,Tue,8,Monsoon,Afternoon (11-15),28.1,True,False
2025-02-27,BlueSky Air,Full-service,BOM-COK,BOM,COK,Sun,2,Winter,Morning (08-11),3.4,False,False
2025-10-28,IndiFly,LCC,HYD-MAA,HYD,MAA,Sun,10,Post-Monsoon,Early Morning (05-08),4.2,False,False
2025-04-05,BlueSky Air,Full-service,BOM-GOI,BOM,GOI,Sat,4,Spring,Evening (15-19),3.3,False,False
2025-02-15,Metro Express,LCC,DEL-CCU,DEL,CCU,Tue,2,Winter,Night (19-23),16.1,True,False
2025-10-27,Coastal Wings,Regional/turboprop,COK-BOM,COK,BOM,Sat,10,Post-Monsoon,Night (19-23),8.6,False,False
2025-08-09,IndiFly,LCC,MAA-CCU,MAA,CCU,Sun,8,Monsoon,Morning (08-11),7.9,False,False
2025-02-23,BlueSky Air,Full-service,BOM-BLR,BOM,BLR,Wed,2,Winter,Morning (08-11),3.9,False,False
2025-03-23,IndiFly,LCC,DEL-HYD,DEL,HYD,Tue,3,Spring,Early Morning (05-08),5.2,False,False
2025-10-23,IndiFly,LCC,DEL-HYD,DEL,HYD,Mon,10,Post-Monsoon,Night (19-23),0.0,False,True
2025-07-18,Metro Express,LCC,BLR-HYD,BLR,HYD,Sat,7,Monsoon,Evening (15-19),22.4,True,False
2025-07-11,IndiFly,LCC,BOM-GOI,BOM,GOI,Sat,7,Monsoon,Evening (15-19),13.2,False,False
2025-10-22,IndiFly,LCC,DEL-HYD,DEL,HYD,Mon,10,Post-Monsoon,Early Morning (05-08),5.4,False,False
2025-08-11,IndiFly,LCC,BOM-BLR,BOM,BLR,Wed,8,Monsoon,Evening (15-19),5.9,False,False
2025-01-24,IndiFly,LCC,DEL-BOM,DEL,BOM,Fri,1,Winter,Early Morning (05-08),10.7,False,False
2025-02-19,IndiFly,LCC,BOM-GOI,BOM,GOI,Tue,2,Winter,Afternoon (11-15),3.8,False,False
2025-03-10,Coastal Wings,Regional/turboprop,DEL-AMD,DEL,AMD,Mon,3,Spring,Afternoon (11-15),10.8,False,False
2025-11-20,BlueSky Air,Full-service,BOM-BLR,BOM,BLR,Sun,11,Post-Monsoon,Early Morning (05-08),3.8,False,False
2025-07-27,Metro Express,LCC,BOM-BLR,BOM,BLR,Thu,7,Monsoon,Early Morning (05-08),18.4,True,False
2025-05-20,BlueSky Air,Full-service,BLR-COK,BLR,COK,Sun,5,Summer,Night (19-23),14.2,False,False
2025-04-27,BlueSky Air,Full-service,BOM-BLR,BOM,BLR,Mon,4,Spring,Morning (08-11),4.8,False,False
2025-08-28,BlueSky Air,Full-service,BOM-BLR,BOM,BLR,Wed,8,Monsoon,Early Morning (05-08),3.1,False,False
2025-05-18,Skyline National,Full-service,DEL-AMD,DEL,AMD,Mon,5,Summer,Afternoon (11-15),3.9,False,False
2025-08-21,BlueSky Air,Full-service,DEL-BLR,DEL,BLR,Sat,8,Monsoon,Afternoon (11-15),3.8,False,False
2025-09-12,BlueSky Air,Full-service,BOM-GOI,BOM,GOI,Thu,9,Monsoon,Night (19-23),14.5,False,False
2025-12-18,BlueSky Air,Full-service,BOM-BLR,BOM,BLR,Sun,12,Winter,Evening (15-19),3.4,False,False
2025-10-10,BlueSky Air,Full-service,BLR-HYD,BLR,HYD,Mon,10,Post-Monsoon,Night (19-23),3.8,False,False
2025-01-02,BlueSky Air,Full-service,DEL-BOM,DEL,BOM,Fri,1,Winter,Morning (08-11),13.5,False,False
2025-02-27,IndiFly,LCC,MAA-CCU,MAA,CCU,Mon,2,Winter,Afternoon (11-15),2.0,False,False
2025-05-03,IndiFly,LCC,DEL-CCU,DEL,CCU,Tue,5,Summer,Early Morning (05-08),11.6,False,False
2025-08-15,IndiFly,LCC,DEL-CCU,DEL,CCU,Wed,8,Monsoon,Night (19-23),11.6,False,False
2025-04-09,Coastal Wings,Regional/turboprop,DEL-BLR,DEL,BLR,Sat,4,Spring,Early Morning (05-08),4.5,False,False
2025-08-10,Metro Express,LCC,DEL-AMD,DEL,AMD,Mon,8,Monsoon,Morning (08-11),12.5,False,False
2025-11-19,BlueSky Air,Full-service,DEL-GOI,DEL,GOI,Sat,11,Post-Monsoon,Night (19-23),4.0,False,False
2025-03-03,IndiFly,LCC,BOM-BLR,BOM,BLR,Mon,3,Spring,Early Morning (05-08),4.1,False,False
2025-12-10,IndiFly,LCC,DEL-BOM,DEL,BOM,Sat,12,Winter,Afternoon (11-15),14.6,False,False
2025-01-03,BlueSky Air,Full-service,BOM-COK,BOM,COK,Tue,1,Winter,Night (19-23),52.0,True,False
2025-03-16,IndiFly,LCC,DEL-BOM,DEL,BOM,Fri,3,Spring,Evening (15-19),10.5,False,False
2025-06-11,IndiFly,LCC,BOM-BLR,BOM,BLR,Sat,6,Summer,Early Morning (05-08),3.1,False,False
2025-09-02,BlueSky Air,Full-service,DEL-HYD,DEL,HYD,Thu,9,Monsoon,Early Morning (05-08),3.6,False,False
2025-01-22,Skyline National,Full-service,DEL-PNQ,DEL,PNQ,Sun,1,Winter,Afternoon (11-15),13.9,False,False
2025-09-05,BlueSky Air,Full-service,DEL-BLR,DEL,BLR,Wed,9,Monsoon,Afternoon (11-15),3.9,False,False
2025-02-15,BlueSky Air,Full-service,DEL-BOM,DEL,BOM,Mon,2,Winter,Evening (15-19),4.2,False,False
2025-08-16,BlueSky Air,Full-service,DEL-HYD,DEL,HYD,Tue,8,Monsoon,Afternoon (11-15),3.3,False,False
2025-02-09,BlueSky Air,Full-service,DEL-BOM,DEL,BOM,Sun,2,Winter,Evening (15-19),6.4,False,False
2025-05-27,Skyline National,Full-service,BOM-BLR,BOM,BLR,Fri,5,Summer,Afternoon (11-15),11.4,False,False
2025-09-13,Metro Express,LCC,BOM-BLR,BOM,BLR,Thu,9,Monsoon,Night (19-23),38.2,True,False
2025-07-02,Metro Express,LCC,MAA-CCU,MAA,CCU,Wed,7,Monsoon,Evening (15-19),15.4,True,False
2025-03-16,BlueSky Air,Full-service,DEL-PNQ,DEL,PNQ,Mon,3,Spring,Early Morning (05-08),2.6,False,False
2025-03-14,Skyline National,Full-service,DEL-BOM,DEL,BOM,Sun,3,Spring,Evening (15-19),4.8,False,False
2025-11-03,Metro Express,LCC,DEL-AMD,DEL,AMD,Sun,11,Post-Monsoon,Morning (08-11),11.3,False,False
2025-08-28,BlueSky Air,Full-service,COK-BOM,COK,BOM,Fri,8,Monsoon,Early Morning (05-08),44.0,True,False
2025-11-23,Metro Express,LCC,DEL-BOM,DEL,BOM,Sun,11,Post-Monsoon,Early Morning (05-08),4.5,False,False
2025-06-12,Metro Express,LCC,DEL-BOM,DEL,BOM,Thu,6,Summer,Early Morning (05-08),8.3,False,False
2025-07-20,IndiFly,LCC,DEL-BOM,DEL,BOM,Sat,7,Monsoon,Morning (08-11),6.8,False,False
2025-05-22,IndiFly,LCC,DEL-PNQ,DEL,PNQ,Fri,5,Summer,Early Morning (05-08),5.2,False,False
2025-05-15,BlueSky Air,Full-service,DEL-HYD,DEL,HYD,Sun,5,Summer,Morning (08-11),3.0,False,False
2025-01-27,IndiFly,LCC,DEL-AMD,DEL,AMD,Sat,1,Winter,Morning (08-11),25.7,True,False
2025-05-25,BlueSky Air,Full-service,DEL-PNQ,DEL,PNQ,Sun,5,Summer,Morning (08-11),3.1,False,False
2025-03-21,Skyline National,Full-service,DEL-AMD,DEL,AMD,Mon,3,Spring,Night (19-23),14.0,False,False
2025-02-10,BlueSky Air,Full-service,BLR-HYD,BLR,HYD,Wed,2,Winter,Evening (15-19),2.6,False,False
2025-05-27,Coastal Wings,Regional/turboprop,DEL-CCU,DEL,CCU,Tue,5,Summer,Morning (08-11),19.5,True,False
2025-03-25,IndiFly,LCC,BLR-COK,BLR,COK,Tue,3,Spring,Night (19-23),15.2,True,False
2025-07-01,Skyline National,Full-service,DEL-HYD,DEL,HYD,Wed,7,Monsoon,Afternoon (11-15),7.2,False,False
2025-06-04,BlueSky Air,Full-service,DEL-PNQ,DEL,PNQ,Sat,6,Summer,Morning (08-11),2.3,False,False
2025-02-21,Skyline National,Full-service,DEL-BLR,DEL,BLR,Sun,2,Winter,Afternoon (11-15),13.2,False,False
2025-08-04,IndiFly,LCC,DEL-BOM,DEL,BOM,Mon,8,Monsoon,Morning (08-11),7.8,False,False
2025-09-14,Coastal Wings,Regional/turboprop,DEL-AMD,DEL,AMD,Fri,9,Monsoon,Evening (15-19),4.1,False,False
2025-05-02,Metro Express,LCC,DEL-HYD,DEL,HYD,Sat,5,Summer,Morning (08-11),6.8,False,False
2025-09-21,IndiFly,LCC,DEL-AMD,DEL,AMD,Wed,9,Monsoon,Early Morning (05-08),3.8,False,False
2025-04-21,Skyline National,Full-service,DEL-BOM,DEL,BOM,Sat,4,Spring,Afternoon (11-15),3.4,False,False
2025-02-27,IndiFly,LCC,DEL-CCU,DEL,CCU,Sun,2,Winter,Afternoon (11-15),8.4,False,False
2025-10-01,Skyline National,Full-service,DEL-PNQ,DEL,PNQ,Wed,10,Post-Monsoon,Night (19-23),5.2,False,False
2025-04-19,IndiFly,LCC,DEL-BOM,DEL,BOM,Wed,4,Spring,Early Morning (05-08),4.8,False,False
2025-08-25,IndiFly,LCC,DEL-BOM,DEL,BOM,Wed,8,Monsoon,Afternoon (11-15),4.1,False,False
2025-11-17,IndiFly,LCC,DEL-PNQ,DEL,PNQ,Wed,11,Post-Monsoon,Afternoon (11-15),6.6,False,False
2025-02-03,Metro Express,LCC,COK-BOM,COK,BOM,Wed,2,Winter,Evening (15-19),2.6,False,False
2025-10-17,BlueSky Air,Full-service,BOM-BLR,BOM,BLR,Wed,10,Post-Monsoon,Afternoon (11-15),7.1,False,False
2025-09-24,Skyline National,Full-service,BOM-COK,BOM,COK,Sun,9,Monsoon,Morning (08-11),11.0,False,False
2025-11-09,IndiFly,LCC,DEL-HYD,DEL,HYD,Wed,11,Post-Monsoon,Night (19-23),14.4,False,False
2025-12-24,IndiFly,LCC,DEL-HYD,DEL,HYD,Wed,12,Winter,Night (19-23),22.8,True,False
2025-07-28,Metro Express,LCC,DEL-AMD,DEL,AMD,Sat,7,Monsoon,Early Morning (05-08),4.4,False,False
2025-08-08,Metro Express,LCC,DEL-BLR,DEL,BLR,Sun,8,Monsoon,Early Morning (05-08),14.2,False,False
2025-10-20,Skyline National,Full-service,BLR-COK,BLR,COK,Sat,10,Post-Monsoon,Evening (15-19),1.8,False,False
2025-12-25,IndiFly,LCC,DEL-BLR,DEL,BLR,Wed,12,Winter,Night (19-23),10.0,False,False
2025-02-24,BlueSky Air,Full-service,BLR-COK,BLR,COK,Fri,2,Winter,Morning (08-11),3.8,False,False
2025-10-20,BlueSky Air,Full-service,BLR-HYD,BLR,HYD,Mon,10,Post-Monsoon,Night (19-23),2.7,False,False
2025-07-16,IndiFly,LCC,DEL-HYD,DEL,HYD,Fri,7,Monsoon,Afternoon (11-15),4.7,False,False
2025-11-19,Metro Express,LCC,BOM-BLR,BOM,BLR,Thu,11,Post-Monsoon,Afternoon (11-15),5.3,False,False
2025-04-25,IndiFly,LCC,DEL-BLR,DEL,BLR,Tue,4,Spring,Evening (15-19),5.2,False,False
2025-09-23,Metro Express,LCC,DEL-BOM,DEL,BOM,Tue,9,Monsoon,Afternoon (11-15),24.5,True,False
2025-01-15,Skyline National,Full-service,DEL-BOM,DEL,BOM,Mon,1,Winter,Night (19-23),31.4,True,False
2025-10-15,IndiFly,LCC,BOM-BLR,BOM,BLR,Sun,10,Post-Monsoon,Evening (15-19),5.7,False,False
2025-02-13,Metro Express,LCC,DEL-HYD,DEL,HYD,Sun,2,Winter,Morning (08-11),5.5,False,False
2025-09-07,Metro Express,LCC,DEL-BOM,DEL,BOM,Sun,9,Monsoon,Morning (08-11),14.4,False,False
2025-04-06,IndiFly,LCC,DEL-BLR,DEL,BLR,Fri,4,Spring,Early Morning (05-08),5.8,False,False
2025-11-21,BlueSky Air,Full-service,COK-BOM,COK,BOM,Fri,11,Post-Monsoon,Morning (08-11),4.3,False,False
2025-06-17,Skyline National,Full-service,DEL-CCU,DEL,CCU,Mon,6,Summer,Morning (08-11),6.2,False,False
2025-02-20,IndiFly,LCC,MAA-CCU,MAA,CCU,Fri,2,Winter,Afternoon (11-15),5.7,False,False
2025-10-21,Skyline National,Full-service,BOM-GOI,BOM,GOI,Tue,10,Post-Monsoon,Morning (08-11),6.2,False,False
2025-06-23,IndiFly,LCC,COK-BOM,COK,BOM,Mon,6,Summer,Afternoon (11-15),9.9,False,False
2025-05-13,IndiFly,LCC,DEL-HYD,DEL,HYD,Thu,5,Summer,Evening (15-19),11.0,False,False
2025-05-24,BlueSky Air,Full-service,DEL-HYD,DEL,HYD,Sun,5,Summer,Evening (15-19),4.9,False,False
2025-12-22,Metro Express,LCC,BLR-COK,BLR,COK,Thu,12,Winter,Early Morning (05-08),7.0,False,False
2025-12-22,IndiFly,LCC,DEL-AMD,DEL,AMD,Fri,12,Winter,Early Morning (05-08),9.8,False,False
2025-04-08,Metro Express,LCC,BLR-HYD,BLR,HYD,Tue,4,Spring,Early Morning (05-08),3.8,False,False
2025-09-02,Metro Express,LCC,BLR-HYD,BLR,HYD,Sat,9,Monsoon,Morning (08-11),4.9,False,False
2025-03-24,Skyline National,Full-service,DEL-PNQ,DEL,PNQ,Thu,3,Spring,Early Morning (05-08),4.9,False,False
2025-08-08,BlueSky Air,Full-service,BLR-HYD,BLR,HYD,Fri,8,Monsoon,Morning (08-11),7.0,False,False
2025-09-17,Skyline National,Full-service,BLR-HYD,BLR,HYD,Thu,9,Monsoon,Night (19-23),25.6,True,False
2025-06-18,IndiFly,LCC,BOM-COK,BOM,COK,Mon,6,Summer,Evening (15-19),9.3,False,False
2025-02-08,Metro Express,LCC,DEL-PNQ,DEL,PNQ,Sun,2,Winter,Afternoon (11-15),2.7,False,False
2025-01-11,Coastal Wings,Regional/turboprop,DEL-HYD,DEL,HYD,Mon,1,Winter,Night (19-23),20.1,True,False
2025-12-16,BlueSky Air,Full-service,DEL-BOM,DEL,BOM,Thu,12,Winter,Evening (15-19),13.6,False,False
2025-11-26,IndiFly,LCC,DEL-BLR,DEL,BLR,Fri,11,Post-Monsoon,Afternoon (11-15),3.4,False,False
2025-04-23,IndiFly,LCC,BOM-GOI,BOM,GOI,Tue,4,Spring,Morning (08-11),1.8,False,False
2025-09-12,IndiFly,LCC,DEL-AMD,DEL,AMD,Mon,9,Monsoon,Night (19-23),9.5,False,False
2025-01-21,IndiFly,LCC,MAA-CCU,MAA,CCU,Thu,1,Winter,Night (19-23),15.7,True,False
2025-01-12,BlueSky Air,Full-service,BOM-BLR,BOM,BLR,Fri,1,Winter,Morning (08-11),7.1,False,False
2025-03-26,Coastal Wings,Regional/turboprop,BOM-GOI,BOM,GOI,Tue,3,Spring,Early Morning (05-08),15.3,True,False
2025-01-11,IndiFly,LCC,DEL-BLR,DEL,BLR,Wed,1,Winter,Afternoon (11-15),8.9,False,False
2025-02-26,Skyline National,Full-service,BOM-BLR,BOM,BLR,Wed,2,Winter,Afternoon (11-15),6.1,False,False
2025-12-16,Metro Express,LCC,DEL-BLR,DEL,BLR,Wed,12,Winter,Night (19-23),25.0,True,False
2025-11-10,Metro Express,LCC,DEL-BOM,DEL,BOM,Wed,11,Post-Monsoon,Afternoon (11-15),8.2,False,False
2025-07-09,Skyline National,Full-service,BOM-COK,BOM,COK,Sat,7,Monsoon,Night (19-23),33.8,True,False
2025-08-02,IndiFly,LCC,BOM-COK,BOM,COK,Tue,8,Monsoon,Early Morning (05-08),15.0,False,False
2025-10-05,Metro Express,LCC,BLR-HYD,BLR,HYD,Fri,10,Post-Monsoon,Morning (08-11),4.2,False,False
2025-09-13,IndiFly,LCC,DEL-BLR,DEL,BLR,Fri,9,Monsoon,Early Morning (05-08),12.4,False,False
2025-08-07,BlueSky Air,Full-service,DEL-AMD,DEL,AMD,Mon,8,Monsoon,Early Morning (05-08),2.5,False,False
2025-06-22,Coastal Wings,Regional/turboprop,DEL-PNQ,DEL,PNQ,Wed,6,Summer,Evening (15-19),11.0,False,False
2025-12-21,IndiFly,LCC,DEL-AMD,DEL,AMD,Tue,12,Winter,Evening (15-19),12.5,False,False
2025-06-15,IndiFly,LCC,DEL-CCU,DEL,CCU,Sun,6,Summer,Night (19-23),3.5,False,False
2025-08-17,Metro Express,LCC,DEL-AMD,DEL,AMD,Thu,8,Monsoon,Evening (15-19),8.1,False,False
2025-11-19,Skyline National,Full-service,BLR-HYD,BLR,HYD,Tue,11,Post-Monsoon,Evening (15-19),2.8,False,False
2025-05-06,Skyline National,Full-service,BOM-GOI,BOM,GOI,Tue,5,Summer,Morning (08-11),11.4,False,False
2025-05-07,Skyline National,Full-service,MAA-CCU,MAA,CCU,Sat,5,Summer,Night (19-23),4.8,False,False
2025-10-19,IndiFly,LCC,BOM-COK,BOM,COK,Tue,10,Post-Monsoon,Early Morning (05-08),7.3,False,False
2025-01-03,Coastal Wings,Regional/turboprop,DEL-BOM,DEL,BOM,Mon,1,Winter,Night (19-23),21.7,True,False
2025-08-03,Skyline National,Full-service,DEL-HYD,DEL,HYD,Sat,8,Monsoon,Early Morning (05-08),6.0,False,False
2025-12-11,BlueSky Air,Full-service,BOM-BLR,BOM,BLR,Sat,12,Winter,Night (19-23),5.0,False,False
2025-04-15,Metro Express,LCC,DEL-BOM,DEL,BOM,Mon,4,Spring,Morning (08-11),5.3,False,False
2025-04-28,Metro Express,LCC,BOM-COK,BOM,COK,Tue,4,Spring,Night (19-23),4.3,False,False
2025-08-01,Metro Express,LCC,COK-BOM,COK,BOM,Mon,8,Monsoon,Night (19-23),13.3,False,False
2025-11-22,Metro Express,LCC,COK-BOM,COK,BOM,Thu,11,Post-Monsoon,Morning (08-11),2.9,False,False
2025-01-19,Metro Express,LCC,DEL-BOM,DEL,BOM,Fri,1,Winter,Early Morning (05-08),22.9,True,False
2025-02-05,Coastal Wings,Regional/turboprop,DEL-AMD,DEL,AMD,Mon,2,Winter,Morning (08-11),4.0,False,False
2025-06-26,IndiFly,LCC,DEL-BOM,DEL,BOM,Thu,6,Summer,Afternoon (11-15),4.4,False,False
2025-07-20,Coastal Wings,Regional/turboprop,BOM-BLR,BOM,BLR,Sat,7,Monsoon,Night (19-23),13.8,False,False
2025-08-27,Metro Express,LCC,DEL-CCU,DEL,CCU,Mon,8,Monsoon,Morning (08-11),11.3,False,False
2025-12-21,Skyline National,Full-service,BLR-HYD,BLR,HYD,Mon,12,Winter,Afternoon (11-15),3.9,False,False
2025-01-19,BlueSky Air,Full-service,DEL-BLR,DEL,BLR,Thu,1,Winter,Early Morning (05-08),7.9,False,False
2025-10-16,BlueSky Air,Full-service,DEL-HYD,DEL,HYD,Sun,10,Post-Monsoon,Night (19-23),13.0,False,False
2025-08-17,BlueSky Air,Full-service,HYD-MAA,HYD,MAA,Thu,8,Monsoon,Morning (08-11),2.3,False,False
2025-12-22,Metro Express,LCC,BLR-HYD,BLR,HYD,Sat,12,Winter,Night (19-23),5.0,False,False
2025-05-25,IndiFly,LCC,BOM-BLR,BOM,BLR,Wed,5,Summer,Evening (15-19),12.7,False,False
2025-12-09,BlueSky Air,Full-service,DEL-GOI,DEL,GOI,Wed,12,Winter,Early Morning (05-08),15.6,True,False
2025-05-24,Metro Express,LCC,DEL-HYD,DEL,HYD,Thu,5,Summer,Morning (08-11),8.8,False,False
2025-01-22,BlueSky Air,Full-service,DEL-BLR,DEL,BLR,Fri,1,Winter,Morning (08-11),10.6,False,False
2025-03-14,IndiFly,LCC,BLR-COK,BLR,COK,Sat,3,Spring,Night (19-23),3.5,False,False
2025-02-21,BlueSky Air,Full-service,COK-BOM,COK,BOM,Fri,2,Winter,Morning (08-11),8.8,False,False
2025-03-02,Coastal Wings,Regional/turboprop,DEL-HYD,DEL,HYD,Sun,3,Spring,Morning (08-11),8.0,False,False
2025-01-10,Coastal Wings,Regional/turboprop,COK-BOM,COK,BOM,Fri,1,Winter,Evening (15-19),8.3,False,False
2025-09-15,Skyline National,Full-service,DEL-BOM,DEL,BOM,Wed,9,Monsoon,Early Morning (05-08),4.0,False,False
2025-12-11,IndiFly,LCC,DEL-BLR,DEL,BLR,Sun,12,Winter,Morning (08-11),24.1,True,False
2025-07-22,Metro Express,LCC,BOM-BLR,BOM,BLR,Mon,7,Monsoon,Early Morning (05-08),3.2,False,False
2025-05-11,IndiFly,LCC,DEL-BLR,DEL,BLR,Wed,5,Summer,Afternoon (11-15),8.5,False,False
2025-08-10,IndiFly,LCC,DEL-AMD,DEL,AMD,Tue,8,Monsoon,Afternoon (11-15),6.9,False,False
2025-05-12,Metro Express,LCC,DEL-BOM,DEL,BOM,Fri,5,Summer,Morning (08-11),7.7,False,False
2025-09-26,BlueSky Air,Full-service,COK-BOM,COK,BOM,Sat,9,Monsoon,Night (19-23),24.3,True,False
2025-10-04,Metro Express,LCC,BOM-BLR,BOM,BLR,Mon,10,Post-Monsoon,Night (19-23),11.2,False,False
2025-12-19,Metro Express,LCC,DEL-AMD,DEL,AMD,Thu,12,Winter,Early Morning (05-08),19.4,True,False
2025-05-24,IndiFly,LCC,BOM-GOI,BOM,GOI,Mon,5,Summer,Morning (08-11),15.3,True,False
2025-02-18,IndiFly,LCC,BOM-BLR,BOM,BLR,Mon,2,Winter,Night (19-23),2.9,False,False
2025-11-24,Metro Express,LCC,BLR-HYD,BLR,HYD,Sat,11,Post-Monsoon,Night (19-23),6.8,False,False
2025-02-22,Skyline National,Full-service,DEL-HYD,DEL,HYD,Sat,2,Winter,Night (19-23),4.1,False,False
2025-03-24,Coastal Wings,Regional/turboprop,DEL-HYD,DEL,HYD,Tue,3,Spring,Night (19-23),23.7,True,False
2025-07-27,BlueSky Air,Full-service,DEL-HYD,DEL,HYD,Tue,7,Monsoon,Morning (08-11),4.3,False,False
2025-11-14,BlueSky Air,Full-service,DEL-BOM,DEL,BOM,Fri,11,Post-Monsoon,Evening (15-19),3.4,False,False
2025-07-15,IndiFly,LCC,BLR-HYD,BLR,HYD,Tue,7,Monsoon,Afternoon (11-15),13.0,False,False
2025-12-19,Coastal Wings,Regional/turboprop,DEL-BLR,DEL,BLR,Wed,12,Winter,Afternoon (11-15),24.7,True,False
2025-05-02,Metro Express,LCC,DEL-HYD,DEL,HYD,Fri,5,Summer,Night (19-23),41.3,True,False
2025-06-21,Metro Express,LCC,BOM-GOI,BOM,GOI,Sat,6,Summer,Morning (08-11),13.6,False,False
2025-04-10,Metro Express,LCC,DEL-BLR,DEL,BLR,Sun,4,Spring,Evening (15-19),24.1,True,False
2025-03-13,Coastal Wings,Regional/turboprop,DEL-CCU,DEL,CCU,Tue,3,Spring,Morning (08-11),5.3,False,False
2025-04-02,Metro Express,LCC,DEL-CCU,DEL,CCU,Wed,4,Spring,Morning (08-11),9.4,False,False
2025-11-18,Skyline National,Full-service,DEL-CCU,DEL,CCU,Tue,11,Post-Monsoon,Afternoon (11-15),3.2,False,False
2025-04-13,IndiFly,LCC,BOM-COK,BOM,COK,Tue,4,Spring,Afternoon (11-15),7.1,False,False
2025-02-26,Metro Express,LCC,BOM-GOI,BOM,GOI,Sat,2,Winter,Afternoon (11-15),23.9,True,False
2025-04-24,Metro Express,LCC,DEL-CCU,DEL,CCU,Tue,4,Spring,Early Morning (05-08),7.6,False,False
2025-04-13,IndiFly,LCC,DEL-BLR,DEL,BLR,Fri,4,Spring,Night (19-23),8.9,False,False
2025-12-21,IndiFly,LCC,DEL-PNQ,DEL,PNQ,Sat,12,Winter,Afternoon (11-15),7.5,False,False
2025-11-02,Skyline National,Full-service,DEL-CCU,DEL,CCU,Fri,11,Post-Monsoon,Early Morning (05-08),18.7,True,False
2025-11-08,Skyline National,Full-service,DEL-HYD,DEL,HYD,Mon,11,Post-Monsoon,Evening (15-19),2.6,False,False
2025-10-16,BlueSky Air,Full-service,DEL-AMD,DEL,AMD,Sat,10,Post-Monsoon,Afternoon (11-15),2.2,False,False
2025-05-01,Metro Express,LCC,BOM-BLR,BOM,BLR,Fri,5,Summer,Night (19-23),16.4,True,False
2025-03-08,IndiFly,LCC,DEL-BOM,DEL,BOM,Tue,3,Spring,Evening (15-19),5.5,False,False
2025-08-19,IndiFly,LCC,BLR-COK,BLR,COK,Tue,8,Monsoon,Night (19-23),29.3,True,False
2025-07-13,BlueSky Air,Full-service,DEL-BOM,DEL,BOM,Fri,7,Monsoon,Afternoon (11-15),8.7,False,False
2025-06-19,Skyline National,Full-service,BOM-COK,BOM,COK,Sun,6,Summer,Night (19-23),18.4,True,False
2025-05-18,Coastal Wings,Regional/turboprop,DEL-AMD,DEL,AMD,Fri,5,Summer,Evening (15-19),4.4,False,False
2025-12-27,IndiFly,LCC,DEL-BOM,DEL,BOM,Thu,12,Winter,Night (19-23),19.2,True,False
2025-12-05,BlueSky Air,Full-service,DEL-HYD,DEL,HYD,Sun,12,Winter,Night (19-23),22.1,True,False
2025-07-25,Skyline National,Full-service,BLR-COK,BLR,COK,Wed,7,Monsoon,Early Morning (05-08),11.2,False,False
2025-11-13,Metro Express,LCC,DEL-AMD,DEL,AMD,Mon,11,Post-Monsoon,Evening (15-19),5.6,False,False
2025-11-05,IndiFly,LCC,DEL-HYD,DEL,HYD,Sat,11,Post-Monsoon,Morning (08-11),5.1,False,False
2025-02-05,Metro Express,LCC,BLR-HYD,BLR,HYD,Mon,2,Winter,Early Morning (05-08),5.4,False,False
2025-02-20,IndiFly,LCC,BOM-BLR,BOM,BLR,Fri,2,Winter,Evening (15-19),6.4,False,False
2025-04-19,BlueSky Air,Full-service,HYD-MAA,HYD,MAA,Fri,4,Spring,Early Morning (05-08),3.3,False,False
2025-07-09,Metro Express,LCC,DEL-BOM,DEL,BOM,Thu,7,Monsoon,Morning (08-11),8.3,False,False
2025-07-11,IndiFly,LCC,DEL-BOM,DEL,BOM,Sun,7,Monsoon,Evening (15-19),6.4,False,False
2025-06-20,Coastal Wings,Regional/turboprop,DEL-BOM,DEL,BOM,Sat,6,Summer,Morning (08-11),6.2,False,False
2025-08-19,IndiFly,LCC,DEL-AMD,DEL,AMD,Sun,8,Monsoon,Morning (08-11),4.9,False,False
2025-10-18,IndiFly,LCC,DEL-CCU,DEL,CCU,Tue,10,Post-Monsoon,Evening (15-19),8.7,False,False
2025-05-27,BlueSky Air,Full-service,DEL-HYD,DEL,HYD,Sat,5,Summer,Early Morning (05-08),13.4,False,False
2025-05-22,IndiFly,LCC,BOM-BLR,BOM,BLR,Tue,5,Summer,Evening (15-19),6.2,False,False
2025-06-23,BlueSky Air,Full-service,DEL-CCU,DEL,CCU,Sun,6,Summer,Afternoon (11-15),7.7,False,False
2025-11-20,BlueSky Air,Full-service,BOM-BLR,BOM,BLR,Mon,11,Post-Monsoon,Afternoon (11-15),7.9,False,False
2025-02-01,Metro Express,LCC,DEL-PNQ,DEL,PNQ,Mon,2,Winter,Morning (08-11),7.5,False,False
2025-07-15,BlueSky Air,Full-service,DEL-HYD,DEL,HYD,Sun,7,Monsoon,Evening (15-19),4.6,False,False
2025-06-10,Skyline National,Full-service,BLR-HYD,BLR,HYD,Wed,6,Summer,Afternoon (11-15),3.3,False,False
2025-06-03,Metro Express,LCC,DEL-AMD,DEL,AMD,Wed,6,Summer,Early Morning (05-08),4.9,False,False
2025-09-06,Coastal Wings,Regional/turboprop,BLR-HYD,BLR,HYD,Fri,9,Monsoon,Early Morning (05-08),7.5,False,False
2025-11-22,Metro Express,LCC,DEL-BLR,DEL,BLR,Thu,11,Post-Monsoon,Morning (08-11),14.2,False,False
2025-04-07,Metro Express,LCC,DEL-BOM,DEL,BOM,Wed,4,Spring,Evening (15-19),4.4,False,False
2025-05-22,Metro Express,LCC,BOM-GOI,BOM,GOI,Sun,5,Summer,Afternoon (11-15),5.9,False,False
2025-03-27,Metro Express,LCC,BOM-GOI,BOM,GOI,Sat,3,Spring,Evening (15-19),5.3,False,False
2025-05-04,IndiFly,LCC,DEL-BOM,DEL,BOM,Tue,5,Summer,Morning (08-11),4.1,False,False
2025-08-21,BlueSky Air,Full-service,DEL-HYD,DEL,HYD,Fri,8,Monsoon,Evening (15-19),9.2,False,False
2025-06-27,Metro Express,LCC,DEL-BOM,DEL,BOM,Thu,6,Summer,Evening (15-19),33.7,True,False
2025-09-17,IndiFly,LCC,DEL-HYD,DEL,HYD,Sat,9,Monsoon,Afternoon (11-15),11.3,False,False
2025-01-26,Metro Express,LCC,DEL-BOM,DEL,BOM,Sun,1,Winter,Morning (08-11),9.7,False,False
2025-09-04,Skyline National,Full-service,BOM-GOI,BOM,GOI,Fri,9,Monsoon,Early Morning (05-08),18.7,True,False
2025-07-04,BlueSky Air,Full-service,DEL-CCU,DEL,CCU,Sat,7,Monsoon,Night (19-23),5.0,False,False
2025-04-07,Coastal Wings,Regional/turboprop,BLR-HYD,BLR,HYD,Sun,4,Spring,Evening (15-19),15.6,True,False
2025-04-27,Metro Express,LCC,BOM-COK,BOM,COK,Tue,4,Spring,Night (19-23),11.8,False,False
2025-05-10,IndiFly,LCC,BLR-COK,BLR,COK,Fri,5,Summer,Morning (08-11),18.6,True,False
2025-07-02,IndiFly,LCC,BLR-COK,BLR,COK,Wed,7,Monsoon,Night (19-23),6.6,False,False
2025-08-05,Skyline National,Full-service,DEL-AMD,DEL,AMD,Fri,8,Monsoon,Evening (15-19),11.9,False,False
2025-07-17,Skyline National,Full-service,BLR-HYD,BLR,HYD,Sat,7,Monsoon,Morning (08-11),1.4,False,False
2025-11-23,BlueSky Air,Full-service,BOM-GOI,BOM,GOI,Wed,11,Post-Monsoon,Night (19-23),6.5,False,False
2025-08-26,BlueSky Air,Full-service,DEL-BOM,DEL,BOM,Wed,8,Monsoon,Night (19-23),10.4,False,False
2025-08-01,Coastal Wings,Regional/turboprop,DEL-BLR,DEL,BLR,Thu,8,Monsoon,Morning (08-11),11.6,False,False
2025-05-03,IndiFly,LCC,BOM-COK,BOM,COK,Wed,5,Summer,Evening (15-19),10.2,False,False
2025-02-01,Metro Express,LCC,DEL-BOM,DEL,BOM,Tue,2,Winter,Afternoon (11-15),4.5,False,False
2025-02-28,IndiFly,LCC,DEL-AMD,DEL,AMD,Thu,2,Winter,Evening (15-19),7.3,False,False
2025-06-10,Skyline National,Full-service,DEL-BOM,DEL,BOM,Tue,6,Summer,Morning (08-11),18.5,True,False
2025-10-01,BlueSky Air,Full-service,DEL-BOM,DEL,BOM,Fri,10,Post-Monsoon,Evening (15-19),6.6,False,False
2025-11-15,IndiFly,LCC,DEL-HYD,DEL,HYD,Sun,11,Post-Monsoon,Morning (08-11),3.3,False,False
2025-04-09,Metro Express,LCC,DEL-PNQ,DEL,PNQ,Sat,4,Spring,Early Morning (05-08),7.6,False,False
2025-11-10,Skyline National,Full-service,DEL-AMD,DEL,AMD,Tue,11,Post-Monsoon,Afternoon (11-15),7.8,False,False
2025-04-16,IndiFly,LCC,COK-BOM,COK,BOM,Thu,4,Spring,Early Morning (05-08),5.5,False,False
2025-06-05,Coastal Wings,Regional/turboprop,HYD-MAA,HYD,MAA,Thu,6,Summer,Night (19-23),12.2,False,False
2025-02-01,Skyline National,Full-service,BLR-COK,BLR,COK,Fri,2,Winter,Early Morning (05-08),1.9,False,False
2025-07-14,BlueSky Air,Full-service,BOM-GOI,BOM,GOI,Sat,7,Monsoon,Afternoon (11-15),8.9,False,False
2025-10-21,IndiFly,LCC,BOM-BLR,BOM,BLR,Sun,10,Post-Monsoon,Night (19-23),14.6,False,False
2025-07-04,IndiFly,LCC,DEL-BOM,DEL,BOM,Thu,7,Monsoon,Evening (15-19),3.7,False,False
2025-03-23,IndiFly,LCC,DEL-BOM,DEL,BOM,Mon,3,Spring,Early Morning (05-08),13.5,False,False
2025-05-24,IndiFly,LCC,BLR-HYD,BLR,HYD,Mon,5,Summer,Evening (15-19),1.8,False,False
2025-10-21,IndiFly,LCC,DEL-AMD,DEL,AMD,Mon,10,Post-Monsoon,Afternoon (11-15),7.0,False,False
2025-02-19,IndiFly,LCC,DEL-BLR,DEL,BLR,Sat,2,Winter,Evening (15-19),4.6,False,False
2025-08-12,Skyline National,Full-service,DEL-BLR,DEL,BLR,Thu,8,Monsoon,Night (19-23),4.7,False,False
2025-11-14,Skyline National,Full-service,DEL-AMD,DEL,AMD,Tue,11,Post-Monsoon,Morning (08-11),5.8,False,False
2025-09-22,IndiFly,LCC,DEL-HYD,DEL,HYD,Mon,9,Monsoon,Early Morning (05-08),13.9,False,False
2025-05-25,IndiFly,LCC,BOM-GOI,BOM,GOI,Sun,5,Summer,Morning (08-11),2.4,False,False
2025-12-20,IndiFly,LCC,DEL-PNQ,DEL,PNQ,Tue,12,Winter,Afternoon (11-15),17.1,True,False
2025-06-01,Skyline National,Full-service,COK-BOM,COK,BOM,Sun,6,Summer,Evening (15-19),6.6,False,False
2025-02-02,Coastal Wings,Regional/turboprop,DEL-AMD,DEL,AMD,Tue,2,Winter,Night (19-23),11.4,False,False
2025-02-17,Coastal Wings,Regional/turboprop,DEL-BOM,DEL,BOM,Tue,2,Winter,Evening (15-19),8.6,False,False
2025-05-09,BlueSky Air,Full-service,DEL-BOM,DEL,BOM,Sun,5,Summer,Morning (08-11),12.5,False,False
2025-02-07,Metro Express,LCC,BOM-BLR,BOM,BLR,Tue,2,Winter,Evening (15-19),11.3,False,False
2025-09-12,Metro Express,LCC,DEL-HYD,DEL,HYD,Sun,9,Monsoon,Morning (08-11),5.2,False,False
2025-12-23,IndiFly,LCC,DEL-AMD,DEL,AMD,Fri,12,Winter,Early Morning (05-08),12.4,False,False
2025-01-13,IndiFly,LCC,HYD-MAA,HYD,MAA,Sun,1,Winter,Afternoon (11-15),5.6,False,False
2025-04-05,IndiFly,LCC,DEL-PNQ,DEL,PNQ,Tue,4,Spring,Night (19-23),6.4,False,False
2025-02-01,BlueSky Air,Full-service,DEL-BLR,DEL,BLR,Mon,2,Winter,Early Morning (05-08),7.0,False,False
2025-02-02,Skyline National,Full-service,DEL-PNQ,DEL,PNQ,Thu,2,Winter,Early Morning (05-08),11.3,False,False
2025-03-09,Metro Express,LCC,BOM-BLR,BOM,BLR,Wed,3,Spring,Afternoon (11-15),3.6,False,False
2025-09-16,BlueSky Air,Full-service,BOM-GOI,BOM,GOI,Mon,9,Monsoon,Early Morning (05-08),15.6,True,False
2025-01-13,Coastal Wings,Regional/turboprop,DEL-CCU,DEL,CCU,Sun,1,Winter,Evening (15-19),16.4,True,False
2025-10-08,IndiFly,LCC,DEL-BOM,DEL,BOM,Mon,10,Post-Monsoon,Night (19-23),19.7,True,False
2025-05-18,IndiFly,LCC,DEL-AMD,DEL,AMD,Sun,5,Summer,Evening (15-19),14.8,False,False
2025-07-12,BlueSky Air,Full-service,HYD-MAA,HYD,MAA,Sun,7,Monsoon,Night (19-23),2.8,False,False
2025-10-01,BlueSky Air,Full-service,BOM-BLR,BOM,BLR,Sat,10,Post-Monsoon,Evening (15-19),7.2,False,False
2025-05-06,Skyline National,Full-service,BOM-GOI,BOM,GOI,Thu,5,Summer,Early Morning (05-08),2.2,False,False
2025-10-07,Metro Express,LCC,BOM-BLR,BOM,BLR,Sun,10,Post-Monsoon,Early Morning (05-08),11.9,False,False
2025-10-23,Metro Express,LCC,DEL-BOM,DEL,BOM,Tue,10,Post-Monsoon,Evening (15-19),30.2,True,False
2025-07-19,Metro Express,LCC,DEL-GOI,DEL,GOI,Mon,7,Monsoon,Morning (08-11),21.1,True,False
2025-12-18,Metro Express,LCC,BOM-BLR,BOM,BLR,Sat,12,Winter,Night (19-23),13.7,False,False
2025-12-23,Skyline National,Full-service,DEL-HYD,DEL,HYD,Wed,12,Winter,Early Morning (05-08),13.6,False,False
2025-10-04,Coastal Wings,Regional/turboprop,DEL-BLR,DEL,BLR,Thu,10,Post-Monsoon,Early Morning (05-08),12.7,False,False
2025-04-23,Metro Express,LCC,BOM-BLR,BOM,BLR,Mon,4,Spring,Morning (08-11),16.7,True,False
2025-03-14,Metro Express,LCC,DEL-HYD,DEL,HYD,Thu,3,Spring,Night (19-23),7.4,False,False
2025-11-08,Skyline National,Full-service,DEL-CCU,DEL,CCU,Tue,11,Post-Monsoon,Afternoon (11-15),2.4,False,False
2025-03-24,Metro Express,LCC,COK-BOM,COK,BOM,Mon,3,Spring,Afternoon (11-15),9.8,False,False
2025-03-20,IndiFly,LCC,DEL-GOI,DEL,GOI,Thu,3,Spring,Early Morning (05-08),3.1,False,False
2025-12-18,BlueSky Air,Full-service,BLR-HYD,BLR,HYD,Wed,12,Winter,Evening (15-19),3.5,False,False
2025-01-12,BlueSky Air,Full-service,BOM-GOI,BOM,GOI,Mon,1,Winter,Afternoon (11-15),3.5,False,False
2025-03-21,IndiFly,LCC,DEL-BOM,DEL,BOM,Wed,3,Spring,Night (19-23),9.1,False,False
2025-05-03,Metro Express,LCC,COK-BOM,COK,BOM,Sat,5,Summer,Afternoon (11-15),3.6,False,False
2025-08-09,Metro Express,LCC,BOM-BLR,BOM,BLR,Tue,8,Monsoon,Night (19-23),12.0,False,False
2025-09-14,IndiFly,LCC,DEL-AMD,DEL,AMD,Sun,9,Monsoon,Afternoon (11-15),7.8,False,False
2025-08-19,Metro Express,LCC,DEL-CCU,DEL,CCU,Tue,8,Monsoon,Afternoon (11-15),3.0,False,False
2025-10-22,Metro Express,LCC,COK-BOM,COK,BOM,Fri,10,Post-Monsoon,Early Morning (05-08),3.4,False,False
2025-04-27,IndiFly,LCC,DEL-AMD,DEL,AMD,Sat,4,Spring,Early Morning (05-08),7.2,False,False
2025-09-13,Skyline National,Full-service,DEL-BOM,DEL,BOM,Fri,9,Monsoon,Morning (08-11),5.4,False,False
2025-09-26,Skyline National,Full-service,BOM-COK,BOM,COK,Thu,9,Monsoon,Early Morning (05-08),12.9,False,False
2025-05-28,IndiFly,LCC,BLR-HYD,BLR,HYD,Fri,5,Summer,Night (19-23),12.1,False,False
2025-10-20,IndiFly,LCC,DEL-HYD,DEL,HYD,Sat,10,Post-Monsoon,Evening (15-19),2.9,False,False
2025-05-12,IndiFly,LCC,BLR-HYD,BLR,HYD,Mon,5,Summer,Morning (08-11),17.1,True,False
2025-05-24,Coastal Wings,Regional/turboprop,DEL-BLR,DEL,BLR,Thu,5,Summer,Evening (15-19),6.6,False,False
2025-07-24,IndiFly,LCC,DEL-HYD,DEL,HYD,Thu,7,Monsoon,Evening (15-19),8.3,False,False
2025-09-19,Metro Express,LCC,DEL-BOM,DEL,BOM,Mon,9,Monsoon,Early Morning (05-08),3.6,False,False
2025-07-21,Metro Express,LCC,BOM-GOI,BOM,GOI,Mon,7,Monsoon,Evening (15-19),11.5,False,False
2025-05-24,BlueSky Air,Full-service,BOM-BLR,BOM,BLR,Sun,5,Summer,Evening (15-19),4.1,False,False
2025-04-21,BlueSky Air,Full-service,BLR-COK,BLR,COK,Tue,4,Spring,Evening (15-19),3.3,False,False
2025-01-16,Skyline National,Full-service,BLR-HYD,BLR,HYD,Tue,1,Winter,Evening (15-19),4.1,False,False
2025-07-13,Coastal Wings,Regional/turboprop,BOM-COK,BOM,COK,Sun,7,Monsoon,Morning (08-11),17.3,True,False
2025-11-27,IndiFly,LCC,BOM-GOI,BOM,GOI,Sun,11,Post-Monsoon,Morning (08-11),8.5,False,False
2025-05-21,IndiFly,LCC,DEL-BOM,DEL,BOM,Wed,5,Summer,Night (19-23),6.0,False,False
2025-04-02,IndiFly,LCC,DEL-BLR,DEL,BLR,Sun,4,Spring,Night (19-23),6.0,False,False
2025-07-13,Metro Express,LCC,BOM-BLR,BOM,BLR,Thu,7,Monsoon,Evening (15-19),11.3,False,False
2025-11-18,Metro Express,LCC,DEL-AMD,DEL,AMD,Sat,11,Post-Monsoon,Evening (15-19),9.3,False,False
2025-02-16,Skyline National,Full-service,DEL-BLR,DEL,BLR,Tue,2,Winter,Evening (15-19),16.4,True,False
2025-11-03,Coastal Wings,Regional/turboprop,COK-BOM,COK,BOM,Tue,11,Post-Monsoon,Morning (08-11),14.8,False,False
2025-05-15,Metro Express,LCC,BOM-BLR,BOM,BLR,Sun,5,Summer,Early Morning (05-08),2.6,False,False
2025-04-17,BlueSky Air,Full-service,BOM-GOI,BOM,GOI,Mon,4,Spring,Night (19-23),5.1,False,False
2025-04-11,Skyline National,Full-service,DEL-BOM,DEL,BOM,Thu,4,Spring,Night (19-23),42.8,True,False
2025-02-16,Skyline National,Full-service,DEL-BLR,DEL,BLR,Wed,2,Winter,Evening (15-19),0.0,False,True
2025-03-19,IndiFly,LCC,BLR-HYD,BLR,HYD,Sun,3,Spring,Early Morning (05-08),11.8,False,False
2025-07-16,Metro Express,LCC,DEL-HYD,DEL,HYD,Thu,7,Monsoon,Early Morning (05-08),7.7,False,False
2025-09-07,Skyline National,Full-service,BLR-HYD,BLR,HYD,Mon,9,Monsoon,Evening (15-19),11.1,False,False
2025-07-17,Metro Express,LCC,DEL-BOM,DEL,BOM,Fri,7,Monsoon,Morning (08-11),8.7,False,False
2025-08-12,BlueSky Air,Full-service,DEL-BOM,DEL,BOM,Sun,8,Monsoon,Early Morning (05-08),5.2,False,False
2025-10-17,IndiFly,LCC,BLR-HYD,BLR,HYD,Tue,10,Post-Monsoon,Early Morning (05-08),9.0,False,False
2025-10-02,BlueSky Air,Full-service,BLR-HYD,BLR,HYD,Fri,10,Post-Monsoon,Night (19-23),9.6,False,False
2025-07-04,BlueSky Air,Full-service,DEL-HYD,DEL,HYD,Fri,7,Monsoon,Morning (08-11),8.6,False,False
2025-02-22,IndiFly,LCC,DEL-HYD,DEL,HYD,Fri,2,Winter,Morning (08-11),8.3,False,False
2025-02-10,IndiFly,LCC,BLR-HYD,BLR,HYD,Mon,2,Winter,Evening (15-19),7.0,False,False
2025-06-23,Skyline National,Full-service,BLR-COK,BLR,COK,Thu,6,Summer,Morning (08-11),5.0,False,False
2025-02-27,IndiFly,LCC,DEL-AMD,DEL,AMD,Fri,2,Winter,Evening (15-19),7.9,False,False
2025-05-09,IndiFly,LCC,DEL-BLR,DEL,BLR,Thu,5,Summer,Early Morning (05-08),14.4,False,False
2025-07-24,Metro Express,LCC,DEL-AMD,DEL,AMD,Mon,7,Monsoon,Early Morning (05-08),3.4,False,False
2025-02-12,BlueSky Air,Full-service,COK-BOM,COK,BOM,Sun,2,Winter,Morning (08-11),2.4,False,False
2025-08-26,Skyline National,Full-service,DEL-AMD,DEL,AMD,Thu,8,Monsoon,Evening (15-19),7.0,False,False
2025-07-25,BlueSky Air,Full-service,DEL-BLR,DEL,BLR,Wed,7,Monsoon,Evening (15-19),20.4,True,False
2025-08-04,Skyline National,Full-service,BOM-GOI,BOM,GOI,Thu,8,Monsoon,Afternoon (11-15),2.8,False,False
2025-04-22,BlueSky Air,Full-service,BLR-HYD,BLR,HYD,Sun,4,Spring,Morning (08-11),4.8,False,False
2025-06-22,BlueSky Air,Full-service,DEL-BLR,DEL,BLR,Sat,6,Summer,Evening (15-19),3.5,False,False
2025-03-17,BlueSky Air,Full-service,DEL-BOM,DEL,BOM,Sun,3,Spring,Afternoon (11-15),6.7,False,False
2025-05-02,Metro Express,LCC,BOM-BLR,BOM,BLR,Fri,5,Summer,Morning (08-11),10.4,False,False
2025-08-03,Metro Express,LCC,DEL-PNQ,DEL,PNQ,Sun,8,Monsoon,Afternoon (11-15),5.3,False,False
2025-01-18,IndiFly,LCC,DEL-HYD,DEL,HYD,Fri,1,Winter,Early Morning (05-08),22.0,True,False
2025-06-12,IndiFly,LCC,DEL-AMD,DEL,AMD,Sun,6,Summer,Early Morning (05-08),3.5,False,False
2025-11-12,BlueSky Air,Full-service,BOM-GOI,BOM,GOI,Sat,11,Post-Monsoon,Afternoon (11-15),0.0,False,True
2025-05-18,Metro Express,LCC,BOM-COK,BOM,COK,Fri,5,Summer,Morning (08-11),2.7,False,False
2025-07-04,Skyline National,Full-service,BLR-HYD,BLR,HYD,Wed,7,Monsoon,Evening (15-19),3.4,False,False
2025-12-11,Metro Express,LCC,DEL-PNQ,DEL,PNQ,Mon,12,Winter,Evening (15-19),19.6,True,False
2025-09-05,Metro Express,LCC,DEL-CCU,DEL,CCU,Thu,9,Monsoon,Early Morning (05-08),12.6,False,False
2025-03-23,BlueSky Air,Full-service,DEL-GOI,DEL,GOI,Fri,3,Spring,Early Morning (05-08),7.2,False,False
2025-10-23,Skyline National,Full-service,DEL-HYD,DEL,HYD,Sun,10,Post-Monsoon,Morning (08-11),5.9,False,False
2025-10-23,Skyline National,Full-service,DEL-BOM,DEL,BOM,Sat,10,Post-Monsoon,Afternoon (11-15),6.1,False,False
2025-12-10,IndiFly,LCC,DEL-BLR,DEL,BLR,Sat,12,Winter,Morning (08-11),25.7,True,False
2025-02-25,BlueSky Air,Full-service,BOM-BLR,BOM,BLR,Wed,2,Winter,Afternoon (11-15),6.8,False,False
2025-09-10,BlueSky Air,Full-service,COK-BOM,COK,BOM,Sun,9,Monsoon,Afternoon (11-15),5.4,False,False
2025-03-27,Coastal Wings,Regional/turboprop,DEL-AMD,DEL,AMD,Mon,3,Spring,Evening (15-19),5.9,False,False
2025-11-24,Skyline National,Full-service,DEL-BOM,DEL,BOM,Fri,11,Post-Monsoon,Night (19-23),20.3,True,False
2025-05-23,Skyline National,Full-service,DEL-PNQ,DEL,PNQ,Sat,5,Summer,Early Morning (05-08),5.0,False,False
2025-01-01,BlueSky Air,Full-service,BLR-COK,BLR,COK,Sat,1,Winter,Morning (08-11),6.0,False,False
2025-12-23,Skyline National,Full-service,COK-BOM,COK,BOM,Sat,12,Winter,Morning (08-11),8.1,False,False
2025-08-06,BlueSky Air,Full-service,DEL-BLR,DEL,BLR,Sat,8,Monsoon,Early Morning (05-08),3.8,False,False
2025-08-23,Skyline National,Full-service,DEL-BOM,DEL,BOM,Tue,8,Monsoon,Early Morning (05-08),14.5,False,False
2025-09-12,Metro Express,LCC,DEL-PNQ,DEL,PNQ,Mon,9,Monsoon,Evening (15-19),5.9,False,False
2025-07-18,IndiFly,LCC,BOM-GOI,BOM,GOI,Fri,7,Monsoon,Afternoon (11-15),17.3,True,False
2025-08-18,Coastal Wings,Regional/turboprop,BOM-COK,BOM,COK,Sun,8,Monsoon,Evening (15-19),19.3,True,False
2025-01-22,Skyline National,Full-service,DEL-BLR,DEL,BLR,Wed,1,Winter,Morning (08-11),5.6,False,False
2025-08-02,Metro Express,LCC,BOM-GOI,BOM,GOI,Wed,8,Monsoon,Night (19-23),17.3,True,False
2025-09-27,Metro Express,LCC,DEL-BOM,DEL,BOM,Sat,9,Monsoon,Night (19-23),21.7,True,False
2025-01-15,IndiFly,LCC,DEL-AMD,DEL,AMD,Sat,1,Winter,Morning (08-11),27.2,True,False
2025-07-11,Metro Express,LCC,BOM-COK,BOM,COK,Mon,7,Monsoon,Morning (08-11),20.5,True,False
2025-11-01,Coastal Wings,Regional/turboprop,DEL-HYD,DEL,HYD,Thu,11,Post-Monsoon,Early Morning (05-08),4.3,False,False
2025-11-05,Skyline National,Full-service,BOM-BLR,BOM,BLR,Wed,11,Post-Monsoon,Evening (15-19),16.2,True,False
2025-02-02,BlueSky Air,Full-service,DEL-CCU,DEL,CCU,Mon,2,Winter,Afternoon (11-15),4.7,False,False
2025-12-12,IndiFly,LCC,BLR-HYD,BLR,HYD,Tue,12,Winter,Afternoon (11-15),9.1,False,False
2025-04-04,IndiFly,LCC,MAA-CCU,MAA,CCU,Tue,4,Spring,Evening (15-19),8.4,False,False
2025-11-18,Coastal Wings,Regional/turboprop,DEL-CCU,DEL,CCU,Mon,11,Post-Monsoon,Morning (08-11),14.2,False,False
2025-02-10,IndiFly,LCC,BOM-COK,BOM,COK,Fri,2,Winter,Early Morning (05-08),3.0,False,False
2025-03-19,BlueSky Air,Full-service,DEL-AMD,DEL,AMD,Fri,3,Spring,Morning (08-11),0.0,False,True
2025-12-21,IndiFly,LCC,DEL-BLR,DEL,BLR,Thu,12,Winter,Morning (08-11),12.1,False,False
2025-02-06,Skyline National,Full-service,BOM-GOI,BOM,GOI,Sat,2,Winter,Evening (15-19),26.0,True,False
2025-11-03,Metro Express,LCC,BOM-BLR,BOM,BLR,Sat,11,Post-Monsoon,Early Morning (05-08),2.3,False,False
2025-10-07,BlueSky Air,Full-service,DEL-HYD,DEL,HYD,Mon,10,Post-Monsoon,Afternoon (11-15),6.6,False,False
2025-04-25,Skyline National,Full-service,DEL-HYD,DEL,HYD,Fri,4,Spring,Evening (15-19),5.6,False,False
2025-11-08,Metro Express,LCC,BOM-GOI,BOM,GOI,Sun,11,Post-Monsoon,Night (19-23),3.9,False,False
2025-12-16,Skyline National,Full-service,DEL-BLR,DEL,BLR,Wed,12,Winter,Early Morning (05-08),26.1,True,False
2025-01-02,Metro Express,LCC,DEL-GOI,DEL,GOI,Sat,1,Winter,Morning (08-11),41.6,True,False
2025-11-13,BlueSky Air,Full-service,DEL-BLR,DEL,BLR,Wed,11,Post-Monsoon,Afternoon (11-15),4.0,False,False
2025-06-16,Metro Express,LCC,DEL-PNQ,DEL,PNQ,Sun,6,Summer,Afternoon (11-15),10.5,False,False
2025-11-09,IndiFly,LCC,DEL-BOM,DEL,BOM,Tue,11,Post-Monsoon,Early Morning (05-08),4.1,False,False
2025-06-24,BlueSky Air,Full-service,DEL-HYD,DEL,HYD,Mon,6,Summer,Afternoon (11-15),5.8,False,False
2025-01-05,Skyline National,Full-service,DEL-BOM,DEL,BOM,Fri,1,Winter,Afternoon (11-15),8.4,False,False
2025-11-01,Metro Express,LCC,BLR-COK,BLR,COK,Sat,11,Post-Monsoon,Evening (15-19),24.8,True,False
2025-08-06,BlueSky Air,Full-service,BOM-GOI,BOM,GOI,Tue,8,Monsoon,Night (19-23),20.9,True,False
2025-10-03,Metro Express,LCC,BOM-GOI,BOM,GOI,Tue,10,Post-Monsoon,Morning (08-11),7.3,False,False
2025-03-16,Skyline National,Full-service,BOM-COK,BOM,COK,Fri,3,Spring,Afternoon (11-15),11.0,False,False
2025-11-21,IndiFly,LCC,DEL-GOI,DEL,GOI,Thu,11,Post-Monsoon,Afternoon (11-15),5.6,False,False
2025-07-12,IndiFly,LCC,DEL-PNQ,DEL,PNQ,Fri,7,Monsoon,Night (19-23),10.3,False,False
2025-02-10,Skyline National,Full-service,COK-BOM,COK,BOM,Fri,2,Winter,Night (19-23),7.3,False,False
2025-02-17,Skyline National,Full-service,DEL-CCU,DEL,CCU,Mon,2,Winter,Morning (08-11),3.7,False,False
2025-10-09,IndiFly,LCC,DEL-HYD,DEL,HYD,Wed,10,Post-Monsoon,Night (19-23),7.5,False,False
2025-07-18,BlueSky Air,Full-service,BLR-HYD,BLR,HYD,Sun,7,Monsoon,Afternoon (11-15),2.5,False,False
2025-12-13,Coastal Wings,Regional/turboprop,DEL-CCU,DEL,CCU,Sat,12,Winter,Early Morning (05-08),18.4,True,False
2025-01-06,BlueSky Air,Full-service,DEL-AMD,DEL,AMD,Thu,1,Winter,Night (19-23),12.5,False,False
2025-07-13,IndiFly,LCC,DEL-BOM,DEL,BOM,Fri,7,Monsoon,Evening (15-19),5.9,False,False
2025-08-15,Skyline National,Full-service,DEL-BLR,DEL,BLR,Mon,8,Monsoon,Morning (08-11),10.4,False,False
2025-09-23,IndiFly,LCC,BOM-COK,BOM,COK,Tue,9,Monsoon,Evening (15-19),24.0,True,False
2025-11-13,IndiFly,LCC,DEL-HYD,DEL,HYD,Thu,11,Post-Monsoon,Afternoon (11-15),7.5,False,False
2025-09-19,IndiFly,LCC,BOM-BLR,BOM,BLR,Wed,9,Monsoon,Morning (08-11),3.3,False,False
2025-02-26,Metro Express,LCC,BOM-BLR,BOM,BLR,Fri,2,Winter,Night (19-23),12.3,False,False
2025-06-25,BlueSky Air,Full-service,BLR-HYD,BLR,HYD,Thu,6,Summer,Evening (15-19),5.4,False,False
2025-12-08,Skyline National,Full-service,DEL-BLR,DEL,BLR,Sun,12,Winter,Morning (08-11),8.0,False,False
2025-03-16,Skyline National,Full-service,DEL-BOM,DEL,BOM,Wed,3,Spring,Morning (08-11),4.7,False,False
2025-04-27,IndiFly,LCC,DEL-BLR,DEL,BLR,Fri,4,Spring,Morning (08-11),3.0,False,False
2025-01-28,IndiFly,LCC,MAA-CCU,MAA,CCU,Thu,1,Winter,Morning (08-11),3.7,False,False
2025-03-25,BlueSky Air,Full-service,BOM-BLR,BOM,BLR,Fri,3,Spring,Morning (08-11),3.3,False,False
2025-09-02,Skyline National,Full-service,BOM-GOI,BOM,GOI,Fri,9,Monsoon,Morning (08-11),0.0,False,True
2025-02-11,BlueSky Air,Full-service,DEL-HYD,DEL,HYD,Wed,2,Winter,Evening (15-19),4.3,False,False
2025-06-06,Metro Express,LCC,BOM-COK,BOM,COK,Thu,6,Summer,Afternoon (11-15),11.9,False,False
2025-11-08,BlueSky Air,Full-service,HYD-MAA,HYD,MAA,Sun,11,Post-Monsoon,Early Morning (05-08),2.7,False,False
2025-12-05,Metro Express,LCC,DEL-BLR,DEL,BLR,Thu,12,Winter,Night (19-23),16.1,True,False
2025-10-02,Metro Express,LCC,DEL-CCU,DEL,CCU,Thu,10,Post-Monsoon,Early Morning (05-08),3.4,False,False
2025-12-11,Skyline National,Full-service,DEL-BOM,DEL,BOM,Wed,12,Winter,Morning (08-11),12.1,False,False
2025-11-18,IndiFly,LCC,DEL-CCU,DEL,CCU,Tue,11,Post-Monsoon,Night (19-23),5.2,False,False
2025-02-13,Skyline National,Full-service,DEL-HYD,DEL,HYD,Fri,2,Winter,Morning (08-11),9.8,False,False
2025-11-20,Skyline National,Full-service,BOM-BLR,BOM,BLR,Fri,11,Post-Monsoon,Afternoon (11-15),5.4,False,False
2025-07-09,BlueSky Air,Full-service,BOM-COK,BOM,COK,Thu,7,Monsoon,Evening (15-19),9.0,False,False
2025-12-23,IndiFly,LCC,DEL-BLR,DEL,BLR,Sat,12,Winter,Early Morning (05-08),18.7,True,False
2025-05-20,Skyline National,Full-service,DEL-BOM,DEL,BOM,Tue,5,Summer,Early Morning (05-08),4.8,False,False
2025-03-01,IndiFly,LCC,DEL-CCU,DEL,CCU,Mon,3,Spring,Evening (15-19),7.3,False,False
2025-12-18,IndiFly,LCC,DEL-HYD,DEL,HYD,Tue,12,Winter,Afternoon (11-15),22.0,True,False
2025-02-15,Metro Express,LCC,DEL-BLR,DEL,BLR,Wed,2,Winter,Morning (08-11),0.0,False,True
2025-06-10,Skyline National,Full-service,MAA-CCU,MAA,CCU,Thu,6,Summer,Afternoon (11-15),11.7,False,False
2025-05-20,IndiFly,LCC,BLR-HYD,BLR,HYD,Tue,5,Summer,Evening (15-19),7.9,False,False
2025-12-24,Metro Express,LCC,DEL-BLR,DEL,BLR,Sat,12,Winter,Morning (08-11),14.9,False,False
2025-11-09,Skyline National,Full-service,DEL-PNQ,DEL,PNQ,Wed,11,Post-Monsoon,Evening (15-19),9.2,False,False
2025-02-21,IndiFly,LCC,DEL-BOM,DEL,BOM,Thu,2,Winter,Evening (15-19),5.7,False,False
2025-09-01,IndiFly,LCC,DEL-BOM,DEL,BOM,Tue,9,Monsoon,Night (19-23),6.2,False,False
2025-01-16,IndiFly,LCC,DEL-BOM,DEL,BOM,Tue,1,Winter,Morning (08-11),36.1,True,False
2025-08-06,Skyline National,Full-service,DEL-BOM,DEL,BOM,Tue,8,Monsoon,Night (19-23),6.3,False,False
2025-07-25,Coastal Wings,Regional/turboprop,DEL-AMD,DEL,AMD,Thu,7,Monsoon,Morning (08-11),11.8,False,False
2025-03-21,Coastal Wings,Regional/turboprop,DEL-GOI,DEL,GOI,Sat,3,Spring,Early Morning (05-08),4.6,False,False
2025-04-04,Skyline National,Full-service,MAA-CCU,MAA,CCU,Tue,4,Spring,Evening (15-19),5.0,False,False
2025-01-02,IndiFly,LCC,DEL-PNQ,DEL,PNQ,Fri,1,Winter,Evening (15-19),15.1,True,False
2025-11-02,IndiFly,LCC,BOM-COK,BOM,COK,Mon,11,Post-Monsoon,Morning (08-11),2.8,False,False
2025-09-26,Metro Express,LCC,BOM-BLR,BOM,BLR,Sat,9,Monsoon,Evening (15-19),4.4,False,False
2025-08-23,IndiFly,LCC,COK-BOM,COK,BOM,Thu,8,Monsoon,Afternoon (11-15),16.8,True,False
2025-10-28,Metro Express,LCC,MAA-CCU,MAA,CCU,Fri,10,Post-Monsoon,Early Morning (05-08),6.6,False,False
2025-11-17,BlueSky Air,Full-service,BOM-GOI,BOM,GOI,Thu,11,Post-Monsoon,Evening (15-19),4.5,False,False
2025-07-07,IndiFly,LCC,BLR-COK,BLR,COK,Fri,7,Monsoon,Evening (15-19),8.9,False,False
2025-03-28,IndiFly,LCC,DEL-GOI,DEL,GOI,Mon,3,Spring,Morning (08-11),6.4,False,False
2025-09-20,Skyline National,Full-service,DEL-AMD,DEL,AMD,Sat,9,Monsoon,Afternoon (11-15),2.6,False,False
2025-11-16,IndiFly,LCC,DEL-GOI,DEL,GOI,Sun,11,Post-Monsoon,Early Morning (05-08),7.0,False,False
2025-10-09,Metro Express,LCC,DEL-AMD,DEL,AMD,Fri,10,Post-Monsoon,Early Morning (05-08),2.7,False,False
2025-12-08,Coastal Wings,Regional/turboprop,DEL-BOM,DEL,BOM,Fri,12,Winter,Morning (08-11),17.8,True,False
2025-11-19,BlueSky Air,Full-service,BLR-HYD,BLR,HYD,Wed,11,Post-Monsoon,Evening (15-19),9.7,False,False
2025-09-11,Skyline National,Full-service,DEL-CCU,DEL,CCU,Sat,9,Monsoon,Early Morning (05-08),4.8,False,False
2025-11-14,Metro Express,LCC,DEL-HYD,DEL,HYD,Sun,11,Post-Monsoon,Evening (15-19),12.4,False,False
2025-05-12,Skyline National,Full-service,DEL-GOI,DEL,GOI,Thu,5,Summer,Afternoon (11-15),6.4,False,False
2025-05-01,BlueSky Air,Full-service,BOM-GOI,BOM,GOI,Wed,5,Summer,Night (19-23),3.5,False,False
2025-09-17,Coastal Wings,Regional/turboprop,DEL-PNQ,DEL,PNQ,Fri,9,Monsoon,Afternoon (11-15),10.2,False,False
2025-10-08,IndiFly,LCC,BOM-BLR,BOM,BLR,Tue,10,Post-Monsoon,Morning (08-11),4.2,False,False
2025-06-26,IndiFly,LCC,DEL-BOM,DEL,BOM,Thu,6,Summer,Early Morning (05-08),16.0,True,False
2025-05-02,Skyline National,Full-service,BOM-COK,BOM,COK,Sat,5,Summer,Night (19-23),6.8,False,False
2025-07-14,Metro Express,LCC,COK-BOM,COK,BOM,Sun,7,Monsoon,Early Morning (05-08),39.6,True,False
2025-09-02,BlueSky Air,Full-service,DEL-BOM,DEL,BOM,Wed,9,Monsoon,Afternoon (11-15),4.1,False,False
2025-07-15,IndiFly,LCC,BLR-HYD,BLR,HYD,Sun,7,Monsoon,Afternoon (11-15),6.3,False,False
2025-02-16,Metro Express,LCC,DEL-BOM,DEL,BOM,Fri,2,Winter,Evening (15-19),11.3,False,False
2025-03-16,Metro Express,LCC,DEL-AMD,DEL,AMD,Fri,3,Spring,Early Morning (05-08),5.4,False,False
2025-04-03,Coastal Wings,Regional/turboprop,DEL-CCU,DEL,CCU,Wed,4,Spring,Evening (15-19),6.3,False,False
2025-06-07,BlueSky Air,Full-service,DEL-HYD,DEL,HYD,Wed,6,Summer,Morning (08-11),7.6,False,False
2025-08-20,Metro Express,LCC,DEL-PNQ,DEL,PNQ,Tue,8,Monsoon,Afternoon (11-15),13.2,False,False
2025-04-20,IndiFly,LCC,BLR-HYD,BLR,HYD,Tue,4,Spring,Night (19-23),6.9,False,False
2025-09-25,Metro Express,LCC,DEL-BLR,DEL,BLR,Wed,9,Monsoon,Afternoon (11-15),11.3,False,False
2025-11-17,BlueSky Air,Full-service,DEL-HYD,DEL,HYD,Mon,11,Post-Monsoon,Morning (08-11),2.8,False,False
2025-01-03,IndiFly,LCC,BOM-GOI,BOM,GOI,Thu,1,Winter,Evening (15-19),11.3,False,False
2025-11-13,IndiFly,LCC,BOM-BLR,BOM,BLR,Tue,11,Post-Monsoon,Night (19-23),8.7,False,False
2025-02-06,Metro Express,LCC,BOM-COK,BOM,COK,Tue,2,Winter,Afternoon (11-15),7.0,False,False
2025-06-16,IndiFly,LCC,DEL-CCU,DEL,CCU,Thu,6,Summer,Evening (15-19),2.3,False,False
2025-09-09,Metro Express,LCC,HYD-MAA,HYD,MAA,Sun,9,Monsoon,Early Morning (05-08),3.4,False,False
2025-05-08,Coastal Wings,Regional/turboprop,DEL-GOI,DEL,GOI,Tue,5,Summer,Morning (08-11),6.4,False,False
2025-11-22,Metro Express,LCC,DEL-AMD,DEL,AMD,Tue,11,Post-Monsoon,Afternoon (11-15),9.6,False,False
2025-03-07,BlueSky Air,Full-service,BOM-GOI,BOM,GOI,Sat,3,Spring,Early Morning (05-08),5.0,False,False
2025-09-05,Metro Express,LCC,DEL-AMD,DEL,AMD,Thu,9,Monsoon,Night (19-23),6.5,False,False
2025-03-24,IndiFly,LCC,BOM-BLR,BOM,BLR,Mon,3,Spring,Evening (15-19),6.3,False,False
2025-05-05,Skyline National,Full-service,DEL-GOI,DEL,GOI,Sun,5,Summer,Early Morning (05-08),8.5,False,False
2025-02-23,IndiFly,LCC,DEL-BOM,DEL,BOM,Sun,2,Winter,Afternoon (11-15),8.0,False,False
2025-08-16,Metro Express,LCC,MAA-CCU,MAA,CCU,Tue,8,Monsoon,Early Morning (05-08),3.2,False,False
2025-04-24,Coastal Wings,Regional/turboprop,BLR-COK,BLR,COK,Sat,4,Spring,Night (19-23),6.3,False,False
2025-12-27,Metro Express,LCC,DEL-BOM,DEL,BOM,Thu,12,Winter,Evening (15-19),21.1,True,False
2025-02-15,BlueSky Air,Full-service,DEL-BOM,DEL,BOM,Thu,2,Winter,Night (19-23),3.6,False,False
2025-09-13,Metro Express,LCC,BLR-HYD,BLR,HYD,Fri,9,Monsoon,Evening (15-19),7.2,False,False
2025-05-20,IndiFly,LCC,DEL-BLR,DEL,BLR,Mon,5,Summer,Evening (15-19),11.5,False,False
2025-12-18,IndiFly,LCC,DEL-CCU,DEL,CCU,Tue,12,Winter,Morning (08-11),46.7,True,False
2025-12-26,Metro Express,LCC,BOM-COK,BOM,COK,Tue,12,Winter,Evening (15-19),7.7,False,False
2025-09-20,Metro Express,LCC,DEL-PNQ,DEL,PNQ,Tue,9,Monsoon,Morning (08-11),5.6,False,False
2025-03-06,BlueSky Air,Full-service,DEL-AMD,DEL,AMD,Sun,3,Spring,Early Morning (05-08),3.6,False,False
2025-03-07,IndiFly,LCC,DEL-BLR,DEL,BLR,Mon,3,Spring,Evening (15-19),4.8,False,False
2025-08-08,BlueSky Air,Full-service,DEL-BOM,DEL,BOM,Tue,8,Monsoon,Afternoon (11-15),6.5,False,False
2025-09-09,BlueSky Air,Full-service,DEL-BLR,DEL,BLR,Fri,9,Monsoon,Evening (15-19),5.0,False,False
2025-06-03,BlueSky Air,Full-service,BOM-COK,BOM,COK,Mon,6,Summer,Early Morning (05-08),17.3,True,False
2025-06-02,Coastal Wings,Regional/turboprop,BLR-HYD,BLR,HYD,Mon,6,Summer,Evening (15-19),5.6,False,False
2025-02-10,BlueSky Air,Full-service,MAA-CCU,MAA,CCU,Thu,2,Winter,Early Morning (05-08),6.8,False,False
2025-10-02,Metro Express,LCC,DEL-AMD,DEL,AMD,Mon,10,Post-Monsoon,Afternoon (11-15),3.0,False,False
2025-07-20,Skyline National,Full-service,DEL-AMD,DEL,AMD,Sun,7,Monsoon,Morning (08-11),7.3,False,False
2025-09-24,IndiFly,LCC,DEL-CCU,DEL,CCU,Sat,9,Monsoon,Afternoon (11-15),17.0,True,False
2025-02-01,IndiFly,LCC,DEL-BLR,DEL,BLR,Thu,2,Winter,Evening (15-19),3.6,False,False
2025-06-12,Coastal Wings,Regional/turboprop,DEL-HYD,DEL,HYD,Fri,6,Summer,Night (19-23),5.5,False,False
2025-05-17,IndiFly,LCC,DEL-BOM,DEL,BOM,Fri,5,Summer,Morning (08-11),3.2,False,False
2025-01-27,BlueSky Air,Full-service,BOM-COK,BOM,COK,Tue,1,Winter,Early Morning (05-08),11.8,False,False
2025-03-16,Metro Express,LCC,DEL-BOM,DEL,BOM,Tue,3,Spring,Evening (15-19),7.2,False,False
2025-05-19,BlueSky Air,Full-service,MAA-CCU,MAA,CCU,Sat,5,Summer,Evening (15-19),6.4,False,False
2025-06-03,Metro Express,LCC,COK-BOM,COK,BOM,Tue,6,Summer,Morning (08-11),13.4,False,False
2025-05-23,Metro Express,LCC,BOM-COK,BOM,COK,Sun,5,Summer,Morning (08-11),2.1,False,False
2025-05-07,IndiFly,LCC,BOM-GOI,BOM,GOI,Fri,5,Summer,Morning (08-11),2.6,False,False
2025-01-26,Skyline National,Full-service,DEL-HYD,DEL,HYD,Thu,1,Winter,Night (19-23),14.7,False,False
2025-02-27,Metro Express,LCC,BLR-HYD,BLR,HYD,Fri,2,Winter,Evening (15-19),3.0,False,False
2025-01-10,BlueSky Air,Full-service,DEL-CCU,DEL,CCU,Mon,1,Winter,Evening (15-19),17.7,True,False
2025-10-25,BlueSky Air,Full-service,BOM-BLR,BOM,BLR,Wed,10,Post-Monsoon,Evening (15-19),3.6,False,False
2025-11-04,Metro Express,LCC,BLR-HYD,BLR,HYD,Wed,11,Post-Monsoon,Early Morning (05-08),8.4,False,False
2025-03-23,Metro Express,LCC,BOM-BLR,BOM,BLR,Sun,3,Spring,Morning (08-11),9.6,False,False
2025-11-02,IndiFly,LCC,BOM-GOI,BOM,GOI,Mon,11,Post-Monsoon,Morning (08-11),2.4,False,False
2025-12-23,Skyline National,Full-service,BOM-COK,BOM,COK,Thu,12,Winter,Evening (15-19),5.2,False,False
2025-08-19,BlueSky Air,Full-service,DEL-CCU,DEL,CCU,Tue,8,Monsoon,Early Morning (05-08),10.6,False,False
2025-08-16,Metro Express,LCC,BOM-COK,BOM,COK,Tue,8,Monsoon,Night (19-23),7.6,False,False
2025-06-15,Skyline National,Full-service,BOM-BLR,BOM,BLR,Thu,6,Summer,Early Morning (05-08),6.1,False,False
2025-10-19,IndiFly,LCC,BLR-HYD,BLR,HYD,Tue,10,Post-Monsoon,Afternoon (11-15),4.9,False,False
2025-05-18,BlueSky Air,Full-service,DEL-BOM,DEL,BOM,Thu,5,Summer,Afternoon (11-15),5.9,False,False
2025-06-07,Coastal Wings,Regional/turboprop,DEL-HYD,DEL,HYD,Sun,6,Summer,Evening (15-19),8.5,False,False
2025-03-22,Metro Express,LCC,DEL-AMD,DEL,AMD,Sat,3,Spring,Early Morning (05-08),6.6,False,False
2025-03-10,BlueSky Air,Full-service,DEL-PNQ,DEL,PNQ,Thu,3,Spring,Early Morning (05-08),2.6,False,False
2025-11-02,Metro Express,LCC,BOM-GOI,BOM,GOI,Mon,11,Post-Monsoon,Morning (08-11),3.0,False,False
2025-11-05,Skyline National,Full-service,BLR-HYD,BLR,HYD,Thu,11,Post-Monsoon,Afternoon (11-15),5.3,False,False
2025-10-26,BlueSky Air,Full-service,BOM-BLR,BOM,BLR,Sat,10,Post-Monsoon,Morning (08-11),2.8,False,False
2025-12-18,BlueSky Air,Full-service,DEL-BOM,DEL,BOM,Sun,12,Winter,Night (19-23),5.4,False,False
2025-07-13,BlueSky Air,Full-service,DEL-AMD,DEL,AMD,Thu,7,Monsoon,Afternoon (11-15),8.2,False,False
2025-07-05,Metro Express,LCC,DEL-GOI,DEL,GOI,Wed,7,Monsoon,Night (19-23),31.8,True,False
2025-11-26,Coastal Wings,Regional/turboprop,DEL-BOM,DEL,BOM,Thu,11,Post-Monsoon,Night (19-23),10.7,False,False
2025-07-20,Metro Express,LCC,DEL-BLR,DEL,BLR,Mon,7,Monsoon,Afternoon (11-15),8.5,False,False
2025-10-16,Metro Express,LCC,BLR-COK,BLR,COK,Sat,10,Post-Monsoon,Morning (08-11),8.1,False,False
2025-05-15,BlueSky Air,Full-service,DEL-CCU,DEL,CCU,Fri,5,Summer,Early Morning (05-08),4.7,False,False
2025-10-10,IndiFly,LCC,BOM-COK,BOM,COK,Fri,10,Post-Monsoon,Early Morning (05-08),4.0,False,False
2025-12-11,Metro Express,LCC,BOM-GOI,BOM,GOI,Thu,12,Winter,Morning (08-11),3.2,False,False
2025-05-02,Metro Express,LCC,DEL-PNQ,DEL,PNQ,Sat,5,Summer,Afternoon (11-15),11.0,False,False
2025-05-09,Metro Express,LCC,MAA-CCU,MAA,CCU,Tue,5,Summer,Evening (15-19),4.7,False,False
2025-12-05,BlueSky Air,Full-service,COK-BOM,COK,BOM,Sat,12,Winter,Afternoon (11-15),8.8,False,False
2025-02-05,Skyline National,Full-service,BOM-BLR,BOM,BLR,Fri,2,Winter,Night (19-23),4.0,False,False
2025-08-24,Skyline National,Full-service,DEL-BLR,DEL,BLR,Sat,8,Monsoon,Early Morning (05-08),8.0,False,False
2025-01-06,IndiFly,LCC,DEL-PNQ,DEL,PNQ,Thu,1,Winter,Morning (08-11),25.8,True,False
2025-03-17,BlueSky Air,Full-service,BOM-GOI,BOM,GOI,Sun,3,Spring,Afternoon (11-15),3.5,False,False
2025-01-04,Metro Express,LCC,DEL-CCU,DEL,CCU,Fri,1,Winter,Evening (15-19),8.9,False,False
2025-12-22,Skyline National,Full-service,BLR-HYD,BLR,HYD,Fri,12,Winter,Evening (15-19),8.3,False,False
2025-01-27,Metro Express,LCC,DEL-BOM,DEL,BOM,Mon,1,Winter,Early Morning (05-08),0.0,False,True
2025-11-27,IndiFly,LCC,DEL-GOI,DEL,GOI,Tue,11,Post-Monsoon,Night (19-23),12.5,False,False
2025-11-25,Skyline National,Full-service,DEL-BOM,DEL,BOM,Sat,11,Post-Monsoon,Afternoon (11-15),13.7,False,False
2025-05-25,Coastal Wings,Regional/turboprop,BOM-COK,BOM,COK,Thu,5,Summer,Evening (15-19),14.9,False,False
2025-01-13,Skyline National,Full-service,BOM-BLR,BOM,BLR,Thu,1,Winter,Morning (08-11),2.6,False,False
2025-04-20,Metro Express,LCC,BOM-GOI,BOM,GOI,Thu,4,Spring,Early Morning (05-08),6.3,False,False
2025-08-23,IndiFly,LCC,BOM-COK,BOM,COK,Wed,8,Monsoon,Early Morning (05-08),6.1,False,False
2025-01-22,IndiFly,LCC,BOM-COK,BOM,COK,Thu,1,Winter,Morning (08-11),9.9,False,False
2025-08-16,Metro Express,LCC,DEL-GOI,DEL,GOI,Thu,8,Monsoon,Afternoon (11-15),16.9,True,False
2025-02-19,BlueSky Air,Full-service,BLR-HYD,BLR,HYD,Fri,2,Winter,Night (19-23),4.5,False,False
2025-02-12,BlueSky Air,Full-service,BLR-COK,BLR,COK,Fri,2,Winter,Night (19-23),4.3,False,False
2025-09-02,IndiFly,LCC,DEL-BLR,DEL,BLR,Thu,9,Monsoon,Evening (15-19),5.3,False,False
2025-11-15,BlueSky Air,Full-service,BOM-GOI,BOM,GOI,Sat,11,Post-Monsoon,Early Morning (05-08),3.7,False,False
2025-08-01,Metro Express,LCC,BLR-COK,BLR,COK,Mon,8,Monsoon,Morning (08-11),10.6,False,False
2025-09-05,Metro Express,LCC,DEL-GOI,DEL,GOI,Sat,9,Monsoon,Afternoon (11-15),11.3,False,False
2025-03-21,BlueSky Air,Full-service,DEL-BOM,DEL,BOM,Mon,3,Spring,Night (19-23),10.1,False,False
2025-10-26,Skyline National,Full-service,DEL-BOM,DEL,BOM,Fri,10,Post-Monsoon,Morning (08-11),18.3,True,False
2025-10-18,Metro Express,LCC,BLR-COK,BLR,COK,Tue,10,Post-Monsoon,Morning (08-11),2.0,False,False
2025-03-15,IndiFly,LCC,DEL-HYD,DEL,HYD,Tue,3,Spring,Night (19-23),8.6,False,False
2025-05-14,IndiFly,LCC,BOM-COK,BOM,COK,Sat,5,Summer,Night (19-23),18.7,True,False
2025-07-08,BlueSky Air,Full-service,DEL-CCU,DEL,CCU,Tue,7,Monsoon,Evening (15-19),6.3,False,False
2025-01-18,Skyline National,Full-service,BOM-BLR,BOM,BLR,Tue,1,Winter,Early Morning (05-08),8.4,False,False
2025-11-22,Metro Express,LCC,BOM-GOI,BOM,GOI,Tue,11,Post-Monsoon,Morning (08-11),3.4,False,False
2025-03-06,Coastal Wings,Regional/turboprop,BOM-GOI,BOM,GOI,Sat,3,Spring,Night (19-23),2.7,False,False
2025-08-02,IndiFly,LCC,BOM-COK,BOM,COK,Mon,8,Monsoon,Evening (15-19),19.5,True,False
2025-04-24,BlueSky Air,Full-service,BOM-BLR,BOM,BLR,Sat,4,Spring,Night (19-23),4.0,False,False
2025-04-13,IndiFly,LCC,DEL-HYD,DEL,HYD,Tue,4,Spring,Early Morning (05-08),7.4,False,False
2025-03-13,IndiFly,LCC,BOM-COK,BOM,COK,Wed,3,Spring,Early Morning (05-08),9.6,False,False
2025-12-19,IndiFly,LCC,DEL-BOM,DEL,BOM,Mon,12,Winter,Morning (08-11),12.8,False,False
2025-11-20,IndiFly,LCC,DEL-BLR,DEL,BLR,Tue,11,Post-Monsoon,Afternoon (11-15),8.1,False,False
2025-04-19,Metro Express,LCC,MAA-CCU,MAA,CCU,Thu,4,Spring,Night (19-23),5.2,False,False
2025-10-08,IndiFly,LCC,BOM-BLR,BOM,BLR,Fri,10,Post-Monsoon,Night (19-23),7.1,False,False
2025-07-17,BlueSky Air,Full-service,BOM-GOI,BOM,GOI,Thu,7,Monsoon,Afternoon (11-15),19.4,True,False
2025-04-05,IndiFly,LCC,BLR-HYD,BLR,HYD,Wed,4,Spring,Morning (08-11),8.1,False,False
2025-10-24,Metro Express,LCC,DEL-AMD,DEL,AMD,Fri,10,Post-Monsoon,Early Morning (05-08),6.2,False,False
2025-06-21,Metro Express,LCC,DEL-PNQ,DEL,PNQ,Thu,6,Summer,Evening (15-19),2.1,False,False
2025-05-14,BlueSky Air,Full-service,DEL-CCU,DEL,CCU,Sun,5,Summer,Morning (08-11),11.2,False,False
2025-01-17,Skyline National,Full-service,BLR-HYD,BLR,HYD,Sat,1,Winter,Morning (08-11),1.9,False,False
2025-11-18,IndiFly,LCC,DEL-HYD,DEL,HYD,Sat,11,Post-Monsoon,Early Morning (05-08),10.0,False,False
2025-08-24,IndiFly,LCC,DEL-BOM,DEL,BOM,Sun,8,Monsoon,Afternoon (11-15),6.1,False,False
2025-06-15,IndiFly,LCC,DEL-BOM,DEL,BOM,Thu,6,Summer,Afternoon (11-15),8.4,False,False
2025-11-23,Metro Express,LCC,DEL-HYD,DEL,HYD,Sun,11,Post-Monsoon,Night (19-23),8.1,False,False
2025-02-23,IndiFly,LCC,DEL-BLR,DEL,BLR,Tue,2,Winter,Afternoon (11-15),9.7,False,False
2025-06-14,BlueSky Air,Full-service,DEL-BOM,DEL,BOM,Thu,6,Summer,Evening (15-19),3.4,False,False
2025-10-11,Metro Express,LCC,BOM-BLR,BOM,BLR,Sat,10,Post-Monsoon,Evening (15-19),6.1,False,False
2025-05-19,Skyline National,Full-service,DEL-HYD,DEL,HYD,Tue,5,Summer,Night (19-23),6.3,False,False
2025-01-05,Metro Express,LCC,BOM-BLR,BOM,BLR,Wed,1,Winter,Morning (08-11),3.5,False,False
2025-11-26,IndiFly,LCC,DEL-AMD,DEL,AMD,Tue,11,Post-Monsoon,Early Morning (05-08),2.9,False,False
2025-04-18,Metro Express,LCC,DEL-HYD,DEL,HYD,Sat,4,Spring,Early Morning (05-08),5.0,False,False
2025-05-04,Metro Express,LCC,DEL-BLR,DEL,BLR,Mon,5,Summer,Afternoon (11-15),8.4,False,False
2025-12-18,Metro Express,LCC,DEL-BOM,DEL,BOM,Fri,12,Winter,Morning (08-11),19.7,True,False
2025-10-24,BlueSky Air,Full-service,DEL-BLR,DEL,BLR,Thu,10,Post-Monsoon,Morning (08-11),3.1,False,False
2025-01-13,BlueSky Air,Full-service,DEL-BOM,DEL,BOM,Fri,1,Winter,Night (19-23),9.1,False,False
2025-05-07,IndiFly,LCC,DEL-GOI,DEL,GOI,Mon,5,Summer,Early Morning (05-08),5.1,False,False
2025-11-12,Metro Express,LCC,DEL-BOM,DEL,BOM,Thu,11,Post-Monsoon,Early Morning (05-08),6.3,False,False
2025-02-07,Coastal Wings,Regional/turboprop,MAA-CCU,MAA,CCU,Sat,2,Winter,Night (19-23),21.4,True,False
2025-07-24,IndiFly,LCC,BLR-HYD,BLR,HYD,Thu,7,Monsoon,Early Morning (05-08),6.3,False,False
2025-06-03,Metro Express,LCC,MAA-CCU,MAA,CCU,Fri,6,Summer,Evening (15-19),2.5,False,False
2025-12-19,Metro Express,LCC,DEL-CCU,DEL,CCU,Sun,12,Winter,Night (19-23),11.0,False,False
2025-08-18,Metro Express,LCC,DEL-CCU,DEL,CCU,Sat,8,Monsoon,Afternoon (11-15),4.7,False,False
2025-05-14,Metro Express,LCC,BOM-COK,BOM,COK,Tue,5,Summer,Afternoon (11-15),12.9,False,False
2025-02-20,IndiFly,LCC,HYD-MAA,HYD,MAA,Sat,2,Winter,Morning (08-11),5.3,False,False
2025-02-12,BlueSky Air,Full-service,BLR-COK,BLR,COK,Fri,2,Winter,Evening (15-19),1.6,False,False
2025-12-05,IndiFly,LCC,BOM-GOI,BOM,GOI,Wed,12,Winter,Early Morning (05-08),3.5,False,False
2025-09-21,Metro Express,LCC,BOM-BLR,BOM,BLR,Mon,9,Monsoon,Afternoon (11-15),3.1,False,False
2025-11-26,Skyline National,Full-service,DEL-PNQ,DEL,PNQ,Wed,11,Post-Monsoon,Morning (08-11),11.4,False,False
2025-03-17,Metro Express,LCC,DEL-BOM,DEL,BOM,Wed,3,Spring,Morning (08-11),8.1,False,False
2025-04-27,IndiFly,LCC,DEL-BLR,DEL,BLR,Tue,4,Spring,Evening (15-19),9.2,False,False
2025-12-25,Skyline National,Full-service,DEL-AMD,DEL,AMD,Sun,12,Winter,Early Morning (05-08),41.7,True,False
2025-08-20,Metro Express,LCC,BOM-BLR,BOM,BLR,Fri,8,Monsoon,Evening (15-19),6.3,False,False
2025-12-05,Skyline National,Full-service,DEL-BLR,DEL,BLR,Sat,12,Winter,Morning (08-11),26.4,True,False
2025-09-19,IndiFly,LCC,DEL-PNQ,DEL,PNQ,Mon,9,Monsoon,Afternoon (11-15),8.7,False,False
2025-03-28,BlueSky Air,Full-service,DEL-BOM,DEL,BOM,Sat,3,Spring,Night (19-23),4.5,False,False
2025-02-27,IndiFly,LCC,DEL-CCU,DEL,CCU,Fri,2,Winter,Evening (15-19),8.3,False,False
2025-01-24,IndiFly,LCC,BLR-HYD,BLR,HYD,Mon,1,Winter,Night (19-23),7.4,False,False
2025-06-13,BlueSky Air,Full-service,DEL-BOM,DEL,BOM,Thu,6,Summer,Morning (08-11),4.3,False,False
2025-03-16,IndiFly,LCC,DEL-BOM,DEL,BOM,Sun,3,Spring,Morning (08-11),5.2,False,False
2025-08-20,Metro Express,LCC,DEL-HYD,DEL,HYD,Sat,8,Monsoon,Morning (08-11),8.6,False,False
2025-08-22,IndiFly,LCC,DEL-BOM,DEL,BOM,Wed,8,Monsoon,Early Morning (05-08),3.8,False,False
2025-07-23,IndiFly,LCC,DEL-BOM,DEL,BOM,Fri,7,Monsoon,Night (19-23),18.0,True,False
2025-04-20,Metro Express,LCC,DEL-BLR,DEL,BLR,Sun,4,Spring,Night (19-23),4.2,False,False
2025-10-19,IndiFly,LCC,DEL-AMD,DEL,AMD,Wed,10,Post-Monsoon,Evening (15-19),19.0,True,False
2025-08-17,BlueSky Air,Full-service,BLR-COK,BLR,COK,Wed,8,Monsoon,Early Morning (05-08),11.6,False,False
2025-02-16,IndiFly,LCC,BLR-HYD,BLR,HYD,Sat,2,Winter,Early Morning (05-08),2.5,False,False
2025-02-22,Metro Express,LCC,BOM-COK,BOM,COK,Sun,2,Winter,Afternoon (11-15),7.6,False,False
2025-09-11,Metro Express,LCC,BOM-GOI,BOM,GOI,Sun,9,Monsoon,Night (19-23),11.9,False,False
2025-07-15,Metro Express,LCC,BOM-BLR,BOM,BLR,Thu,7,Monsoon,Early Morning (05-08),3.5,False,False
2025-07-05,Skyline National,Full-service,DEL-BLR,DEL,BLR,Wed,7,Monsoon,Evening (15-19),8.7,False,False
2025-10-16,BlueSky Air,Full-service,DEL-AMD,DEL,AMD,Thu,10,Post-Monsoon,Afternoon (11-15),3.7,False,False
2025-05-11,BlueSky Air,Full-service,BLR-HYD,BLR,HYD,Mon,5,Summer,Early Morning (05-08),1.7,False,False
2025-11-11,BlueSky Air,Full-service,DEL-BOM,DEL,BOM,Thu,11,Post-Monsoon,Early Morning (05-08),4.8,False,False
2025-11-10,BlueSky Air,Full-service,DEL-BLR,DEL,BLR,Fri,11,Post-Monsoon,Early Morning (05-08),7.7,False,False
2025-01-15,IndiFly,LCC,DEL-CCU,DEL,CCU,Sat,1,Winter,Night (19-23),15.9,True,False
2025-07-11,Coastal Wings,Regional/turboprop,DEL-HYD,DEL,HYD,Fri,7,Monsoon,Early Morning (05-08),7.3,False,False
2025-11-11,Metro Express,LCC,DEL-PNQ,DEL,PNQ,Tue,11,Post-Monsoon,Evening (15-19),6.6,False,False
2025-09-07,Skyline National,Full-service,DEL-PNQ,DEL,PNQ,Wed,9,Monsoon,Morning (08-11),4.5,False,False
2025-12-28,BlueSky Air,Full-service,BLR-COK,BLR,COK,Fri,12,Winter,Early Morning (05-08),3.0,False,False
2025-02-21,Metro Express,LCC,DEL-BLR,DEL,BLR,Sun,2,Winter,Morning (08-11),8.4,False,False
2025-09-06,BlueSky Air,Full-service,BOM-GOI,BOM,GOI,Mon,9,Monsoon,Evening (15-19),14.2,False,False
2025-11-18,Coastal Wings,Regional/turboprop,BOM-BLR,BOM,BLR,Sun,11,Post-Monsoon,Evening (15-19),21.7,True,False
2025-06-15,BlueSky Air,Full-service,DEL-CCU,DEL,CCU,Tue,6,Summer,Morning (08-11),9.4,False,False
2025-02-21,Metro Express,LCC,MAA-CCU,MAA,CCU,Tue,2,Winter,Night (19-23),5.0,False,False
2025-04-04,BlueSky Air,Full-service,DEL-BLR,DEL,BLR,Tue,4,Spring,Early Morning (05-08),3.6,False,False
2025-11-02,BlueSky Air,Full-service,DEL-HYD,DEL,HYD,Tue,11,Post-Monsoon,Early Morning (05-08),3.1,False,False
2025-01-24,BlueSky Air,Full-service,DEL-BLR,DEL,BLR,Thu,1,Winter,Evening (15-19),9.5,False,False
2025-11-22,Coastal Wings,Regional/turboprop,COK-BOM,COK,BOM,Mon,11,Post-Monsoon,Morning (08-11),22.6,True,False
2025-02-17,BlueSky Air,Full-service,BOM-GOI,BOM,GOI,Sat,2,Winter,Night (19-23),3.8,False,False
2025-06-27,IndiFly,LCC,DEL-PNQ,DEL,PNQ,Fri,6,Summer,Evening (15-19),19.4,True,False
2025-04-09,IndiFly,LCC,DEL-BOM,DEL,BOM,Thu,4,Spring,Afternoon (11-15),8.5,False,False
2025-04-09,BlueSky Air,Full-service,BOM-GOI,BOM,GOI,Sun,4,Spring,Night (19-23),4.9,False,False
2025-10-02,IndiFly,LCC,BLR-COK,BLR,COK,Sun,10,Post-Monsoon,Evening (15-19),3.8,False,False
2025-11-04,BlueSky Air,Full-service,COK-BOM,COK,BOM,Fri,11,Post-Monsoon,Night (19-23),2.5,False,False
2025-08-21,IndiFly,LCC,COK-BOM,COK,BOM,Wed,8,Monsoon,Night (19-23),19.1,True,False
2025-07-27,Coastal Wings,Regional/turboprop,BOM-GOI,BOM,GOI,Wed,7,Monsoon,Evening (15-19),35.6,True,False
2025-08-23,Skyline National,Full-service,BLR-HYD,BLR,HYD,Mon,8,Monsoon,Evening (15-19),11.6,False,False
2025-04-21,BlueSky Air,Full-service,DEL-BOM,DEL,BOM,Wed,4,Spring,Morning (08-11),6.4,False,False
2025-11-14,Skyline National,Full-service,MAA-CCU,MAA,CCU,Sun,11,Post-Monsoon,Night (19-23),7.8,False,False
2025-06-26,IndiFly,LCC,DEL-CCU,DEL,CCU,Wed,6,Summer,Early Morning (05-08),4.9,False,False
2025-04-01,Coastal Wings,Regional/turboprop,COK-BOM,COK,BOM,Mon,4,Spring,Night (19-23),15.8,True,False
2025-12-28,Coastal Wings,Regional/turboprop,DEL-BLR,DEL,BLR,Tue,12,Winter,Early Morning (05-08),14.6,False,False
2025-09-14,BlueSky Air,Full-service,DEL-BOM,DEL,BOM,Sun,9,Monsoon,Night (19-23),7.3,False,False
2025-05-10,BlueSky Air,Full-service,DEL-BLR,DEL,BLR,Sat,5,Summer,Afternoon (11-15),3.2,False,False
2025-11-07,Coastal Wings,Regional/turboprop,BOM-BLR,BOM,BLR,Thu,11,Post-Monsoon,Early Morning (05-08),6.4,False,False
2025-08-05,BlueSky Air,Full-service,DEL-BOM,DEL,BOM,Sun,8,Monsoon,Morning (08-11),9.1,False,False
2025-05-03,BlueSky Air,Full-service,BLR-HYD,BLR,HYD,Mon,5,Summer,Afternoon (11-15),1.8,False,False
2025-11-26,Metro Express,LCC,BOM-COK,BOM,COK,Fri,11,Post-Monsoon,Evening (15-19),8.9,False,False
2025-09-02,BlueSky Air,Full-service,DEL-BOM,DEL,BOM,Fri,9,Monsoon,Early Morning (05-08),4.0,False,False
2025-12-17,Metro Express,LCC,DEL-BOM,DEL,BOM,Thu,12,Winter,Early Morning (05-08),42.5,True,False
2025-10-27,IndiFly,LCC,COK-BOM,COK,BOM,Sun,10,Post-Monsoon,Night (19-23),8.6,False,False
2025-03-18,BlueSky Air,Full-service,BOM-GOI,BOM,GOI,Sun,3,Spring,Night (19-23),9.3,False,False
2025-08-09,IndiFly,LCC,DEL-BLR,DEL,BLR,Tue,8,Monsoon,Evening (15-19),7.0,False,False
2025-12-18,IndiFly,LCC,BOM-BLR,BOM,BLR,Thu,12,Winter,Afternoon (11-15),3.0,False,False
2025-05-06,Metro Express,LCC,DEL-BLR,DEL,BLR,Sun,5,Summer,Early Morning (05-08),7.3,False,False
2025-01-17,BlueSky Air,Full-service,DEL-CCU,DEL,CCU,Sun,1,Winter,Afternoon (11-15),27.6,True,False
2025-11-04,IndiFly,LCC,DEL-AMD,DEL,AMD,Thu,11,Post-Monsoon,Morning (08-11),5.8,False,False
2025-11-01,BlueSky Air,Full-service,BOM-BLR,BOM,BLR,Wed,11,Post-Monsoon,Night (19-23),10.2,False,False
2025-10-05,BlueSky Air,Full-service,BLR-HYD,BLR,HYD,Tue,10,Post-Monsoon,Night (19-23),15.7,True,False
2025-05-06,BlueSky Air,Full-service,DEL-BOM,DEL,BOM,Tue,5,Summer,Night (19-23),14.8,False,False
2025-05-22,Metro Express,LCC,DEL-HYD,DEL,HYD,Fri,5,Summer,Early Morning (05-08),10.5,False,False
2025-08-09,Metro Express,LCC,COK-BOM,COK,BOM,Fri,8,Monsoon,Evening (15-19),8.4,False,False
2025-08-22,IndiFly,LCC,BOM-GOI,BOM,GOI,Tue,8,Monsoon,Evening (15-19),21.9,True,False
2025-08-10,Metro Express,LCC,DEL-BOM,DEL,BOM,Tue,8,Monsoon,Night (19-23),18.0,True,False
2025-09-03,Metro Express,LCC,DEL-CCU,DEL,CCU,Mon,9,Monsoon,Afternoon (11-15),8.3,False,False
2025-06-09,BlueSky Air,Full-service,DEL-PNQ,DEL,PNQ,Fri,6,Summer,Early Morning (05-08),4.9,False,False
2025-07-02,IndiFly,LCC,DEL-BLR,DEL,BLR,Mon,7,Monsoon,Afternoon (11-15),12.0,False,False
2025-05-11,BlueSky Air,Full-service,BOM-GOI,BOM,GOI,Sun,5,Summer,Night (19-23),10.3,False,False
2025-11-16,Metro Express,LCC,DEL-BOM,DEL,BOM,Thu,11,Post-Monsoon,Evening (15-19),34.4,True,False
2025-10-12,Metro Express,LCC,BOM-COK,BOM,COK,Sat,10,Post-Monsoon,Evening (15-19),15.0,False,False
2025-02-27,IndiFly,LCC,DEL-BOM,DEL,BOM,Mon,2,Winter,Evening (15-19),8.4,False,False
2025-09-07,Skyline National,Full-service,MAA-CCU,MAA,CCU,Mon,9,Monsoon,Morning (08-11),5.7,False,False
2025-12-15,IndiFly,LCC,DEL-BLR,DEL,BLR,Thu,12,Winter,Afternoon (11-15),4.6,False,False
2025-12-19,Coastal Wings,Regional/turboprop,MAA-CCU,MAA,CCU,Fri,12,Winter,Evening (15-19),6.9,False,False
2025-08-08,Coastal Wings,Regional/turboprop,COK-BOM,COK,BOM,Sat,8,Monsoon,Early Morning (05-08),11.2,False,False
2025-10-21,Skyline National,Full-service,DEL-BOM,DEL,BOM,Wed,10,Post-Monsoon,Afternoon (11-15),7.6,False,False
2025-09-08,Metro Express,LCC,DEL-HYD,DEL,HYD,Fri,9,Monsoon,Night (19-23),7.2,False,False
2025-05-24,BlueSky Air,Full-service,DEL-BOM,DEL,BOM,Sat,5,Summer,Morning (08-11),5.5,False,False
2025-03-20,Metro Express,LCC,BOM-GOI,BOM,GOI,Tue,3,Spring,Morning (08-11),14.1,False,False
2025-02-26,IndiFly,LCC,BOM-COK,BOM,COK,Thu,2,Winter,Night (19-23),8.1,False,False
2025-05-12,Coastal Wings,Regional/turboprop,BOM-BLR,BOM,BLR,Sat,5,Summer,Early Morning (05-08),19.6,True,False
2025-10-08,IndiFly,LCC,DEL-HYD,DEL,HYD,Mon,10,Post-Monsoon,Afternoon (11-15),7.0,False,False
2025-09-09,Skyline National,Full-service,BLR-HYD,BLR,HYD,Tue,9,Monsoon,Night (19-23),11.9,False,False
2025-03-21,BlueSky Air,Full-service,BOM-GOI,BOM,GOI,Mon,3,Spring,Night (19-23),4.2,False,False
2025-11-12,BlueSky Air,Full-service,DEL-BOM,DEL,BOM,Wed,11,Post-Monsoon,Night (19-23),4.2,False,False
2025-08-11,Skyline National,Full-service,DEL-BOM,DEL,BOM,Wed,8,Monsoon,Afternoon (11-15),4.0,False,False
2025-03-25,Metro Express,LCC,DEL-AMD,DEL,AMD,Sun,3,Spring,Afternoon (11-15),6.9,False,False
2025-11-12,Coastal Wings,Regional/turboprop,BOM-GOI,BOM,GOI,Mon,11,Post-Monsoon,Afternoon (11-15),18.5,True,False
2025-07-25,IndiFly,LCC,BOM-BLR,BOM,BLR,Tue,7,Monsoon,Afternoon (11-15),5.5,False,False
2025-11-23,IndiFly,LCC,DEL-CCU,DEL,CCU,Sun,11,Post-Monsoon,Evening (15-19),8.1,False,False
2025-05-24,BlueSky Air,Full-service,DEL-CCU,DEL,CCU,Sat,5,Summer,Morning (08-11),4.0,False,False
2025-07-15,BlueSky Air,Full-service,DEL-BLR,DEL,BLR,Sat,7,Monsoon,Morning (08-11),6.0,False,False
2025-11-13,BlueSky Air,Full-service,COK-BOM,COK,BOM,Sun,11,Post-Monsoon,Early Morning (05-08),3.4,False,False
2025-05-07,IndiFly,LCC,HYD-MAA,HYD,MAA,Mon,5,Summer,Afternoon (11-15),4.0,False,False
2025-09-19,IndiFly,LCC,COK-BOM,COK,BOM,Wed,9,Monsoon,Morning (08-11),14.0,False,False
2025-11-04,Metro Express,LCC,DEL-BOM,DEL,BOM,Thu,11,Post-Monsoon,Morning (08-11),14.9,False,False
2025-10-23,Skyline National,Full-service,HYD-MAA,HYD,MAA,Sat,10,Post-Monsoon,Evening (15-19),4.7,False,False
2025-07-17,BlueSky Air,Full-service,DEL-BOM,DEL,BOM,Sat,7,Monsoon,Morning (08-11),4.9,False,False
2025-12-14,Metro Express,LCC,DEL-BOM,DEL,BOM,Sun,12,Winter,Afternoon (11-15),7.5,False,False
2025-09-17,BlueSky Air,Full-service,DEL-HYD,DEL,HYD,Sun,9,Monsoon,Morning (08-11),3.8,False,False
2025-08-24,Metro Express,LCC,DEL-GOI,DEL,GOI,Thu,8,Monsoon,Night (19-23),20.5,True,False
2025-06-04,BlueSky Air,Full-service,DEL-GOI,DEL,GOI,Fri,6,Summer,Night (19-23),7.7,False,False
2025-05-16,Metro Express,LCC,DEL-HYD,DEL,HYD,Mon,5,Summer,Evening (15-19),4.1,False,False
2025-04-06,Skyline National,Full-service,COK-BOM,COK,BOM,Sun,4,Spring,Evening (15-19),1.8,False,False
2025-05-19,IndiFly,LCC,BOM-GOI,BOM,GOI,Thu,5,Summer,Night (19-23),19.4,True,False
2025-09-21,BlueSky Air,Full-service,BLR-HYD,BLR,HYD,Thu,9,Monsoon,Evening (15-19),8.7,False,False
2025-10-14,IndiFly,LCC,BOM-COK,BOM,COK,Thu,10,Post-Monsoon,Morning (08-11),4.7,False,False
2025-11-03,Skyline National,Full-service,BLR-HYD,BLR,HYD,Sun,11,Post-Monsoon,Early Morning (05-08),1.6,False,False
2025-11-18,Metro Express,LCC,BOM-COK,BOM,COK,Mon,11,Post-Monsoon,Early Morning (05-08),8.6,False,False
2025-08-17,BlueSky Air,Full-service,DEL-BLR,DEL,BLR,Mon,8,Monsoon,Early Morning (05-08),2.6,False,False
2025-08-03,BlueSky Air,Full-service,COK-BOM,COK,BOM,Sun,8,Monsoon,Afternoon (11-15),11.5,False,False
2025-09-11,IndiFly,LCC,DEL-BOM,DEL,BOM,Thu,9,Monsoon,Morning (08-11),4.3,False,False
2025-07-22,IndiFly,LCC,BOM-BLR,BOM,BLR,Tue,7,Monsoon,Early Morning (05-08),9.8,False,False
2025-05-13,IndiFly,LCC,COK-BOM,COK,BOM,Sun,5,Summer,Night (19-23),2.4,False,False
2025-09-13,IndiFly,LCC,BOM-GOI,BOM,GOI,Mon,9,Monsoon,Morning (08-11),0.0,False,True
2025-02-08,BlueSky Air,Full-service,DEL-CCU,DEL,CCU,Sun,2,Winter,Afternoon (11-15),4.8,False,False
2025-06-18,IndiFly,LCC,BLR-COK,BLR,COK,Tue,6,Summer,Evening (15-19),7.8,False,False
2025-01-02,IndiFly,LCC,BLR-COK,BLR,COK,Thu,1,Winter,Morning (08-11),3.2,False,False
2025-09-10,Skyline National,Full-service,DEL-BLR,DEL,BLR,Mon,9,Monsoon,Early Morning (05-08),7.2,False,False
2025-12-18,BlueSky Air,Full-service,DEL-PNQ,DEL,PNQ,Wed,12,Winter,Night (19-23),29.5,True,False
2025-12-15,BlueSky Air,Full-service,HYD-MAA,HYD,MAA,Wed,12,Winter,Morning (08-11),4.1,False,False
2025-01-20,BlueSky Air,Full-service,BOM-COK,BOM,COK,Thu,1,Winter,Early Morning (05-08),5.1,False,False
2025-11-21,Metro Express,LCC,DEL-BOM,DEL,BOM,Mon,11,Post-Monsoon,Afternoon (11-15),8.2,False,False
2025-07-06,Metro Express,LCC,BOM-COK,BOM,COK,Sun,7,Monsoon,Evening (15-19),0.0,False,True
2025-06-07,IndiFly,LCC,DEL-GOI,DEL,GOI,Mon,6,Summer,Night (19-23),15.5,True,False
2025-12-23,IndiFly,LCC,BOM-GOI,BOM,GOI,Fri,12,Winter,Morning (08-11),3.1,False,False
2025-08-06,Skyline National,Full-service,DEL-CCU,DEL,CCU,Fri,8,Monsoon,Early Morning (05-08),11.9,False,False
2025-12-03,IndiFly,LCC,DEL-CCU,DEL,CCU,Tue,12,Winter,Morning (08-11),18.7,True,False
2025-12-22,BlueSky Air,Full-service,HYD-MAA,HYD,MAA,Fri,12,Winter,Evening (15-19),0.0,False,True
2025-11-02,Metro Express,LCC,DEL-AMD,DEL,AMD,Sun,11,Post-Monsoon,Night (19-23),8.6,False,False
2025-06-17,BlueSky Air,Full-service,BOM-GOI,BOM,GOI,Sun,6,Summer,Early Morning (05-08),8.3,False,False
2025-12-14,Coastal Wings,Regional/turboprop,DEL-BLR,DEL,BLR,Mon,12,Winter,Night (19-23),0.0,False,True
2025-11-11,Metro Express,LCC,DEL-BOM,DEL,BOM,Sun,11,Post-Monsoon,Morning (08-11),4.1,False,False
2025-04-03,IndiFly,LCC,BOM-BLR,BOM,BLR,Sun,4,Spring,Afternoon (11-15),6.0,False,False
2025-01-13,IndiFly,LCC,BLR-COK,BLR,COK,Wed,1,Winter,Night (19-23),13.7,False,False
2025-10-21,Skyline National,Full-service,DEL-BOM,DEL,BOM,Thu,10,Post-Monsoon,Early Morning (05-08),10.9,False,False
2025-07-08,Metro Express,LCC,DEL-BOM,DEL,BOM,Sun,7,Monsoon,Afternoon (11-15),7.3,False,False
2025-11-26,BlueSky Air,Full-service,BOM-BLR,BOM,BLR,Mon,11,Post-Monsoon,Afternoon (11-15),4.1,False,False
2025-04-19,BlueSky Air,Full-service,DEL-BOM,DEL,BOM,Tue,4,Spring,Evening (15-19),5.0,False,False
2025-01-02,Metro Express,LCC,DEL-BLR,DEL,BLR,Tue,1,Winter,Morning (08-11),28.3,True,False
2025-05-20,Skyline National,Full-service,DEL-BLR,DEL,BLR,Wed,5,Summer,Morning (08-11),10.5,False,False
2025-01-14,Skyline National,Full-service,DEL-CCU,DEL,CCU,Wed,1,Winter,Early Morning (05-08),34.9,True,False
2025-10-23,BlueSky Air,Full-service,HYD-MAA,HYD,MAA,Wed,10,Post-Monsoon,Night (19-23),7.4,False,False
2025-01-16,Metro Express,LCC,DEL-BOM,DEL,BOM,Tue,1,Winter,Night (19-23),25.7,True,False
2025-12-13,Skyline National,Full-service,DEL-PNQ,DEL,PNQ,Tue,12,Winter,Afternoon (11-15),14.6,False,False
2025-06-02,BlueSky Air,Full-service,COK-BOM,COK,BOM,Mon,6,Summer,Early Morning (05-08),7.1,False,False
2025-03-27,IndiFly,LCC,DEL-BLR,DEL,BLR,Wed,3,Spring,Night (19-23),2.8,False,False
2025-04-10,Skyline National,Full-service,DEL-BOM,DEL,BOM,Thu,4,Spring,Morning (08-11),18.2,True,False
2025-07-23,Coastal Wings,Regional/turboprop,HYD-MAA,HYD,MAA,Mon,7,Monsoon,Early Morning (05-08),3.0,False,False
2025-11-08,Metro Express,LCC,DEL-HYD,DEL,HYD,Mon,11,Post-Monsoon,Evening (15-19),11.7,False,False
2025-11-26,IndiFly,LCC,DEL-BLR,DEL,BLR,Wed,11,Post-Monsoon,Night (19-23),28.1,True,False
2025-08-26,IndiFly,LCC,DEL-BOM,DEL,BOM,Sat,8,Monsoon,Evening (15-19),4.7,False,False
2025-09-15,BlueSky Air,Full-service,DEL-HYD,DEL,HYD,Tue,9,Monsoon,Morning (08-11),4.5,False,False
2025-07-21,Metro Express,LCC,BOM-BLR,BOM,BLR,Sun,7,Monsoon,Afternoon (11-15),2.6,False,False
2025-05-14,Skyline National,Full-service,DEL-HYD,DEL,HYD,Thu,5,Summer,Afternoon (11-15),8.9,False,False
2025-10-02,Metro Express,LCC,BOM-BLR,BOM,BLR,Thu,10,Post-Monsoon,Afternoon (11-15),5.6,False,False
2025-05-13,Metro Express,LCC,BOM-GOI,BOM,GOI,Mon,5,Summer,Early Morning (05-08),3.6,False,False
2025-09-18,IndiFly,LCC,MAA-CCU,MAA,CCU,Sat,9,Monsoon,Early Morning (05-08),3.1,False,False
2025-06-07,Metro Express,LCC,DEL-CCU,DEL,CCU,Sat,6,Summer,Morning (08-11),4.8,False,False
2025-03-28,IndiFly,LCC,DEL-AMD,DEL,AMD,Sun,3,Spring,Evening (15-19),8.5,False,False
2025-07-13,IndiFly,LCC,BOM-BLR,BOM,BLR,Sun,7,Monsoon,Afternoon (11-15),10.1,False,False
2025-07-08,Skyline National,Full-service,DEL-BLR,DEL,BLR,Tue,7,Monsoon,Evening (15-19),4.7,False,False
2025-08-11,BlueSky Air,Full-service,BOM-GOI,BOM,GOI,Sun,8,Monsoon,Early Morning (05-08),20.1,True,False
2025-07-22,Metro Express,LCC,DEL-BLR,DEL,BLR,Sun,7,Monsoon,Afternoon (11-15),18.6,True,False
2025-03-05,IndiFly,LCC,DEL-PNQ,DEL,PNQ,Wed,3,Spring,Afternoon (11-15),16.4,True,False
2025-07-03,Metro Express,LCC,DEL-HYD,DEL,HYD,Fri,7,Monsoon,Morning (08-11),7.3,False,False
2025-03-04,BlueSky Air,Full-service,BOM-BLR,BOM,BLR,Sat,3,Spring,Afternoon (11-15),2.3,False,False
2025-07-10,IndiFly,LCC,DEL-BOM,DEL,BOM,Tue,7,Monsoon,Morning (08-11),3.6,False,False
2025-03-04,Skyline National,Full-service,DEL-HYD,DEL,HYD,Tue,3,Spring,Afternoon (11-15),7.6,False,False
2025-04-10,Skyline National,Full-service,DEL-BOM,DEL,BOM,Thu,4,Spring,Night (19-23),15.9,True,False
2025-12-22,Metro Express,LCC,DEL-BLR,DEL,BLR,Thu,12,Winter,Morning (08-11),29.4,True,False
2025-10-02,Skyline National,Full-service,BOM-GOI,BOM,GOI,Sat,10,Post-Monsoon,Early Morning (05-08),8.7,False,False
2025-07-20,Skyline National,Full-service,DEL-PNQ,DEL,PNQ,Sun,7,Monsoon,Night (19-23),4.3,False,False
2025-11-06,BlueSky Air,Full-service,BOM-GOI,BOM,GOI,Sat,11,Post-Monsoon,Afternoon (11-15),4.3,False,False
2025-11-18,Skyline National,Full-service,BOM-BLR,BOM,BLR,Wed,11,Post-Monsoon,Evening (15-19),2.9,False,False
2025-09-04,Skyline National,Full-service,DEL-HYD,DEL,HYD,Wed,9,Monsoon,Early Morning (05-08),3.2,False,False
2025-09-02,Metro Express,LCC,DEL-BLR,DEL,BLR,Thu,9,Monsoon,Early Morning (05-08),9.8,False,False
2025-04-13,Metro Express,LCC,DEL-HYD,DEL,HYD,Mon,4,Spring,Early Morning (05-08),3.4,False,False
2025-02-03,BlueSky Air,Full-service,BOM-GOI,BOM,GOI,Fri,2,Winter,Evening (15-19),10.4,False,False
2025-01-20,IndiFly,LCC,DEL-BLR,DEL,BLR,Mon,1,Winter,Early Morning (05-08),0.0,False,True
2025-03-07,IndiFly,LCC,DEL-HYD,DEL,HYD,Sat,3,Spring,Early Morning (05-08),9.1,False,False
2025-11-22,Skyline National,Full-service,DEL-PNQ,DEL,PNQ,Sat,11,Post-Monsoon,Evening (15-19),3.3,False,False
2025-07-25,BlueSky Air,Full-service,DEL-BOM,DEL,BOM,Tue,7,Monsoon,Night (19-23),6.4,False,False
2025-06-27,Metro Express,LCC,HYD-MAA,HYD,MAA,Tue,6,Summer,Evening (15-19),2.2,False,False
2025-12-06,Skyline National,Full-service,DEL-AMD,DEL,AMD,Mon,12,Winter,Afternoon (11-15),15.7,True,False
2025-02-08,BlueSky Air,Full-service,DEL-GOI,DEL,GOI,Tue,2,Winter,Early Morning (05-08),3.4,False,False
2025-01-03,IndiFly,LCC,BOM-COK,BOM,COK,Tue,1,Winter,Afternoon (11-15),14.1,False,False
2025-10-06,BlueSky Air,Full-service,DEL-PNQ,DEL,PNQ,Wed,10,Post-Monsoon,Night (19-23),8.8,False,False
2025-12-05,BlueSky Air,Full-service,BLR-COK,BLR,COK,Wed,12,Winter,Early Morning (05-08),8.4,False,False
2025-01-20,BlueSky Air,Full-service,DEL-BOM,DEL,BOM,Fri,1,Winter,Afternoon (11-15),0.0,False,True
2025-02-10,IndiFly,LCC,BLR-HYD,BLR,HYD,Tue,2,Winter,Evening (15-19),15.2,True,False
2025-03-13,Metro Express,LCC,BOM-BLR,BOM,BLR,Tue,3,Spring,Evening (15-19),4.9,False,False
2025-03-09,Metro Express,LCC,COK-BOM,COK,BOM,Wed,3,Spring,Evening (15-19),19.2,True,False
2025-01-08,BlueSky Air,Full-service,BOM-BLR,BOM,BLR,Sun,1,Winter,Evening (15-19),4.6,False,False
2025-11-23,Skyline National,Full-service,HYD-MAA,HYD,MAA,Sat,11,Post-Monsoon,Morning (08-11),2.9,False,False
2025-01-21,Metro Express,LCC,BLR-COK,BLR,COK,Tue,1,Winter,Night (19-23),3.1,False,False
2025-09-03,Skyline National,Full-service,DEL-BLR,DEL,BLR,Thu,9,Monsoon,Evening (15-19),5.9,False,False
2025-05-19,IndiFly,LCC,DEL-BLR,DEL,BLR,Thu,5,Summer,Night (19-23),4.6,False,False
2025-07-06,Coastal Wings,Regional/turboprop,BOM-BLR,BOM,BLR,Thu,7,Monsoon,Afternoon (11-15),8.7,False,False
2025-01-25,Skyline National,Full-service,DEL-PNQ,DEL,PNQ,Thu,1,Winter,Afternoon (11-15),9.3,False,False
2025-05-15,IndiFly,LCC,DEL-HYD,DEL,HYD,Wed,5,Summer,Morning (08-11),8.3,False,False
2025-04-01,Metro Express,LCC,DEL-BLR,DEL,BLR,Mon,4,Spring,Night (19-23),20.2,True,False
2025-12-12,Metro Express,LCC,DEL-HYD,DEL,HYD,Thu,12,Winter,Afternoon (11-15),20.5,True,False
2025-04-25,Metro Express,LCC,DEL-CCU,DEL,CCU,Thu,4,Spring,Night (19-23),23.2,True,False
2025-06-23,BlueSky Air,Full-service,BOM-COK,BOM,COK,Mon,6,Summer,Evening (15-19),28.4,True,False
2025-11-05,IndiFly,LCC,BOM-GOI,BOM,GOI,Wed,11,Post-Monsoon,Morning (08-11),7.1,False,False
2025-12-13,IndiFly,LCC,DEL-BOM,DEL,BOM,Thu,12,Winter,Evening (15-19),22.5,True,False
2025-12-14,Skyline National,Full-service,DEL-CCU,DEL,CCU,Sun,12,Winter,Night (19-23),20.9,True,False
2025-05-01,Coastal Wings,Regional/turboprop,DEL-HYD,DEL,HYD,Tue,5,Summer,Night (19-23),19.2,True,False
2025-06-06,BlueSky Air,Full-service,DEL-BLR,DEL,BLR,Sat,6,Summer,Early Morning (05-08),5.1,False,False
2025-04-02,BlueSky Air,Full-service,DEL-BLR,DEL,BLR,Sat,4,Spring,Early Morning (05-08),6.7,False,False
2025-07-04,IndiFly,LCC,BOM-BLR,BOM,BLR,Wed,7,Monsoon,Early Morning (05-08),2.3,False,False
2025-05-25,Skyline National,Full-service,DEL-BOM,DEL,BOM,Mon,5,Summer,Evening (15-19),5.4,False,False
2025-05-16,Metro Express,LCC,BLR-COK,BLR,COK,Thu,5,Summer,Evening (15-19),11.2,False,False
2025-04-12,Metro Express,LCC,BOM-BLR,BOM,BLR,Sat,4,Spring,Morning (08-11),9.5,False,False
2025-12-13,Skyline National,Full-service,DEL-BOM,DEL,BOM,Sat,12,Winter,Night (19-23),10.2,False,False
2025-11-07,Skyline National,Full-service,BOM-GOI,BOM,GOI,Mon,11,Post-Monsoon,Night (19-23),2.0,False,False
2025-08-08,Skyline National,Full-service,BOM-BLR,BOM,BLR,Fri,8,Monsoon,Afternoon (11-15),14.6,False,False
2025-08-22,Coastal Wings,Regional/turboprop,DEL-GOI,DEL,GOI,Sun,8,Monsoon,Evening (15-19),14.5,False,False
2025-12-17,Skyline National,Full-service,DEL-PNQ,DEL,PNQ,Mon,12,Winter,Early Morning (05-08),22.0,True,False
2025-11-23,IndiFly,LCC,DEL-BLR,DEL,BLR,Mon,11,Post-Monsoon,Early Morning (05-08),5.0,False,False
2025-11-04,BlueSky Air,Full-service,BLR-COK,BLR,COK,Sat,11,Post-Monsoon,Early Morning (05-08),4.5,False,False
2025-10-25,BlueSky Air,Full-service,MAA-CCU,MAA,CCU,Fri,10,Post-Monsoon,Early Morning (05-08),3.1,False,False
2025-09-28,BlueSky Air,Full-service,BOM-COK,BOM,COK,Thu,9,Monsoon,Night (19-23),19.8,True,False
2025-06-13,IndiFly,LCC,DEL-HYD,DEL,HYD,Fri,6,Summer,Evening (15-19),5.4,False,False
2025-06-26,Metro Express,LCC,DEL-HYD,DEL,HYD,Sat,6,Summer,Night (19-23),4.2,False,False
2025-08-11,IndiFly,LCC,DEL-BOM,DEL,BOM,Tue,8,Monsoon,Night (19-23),6.4,False,False
2025-12-22,IndiFly,LCC,BOM-BLR,BOM,BLR,Sun,12,Winter,Night (19-23),14.8,False,False
2025-12-19,Coastal Wings,Regional/turboprop,DEL-BOM,DEL,BOM,Thu,12,Winter,Evening (15-19),25.1,True,False
2025-03-28,IndiFly,LCC,BLR-HYD,BLR,HYD,Thu,3,Spring,Evening (15-19),4.3,False,False
2025-07-11,IndiFly,LCC,DEL-BOM,DEL,BOM,Thu,7,Monsoon,Evening (15-19),7.1,False,False
2025-09-13,BlueSky Air,Full-service,DEL-BLR,DEL,BLR,Mon,9,Monsoon,Early Morning (05-08),9.2,False,False
2025-08-21,Skyline National,Full-service,DEL-AMD,DEL,AMD,Tue,8,Monsoon,Afternoon (11-15),6.7,False,False
2025-04-24,IndiFly,LCC,DEL-PNQ,DEL,PNQ,Sat,4,Spring,Early Morning (05-08),10.2,False,False
2025-07-22,Coastal Wings,Regional/turboprop,DEL-BLR,DEL,BLR,Sun,7,Monsoon,Early Morning (05-08),3.0,False,False
2025-09-21,Coastal Wings,Regional/turboprop,DEL-BOM,DEL,BOM,Wed,9,Monsoon,Afternoon (11-15),7.9,False,False
2025-03-21,Metro Express,LCC,DEL-AMD,DEL,AMD,Sat,3,Spring,Morning (08-11),12.0,False,False
2025-11-13,Skyline National,Full-service,MAA-CCU,MAA,CCU,Wed,11,Post-Monsoon,Evening (15-19),6.8,False,False
2025-09-08,IndiFly,LCC,BOM-COK,BOM,COK,Mon,9,Monsoon,Afternoon (11-15),12.7,False,False
2025-09-06,BlueSky Air,Full-service,MAA-CCU,MAA,CCU,Thu,9,Monsoon,Night (19-23),1.6,False,False
2025-09-27,Skyline National,Full-service,BOM-GOI,BOM,GOI,Fri,9,Monsoon,Afternoon (11-15),32.3,True,False
2025-08-26,BlueSky Air,Full-service,DEL-BOM,DEL,BOM,Wed,8,Monsoon,Early Morning (05-08),3.8,False,False
2025-01-03,BlueSky Air,Full-service,MAA-CCU,MAA,CCU,Mon,1,Winter,Afternoon (11-15),3.7,False,False
2025-05-02,Coastal Wings,Regional/turboprop,DEL-BOM,DEL,BOM,Fri,5,Summer,Night (19-23),7.5,False,False
2025-06-20,Metro Express,LCC,BOM-BLR,BOM,BLR,Fri,6,Summer,Afternoon (11-15),13.3,False,False
2025-04-05,IndiFly,LCC,DEL-BOM,DEL,BOM,Fri,4,Spring,Afternoon (11-15),9.6,False,False
2025-05-13,Metro Express,LCC,DEL-CCU,DEL,CCU,Sat,5,Summer,Night (19-23),8.0,False,False
2025-09-07,Metro Express,LCC,DEL-AMD,DEL,AMD,Mon,9,Monsoon,Evening (15-19),5.3,False,False
2025-11-27,BlueSky Air,Full-service,DEL-CCU,DEL,CCU,Fri,11,Post-Monsoon,Evening (15-19),5.4,False,False
2025-10-08,Metro Express,LCC,DEL-BOM,DEL,BOM,Mon,10,Post-Monsoon,Morning (08-11),8.9,False,False
2025-06-25,Metro Express,LCC,DEL-BOM,DEL,BOM,Wed,6,Summer,Early Morning (05-08),4.0,False,False
2025-02-06,Coastal Wings,Regional/turboprop,DEL-PNQ,DEL,PNQ,Fri,2,Winter,Evening (15-19),6.1,False,False
2025-05-18,Metro Express,LCC,DEL-AMD,DEL,AMD,Wed,5,Summer,Evening (15-19),6.3,False,False
2025-07-16,Metro Express,LCC,BOM-COK,BOM,COK,Fri,7,Monsoon,Early Morning (05-08),4.4,False,False
2025-12-21,BlueSky Air,Full-service,DEL-BOM,DEL,BOM,Wed,12,Winter,Evening (15-19),23.5,True,False
2025-05-14,Skyline National,Full-service,BOM-GOI,BOM,GOI,Fri,5,Summer,Night (19-23),5.6,False,False
2025-02-21,Metro Express,LCC,BOM-BLR,BOM,BLR,Mon,2,Winter,Early Morning (05-08),4.0,False,False
2025-08-26,IndiFly,LCC,BOM-BLR,BOM,BLR,Sun,8,Monsoon,Early Morning (05-08),5.8,False,False
2025-01-20,Metro Express,LCC,DEL-BOM,DEL,BOM,Tue,1,Winter,Night (19-23),40.4,True,False
2025-09-22,BlueSky Air,Full-service,BLR-COK,BLR,COK,Fri,9,Monsoon,Early Morning (05-08),9.3,False,False
2025-03-12,IndiFly,LCC,BOM-GOI,BOM,GOI,Mon,3,Spring,Morning (08-11),9.3,False,False
2025-08-10,Skyline National,Full-service,BOM-BLR,BOM,BLR,Wed,8,Monsoon,Morning (08-11),12.9,False,False
2025-11-17,Metro Express,LCC,DEL-GOI,DEL,GOI,Sun,11,Post-Monsoon,Night (19-23),2.6,False,False
2025-12-06,IndiFly,LCC,BOM-BLR,BOM,BLR,Thu,12,Winter,Morning (08-11),2.8,False,False
2025-02-16,Metro Express,LCC,DEL-BLR,DEL,BLR,Mon,2,Winter,Early Morning (05-08),10.3,False,False
2025-03-18,IndiFly,LCC,DEL-HYD,DEL,HYD,Sun,3,Spring,Morning (08-11),5.9,False,False
2025-12-07,IndiFly,LCC,COK-BOM,COK,BOM,Mon,12,Winter,Early Morning (05-08),2.1,False,False
2025-04-16,Skyline National,Full-service,DEL-BLR,DEL,BLR,Sat,4,Spring,Night (19-23),4.0,False,False
2025-07-17,BlueSky Air,Full-service,DEL-BOM,DEL,BOM,Sat,7,Monsoon,Night (19-23),8.0,False,False
2025-10-24,BlueSky Air,Full-service,BOM-BLR,BOM,BLR,Mon,10,Post-Monsoon,Afternoon (11-15),3.9,False,False
2025-09-06,IndiFly,LCC,DEL-BLR,DEL,BLR,Tue,9,Monsoon,Morning (08-11),3.3,False,False
2025-08-23,BlueSky Air,Full-service,DEL-HYD,DEL,HYD,Sun,8,Monsoon,Night (19-23),11.9,False,False
2025-11-05,Coastal Wings,Regional/turboprop,DEL-CCU,DEL,CCU,Tue,11,Post-Monsoon,Early Morning (05-08),5.8,False,False
2025-04-03,IndiFly,LCC,DEL-BOM,DEL,BOM,Sun,4,Spring,Early Morning (05-08),5.9,False,False
2025-08-02,IndiFly,LCC,BOM-BLR,BOM,BLR,Fri,8,Monsoon,Afternoon (11-15),5.2,False,False
2025-03-02,IndiFly,LCC,COK-BOM,COK,BOM,Mon,3,Spring,Early Morning (05-08),5.2,False,False
2025-06-11,IndiFly,LCC,BLR-COK,BLR,COK,Wed,6,Summer,Early Morning (05-08),13.4,False,False
2025-04-21,BlueSky Air,Full-service,BOM-COK,BOM,COK,Wed,4,Spring,Morning (08-11),3.9,False,False
2025-10-21,BlueSky Air,Full-service,DEL-BOM,DEL,BOM,Sun,10,Post-Monsoon,Early Morning (05-08),8.7,False,False
2025-12-16,BlueSky Air,Full-service,BOM-BLR,BOM,BLR,Sun,12,Winter,Morning (08-11),3.1,False,False
2025-09-12,Skyline National,Full-service,MAA-CCU,MAA,CCU,Wed,9,Monsoon,Afternoon (11-15),12.9,False,False
2025-09-26,Metro Express,LCC,DEL-GOI,DEL,GOI,Mon,9,Monsoon,Early Morning (05-08),9.0,False,False
2025-07-16,Coastal Wings,Regional/turboprop,DEL-BLR,DEL,BLR,Sat,7,Monsoon,Afternoon (11-15),9.2,False,False
2025-07-13,Metro Express,LCC,DEL-CCU,DEL,CCU,Fri,7,Monsoon,Morning (08-11),3.7,False,False
2025-09-15,BlueSky Air,Full-service,COK-BOM,COK,BOM,Fri,9,Monsoon,Evening (15-19),9.7,False,False
2025-04-10,IndiFly,LCC,DEL-BOM,DEL,BOM,Mon,4,Spring,Evening (15-19),4.4,False,False
2025-04-18,Coastal Wings,Regional/turboprop,HYD-MAA,HYD,MAA,Mon,4,Spring,Early Morning (05-08),4.5,False,False
2025-09-09,IndiFly,LCC,DEL-AMD,DEL,AMD,Sat,9,Monsoon,Early Morning (05-08),2.2,False,False
2025-01-18,IndiFly,LCC,DEL-BLR,DEL,BLR,Sat,1,Winter,Night (19-23),22.7,True,False
2025-11-20,BlueSky Air,Full-service,MAA-CCU,MAA,CCU,Fri,11,Post-Monsoon,Morning (08-11),4.0,False,False
2025-07-05,BlueSky Air,Full-service,MAA-CCU,MAA,CCU,Thu,7,Monsoon,Morning (08-11),8.1,False,False
2025-03-27,IndiFly,LCC,DEL-BLR,DEL,BLR,Sun,3,Spring,Early Morning (05-08),7.1,False,False
2025-03-27,IndiFly,LCC,BOM-BLR,BOM,BLR,Thu,3,Spring,Evening (15-19),3.9,False,False
2025-07-04,Metro Express,LCC,BOM-COK,BOM,COK,Sat,7,Monsoon,Afternoon (11-15),0.0,False,True
2025-11-02,Skyline National,Full-service,BLR-HYD,BLR,HYD,Tue,11,Post-Monsoon,Morning (08-11),2.3,False,False
2025-08-25,BlueSky Air,Full-service,DEL-BLR,DEL,BLR,Fri,8,Monsoon,Night (19-23),7.0,False,False
2025-01-27,IndiFly,LCC,DEL-CCU,DEL,CCU,Mon,1,Winter,Early Morning (05-08),15.7,True,False
2025-07-22,IndiFly,LCC,COK-BOM,COK,BOM,Sat,7,Monsoon,Night (19-23),14.0,False,False
2025-10-05,Skyline National,Full-service,COK-BOM,COK,BOM,Tue,10,Post-Monsoon,Afternoon (11-15),4.9,False,False
2025-10-27,Skyline National,Full-service,DEL-AMD,DEL,AMD,Wed,10,Post-Monsoon,Morning (08-11),3.0,False,False
2025-12-26,Coastal Wings,Regional/turboprop,DEL-PNQ,DEL,PNQ,Mon,12,Winter,Evening (15-19),37.9,True,False
2025-02-19,Coastal Wings,Regional/turboprop,DEL-PNQ,DEL,PNQ,Thu,2,Winter,Night (19-23),6.2,False,False
2025-06-16,IndiFly,LCC,DEL-HYD,DEL,HYD,Thu,6,Summer,Afternoon (11-15),9.9,False,False
2025-09-16,Coastal Wings,Regional/turboprop,DEL-HYD,DEL,HYD,Fri,9,Monsoon,Afternoon (11-15),9.6,False,False
2025-10-25,BlueSky Air,Full-service,DEL-HYD,DEL,HYD,Sat,10,Post-Monsoon,Night (19-23),5.5,False,False
2025-03-04,Metro Express,LCC,BOM-GOI,BOM,GOI,Mon,3,Spring,Night (19-23),6.9,False,False
2025-09-14,IndiFly,LCC,BOM-GOI,BOM,GOI,Tue,9,Monsoon,Morning (08-11),5.4,False,False
2025-07-12,BlueSky Air,Full-service,DEL-AMD,DEL,AMD,Mon,7,Monsoon,Evening (15-19),17.5,True,False
2025-02-01,Metro Express,LCC,DEL-BOM,DEL,BOM,Fri,2,Winter,Night (19-23),9.3,False,False
2025-05-16,IndiFly,LCC,DEL-CCU,DEL,CCU,Thu,5,Summer,Evening (15-19),6.8,False,False
2025-11-02,IndiFly,LCC,DEL-BOM,DEL,BOM,Fri,11,Post-Monsoon,Evening (15-19),8.8,False,False
2025-09-23,BlueSky Air,Full-service,COK-BOM,COK,BOM,Sun,9,Monsoon,Morning (08-11),9.2,False,False
2025-03-24,IndiFly,LCC,DEL-HYD,DEL,HYD,Tue,3,Spring,Afternoon (11-15),3.0,False,False
2025-02-27,Coastal Wings,Regional/turboprop,BOM-COK,BOM,COK,Sat,2,Winter,Afternoon (11-15),5.2,False,False
2025-11-14,IndiFly,LCC,DEL-PNQ,DEL,PNQ,Tue,11,Post-Monsoon,Morning (08-11),2.9,False,False
2025-03-18,Metro Express,LCC,DEL-BLR,DEL,BLR,Mon,3,Spring,Early Morning (05-08),8.8,False,False
2025-01-08,BlueSky Air,Full-service,BOM-COK,BOM,COK,Wed,1,Winter,Early Morning (05-08),5.3,False,False
2025-02-10,Metro Express,LCC,DEL-BOM,DEL,BOM,Mon,2,Winter,Night (19-23),22.5,True,False
2025-06-05,Metro Express,LCC,DEL-HYD,DEL,HYD,Sat,6,Summer,Evening (15-19),6.5,False,False
2025-01-19,Metro Express,LCC,BLR-HYD,BLR,HYD,Sun,1,Winter,Morning (08-11),8.3,False,False
2025-11-03,IndiFly,LCC,BOM-GOI,BOM,GOI,Sat,11,Post-Monsoon,Morning (08-11),3.2,False,False
2025-09-17,BlueSky Air,Full-service,HYD-MAA,HYD,MAA,Sat,9,Monsoon,Evening (15-19),5.9,False,False
2025-10-28,IndiFly,LCC,BOM-BLR,BOM,BLR,Thu,10,Post-Monsoon,Early Morning (05-08),9.8,False,False
2025-03-19,Coastal Wings,Regional/turboprop,BOM-COK,BOM,COK,Sat,3,Spring,Night (19-23),9.3,False,False
2025-06-03,IndiFly,LCC,DEL-CCU,DEL,CCU,Mon,6,Summer,Early Morning (05-08),5.5,False,False
2025-02-19,BlueSky Air,Full-service,DEL-BOM,DEL,BOM,Thu,2,Winter,Early Morning (05-08),14.7,False,False
2025-06-12,Metro Express,LCC,MAA-CCU,MAA,CCU,Mon,6,Summer,Evening (15-19),8.6,False,False
2025-11-02,BlueSky Air,Full-service,BOM-COK,BOM,COK,Sat,11,Post-Monsoon,Evening (15-19),10.0,False,False
2025-10-13,IndiFly,LCC,DEL-HYD,DEL,HYD,Sun,10,Post-Monsoon,Early Morning (05-08),5.1,False,False
2025-08-04,Metro Express,LCC,BOM-COK,BOM,COK,Mon,8,Monsoon,Early Morning (05-08),8.7,False,False
2025-10-16,IndiFly,LCC,BOM-BLR,BOM,BLR,Tue,10,Post-Monsoon,Evening (15-19),7.3,False,False
2025-11-07,IndiFly,LCC,BOM-GOI,BOM,GOI,Wed,11,Post-Monsoon,Afternoon (11-15),2.3,False,False
2025-04-28,Coastal Wings,Regional/turboprop,DEL-BLR,DEL,BLR,Mon,4,Spring,Night (19-23),18.5,True,False
2025-07-03,IndiFly,LCC,DEL-BOM,DEL,BOM,Wed,7,Monsoon,Night (19-23),8.7,False,False
2025-01-03,Skyline National,Full-service,DEL-BLR,DEL,BLR,Thu,1,Winter,Morning (08-11),15.5,True,False
2025-12-19,BlueSky Air,Full-service,BOM-BLR,BOM,BLR,Thu,12,Winter,Night (19-23),8.0,False,False
2025-03-11,BlueSky Air,Full-service,DEL-CCU,DEL,CCU,Sat,3,Spring,Night (19-23),13.0,False,False
2025-06-04,Metro Express,LCC,DEL-BLR,DEL,BLR,Sun,6,Summer,Night (19-23),0.0,False,True
2025-03-21,Metro Express,LCC,DEL-PNQ,DEL,PNQ,Thu,3,Spring,Evening (15-19),11.1,False,False
2025-03-20,IndiFly,LCC,DEL-AMD,DEL,AMD,Thu,3,Spring,Morning (08-11),3.6,False,False
2025-06-01,Coastal Wings,Regional/turboprop,DEL-HYD,DEL,HYD,Wed,6,Summer,Night (19-23),11.2,False,False
2025-07-12,BlueSky Air,Full-service,BOM-GOI,BOM,GOI,Wed,7,Monsoon,Night (19-23),10.6,False,False
2025-03-18,Metro Express,LCC,DEL-CCU,DEL,CCU,Thu,3,Spring,Morning (08-11),6.4,False,False
2025-02-26,Coastal Wings,Regional/turboprop,MAA-CCU,MAA,CCU,Sun,2,Winter,Early Morning (05-08),9.6,False,False
2025-09-04,Metro Express,LCC,BLR-HYD,BLR,HYD,Sat,9,Monsoon,Afternoon (11-15),9.1,False,False
2025-08-18,Metro Express,LCC,DEL-BLR,DEL,BLR,Thu,8,Monsoon,Early Morning (05-08),21.6,True,False
2025-11-23,Skyline National,Full-service,BOM-GOI,BOM,GOI,Sun,11,Post-Monsoon,Evening (15-19),1.9,False,False
2025-05-10,IndiFly,LCC,COK-BOM,COK,BOM,Sun,5,Summer,Night (19-23),1.8,False,False
2025-09-27,IndiFly,LCC,DEL-PNQ,DEL,PNQ,Sat,9,Monsoon,Afternoon (11-15),4.9,False,False
2025-04-20,IndiFly,LCC,BLR-COK,BLR,COK,Sat,4,Spring,Morning (08-11),1.8,False,False
2025-12-06,Coastal Wings,Regional/turboprop,DEL-HYD,DEL,HYD,Thu,12,Winter,Night (19-23),14.4,False,False
2025-11-09,BlueSky Air,Full-service,DEL-PNQ,DEL,PNQ,Sun,11,Post-Monsoon,Afternoon (11-15),2.7,False,False
2025-12-18,BlueSky Air,Full-service,DEL-BOM,DEL,BOM,Mon,12,Winter,Afternoon (11-15),19.3,True,False
2025-07-25,Skyline National,Full-service,BLR-HYD,BLR,HYD,Wed,7,Monsoon,Evening (15-19),4.4,False,False
2025-02-04,BlueSky Air,Full-service,DEL-CCU,DEL,CCU,Thu,2,Winter,Night (19-23),4.2,False,False
2025-04-13,Skyline National,Full-service,COK-BOM,COK,BOM,Mon,4,Spring,Afternoon (11-15),12.0,False,False
2025-03-10,Skyline National,Full-service,DEL-PNQ,DEL,PNQ,Mon,3,Spring,Night (19-23),14.6,False,False
2025-06-16,IndiFly,LCC,BOM-BLR,BOM,BLR,Fri,6,Summer,Afternoon (11-15),2.2,False,False
2025-09-01,IndiFly,LCC,BOM-COK,BOM,COK,Fri,9,Monsoon,Afternoon (11-15),5.0,False,False
2025-03-09,IndiFly,LCC,BLR-HYD,BLR,HYD,Wed,3,Spring,Afternoon (11-15),7.0,False,False
2025-07-07,Metro Express,LCC,BOM-GOI,BOM,GOI,Wed,7,Monsoon,Early Morning (05-08),14.7,False,False
2025-04-24,Skyline National,Full-service,BOM-BLR,BOM,BLR,Thu,4,Spring,Afternoon (11-15),6.7,False,False
2025-07-14,Metro Express,LCC,DEL-BOM,DEL,BOM,Tue,7,Monsoon,Afternoon (11-15),7.1,False,False
2025-09-09,IndiFly,LCC,DEL-BOM,DEL,BOM,Fri,9,Monsoon,Afternoon (11-15),9.8,False,False
2025-02-06,Metro Express,LCC,DEL-HYD,DEL,HYD,Sun,2,Winter,Morning (08-11),3.1,False,False
2025-06-23,Skyline National,Full-service,DEL-BOM,DEL,BOM,Mon,6,Summer,Evening (15-19),5.5,False,False
2025-05-20,IndiFly,LCC,DEL-BOM,DEL,BOM,Tue,5,Summer,Afternoon (11-15),4.0,False,False
2025-02-19,Skyline National,Full-service,MAA-CCU,MAA,CCU,Sat,2,Winter,Afternoon (11-15),4.4,False,False
2025-07-04,Metro Express,LCC,HYD-MAA,HYD,MAA,Mon,7,Monsoon,Afternoon (11-15),9.7,False,False
2025-10-01,IndiFly,LCC,DEL-BOM,DEL,BOM,Thu,10,Post-Monsoon,Morning (08-11),3.5,False,False
2025-12-10,IndiFly,LCC,DEL-PNQ,DEL,PNQ,Wed,12,Winter,Morning (08-11),27.8,True,False
2025-08-28,IndiFly,LCC,HYD-MAA,HYD,MAA,Sat,8,Monsoon,Night (19-23),2.7,False,False
2025-01-05,IndiFly,LCC,DEL-BOM,DEL,BOM,Mon,1,Winter,Night (19-23),0.0,False,True
2025-01-04,BlueSky Air,Full-service,DEL-BOM,DEL,BOM,Mon,1,Winter,Night (19-23),18.2,True,False
2025-08-04,IndiFly,LCC,DEL-BOM,DEL,BOM,Tue,8,Monsoon,Morning (08-11),4.2,False,False
2025-11-04,Skyline National,Full-service,BOM-COK,BOM,COK,Fri,11,Post-Monsoon,Afternoon (11-15),8.8,False,False
2025-04-03,Metro Express,LCC,BLR-HYD,BLR,HYD,Wed,4,Spring,Evening (15-19),15.7,True,False
2025-04-23,IndiFly,LCC,BOM-COK,BOM,COK,Mon,4,Spring,Early Morning (05-08),5.4,False,False
2025-08-04,Metro Express,LCC,DEL-HYD,DEL,HYD,Wed,8,Monsoon,Morning (08-11),9.4,False,False
2025-08-21,Skyline National,Full-service,BOM-BLR,BOM,BLR,Tue,8,Monsoon,Night (19-23),8.5,False,False
2025-07-06,Metro Express,LCC,DEL-BOM,DEL,BOM,Sat,7,Monsoon,Morning (08-11),4.4,False,False
2025-03-09,IndiFly,LCC,COK-BOM,COK,BOM,Mon,3,Spring,Afternoon (11-15),7.0,False,False
2025-04-05,BlueSky Air,Full-service,BOM-BLR,BOM,BLR,Thu,4,Spring,Afternoon (11-15),5.8,False,False
2025-12-14,IndiFly,LCC,BOM-COK,BOM,COK,Tue,12,Winter,Morning (08-11),4.8,False,False
2025-11-02,Metro Express,LCC,DEL-HYD,DEL,HYD,Sat,11,Post-Monsoon,Morning (08-11),4.5,False,False
2025-07-13,Skyline National,Full-service,DEL-AMD,DEL,AMD,Thu,7,Monsoon,Early Morning (05-08),11.7,False,False
2025-06-21,IndiFly,LCC,DEL-PNQ,DEL,PNQ,Wed,6,Summer,Evening (15-19),3.8,False,False
2025-12-08,BlueSky Air,Full-service,MAA-CCU,MAA,CCU,Tue,12,Winter,Morning (08-11),1.8,False,False
2025-08-14,IndiFly,LCC,DEL-BOM,DEL,BOM,Wed,8,Monsoon,Early Morning (05-08),4.2,False,False
2025-01-16,Metro Express,LCC,BOM-GOI,BOM,GOI,Sun,1,Winter,Morning (08-11),2.7,False,False
2025-09-17,Coastal Wings,Regional/turboprop,MAA-CCU,MAA,CCU,Tue,9,Monsoon,Evening (15-19),8.8,False,False
2025-08-01,BlueSky Air,Full-service,DEL-BLR,DEL,BLR,Sun,8,Monsoon,Morning (08-11),8.8,False,False
2025-10-16,Skyline National,Full-service,COK-BOM,COK,BOM,Mon,10,Post-Monsoon,Morning (08-11),6.8,False,False
2025-03-12,Metro Express,LCC,DEL-BLR,DEL,BLR,Thu,3,Spring,Early Morning (05-08),8.4,False,False
2025-07-21,IndiFly,LCC,DEL-BOM,DEL,BOM,Mon,7,Monsoon,Night (19-23),6.0,False,False
2025-05-10,Metro Express,LCC,DEL-HYD,DEL,HYD,Tue,5,Summer,Early Morning (05-08),7.4,False,False
2025-06-10,Metro Express,LCC,BOM-GOI,BOM,GOI,Mon,6,Summer,Night (19-23),17.1,True,False
2025-05-16,BlueSky Air,Full-service,DEL-AMD,DEL,AMD,Wed,5,Summer,Early Morning (05-08),3.5,False,False
2025-08-10,Skyline National,Full-service,DEL-BOM,DEL,BOM,Mon,8,Monsoon,Afternoon (11-15),5.5,False,False
2025-09-05,Skyline National,Full-service,DEL-AMD,DEL,AMD,Mon,9,Monsoon,Evening (15-19),3.7,False,False
2025-01-16,Skyline National,Full-service,BOM-BLR,BOM,BLR,Wed,1,Winter,Morning (08-11),10.7,False,False
2025-05-20,Skyline National,Full-service,COK-BOM,COK,BOM,Wed,5,Summer,Early Morning (05-08),5.3,False,False
2025-05-05,IndiFly,LCC,BLR-HYD,BLR,HYD,Thu,5,Summer,Afternoon (11-15),3.9,False,False
2025-07-26,BlueSky Air,Full-service,DEL-CCU,DEL,CCU,Sun,7,Monsoon,Afternoon (11-15),2.9,False,False
2025-08-12,Coastal Wings,Regional/turboprop,DEL-AMD,DEL,AMD,Thu,8,Monsoon,Afternoon (11-15),3.6,False,False
2025-10-18,BlueSky Air,Full-service,DEL-HYD,DEL,HYD,Fri,10,Post-Monsoon,Night (19-23),2.9,False,False
2025-09-15,BlueSky Air,Full-service,BOM-GOI,BOM,GOI,Sun,9,Monsoon,Early Morning (05-08),14.2,False,False
2025-06-28,IndiFly,LCC,BOM-GOI,BOM,GOI,Mon,6,Summer,Early Morning (05-08),21.6,True,False
2025-03-08,BlueSky Air,Full-service,BLR-COK,BLR,COK,Sat,3,Spring,Evening (15-19),2.5,False,False
2025-10-23,Coastal Wings,Regional/turboprop,DEL-PNQ,DEL,PNQ,Tue,10,Post-Monsoon,Early Morning (05-08),2.1,False,False
2025-08-01,IndiFly,LCC,DEL-BLR,DEL,BLR,Sun,8,Monsoon,Afternoon (11-15),5.8,False,False
2025-04-27,Metro Express,LCC,DEL-BLR,DEL,BLR,Sun,4,Spring,Afternoon (11-15),22.5,True,False
2025-11-01,BlueSky Air,Full-service,DEL-HYD,DEL,HYD,Tue,11,Post-Monsoon,Early Morning (05-08),5.4,False,False
2025-02-19,Metro Express,LCC,BOM-BLR,BOM,BLR,Thu,2,Winter,Morning (08-11),4.5,False,False
2025-03-01,Metro Express,LCC,DEL-PNQ,DEL,PNQ,Wed,3,Spring,Afternoon (11-15),5.2,False,False
2025-06-05,BlueSky Air,Full-service,DEL-BOM,DEL,BOM,Thu,6,Summer,Night (19-23),7.4,False,False
2025-04-12,Metro Express,LCC,MAA-CCU,MAA,CCU,Sat,4,Spring,Afternoon (11-15),7.6,False,False
2025-08-23,BlueSky Air,Full-service,DEL-CCU,DEL,CCU,Sun,8,Monsoon,Evening (15-19),4.1,False,False
2025-11-16,Metro Express,LCC,COK-BOM,COK,BOM,Thu,11,Post-Monsoon,Night (19-23),13.1,False,False
2025-05-05,Metro Express,LCC,DEL-AMD,DEL,AMD,Sat,5,Summer,Morning (08-11),9.7,False,False
2025-02-22,Skyline National,Full-service,DEL-BLR,DEL,BLR,Mon,2,Winter,Afternoon (11-15),12.4,False,False
2025-04-04,Skyline National,Full-service,DEL-GOI,DEL,GOI,Tue,4,Spring,Evening (15-19),6.9,False,False
2025-01-28,IndiFly,LCC,DEL-BLR,DEL,BLR,Sat,1,Winter,Early Morning (05-08),51.3,True,False
2025-11-19,BlueSky Air,Full-service,DEL-HYD,DEL,HYD,Fri,11,Post-Monsoon,Early Morning (05-08),3.6,False,False
2025-09-26,IndiFly,LCC,DEL-BLR,DEL,BLR,Sun,9,Monsoon,Early Morning (05-08),7.3,False,False
2025-01-12,IndiFly,LCC,DEL-PNQ,DEL,PNQ,Sun,1,Winter,Afternoon (11-15),12.0,False,False
2025-04-19,BlueSky Air,Full-service,BOM-GOI,BOM,GOI,Sun,4,Spring,Afternoon (11-15),4.0,False,False
2025-07-21,IndiFly,LCC,DEL-BOM,DEL,BOM,Thu,7,Monsoon,Night (19-23),11.2,False,False
2025-01-20,IndiFly,LCC,BOM-GOI,BOM,GOI,Fri,1,Winter,Morning (08-11),3.3,False,False
2025-02-28,IndiFly,LCC,DEL-AMD,DEL,AMD,Sun,2,Winter,Early Morning (05-08),3.9,False,False
2025-05-13,Metro Express,LCC,BOM-COK,BOM,COK,Fri,5,Summer,Early Morning (05-08),6.0,False,False
2025-05-07,IndiFly,LCC,BOM-BLR,BOM,BLR,Wed,5,Summer,Night (19-23),2.8,False,False
2025-01-08,Metro Express,LCC,BLR-HYD,BLR,HYD,Thu,1,Winter,Early Morning (05-08),10.7,False,False
2025-10-24,Coastal Wings,Regional/turboprop,BLR-COK,BLR,COK,Fri,10,Post-Monsoon,Night (19-23),3.3,False,False
2025-06-14,Metro Express,LCC,DEL-BLR,DEL,BLR,Thu,6,Summer,Morning (08-11),22.9,True,False
2025-04-18,IndiFly,LCC,BLR-HYD,BLR,HYD,Fri,4,Spring,Night (19-23),13.2,False,False
2025-12-05,IndiFly,LCC,BLR-HYD,BLR,HYD,Thu,12,Winter,Evening (15-19),8.0,False,False
2025-06-07,BlueSky Air,Full-service,COK-BOM,COK,BOM,Wed,6,Summer,Afternoon (11-15),12.3,False,False
2025-10-02,Skyline National,Full-service,DEL-PNQ,DEL,PNQ,Sun,10,Post-Monsoon,Early Morning (05-08),11.2,False,False
2025-01-11,IndiFly,LCC,DEL-BLR,DEL,BLR,Wed,1,Winter,Evening (15-19),35.2,True,False
2025-09-07,BlueSky Air,Full-service,DEL-BOM,DEL,BOM,Thu,9,Monsoon,Evening (15-19),16.6,True,False
2025-06-25,Metro Express,LCC,BOM-BLR,BOM,BLR,Fri,6,Summer,Morning (08-11),10.7,False,False
2025-01-12,BlueSky Air,Full-service,BOM-GOI,BOM,GOI,Thu,1,Winter,Evening (15-19),8.0,False,False
2025-04-10,IndiFly,LCC,BLR-COK,BLR,COK,Sat,4,Spring,Afternoon (11-15),2.4,False,False
2025-08-21,IndiFly,LCC,DEL-BLR,DEL,BLR,Sun,8,Monsoon,Afternoon (11-15),3.4,False,False
2025-02-02,IndiFly,LCC,DEL-HYD,DEL,HYD,Wed,2,Winter,Night (19-23),6.9,False,False
2025-09-02,Metro Express,LCC,DEL-AMD,DEL,AMD,Sat,9,Monsoon,Morning (08-11),8.0,False,False
2025-05-26,BlueSky Air,Full-service,COK-BOM,COK,BOM,Sun,5,Summer,Afternoon (11-15),4.6,False,False
2025-07-24,IndiFly,LCC,DEL-BOM,DEL,BOM,Sat,7,Monsoon,Morning (08-11),6.4,False,False
2025-08-24,IndiFly,LCC,BLR-COK,BLR,COK,Tue,8,Monsoon,Early Morning (05-08),5.4,False,False
2025-06-09,Metro Express,LCC,BOM-COK,BOM,COK,Sat,6,Summer,Morning (08-11),10.7,False,False
2025-08-15,Skyline National,Full-service,MAA-CCU,MAA,CCU,Mon,8,Monsoon,Afternoon (11-15),6.3,False,False
2025-01-19,Skyline National,Full-service,DEL-BLR,DEL,BLR,Mon,1,Winter,Morning (08-11),11.3,False,False
2025-03-08,IndiFly,LCC,MAA-CCU,MAA,CCU,Sat,3,Spring,Early Morning (05-08),2.9,False,False
2025-06-02,Metro Express,LCC,DEL-HYD,DEL,HYD,Fri,6,Summer,Evening (15-19),3.3,False,False
2025-06-18,IndiFly,LCC,DEL-AMD,DEL,AMD,Sat,6,Summer,Early Morning (05-08),3.6,False,False
2025-04-11,IndiFly,LCC,DEL-BOM,DEL,BOM,Fri,4,Spring,Morning (08-11),9.7,False,False
2025-06-14,Metro Express,LCC,DEL-PNQ,DEL,PNQ,Sat,6,Summer,Morning (08-11),2.4,False,False
2025-02-20,IndiFly,LCC,DEL-CCU,DEL,CCU,Tue,2,Winter,Night (19-23),8.8,False,False
2025-04-13,BlueSky Air,Full-service,BOM-BLR,BOM,BLR,Sun,4,Spring,Afternoon (11-15),8.1,False,False
2025-04-19,BlueSky Air,Full-service,BLR-COK,BLR,COK,Fri,4,Spring,Night (19-23),8.8,False,False
2025-01-20,IndiFly,LCC,COK-BOM,COK,BOM,Thu,1,Winter,Evening (15-19),7.7,False,False
2025-06-08,BlueSky Air,Full-service,COK-BOM,COK,BOM,Sun,6,Summer,Evening (15-19),8.1,False,False
2025-09-03,Metro Express,LCC,BOM-BLR,BOM,BLR,Wed,9,Monsoon,Evening (15-19),11.9,False,False
2025-03-18,BlueSky Air,Full-service,DEL-PNQ,DEL,PNQ,Tue,3,Spring,Evening (15-19),5.2,False,False
2025-06-04,IndiFly,LCC,BOM-BLR,BOM,BLR,Mon,6,Summer,Afternoon (11-15),7.0,False,False
2025-03-15,Skyline National,Full-service,DEL-BLR,DEL,BLR,Mon,3,Spring,Early Morning (05-08),5.8,False,False
2025-01-27,Metro Express,LCC,DEL-BOM,DEL,BOM,Thu,1,Winter,Early Morning (05-08),18.6,True,False
2025-05-04,BlueSky Air,Full-service,DEL-BLR,DEL,BLR,Wed,5,Summer,Night (19-23),9.5,False,False
2025-08-14,BlueSky Air,Full-service,BOM-BLR,BOM,BLR,Sat,8,Monsoon,Afternoon (11-15),5.4,False,False
2025-09-03,Skyline National,Full-service,COK-BOM,COK,BOM,Tue,9,Monsoon,Night (19-23),23.9,True,False
2025-02-08,Metro Express,LCC,DEL-CCU,DEL,CCU,Wed,2,Winter,Afternoon (11-15),2.7,False,False
2025-05-11,Metro Express,LCC,DEL-GOI,DEL,GOI,Thu,5,Summer,Morning (08-11),4.0,False,False
2025-04-14,BlueSky Air,Full-service,HYD-MAA,HYD,MAA,Fri,4,Spring,Morning (08-11),3.3,False,False
2025-03-10,Metro Express,LCC,DEL-BLR,DEL,BLR,Wed,3,Spring,Night (19-23),21.9,True,False
2025-09-25,IndiFly,LCC,DEL-BLR,DEL,BLR,Tue,9,Monsoon,Early Morning (05-08),24.2,True,False
2025-01-12,Skyline National,Full-service,DEL-BOM,DEL,BOM,Tue,1,Winter,Morning (08-11),16.8,True,False
2025-07-16,Skyline National,Full-service,DEL-BOM,DEL,BOM,Wed,7,Monsoon,Early Morning (05-08),4.2,False,False
2025-12-26,Coastal Wings,Regional/turboprop,DEL-PNQ,DEL,PNQ,Tue,12,Winter,Evening (15-19),12.3,False,False
2025-06-02,Skyline National,Full-service,DEL-AMD,DEL,AMD,Thu,6,Summer,Early Morning (05-08),10.7,False,False
2025-11-02,BlueSky Air,Full-service,MAA-CCU,MAA,CCU,Sat,11,Post-Monsoon,Evening (15-19),3.1,False,False
2025-08-05,IndiFly,LCC,DEL-BLR,DEL,BLR,Thu,8,Monsoon,Night (19-23),16.8,True,False
2025-12-24,Skyline National,Full-service,BLR-COK,BLR,COK,Tue,12,Winter,Early Morning (05-08),1.9,False,False
2025-05-20,IndiFly,LCC,DEL-HYD,DEL,HYD,Thu,5,Summer,Evening (15-19),4.7,False,False
2025-04-10,Coastal Wings,Regional/turboprop,COK-BOM,COK,BOM,Sat,4,Spring,Afternoon (11-15),5.8,False,False
2025-05-14,IndiFly,LCC,COK-BOM,COK,BOM,Thu,5,Summer,Morning (08-11),8.8,False,False
2025-12-13,Metro Express,LCC,DEL-BOM,DEL,BOM,Sat,12,Winter,Early Morning (05-08),21.7,True,False
2025-07-13,Metro Express,LCC,DEL-PNQ,DEL,PNQ,Wed,7,Monsoon,Night (19-23),5.7,False,False
2025-07-08,Skyline National,Full-service,BOM-BLR,BOM,BLR,Fri,7,Monsoon,Night (19-23),10.4,False,False
2025-03-20,Coastal Wings,Regional/turboprop,BOM-COK,BOM,COK,Fri,3,Spring,Early Morning (05-08),12.5,False,False
2025-09-03,BlueSky Air,Full-service,COK-BOM,COK,BOM,Sat,9,Monsoon,Early Morning (05-08),8.7,False,False
2025-07-07,IndiFly,LCC,DEL-HYD,DEL,HYD,Fri,7,Monsoon,Evening (15-19),2.7,False,False
2025-03-10,Metro Express,LCC,BOM-GOI,BOM,GOI,Wed,3,Spring,Early Morning (05-08),8.9,False,False
2025-07-21,BlueSky Air,Full-service,DEL-PNQ,DEL,PNQ,Thu,7,Monsoon,Early Morning (05-08),8.1,False,False
2025-10-05,IndiFly,LCC,DEL-PNQ,DEL,PNQ,Mon,10,Post-Monsoon,Evening (15-19),10.0,False,False
2025-05-15,Metro Express,LCC,DEL-BOM,DEL,BOM,Tue,5,Summer,Early Morning (05-08),6.3,False,False
2025-05-23,Metro Express,LCC,BOM-BLR,BOM,BLR,Fri,5,Summer,Afternoon (11-15),6.2,False,False
2025-12-04,Coastal Wings,Regional/turboprop,BLR-HYD,BLR,HYD,Thu,12,Winter,Morning (08-11),3.6,False,False
2025-11-03,BlueSky Air,Full-service,BOM-BLR,BOM,BLR,Mon,11,Post-Monsoon,Afternoon (11-15),3.3,False,False
2025-08-17,IndiFly,LCC,DEL-HYD,DEL,HYD,Sat,8,Monsoon,Night (19-23),8.8,False,False
2025-12-19,Skyline National,Full-service,DEL-BOM,DEL,BOM,Fri,12,Winter,Afternoon (11-15),24.9,True,False
2025-06-15,Metro Express,LCC,BOM-COK,BOM,COK,Sat,6,Summer,Afternoon (11-15),24.7,True,False
2025-01-06,IndiFly,LCC,DEL-BOM,DEL,BOM,Fri,1,Winter,Evening (15-19),13.7,False,False
2025-09-14,Metro Express,LCC,BLR-HYD,BLR,HYD,Thu,9,Monsoon,Early Morning (05-08),2.4,False,False
2025-06-20,Skyline National,Full-service,BOM-BLR,BOM,BLR,Wed,6,Summer,Afternoon (11-15),3.6,False,False
2025-06-17,Skyline National,Full-service,BLR-COK,BLR,COK,Fri,6,Summer,Morning (08-11),0.0,False,True
2025-02-01,Metro Express,LCC,DEL-BLR,DEL,BLR,Wed,2,Winter,Evening (15-19),8.6,False,False
2025-11-18,BlueSky Air,Full-service,DEL-BOM,DEL,BOM,Tue,11,Post-Monsoon,Morning (08-11),4.7,False,False
2025-07-09,BlueSky Air,Full-service,DEL-HYD,DEL,HYD,Fri,7,Monsoon,Afternoon (11-15),3.4,False,False
2025-09-19,IndiFly,LCC,DEL-BOM,DEL,BOM,Sat,9,Monsoon,Evening (15-19),6.4,False,False
2025-10-22,IndiFly,LCC,DEL-PNQ,DEL,PNQ,Thu,10,Post-Monsoon,Morning (08-11),2.1,False,False
2025-03-06,Coastal Wings,Regional/turboprop,BOM-COK,BOM,COK,Thu,3,Spring,Night (19-23),6.6,False,False
2025-11-16,Metro Express,LCC,DEL-HYD,DEL,HYD,Wed,11,Post-Monsoon,Morning (08-11),6.1,False,False
2025-06-17,Metro Express,LCC,MAA-CCU,MAA,CCU,Mon,6,Summer,Night (19-23),31.7,True,False
2025-07-18,Skyline National,Full-service,DEL-AMD,DEL,AMD,Thu,7,Monsoon,Afternoon (11-15),17.7,True,False
2025-01-28,Metro Express,LCC,BOM-BLR,BOM,BLR,Wed,1,Winter,Night (19-23),8.4,False,False
2025-06-06,Coastal Wings,Regional/turboprop,DEL-BLR,DEL,BLR,Sat,6,Summer,Night (19-23),5.3,False,False
2025-06-09,BlueSky Air,Full-service,BOM-BLR,BOM,BLR,Fri,6,Summer,Night (19-23),4.3,False,False
2025-11-02,BlueSky Air,Full-service,DEL-BLR,DEL,BLR,Fri,11,Post-Monsoon,Night (19-23),23.2,True,False
2025-08-24,BlueSky Air,Full-service,BOM-GOI,BOM,GOI,Sun,8,Monsoon,Evening (15-19),12.2,False,False
2025-03-03,BlueSky Air,Full-service,DEL-BLR,DEL,BLR,Thu,3,Spring,Night (19-23),3.4,False,False
2025-05-28,Metro Express,LCC,MAA-CCU,MAA,CCU,Tue,5,Summer,Evening (15-19),17.3,True,False
2025-03-19,Skyline National,Full-service,COK-BOM,COK,BOM,Sat,3,Spring,Night (19-23),9.6,False,False
2025-02-07,Skyline National,Full-service,DEL-AMD,DEL,AMD,Sun,2,Winter,Evening (15-19),3.7,False,False
2025-12-17,IndiFly,LCC,BOM-COK,BOM,COK,Thu,12,Winter,Early Morning (05-08),0.0,False,True
2025-06-15,IndiFly,LCC,BOM-BLR,BOM,BLR,Fri,6,Summer,Night (19-23),3.1,False,False
2025-02-06,Skyline National,Full-service,DEL-BLR,DEL,BLR,Wed,2,Winter,Afternoon (11-15),6.1,False,False
2025-11-28,IndiFly,LCC,MAA-CCU,MAA,CCU,Tue,11,Post-Monsoon,Evening (15-19),14.1,False,False
2025-10-11,IndiFly,LCC,BOM-BLR,BOM,BLR,Thu,10,Post-Monsoon,Morning (08-11),3.4,False,False
2025-05-03,IndiFly,LCC,DEL-AMD,DEL,AMD,Thu,5,Summer,Morning (08-11),4.8,False,False
2025-03-02,Skyline National,Full-service,DEL-AMD,DEL,AMD,Sun,3,Spring,Afternoon (11-15),3.5,False,False
2025-11-26,Metro Express,LCC,BOM-COK,BOM,COK,Wed,11,Post-Monsoon,Morning (08-11),11.9,False,False
2025-04-09,Skyline National,Full-service,DEL-BOM,DEL,BOM,Tue,4,Spring,Afternoon (11-15),12.4,False,False
2025-07-22,BlueSky Air,Full-service,DEL-HYD,DEL,HYD,Fri,7,Monsoon,Night (19-23),5.1,False,False
2025-08-11,Skyline National,Full-service,DEL-BLR,DEL,BLR,Wed,8,Monsoon,Evening (15-19),3.6,False,False
2025-01-15,Metro Express,LCC,DEL-BLR,DEL,BLR,Sun,1,Winter,Evening (15-19),32.0,True,False
2025-08-22,BlueSky Air,Full-service,BOM-COK,BOM,COK,Thu,8,Monsoon,Morning (08-11),17.8,True,False
2025-01-06,Coastal Wings,Regional/turboprop,DEL-HYD,DEL,HYD,Fri,1,Winter,Early Morning (05-08),28.6,True,False
2025-11-11,BlueSky Air,Full-service,DEL-BOM,DEL,BOM,Sun,11,Post-Monsoon,Night (19-23),15.5,True,False
2025-03-07,IndiFly,LCC,DEL-BOM,DEL,BOM,Tue,3,Spring,Morning (08-11),3.8,False,False
2025-11-18,IndiFly,LCC,DEL-BLR,DEL,BLR,Sun,11,Post-Monsoon,Evening (15-19),3.4,False,False
2025-07-27,IndiFly,LCC,BOM-GOI,BOM,GOI,Thu,7,Monsoon,Evening (15-19),5.3,False,False
2025-07-20,Skyline National,Full-service,BLR-HYD,BLR,HYD,Thu,7,Monsoon,Afternoon (11-15),4.7,False,False
2025-03-25,IndiFly,LCC,COK-BOM,COK,BOM,Tue,3,Spring,Morning (08-11),4.2,False,False
2025-11-08,BlueSky Air,Full-service,COK-BOM,COK,BOM,Tue,11,Post-Monsoon,Afternoon (11-15),2.1,False,False
2025-03-10,Metro Express,LCC,DEL-BLR,DEL,BLR,Wed,3,Spring,Morning (08-11),3.9,False,False
2025-11-24,Metro Express,LCC,DEL-BOM,DEL,BOM,Mon,11,Post-Monsoon,Evening (15-19),8.3,False,False
2025-11-15,IndiFly,LCC,BOM-GOI,BOM,GOI,Mon,11,Post-Monsoon,Afternoon (11-15),3.8,False,False
2025-06-25,Skyline National,Full-service,BOM-GOI,BOM,GOI,Thu,6,Summer,Evening (15-19),28.3,True,False
2025-02-05,BlueSky Air,Full-service,MAA-CCU,MAA,CCU,Mon,2,Winter,Morning (08-11),2.4,False,False
2025-05-02,Metro Express,LCC,DEL-BOM,DEL,BOM,Mon,5,Summer,Night (19-23),10.3,False,False
2025-11-10,Metro Express,LCC,DEL-HYD,DEL,HYD,Sun,11,Post-Monsoon,Night (19-23),11.7,False,False
2025-11-02,IndiFly,LCC,BOM-BLR,BOM,BLR,Fri,11,Post-Monsoon,Early Morning (05-08),10.4,False,False
2025-03-24,IndiFly,LCC,DEL-CCU,DEL,CCU,Tue,3,Spring,Evening (15-19),6.6,False,False
2025-12-27,BlueSky Air,Full-service,DEL-BLR,DEL,BLR,Fri,12,Winter,Afternoon (11-15),4.2,False,False
2025-09-24,Skyline National,Full-service,DEL-BOM,DEL,BOM,Mon,9,Monsoon,Morning (08-11),10.6,False,False
2025-12-21,IndiFly,LCC,BLR-HYD,BLR,HYD,Sat,12,Winter,Night (19-23),2.7,False,False
2025-04-23,Metro Express,LCC,BOM-GOI,BOM,GOI,Sun,4,Spring,Early Morning (05-08),7.7,False,False
2025-03-09,IndiFly,LCC,DEL-AMD,DEL,AMD,Fri,3,Spring,Evening (15-19),10.0,False,False
2025-01-26,IndiFly,LCC,DEL-HYD,DEL,HYD,Thu,1,Winter,Evening (15-19),29.6,True,False
2025-04-03,IndiFly,LCC,DEL-AMD,DEL,AMD,Fri,4,Spring,Morning (08-11),10.6,False,False
2025-07-16,BlueSky Air,Full-service,BOM-BLR,BOM,BLR,Fri,7,Monsoon,Early Morning (05-08),3.8,False,False
2025-04-18,Metro Express,LCC,BLR-HYD,BLR,HYD,Sat,4,Spring,Early Morning (05-08),4.7,False,False
2025-08-18,BlueSky Air,Full-service,DEL-BOM,DEL,BOM,Wed,8,Monsoon,Early Morning (05-08),9.8,False,False
2025-08-01,BlueSky Air,Full-service,BOM-GOI,BOM,GOI,Tue,8,Monsoon,Evening (15-19),0.0,False,True
2025-08-08,Coastal Wings,Regional/turboprop,DEL-CCU,DEL,CCU,Thu,8,Monsoon,Night (19-23),4.1,False,False
2025-02-19,IndiFly,LCC,DEL-BLR,DEL,BLR,Wed,2,Winter,Early Morning (05-08),3.5,False,False
2025-04-14,Metro Express,LCC,DEL-HYD,DEL,HYD,Fri,4,Spring,Morning (08-11),16.0,True,False
2025-11-11,BlueSky Air,Full-service,BOM-COK,BOM,COK,Fri,11,Post-Monsoon,Afternoon (11-15),4.3,False,False
2025-08-06,Metro Express,LCC,DEL-PNQ,DEL,PNQ,Sun,8,Monsoon,Early Morning (05-08),4.4,False,False
2025-02-13,Metro Express,LCC,DEL-BLR,DEL,BLR,Fri,2,Winter,Evening (15-19),13.4,False,False
2025-10-19,BlueSky Air,Full-service,HYD-MAA,HYD,MAA,Sat,10,Post-Monsoon,Afternoon (11-15),1.6,False,False
2025-06-01,BlueSky Air,Full-service,DEL-AMD,DEL,AMD,Sat,6,Summer,Evening (15-19),6.5,False,False
2025-04-06,Metro Express,LCC,BLR-HYD,BLR,HYD,Thu,4,Spring,Night (19-23),5.4,False,False
2025-10-15,Metro Express,LCC,DEL-BLR,DEL,BLR,Tue,10,Post-Monsoon,Evening (15-19),3.8,False,False
2025-08-24,Coastal Wings,Regional/turboprop,DEL-BLR,DEL,BLR,Mon,8,Monsoon,Early Morning (05-08),2.8,False,False
2025-02-26,Coastal Wings,Regional/turboprop,MAA-CCU,MAA,CCU,Thu,2,Winter,Night (19-23),19.5,True,False
2025-12-02,BlueSky Air,Full-service,DEL-HYD,DEL,HYD,Wed,12,Winter,Night (19-23),20.7,True,False
2025-02-04,BlueSky Air,Full-service,DEL-HYD,DEL,HYD,Tue,2,Winter,Night (19-23),14.4,False,False
2025-11-11,BlueSky Air,Full-service,DEL-HYD,DEL,HYD,Tue,11,Post-Monsoon,Night (19-23),3.3,False,False
2025-04-25,Skyline National,Full-service,BOM-GOI,BOM,GOI,Wed,4,Spring,Morning (08-11),10.7,False,False
2025-01-25,IndiFly,LCC,BOM-BLR,BOM,BLR,Tue,1,Winter,Early Morning (05-08),3.9,False,False
2025-12-06,Metro Express,LCC,BOM-BLR,BOM,BLR,Fri,12,Winter,Evening (15-19),8.6,False,False
2025-03-20,BlueSky Air,Full-service,DEL-AMD,DEL,AMD,Wed,3,Spring,Night (19-23),4.2,False,False
2025-01-09,BlueSky Air,Full-service,DEL-BLR,DEL,BLR,Wed,1,Winter,Evening (15-19),20.8,True,False
2025-09-11,Metro Express,LCC,DEL-BLR,DEL,BLR,Fri,9,Monsoon,Morning (08-11),3.9,False,False
2025-02-11,Skyline National,Full-service,DEL-BOM,DEL,BOM,Tue,2,Winter,Morning (08-11),4.9,False,False
2025-06-16,Skyline National,Full-service,BOM-COK,BOM,COK,Thu,6,Summer,Afternoon (11-15),34.0,True,False
2025-11-04,Metro Express,LCC,DEL-BOM,DEL,BOM,Wed,11,Post-Monsoon,Afternoon (11-15),5.9,False,False
2025-01-15,Metro Express,LCC,DEL-BOM,DEL,BOM,Fri,1,Winter,Afternoon (11-15),9.9,False,False
2025-03-02,IndiFly,LCC,DEL-AMD,DEL,AMD,Fri,3,Spring,Morning (08-11),4.1,False,False
2025-03-17,Skyline National,Full-service,COK-BOM,COK,BOM,Wed,3,Spring,Early Morning (05-08),3.4,False,False
2025-01-11,Metro Express,LCC,DEL-CCU,DEL,CCU,Sun,1,Winter,Evening (15-19),6.8,False,False
2025-10-01,IndiFly,LCC,BOM-GOI,BOM,GOI,Fri,10,Post-Monsoon,Afternoon (11-15),5.7,False,False
2025-01-09,BlueSky Air,Full-service,BLR-HYD,BLR,HYD,Sun,1,Winter,Afternoon (11-15),3.0,False,False
2025-11-10,Metro Express,LCC,BOM-BLR,BOM,BLR,Wed,11,Post-Monsoon,Night (19-23),5.5,False,False
2025-03-16,Metro Express,LCC,DEL-HYD,DEL,HYD,Mon,3,Spring,Morning (08-11),6.6,False,False
2025-09-27,Metro Express,LCC,BOM-COK,BOM,COK,Tue,9,Monsoon,Early Morning (05-08),7.3,False,False
2025-10-07,Metro Express,LCC,DEL-AMD,DEL,AMD,Fri,10,Post-Monsoon,Evening (15-19),6.0,False,False
2025-11-06,IndiFly,LCC,DEL-BLR,DEL,BLR,Wed,11,Post-Monsoon,Night (19-23),20.7,True,False
2025-05-12,Coastal Wings,Regional/turboprop,BOM-GOI,BOM,GOI,Tue,5,Summer,Morning (08-11),13.9,False,False
2025-07-01,Metro Express,LCC,DEL-CCU,DEL,CCU,Sun,7,Monsoon,Night (19-23),3.0,False,False
2025-05-01,IndiFly,LCC,BOM-GOI,BOM,GOI,Sun,5,Summer,Evening (15-19),3.7,False,False
2025-07-11,Metro Express,LCC,BOM-BLR,BOM,BLR,Fri,7,Monsoon,Afternoon (11-15),4.1,False,False
2025-04-06,Skyline National,Full-service,DEL-BOM,DEL,BOM,Wed,4,Spring,Evening (15-19),5.9,False,False
2025-06-09,IndiFly,LCC,DEL-BOM,DEL,BOM,Fri,6,Summer,Morning (08-11),4.1,False,False
2025-03-28,Skyline National,Full-service,DEL-HYD,DEL,HYD,Tue,3,Spring,Afternoon (11-15),9.4,False,False
2025-11-09,Metro Express,LCC,DEL-CCU,DEL,CCU,Fri,11,Post-Monsoon,Afternoon (11-15),18.8,True,False
2025-08-24,Skyline National,Full-service,COK-BOM,COK,BOM,Tue,8,Monsoon,Early Morning (05-08),10.7,False,False
2025-01-05,IndiFly,LCC,BLR-HYD,BLR,HYD,Mon,1,Winter,Evening (15-19),5.9,False,False
2025-09-12,Skyline National,Full-service,DEL-BOM,DEL,BOM,Mon,9,Monsoon,Afternoon (11-15),9.4,False,False
2025-02-18,IndiFly,LCC,DEL-BOM,DEL,BOM,Sun,2,Winter,Early Morning (05-08),4.1,False,False
2025-11-07,BlueSky Air,Full-service,BOM-GOI,BOM,GOI,Sun,11,Post-Monsoon,Early Morning (05-08),6.9,False,False
2025-03-21,Skyline National,Full-service,HYD-MAA,HYD,MAA,Wed,3,Spring,Early Morning (05-08),8.4,False,False
2025-07-01,BlueSky Air,Full-service,DEL-PNQ,DEL,PNQ,Thu,7,Monsoon,Afternoon (11-15),2.2,False,False
2025-05-28,IndiFly,LCC,DEL-HYD,DEL,HYD,Tue,5,Summer,Afternoon (11-15),14.8,False,False
2025-06-23,IndiFly,LCC,DEL-PNQ,DEL,PNQ,Sun,6,Summer,Afternoon (11-15),3.6,False,False
2025-01-25,IndiFly,LCC,DEL-CCU,DEL,CCU,Tue,1,Winter,Afternoon (11-15),9.4,False,False
2025-04-25,IndiFly,LCC,DEL-GOI,DEL,GOI,Wed,4,Spring,Early Morning (05-08),20.2,True,False
2025-12-28,Coastal Wings,Regional/turboprop,DEL-BOM,DEL,BOM,Sat,12,Winter,Morning (08-11),8.2,False,False
2025-09-19,IndiFly,LCC,BLR-COK,BLR,COK,Sat,9,Monsoon,Afternoon (11-15),8.1,False,False
2025-09-12,IndiFly,LCC,DEL-BOM,DEL,BOM,Thu,9,Monsoon,Morning (08-11),4.0,False,False
2025-02-12,Skyline National,Full-service,DEL-HYD,DEL,HYD,Wed,2,Winter,Night (19-23),14.3,False,False
2025-11-11,Coastal Wings,Regional/turboprop,BOM-BLR,BOM,BLR,Mon,11,Post-Monsoon,Early Morning (05-08),4.2,False,False
2025-01-02,IndiFly,LCC,DEL-AMD,DEL,AMD,Fri,1,Winter,Night (19-23),10.2,False,False
2025-11-06,Coastal Wings,Regional/turboprop,BLR-HYD,BLR,HYD,Wed,11,Post-Monsoon,Night (19-23),3.1,False,False
2025-05-20,Metro Express,LCC,BOM-COK,BOM,COK,Wed,5,Summer,Early Morning (05-08),6.0,False,False
2025-10-24,Metro Express,LCC,DEL-CCU,DEL,CCU,Fri,10,Post-Monsoon,Early Morning (05-08),2.9,False,False
2025-08-15,Metro Express,LCC,DEL-BOM,DEL,BOM,Thu,8,Monsoon,Night (19-23),12.2,False,False
2025-08-09,BlueSky Air,Full-service,BOM-BLR,BOM,BLR,Tue,8,Monsoon,Morning (08-11),5.6,False,False
2025-10-07,IndiFly,LCC,BOM-GOI,BOM,GOI,Tue,10,Post-Monsoon,Morning (08-11),2.7,False,False
2025-07-10,IndiFly,LCC,DEL-BOM,DEL,BOM,Fri,7,Monsoon,Early Morning (05-08),4.6,False,False
2025-11-19,Metro Express,LCC,BLR-COK,BLR,COK,Fri,11,Post-Monsoon,Afternoon (11-15),5.4,False,False
2025-07-21,Skyline National,Full-service,BLR-HYD,BLR,HYD,Mon,7,Monsoon,Evening (15-19),11.4,False,False
2025-08-16,Metro Express,LCC,DEL-BOM,DEL,BOM,Sun,8,Monsoon,Morning (08-11),11.0,False,False
2025-10-09,Metro Express,LCC,DEL-BLR,DEL,BLR,Fri,10,Post-Monsoon,Afternoon (11-15),16.4,True,False
2025-03-09,Metro Express,LCC,HYD-MAA,HYD,MAA,Wed,3,Spring,Night (19-23),9.1,False,False
2025-09-09,BlueSky Air,Full-service,BOM-BLR,BOM,BLR,Mon,9,Monsoon,Evening (15-19),5.4,False,False
2025-02-04,IndiFly,LCC,BLR-COK,BLR,COK,Fri,2,Winter,Evening (15-19),2.6,False,False
2025-09-06,BlueSky Air,Full-service,DEL-GOI,DEL,GOI,Thu,9,Monsoon,Night (19-23),20.1,True,False
2025-01-26,BlueSky Air,Full-service,DEL-CCU,DEL,CCU,Fri,1,Winter,Morning (08-11),15.0,False,False
2025-10-08,IndiFly,LCC,BOM-COK,BOM,COK,Sun,10,Post-Monsoon,Night (19-23),15.1,True,False
2025-01-13,Metro Express,LCC,DEL-BLR,DEL,BLR,Wed,1,Winter,Morning (08-11),18.2,True,False
2025-12-18,IndiFly,LCC,DEL-BOM,DEL,BOM,Sat,12,Winter,Morning (08-11),34.2,True,False
2025-03-21,Coastal Wings,Regional/turboprop,DEL-BLR,DEL,BLR,Thu,3,Spring,Morning (08-11),4.3,False,False
2025-07-04,Coastal Wings,Regional/turboprop,BOM-BLR,BOM,BLR,Sat,7,Monsoon,Evening (15-19),8.4,False,False
2025-05-17,IndiFly,LCC,DEL-BOM,DEL,BOM,Mon,5,Summer,Evening (15-19),10.8,False,False
2025-10-15,Skyline National,Full-service,DEL-CCU,DEL,CCU,Tue,10,Post-Monsoon,Early Morning (05-08),4.7,False,False
2025-02-21,Metro Express,LCC,COK-BOM,COK,BOM,Thu,2,Winter,Afternoon (11-15),3.4,False,False
2025-09-04,Metro Express,LCC,BOM-BLR,BOM,BLR,Mon,9,Monsoon,Night (19-23),13.3,False,False
2025-12-14,Skyline National,Full-service,DEL-AMD,DEL,AMD,Thu,12,Winter,Early Morning (05-08),42.6,True,False
2025-11-27,BlueSky Air,Full-service,BOM-BLR,BOM,BLR,Wed,11,Post-Monsoon,Night (19-23),6.9,False,False
2025-12-16,IndiFly,LCC,BLR-HYD,BLR,HYD,Fri,12,Winter,Evening (15-19),8.3,False,False
2025-02-19,BlueSky Air,Full-service,DEL-BOM,DEL,BOM,Sun,2,Winter,Evening (15-19),4.0,False,False
2025-07-27,BlueSky Air,Full-service,COK-BOM,COK,BOM,Thu,7,Monsoon,Evening (15-19),8.9,False,False
2025-11-24,IndiFly,LCC,DEL-HYD,DEL,HYD,Sun,11,Post-Monsoon,Afternoon (11-15),3.9,False,False
2025-01-24,IndiFly,LCC,DEL-HYD,DEL,HYD,Thu,1,Winter,Night (19-23),12.4,False,False
2025-08-23,Metro Express,LCC,DEL-BOM,DEL,BOM,Sat,8,Monsoon,Morning (08-11),16.7,True,False
2025-03-28,Metro Express,LCC,BOM-BLR,BOM,BLR,Thu,3,Spring,Night (19-23),6.8,False,False
2025-05-04,Skyline National,Full-service,DEL-BLR,DEL,BLR,Sat,5,Summer,Early Morning (05-08),5.6,False,False
2025-12-16,BlueSky Air,Full-service,DEL-BLR,DEL,BLR,Wed,12,Winter,Morning (08-11),0.0,False,True
2025-09-23,IndiFly,LCC,BOM-BLR,BOM,BLR,Sat,9,Monsoon,Afternoon (11-15),13.8,False,False
2025-02-23,BlueSky Air,Full-service,DEL-BLR,DEL,BLR,Fri,2,Winter,Night (19-23),10.7,False,False
2025-03-13,Metro Express,LCC,BOM-BLR,BOM,BLR,Mon,3,Spring,Night (19-23),20.2,True,False
2025-06-08,BlueSky Air,Full-service,BLR-COK,BLR,COK,Thu,6,Summer,Night (19-23),6.9,False,False
2025-04-05,Skyline National,Full-service,DEL-HYD,DEL,HYD,Mon,4,Spring,Morning (08-11),7.0,False,False
2025-03-28,Coastal Wings,Regional/turboprop,DEL-BLR,DEL,BLR,Fri,3,Spring,Afternoon (11-15),12.2,False,False
2025-06-26,BlueSky Air,Full-service,DEL-AMD,DEL,AMD,Sun,6,Summer,Morning (08-11),4.2,False,False
2025-12-05,Metro Express,LCC,BOM-BLR,BOM,BLR,Wed,12,Winter,Night (19-23),11.2,False,False
2025-08-18,Skyline National,Full-service,BOM-GOI,BOM,GOI,Wed,8,Monsoon,Early Morning (05-08),7.8,False,False
2025-10-14,Metro Express,LCC,DEL-HYD,DEL,HYD,Mon,10,Post-Monsoon,Night (19-23),4.8,False,False
2025-12-05,IndiFly,LCC,BOM-BLR,BOM,BLR,Mon,12,Winter,Evening (15-19),2.8,False,False
2025-12-20,Coastal Wings,Regional/turboprop,BLR-HYD,BLR,HYD,Thu,12,Winter,Afternoon (11-15),6.0,False,False
2025-04-19,BlueSky Air,Full-service,BOM-BLR,BOM,BLR,Sun,4,Spring,Night (19-23),7.6,False,False
2025-12-25,IndiFly,LCC,BOM-COK,BOM,COK,Wed,12,Winter,Afternoon (11-15),2.3,False,False
2025-03-27,IndiFly,LCC,HYD-MAA,HYD,MAA,Tue,3,Spring,Early Morning (05-08),3.6,False,False
2025-07-13,BlueSky Air,Full-service,DEL-AMD,DEL,AMD,Sat,7,Monsoon,Afternoon (11-15),4.0,False,False
2025-05-13,IndiFly,LCC,DEL-BOM,DEL,BOM,Tue,5,Summer,Morning (08-11),5.6,False,False
2025-09-02,IndiFly,LCC,BOM-COK,BOM,COK,Sat,9,Monsoon,Morning (08-11),11.6,False,False
2025-10-12,IndiFly,LCC,COK-BOM,COK,BOM,Sun,10,Post-Monsoon,Early Morning (05-08),2.8,False,False
2025-02-28,Metro Express,LCC,BLR-COK,BLR,COK,Sat,2,Winter,Night (19-23),12.5,False,False
2025-03-17,BlueSky Air,Full-service,COK-BOM,COK,BOM,Tue,3,Spring,Night (19-23),5.8,False,False
2025-02-26,Skyline National,Full-service,DEL-PNQ,DEL,PNQ,Wed,2,Winter,Night (19-23),3.5,False,False
2025-04-20,IndiFly,LCC,DEL-BOM,DEL,BOM,Tue,4,Spring,Night (19-23),7.7,False,False
2025-06-05,BlueSky Air,Full-service,BOM-BLR,BOM,BLR,Tue,6,Summer,Night (19-23),6.8,False,False
2025-08-26,IndiFly,LCC,HYD-MAA,HYD,MAA,Sun,8,Monsoon,Night (19-23),14.4,False,False
2025-06-17,Metro Express,LCC,DEL-AMD,DEL,AMD,Fri,6,Summer,Afternoon (11-15),8.7,False,False
2025-08-25,IndiFly,LCC,BOM-BLR,BOM,BLR,Tue,8,Monsoon,Morning (08-11),8.4,False,False
2025-06-18,Metro Express,LCC,BOM-GOI,BOM,GOI,Thu,6,Summer,Evening (15-19),23.5,True,False
2025-02-10,Metro Express,LCC,DEL-BOM,DEL,BOM,Fri,2,Winter,Evening (15-19),12.0,False,False
2025-05-13,IndiFly,LCC,DEL-BOM,DEL,BOM,Tue,5,Summer,Morning (08-11),7.8,False,False
2025-03-17,Metro Express,LCC,BOM-GOI,BOM,GOI,Wed,3,Spring,Evening (15-19),2.4,False,False
2025-06-03,IndiFly,LCC,DEL-BLR,DEL,BLR,Sat,6,Summer,Morning (08-11),3.9,False,False
2025-12-04,Coastal Wings,Regional/turboprop,DEL-BLR,DEL,BLR,Wed,12,Winter,Early Morning (05-08),42.2,True,False
2025-07-02,Skyline National,Full-service,DEL-HYD,DEL,HYD,Tue,7,Monsoon,Early Morning (05-08),4.2,False,False
2025-11-10,Metro Express,LCC,DEL-CCU,DEL,CCU,Tue,11,Post-Monsoon,Night (19-23),15.4,True,False
2025-07-09,IndiFly,LCC,DEL-PNQ,DEL,PNQ,Sun,7,Monsoon,Night (19-23),11.0,False,False
2025-11-23,BlueSky Air,Full-service,BOM-GOI,BOM,GOI,Tue,11,Post-Monsoon,Early Morning (05-08),2.3,False,False
2025-03-24,IndiFly,LCC,DEL-CCU,DEL,CCU,Wed,3,Spring,Night (19-23),15.4,True,False
2025-05-04,IndiFly,LCC,MAA-CCU,MAA,CCU,Sun,5,Summer,Early Morning (05-08),14.0,False,False
2025-03-17,BlueSky Air,Full-service,BOM-GOI,BOM,GOI,Mon,3,Spring,Afternoon (11-15),2.4,False,False
2025-02-08,IndiFly,LCC,BLR-HYD,BLR,HYD,Thu,2,Winter,Evening (15-19),6.0,False,False
2025-04-25,IndiFly,LCC,DEL-GOI,DEL,GOI,Tue,4,Spring,Evening (15-19),3.9,False,False
2025-11-02,IndiFly,LCC,BOM-GOI,BOM,GOI,Thu,11,Post-Monsoon,Morning (08-11),3.3,False,False
2025-08-03,BlueSky Air,Full-service,DEL-BOM,DEL,BOM,Sun,8,Monsoon,Morning (08-11),6.6,False,False
2025-11-03,Coastal Wings,Regional/turboprop,DEL-BOM,DEL,BOM,Thu,11,Post-Monsoon,Afternoon (11-15),3.4,False,False
2025-02-22,Metro Express,LCC,DEL-BOM,DEL,BOM,Tue,2,Winter,Early Morning (05-08),6.4,False,False
2025-09-03,Skyline National,Full-service,DEL-BOM,DEL,BOM,Mon,9,Monsoon,Evening (15-19),13.5,False,False
2025-11-16,Metro Express,LCC,BLR-HYD,BLR,HYD,Fri,11,Post-Monsoon,Morning (08-11),6.3,False,False
2025-05-21,Skyline National,Full-service,DEL-BLR,DEL,BLR,Sat,5,Summer,Early Morning (05-08),2.7,False,False
2025-09-28,Metro Express,LCC,DEL-AMD,DEL,AMD,Tue,9,Monsoon,Night (19-23),3.8,False,False
2025-08-24,Metro Express,LCC,COK-BOM,COK,BOM,Thu,8,Monsoon,Afternoon (11-15),10.8,False,False
2025-04-19,IndiFly,LCC,DEL-BLR,DEL,BLR,Tue,4,Spring,Night (19-23),16.6,True,False
2025-07-12,Metro Express,LCC,MAA-CCU,MAA,CCU,Sat,7,Monsoon,Morning (08-11),5.1,False,False
2025-10-14,Metro Express,LCC,COK-BOM,COK,BOM,Mon,10,Post-Monsoon,Early Morning (05-08),4.5,False,False
2025-08-01,Coastal Wings,Regional/turboprop,DEL-HYD,DEL,HYD,Sat,8,Monsoon,Morning (08-11),9.4,False,False
2025-11-13,BlueSky Air,Full-service,BLR-HYD,BLR,HYD,Fri,11,Post-Monsoon,Evening (15-19),2.8,False,False
2025-08-11,Skyline National,Full-service,DEL-BOM,DEL,BOM,Fri,8,Monsoon,Night (19-23),13.8,False,False
2025-02-01,BlueSky Air,Full-service,DEL-PNQ,DEL,PNQ,Mon,2,Winter,Night (19-23),2.9,False,False
2025-05-27,BlueSky Air,Full-service,BLR-COK,BLR,COK,Mon,5,Summer,Morning (08-11),7.6,False,False
2025-03-06,BlueSky Air,Full-service,COK-BOM,COK,BOM,Thu,3,Spring,Early Morning (05-08),5.2,False,False
2025-04-04,IndiFly,LCC,MAA-CCU,MAA,CCU,Sat,4,Spring,Night (19-23),1.9,False,False
2025-10-23,Metro Express,LCC,BLR-HYD,BLR,HYD,Sun,10,Post-Monsoon,Morning (08-11),5.7,False,False
2025-11-19,IndiFly,LCC,BOM-GOI,BOM,GOI,Wed,11,Post-Monsoon,Night (19-23),5.1,False,False
2025-11-07,Coastal Wings,Regional/turboprop,DEL-PNQ,DEL,PNQ,Sat,11,Post-Monsoon,Morning (08-11),13.6,False,False
2025-01-20,BlueSky Air,Full-service,DEL-PNQ,DEL,PNQ,Fri,1,Winter,Afternoon (11-15),7.5,False,False
2025-03-02,Skyline National,Full-service,BOM-GOI,BOM,GOI,Sat,3,Spring,Morning (08-11),4.3,False,False
2025-11-15,IndiFly,LCC,BLR-HYD,BLR,HYD,Sat,11,Post-Monsoon,Early Morning (05-08),5.8,False,False
2025-01-10,BlueSky Air,Full-service,BLR-HYD,BLR,HYD,Thu,1,Winter,Early Morning (05-08),4.0,False,False
2025-06-26,IndiFly,LCC,DEL-HYD,DEL,HYD,Fri,6,Summer,Night (19-23),6.3,False,False
2025-05-03,BlueSky Air,Full-service,BOM-GOI,BOM,GOI,Thu,5,Summer,Night (19-23),2.5,False,False
2025-03-26,Metro Express,LCC,DEL-BOM,DEL,BOM,Sun,3,Spring,Early Morning (05-08),3.8,False,False
2025-02-01,Skyline National,Full-service,BLR-HYD,BLR,HYD,Sat,2,Winter,Early Morning (05-08),14.7,False,False
2025-08-21,IndiFly,LCC,BOM-COK,BOM,COK,Sun,8,Monsoon,Morning (08-11),10.1,False,False
2025-12-03,Coastal Wings,Regional/turboprop,DEL-BLR,DEL,BLR,Mon,12,Winter,Afternoon (11-15),33.6,True,False
2025-12-16,IndiFly,LCC,DEL-PNQ,DEL,PNQ,Fri,12,Winter,Evening (15-19),20.8,True,False
2025-04-09,Metro Express,LCC,DEL-BOM,DEL,BOM,Tue,4,Spring,Night (19-23),13.4,False,False
2025-06-25,Skyline National,Full-service,DEL-BLR,DEL,BLR,Tue,6,Summer,Early Morning (05-08),9.1,False,False
2025-07-09,Metro Express,LCC,BOM-BLR,BOM,BLR,Sun,7,Monsoon,Morning (08-11),4.6,False,False
2025-01-20,Metro Express,LCC,COK-BOM,COK,BOM,Sun,1,Winter,Night (19-23),2.9,False,False
2025-02-11,IndiFly,LCC,BLR-HYD,BLR,HYD,Fri,2,Winter,Evening (15-19),9.3,False,False
2025-06-24,BlueSky Air,Full-service,BOM-BLR,BOM,BLR,Sun,6,Summer,Afternoon (11-15),5.7,False,False
2025-10-06,Coastal Wings,Regional/turboprop,DEL-BLR,DEL,BLR,Mon,10,Post-Monsoon,Evening (15-19),8.1,False,False
2025-07-15,Skyline National,Full-service,DEL-GOI,DEL,GOI,Sun,7,Monsoon,Night (19-23),25.6,True,False
2025-11-05,IndiFly,LCC,BOM-BLR,BOM,BLR,Thu,11,Post-Monsoon,Morning (08-11),5.5,False,False
2025-04-04,IndiFly,LCC,DEL-GOI,DEL,GOI,Mon,4,Spring,Morning (08-11),3.5,False,False
2025-09-09,Metro Express,LCC,BOM-BLR,BOM,BLR,Tue,9,Monsoon,Early Morning (05-08),8.7,False,False
2025-11-02,Skyline National,Full-service,BOM-GOI,BOM,GOI,Wed,11,Post-Monsoon,Night (19-23),2.7,False,False
2025-08-26,IndiFly,LCC,DEL-BLR,DEL,BLR,Tue,8,Monsoon,Afternoon (11-15),2.6,False,False
2025-07-20,BlueSky Air,Full-service,DEL-AMD,DEL,AMD,Mon,7,Monsoon,Afternoon (11-15),6.0,False,False
2025-10-16,BlueSky Air,Full-service,DEL-BOM,DEL,BOM,Mon,10,Post-Monsoon,Early Morning (05-08),5.0,False,False
2025-06-21,BlueSky Air,Full-service,COK-BOM,COK,BOM,Thu,6,Summer,Evening (15-19),11.7,False,False
2025-04-23,Metro Express,LCC,BOM-COK,BOM,COK,Fri,4,Spring,Evening (15-19),10.3,False,False
2025-03-20,Skyline National,Full-service,DEL-HYD,DEL,HYD,Wed,3,Spring,Early Morning (05-08),6.6,False,False
2025-08-13,Coastal Wings,Regional/turboprop,BOM-BLR,BOM,BLR,Sun,8,Monsoon,Early Morning (05-08),15.2,True,False
2025-04-21,Skyline National,Full-service,BOM-GOI,BOM,GOI,Mon,4,Spring,Morning (08-11),2.9,False,False
2025-09-07,Coastal Wings,Regional/turboprop,BOM-COK,BOM,COK,Sun,9,Monsoon,Night (19-23),15.2,True,False
2025-09-10,Skyline National,Full-service,DEL-CCU,DEL,CCU,Tue,9,Monsoon,Evening (15-19),7.2,False,False
2025-01-01,IndiFly,LCC,DEL-BOM,DEL,BOM,Sat,1,Winter,Evening (15-19),30.8,True,False
2025-08-25,Metro Express,LCC,DEL-BLR,DEL,BLR,Wed,8,Monsoon,Early Morning (05-08),4.6,False,False
2025-03-11,Metro Express,LCC,DEL-BLR,DEL,BLR,Mon,3,Spring,Early Morning (05-08),5.5,False,False
2025-11-11,BlueSky Air,Full-service,BOM-COK,BOM,COK,Thu,11,Post-Monsoon,Early Morning (05-08),5.8,False,False
2025-01-17,Metro Express,LCC,BLR-HYD,BLR,HYD,Mon,1,Winter,Evening (15-19),15.9,True,False
2025-03-23,IndiFly,LCC,DEL-BOM,DEL,BOM,Tue,3,Spring,Early Morning (05-08),5.5,False,False
2025-07-18,Metro Express,LCC,DEL-BOM,DEL,BOM,Mon,7,Monsoon,Afternoon (11-15),12.6,False,False
2025-08-06,Skyline National,Full-service,DEL-PNQ,DEL,PNQ,Mon,8,Monsoon,Evening (15-19),2.8,False,False
2025-08-02,BlueSky Air,Full-service,DEL-AMD,DEL,AMD,Mon,8,Monsoon,Morning (08-11),3.3,False,False
2025-11-22,Metro Express,LCC,BOM-BLR,BOM,BLR,Thu,11,Post-Monsoon,Early Morning (05-08),14.0,False,False
2025-01-07,BlueSky Air,Full-service,DEL-CCU,DEL,CCU,Fri,1,Winter,Early Morning (05-08),12.7,False,False
2025-07-07,Metro Express,LCC,DEL-PNQ,DEL,PNQ,Tue,7,Monsoon,Afternoon (11-15),4.9,False,False
2025-10-09,IndiFly,LCC,DEL-BLR,DEL,BLR,Wed,10,Post-Monsoon,Early Morning (05-08),8.6,False,False
2025-07-07,Coastal Wings,Regional/turboprop,DEL-AMD,DEL,AMD,Tue,7,Monsoon,Early Morning (05-08),5.6,False,False
2025-12-24,IndiFly,LCC,BLR-HYD,BLR,HYD,Wed,12,Winter,Night (19-23),12.9,False,False
2025-11-08,Metro Express,LCC,DEL-BOM,DEL,BOM,Fri,11,Post-Monsoon,Night (19-23),31.3,True,False
2025-06-15,Coastal Wings,Regional/turboprop,DEL-HYD,DEL,HYD,Thu,6,Summer,Evening (15-19),4.6,False,False
2025-04-03,IndiFly,LCC,HYD-MAA,HYD,MAA,Fri,4,Spring,Early Morning (05-08),4.5,False,False
2025-11-07,IndiFly,LCC,DEL-HYD,DEL,HYD,Thu,11,Post-Monsoon,Evening (15-19),6.2,False,False
2025-02-10,IndiFly,LCC,DEL-BOM,DEL,BOM,Tue,2,Winter,Morning (08-11),4.8,False,False
2025-12-19,BlueSky Air,Full-service,BOM-BLR,BOM,BLR,Thu,12,Winter,Early Morning (05-08),7.4,False,False
2025-07-27,Metro Express,LCC,DEL-BOM,DEL,BOM,Thu,7,Monsoon,Afternoon (11-15),6.0,False,False
2025-04-08,IndiFly,LCC,BOM-BLR,BOM,BLR,Sat,4,Spring,Afternoon (11-15),2.1,False,False
2025-12-16,Skyline National,Full-service,DEL-HYD,DEL,HYD,Sun,12,Winter,Morning (08-11),15.2,True,False
2025-09-18,BlueSky Air,Full-service,DEL-HYD,DEL,HYD,Tue,9,Monsoon,Morning (08-11),7.4,False,False
2025-05-05,Metro Express,LCC,HYD-MAA,HYD,MAA,Sun,5,Summer,Evening (15-19),6.6,False,False
2025-06-21,IndiFly,LCC,DEL-BOM,DEL,BOM,Thu,6,Summer,Afternoon (11-15),8.6,False,False
2025-11-05,Metro Express,LCC,DEL-GOI,DEL,GOI,Fri,11,Post-Monsoon,Morning (08-11),10.4,False,False
2025-04-27,BlueSky Air,Full-service,BLR-COK,BLR,COK,Sat,4,Spring,Morning (08-11),11.9,False,False
2025-10-01,BlueSky Air,Full-service,BOM-GOI,BOM,GOI,Wed,10,Post-Monsoon,Night (19-23),10.1,False,False
2025-02-11,BlueSky Air,Full-service,BOM-BLR,BOM,BLR,Sat,2,Winter,Night (19-23),5.3,False,False
2025-06-24,Skyline National,Full-service,DEL-BLR,DEL,BLR,Thu,6,Summer,Evening (15-19),12.8,False,False
2025-09-26,BlueSky Air,Full-service,DEL-AMD,DEL,AMD,Mon,9,Monsoon,Afternoon (11-15),4.0,False,False
2025-04-01,IndiFly,LCC,BOM-COK,BOM,COK,Mon,4,Spring,Early Morning (05-08),2.5,False,False
2025-02-14,IndiFly,LCC,DEL-BLR,DEL,BLR,Wed,2,Winter,Evening (15-19),2.6,False,False
2025-10-19,Metro Express,LCC,BOM-BLR,BOM,BLR,Thu,10,Post-Monsoon,Evening (15-19),11.6,False,False
2025-05-23,Metro Express,LCC,BOM-BLR,BOM,BLR,Thu,5,Summer,Night (19-23),7.6,False,False
2025-06-22,BlueSky Air,Full-service,BOM-COK,BOM,COK,Thu,6,Summer,Night (19-23),8.9,False,False
2025-02-15,Skyline National,Full-service,BOM-COK,BOM,COK,Thu,2,Winter,Evening (15-19),4.4,False,False
2025-08-07,Metro Express,LCC,BLR-HYD,BLR,HYD,Fri,8,Monsoon,Afternoon (11-15),7.4,False,False
2025-11-24,Metro Express,LCC,DEL-GOI,DEL,GOI,Mon,11,Post-Monsoon,Morning (08-11),3.5,False,False
2025-01-10,Metro Express,LCC,MAA-CCU,MAA,CCU,Fri,1,Winter,Morning (08-11),2.4,False,False
2025-01-13,IndiFly,LCC,BOM-GOI,BOM,GOI,Sun,1,Winter,Evening (15-19),11.0,False,False
2025-11-19,Metro Express,LCC,DEL-BLR,DEL,BLR,Sun,11,Post-Monsoon,Afternoon (11-15),14.8,False,False
2025-03-24,IndiFly,LCC,DEL-BLR,DEL,BLR,Fri,3,Spring,Afternoon (11-15),6.4,False,False
2025-12-12,IndiFly,LCC,DEL-CCU,DEL,CCU,Sat,12,Winter,Afternoon (11-15),15.0,True,False
2025-11-12,IndiFly,LCC,COK-BOM,COK,BOM,Thu,11,Post-Monsoon,Afternoon (11-15),3.1,False,False
2025-06-18,Metro Express,LCC,HYD-MAA,HYD,MAA,Wed,6,Summer,Afternoon (11-15),9.2,False,False
2025-12-23,IndiFly,LCC,BOM-BLR,BOM,BLR,Thu,12,Winter,Early Morning (05-08),2.5,False,False
2025-01-10,BlueSky Air,Full-service,DEL-CCU,DEL,CCU,Sun,1,Winter,Early Morning (05-08),8.3,False,False
2025-03-22,BlueSky Air,Full-service,DEL-PNQ,DEL,PNQ,Tue,3,Spring,Night (19-23),3.3,False,False
2025-03-08,Coastal Wings,Regional/turboprop,DEL-BOM,DEL,BOM,Sat,3,Spring,Evening (15-19),6.0,False,False
2025-07-01,Metro Express,LCC,MAA-CCU,MAA,CCU,Tue,7,Monsoon,Evening (15-19),11.3,False,False
2025-09-14,IndiFly,LCC,BOM-COK,BOM,COK,Sat,9,Monsoon,Night (19-23),20.2,True,False
2025-09-03,BlueSky Air,Full-service,DEL-HYD,DEL,HYD,Sat,9,Monsoon,Night (19-23),3.6,False,False
2025-06-10,Metro Express,LCC,BOM-GOI,BOM,GOI,Sun,6,Summer,Afternoon (11-15),11.0,False,False
2025-10-20,BlueSky Air,Full-service,DEL-GOI,DEL,GOI,Sat,10,Post-Monsoon,Evening (15-19),3.4,False,False
2025-10-21,Coastal Wings,Regional/turboprop,DEL-CCU,DEL,CCU,Mon,10,Post-Monsoon,Morning (08-11),4.6,False,False
2025-06-08,Metro Express,LCC,BOM-BLR,BOM,BLR,Fri,6,Summer,Early Morning (05-08),4.8,False,False
2025-04-25,BlueSky Air,Full-service,DEL-AMD,DEL,AMD,Fri,4,Spring,Night (19-23),3.2,False,False
2025-09-18,BlueSky Air,Full-service,BOM-BLR,BOM,BLR,Wed,9,Monsoon,Morning (08-11),4.9,False,False
2025-04-07,BlueSky Air,Full-service,BOM-BLR,BOM,BLR,Fri,4,Spring,Evening (15-19),8.9,False,False
2025-10-15,Metro Express,LCC,BOM-BLR,BOM,BLR,Fri,10,Post-Monsoon,Morning (08-11),3.2,False,False
2025-05-16,Metro Express,LCC,DEL-BOM,DEL,BOM,Thu,5,Summer,Night (19-23),12.6,False,False
2025-07-21,Metro Express,LCC,BOM-BLR,BOM,BLR,Thu,7,Monsoon,Afternoon (11-15),7.6,False,False
2025-01-02,IndiFly,LCC,BOM-BLR,BOM,BLR,Sun,1,Winter,Early Morning (05-08),2.8,False,False
2025-07-07,IndiFly,LCC,BLR-HYD,BLR,HYD,Mon,7,Monsoon,Night (19-23),5.2,False,False
2025-10-20,Metro Express,LCC,DEL-BLR,DEL,BLR,Fri,10,Post-Monsoon,Evening (15-19),11.6,False,False
2025-09-20,Coastal Wings,Regional/turboprop,DEL-HYD,DEL,HYD,Mon,9,Monsoon,Night (19-23),3.9,False,False
2025-02-08,IndiFly,LCC,BOM-GOI,BOM,GOI,Sun,2,Winter,Afternoon (11-15),3.7,False,False
2025-01-08,Skyline National,Full-service,BOM-BLR,BOM,BLR,Sat,1,Winter,Morning (08-11),8.3,False,False
2025-02-14,IndiFly,LCC,DEL-BOM,DEL,BOM,Sat,2,Winter,Afternoon (11-15),4.4,False,False
2025-05-07,BlueSky Air,Full-service,DEL-BOM,DEL,BOM,Sat,5,Summer,Afternoon (11-15),13.4,False,False
2025-08-20,Metro Express,LCC,BOM-COK,BOM,COK,Tue,8,Monsoon,Morning (08-11),26.2,True,False
2025-07-09,IndiFly,LCC,BOM-BLR,BOM,BLR,Tue,7,Monsoon,Evening (15-19),28.8,True,False
2025-02-15,BlueSky Air,Full-service,BOM-COK,BOM,COK,Sat,2,Winter,Night (19-23),5.1,False,False
2025-07-03,Metro Express,LCC,BLR-HYD,BLR,HYD,Thu,7,Monsoon,Morning (08-11),3.4,False,False
2025-10-21,Metro Express,LCC,DEL-BLR,DEL,BLR,Fri,10,Post-Monsoon,Afternoon (11-15),21.3,True,False
2025-02-23,Metro Express,LCC,BLR-HYD,BLR,HYD,Tue,2,Winter,Early Morning (05-08),2.1,False,False
2025-05-28,IndiFly,LCC,MAA-CCU,MAA,CCU,Tue,5,Summer,Morning (08-11),3.6,False,False
2025-11-26,IndiFly,LCC,DEL-BOM,DEL,BOM,Sun,11,Post-Monsoon,Night (19-23),6.3,False,False
2025-04-20,IndiFly,LCC,DEL-BOM,DEL,BOM,Sat,4,Spring,Early Morning (05-08),13.5,False,False
2025-03-05,BlueSky Air,Full-service,DEL-HYD,DEL,HYD,Fri,3,Spring,Night (19-23),7.5,False,False
2025-01-16,IndiFly,LCC,DEL-BOM,DEL,BOM,Tue,1,Winter,Night (19-23),13.5,False,False
2025-12-08,Metro Express,LCC,DEL-AMD,DEL,AMD,Tue,12,Winter,Evening (15-19),25.4,True,False
2025-11-17,Metro Express,LCC,DEL-CCU,DEL,CCU,Wed,11,Post-Monsoon,Evening (15-19),11.1,False,False
2025-03-17,IndiFly,LCC,DEL-GOI,DEL,GOI,Sun,3,Spring,Afternoon (11-15),9.0,False,False
2025-07-10,BlueSky Air,Full-service,DEL-HYD,DEL,HYD,Wed,7,Monsoon,Early Morning (05-08),5.1,False,False
2025-08-28,Skyline National,Full-service,BLR-HYD,BLR,HYD,Fri,8,Monsoon,Evening (15-19),16.7,True,False
2025-04-15,IndiFly,LCC,DEL-BOM,DEL,BOM,Wed,4,Spring,Afternoon (11-15),7.5,False,False
2025-01-08,Metro Express,LCC,DEL-HYD,DEL,HYD,Tue,1,Winter,Night (19-23),11.4,False,False
2025-09-18,BlueSky Air,Full-service,BOM-BLR,BOM,BLR,Thu,9,Monsoon,Early Morning (05-08),2.5,False,False
2025-02-05,Metro Express,LCC,DEL-BOM,DEL,BOM,Sat,2,Winter,Evening (15-19),5.7,False,False
2025-08-12,Metro Express,LCC,DEL-PNQ,DEL,PNQ,Fri,8,Monsoon,Morning (08-11),5.5,False,False
2025-07-25,Skyline National,Full-service,BLR-HYD,BLR,HYD,Fri,7,Monsoon,Early Morning (05-08),13.1,False,False
2025-07-11,IndiFly,LCC,BLR-COK,BLR,COK,Sat,7,Monsoon,Evening (15-19),16.2,True,False
2025-04-02,BlueSky Air,Full-service,BOM-BLR,BOM,BLR,Mon,4,Spring,Morning (08-11),6.0,False,False
2025-05-07,IndiFly,LCC,DEL-CCU,DEL,CCU,Mon,5,Summer,Night (19-23),16.1,True,False
2025-11-16,Skyline National,Full-service,DEL-BLR,DEL,BLR,Mon,11,Post-Monsoon,Early Morning (05-08),6.2,False,False
2025-05-19,Coastal Wings,Regional/turboprop,MAA-CCU,MAA,CCU,Fri,5,Summer,Afternoon (11-15),11.3,False,False
2025-09-22,BlueSky Air,Full-service,DEL-AMD,DEL,AMD,Wed,9,Monsoon,Night (19-23),4.3,False,False
2025-01-19,Coastal Wings,Regional/turboprop,HYD-MAA,HYD,MAA,Wed,1,Winter,Night (19-23),5.2,False,False
2025-04-15,Skyline National,Full-service,DEL-BLR,DEL,BLR,Tue,4,Spring,Night (19-23),16.8,True,False
2025-05-03,Metro Express,LCC,DEL-CCU,DEL,CCU,Tue,5,Summer,Early Morning (05-08),6.5,False,False
2025-07-13,Metro Express,LCC,COK-BOM,COK,BOM,Sun,7,Monsoon,Afternoon (11-15),11.3,False,False
2025-07-19,Metro Express,LCC,HYD-MAA,HYD,MAA,Tue,7,Monsoon,Afternoon (11-15),9.9,False,False
2025-02-04,Metro Express,LCC,DEL-HYD,DEL,HYD,Mon,2,Winter,Early Morning (05-08),6.2,False,False
2025-03-02,Skyline National,Full-service,DEL-AMD,DEL,AMD,Mon,3,Spring,Afternoon (11-15),2.5,False,False
2025-12-12,BlueSky Air,Full-service,DEL-GOI,DEL,GOI,Sat,12,Winter,Afternoon (11-15),9.7,False,False
2025-04-26,Coastal Wings,Regional/turboprop,BOM-COK,BOM,COK,Tue,4,Spring,Night (19-23),5.7,False,False
2025-03-03,IndiFly,LCC,BOM-COK,BOM,COK,Thu,3,Spring,Evening (15-19),4.2,False,False
2025-12-10,IndiFly,LCC,BOM-COK,BOM,COK,Mon,12,Winter,Morning (08-11),4.2,False,False
2025-05-10,Metro Express,LCC,BLR-COK,BLR,COK,Sat,5,Summer,Evening (15-19),6.5,False,False
2025-06-07,Coastal Wings,Regional/turboprop,BOM-BLR,BOM,BLR,Tue,6,Summer,Afternoon (11-15),2.8,False,False
2025-12-03,Coastal Wings,Regional/turboprop,DEL-BOM,DEL,BOM,Wed,12,Winter,Evening (15-19),36.6,True,False
2025-09-24,BlueSky Air,Full-service,DEL-GOI,DEL,GOI,Fri,9,Monsoon,Morning (08-11),21.1,True,False
2025-05-13,Metro Express,LCC,DEL-BOM,DEL,BOM,Tue,5,Summer,Night (19-23),10.3,False,False
2025-06-24,Skyline National,Full-service,BOM-GOI,BOM,GOI,Sat,6,Summer,Afternoon (11-15),0.0,False,True
2025-07-03,Skyline National,Full-service,BLR-COK,BLR,COK,Thu,7,Monsoon,Night (19-23),11.1,False,False
2025-01-21,IndiFly,LCC,DEL-BOM,DEL,BOM,Wed,1,Winter,Evening (15-19),31.4,True,False
2025-12-24,Metro Express,LCC,DEL-AMD,DEL,AMD,Fri,12,Winter,Morning (08-11),19.3,True,False
2025-01-15,Skyline National,Full-service,BLR-HYD,BLR,HYD,Sat,1,Winter,Afternoon (11-15),4.1,False,False
2025-10-21,IndiFly,LCC,DEL-BOM,DEL,BOM,Sun,10,Post-Monsoon,Early Morning (05-08),6.5,False,False
2025-04-15,Coastal Wings,Regional/turboprop,MAA-CCU,MAA,CCU,Wed,4,Spring,Morning (08-11),3.6,False,False
2025-01-08,IndiFly,LCC,DEL-CCU,DEL,CCU,Sun,1,Winter,Afternoon (11-15),11.4,False,False
2025-12-26,Metro Express,LCC,BOM-GOI,BOM,GOI,Sun,12,Winter,Evening (15-19),5.4,False,False
2025-11-18,Coastal Wings,Regional/turboprop,DEL-BLR,DEL,BLR,Wed,11,Post-Monsoon,Evening (15-19),33.3,True,False
2025-11-07,BlueSky Air,Full-service,DEL-BLR,DEL,BLR,Mon,11,Post-Monsoon,Evening (15-19),3.1,False,False
2025-12-24,IndiFly,LCC,DEL-BOM,DEL,BOM,Wed,12,Winter,Early Morning (05-08),10.1,False,False
2025-05-10,Metro Express,LCC,BLR-HYD,BLR,HYD,Fri,5,Summer,Evening (15-19),12.4,False,False
2025-04-03,IndiFly,LCC,DEL-GOI,DEL,GOI,Sun,4,Spring,Evening (15-19),4.1,False,False
2025-09-15,Metro Express,LCC,MAA-CCU,MAA,CCU,Fri,9,Monsoon,Early Morning (05-08),9.5,False,False
2025-07-26,Skyline National,Full-service,BOM-BLR,BOM,BLR,Tue,7,Monsoon,Afternoon (11-15),3.6,False,False
2025-11-12,Metro Express,LCC,DEL-GOI,DEL,GOI,Mon,11,Post-Monsoon,Morning (08-11),6.1,False,False
2025-04-06,Metro Express,LCC,DEL-PNQ,DEL,PNQ,Tue,4,Spring,Evening (15-19),8.8,False,False
2025-11-25,Coastal Wings,Regional/turboprop,BLR-HYD,BLR,HYD,Thu,11,Post-Monsoon,Afternoon (11-15),7.1,False,False
2025-04-01,Skyline National,Full-service,DEL-BOM,DEL,BOM,Fri,4,Spring,Morning (08-11),10.9,False,False
2025-02-05,Coastal Wings,Regional/turboprop,MAA-CCU,MAA,CCU,Sun,2,Winter,Early Morning (05-08),6.8,False,False
2025-09-24,Metro Express,LCC,DEL-CCU,DEL,CCU,Sun,9,Monsoon,Morning (08-11),4.9,False,False
2025-05-22,Skyline National,Full-service,DEL-BOM,DEL,BOM,Tue,5,Summer,Evening (15-19),24.1,True,False
2025-09-12,Skyline National,Full-service,HYD-MAA,HYD,MAA,Mon,9,Monsoon,Afternoon (11-15),13.9,False,False
2025-02-28,IndiFly,LCC,DEL-BLR,DEL,BLR,Tue,2,Winter,Night (19-23),11.4,False,False
2025-06-11,IndiFly,LCC,BOM-BLR,BOM,BLR,Mon,6,Summer,Early Morning (05-08),3.4,False,False
2025-09-25,IndiFly,LCC,MAA-CCU,MAA,CCU,Fri,9,Monsoon,Night (19-23),2.3,False,False
2025-09-22,Skyline National,Full-service,DEL-CCU,DEL,CCU,Wed,9,Monsoon,Early Morning (05-08),5.3,False,False
2025-06-09,Skyline National,Full-service,DEL-BOM,DEL,BOM,Sat,6,Summer,Early Morning (05-08),3.7,False,False
2025-08-26,IndiFly,LCC,BOM-GOI,BOM,GOI,Wed,8,Monsoon,Afternoon (11-15),6.4,False,False
2025-02-21,Skyline National,Full-service,DEL-AMD,DEL,AMD,Sun,2,Winter,Early Morning (05-08),3.7,False,False
2025-09-08,Coastal Wings,Regional/turboprop,MAA-CCU,MAA,CCU,Thu,9,Monsoon,Early Morning (05-08),6.8,False,False
2025-09-08,Skyline National,Full-service,DEL-BLR,DEL,BLR,Mon,9,Monsoon,Afternoon (11-15),10.4,False,False
2025-10-14,IndiFly,LCC,DEL-BOM,DEL,BOM,Fri,10,Post-Monsoon,Morning (08-11),4.9,False,False
2025-08-01,Metro Express,LCC,BOM-COK,BOM,COK,Mon,8,Monsoon,Afternoon (11-15),5.9,False,False
2025-03-23,IndiFly,LCC,DEL-AMD,DEL,AMD,Mon,3,Spring,Morning (08-11),2.7,False,False
2025-01-21,IndiFly,LCC,DEL-BOM,DEL,BOM,Tue,1,Winter,Evening (15-19),7.8,False,False
2025-07-13,Skyline National,Full-service,BOM-BLR,BOM,BLR,Sat,7,Monsoon,Afternoon (11-15),4.7,False,False
2025-04-28,IndiFly,LCC,DEL-HYD,DEL,HYD,Sat,4,Spring,Night (19-23),13.4,False,False
2025-07-15,Metro Express,LCC,DEL-BLR,DEL,BLR,Tue,7,Monsoon,Early Morning (05-08),6.6,False,False
2025-05-06,Skyline National,Full-service,DEL-BOM,DEL,BOM,Thu,5,Summer,Evening (15-19),9.1,False,False
2025-04-15,Metro Express,LCC,BOM-BLR,BOM,BLR,Tue,4,Spring,Evening (15-19),5.4,False,False
2025-03-01,IndiFly,LCC,DEL-BLR,DEL,BLR,Sun,3,Spring,Morning (08-11),6.4,False,False
2025-02-09,Metro Express,LCC,DEL-GOI,DEL,GOI,Sat,2,Winter,Morning (08-11),4.7,False,False
2025-07-01,Metro Express,LCC,BOM-BLR,BOM,BLR,Mon,7,Monsoon,Afternoon (11-15),5.0,False,False
2025-10-19,BlueSky Air,Full-service,DEL-CCU,DEL,CCU,Sun,10,Post-Monsoon,Night (19-23),11.2,False,False
2025-02-24,IndiFly,LCC,DEL-BLR,DEL,BLR,Wed,2,Winter,Evening (15-19),6.9,False,False
2025-10-19,IndiFly,LCC,DEL-HYD,DEL,HYD,Fri,10,Post-Monsoon,Morning (08-11),5.3,False,False
2025-06-16,Metro Express,LCC,MAA-CCU,MAA,CCU,Sun,6,Summer,Morning (08-11),4.4,False,False
2025-10-05,IndiFly,LCC,DEL-BOM,DEL,BOM,Tue,10,Post-Monsoon,Afternoon (11-15),3.6,False,False
2025-09-15,BlueSky Air,Full-service,DEL-BOM,DEL,BOM,Sat,9,Monsoon,Early Morning (05-08),3.6,False,False
2025-11-19,Metro Express,LCC,HYD-MAA,HYD,MAA,Thu,11,Post-Monsoon,Night (19-23),2.7,False,False
2025-10-18,IndiFly,LCC,DEL-BLR,DEL,BLR,Sat,10,Post-Monsoon,Evening (15-19),13.0,False,False
2025-08-27,BlueSky Air,Full-service,DEL-BOM,DEL,BOM,Tue,8,Monsoon,Evening (15-19),7.4,False,False
2025-06-25,IndiFly,LCC,DEL-AMD,DEL,AMD,Thu,6,Summer,Afternoon (11-15),3.4,False,False
2025-04-06,BlueSky Air,Full-service,DEL-AMD,DEL,AMD,Sun,4,Spring,Early Morning (05-08),8.5,False,False
2025-08-02,IndiFly,LCC,DEL-BOM,DEL,BOM,Sat,8,Monsoon,Afternoon (11-15),13.5,False,False
2025-11-14,BlueSky Air,Full-service,BLR-HYD,BLR,HYD,Tue,11,Post-Monsoon,Evening (15-19),4.2,False,False
2025-07-04,IndiFly,LCC,MAA-CCU,MAA,CCU,Mon,7,Monsoon,Evening (15-19),3.4,False,False
2025-05-23,IndiFly,LCC,DEL-PNQ,DEL,PNQ,Fri,5,Summer,Evening (15-19),5.3,False,False
2025-04-15,BlueSky Air,Full-service,DEL-AMD,DEL,AMD,Thu,4,Spring,Early Morning (05-08),3.6,False,False
2025-04-13,Skyline National,Full-service,MAA-CCU,MAA,CCU,Wed,4,Spring,Morning (08-11),6.8,False,False
2025-01-08,IndiFly,LCC,DEL-AMD,DEL,AMD,Sat,1,Winter,Evening (15-19),20.6,True,False
2025-04-26,Metro Express,LCC,DEL-CCU,DEL,CCU,Tue,4,Spring,Morning (08-11),2.6,False,False
2025-02-11,IndiFly,LCC,DEL-CCU,DEL,CCU,Fri,2,Winter,Afternoon (11-15),4.2,False,False
2025-04-05,IndiFly,LCC,DEL-HYD,DEL,HYD,Sun,4,Spring,Evening (15-19),3.9,False,False
2025-06-15,BlueSky Air,Full-service,DEL-BOM,DEL,BOM,Tue,6,Summer,Evening (15-19),3.4,False,False
2025-06-06,Skyline National,Full-service,DEL-BOM,DEL,BOM,Sun,6,Summer,Evening (15-19),13.2,False,False
2025-08-26,Metro Express,LCC,DEL-PNQ,DEL,PNQ,Fri,8,Monsoon,Evening (15-19),2.9,False,False
2025-06-11,IndiFly,LCC,DEL-BLR,DEL,BLR,Thu,6,Summer,Evening (15-19),18.8,True,False
2025-09-27,IndiFly,LCC,DEL-BLR,DEL,BLR,Tue,9,Monsoon,Evening (15-19),9.6,False,False
2025-03-27,Skyline National,Full-service,DEL-BOM,DEL,BOM,Sun,3,Spring,Morning (08-11),6.4,False,False
2025-01-22,IndiFly,LCC,BOM-COK,BOM,COK,Wed,1,Winter,Night (19-23),6.1,False,False
2025-03-13,BlueSky Air,Full-service,BOM-BLR,BOM,BLR,Thu,3,Spring,Afternoon (11-15),3.5,False,False
2025-11-02,IndiFly,LCC,BOM-BLR,BOM,BLR,Wed,11,Post-Monsoon,Morning (08-11),3.3,False,False
2025-08-02,BlueSky Air,Full-service,DEL-BOM,DEL,BOM,Thu,8,Monsoon,Morning (08-11),5.5,False,False
2025-01-25,BlueSky Air,Full-service,DEL-PNQ,DEL,PNQ,Fri,1,Winter,Evening (15-19),8.6,False,False
2025-09-04,Skyline National,Full-service,DEL-BLR,DEL,BLR,Fri,9,Monsoon,Night (19-23),18.9,True,False
2025-04-17,BlueSky Air,Full-service,BOM-GOI,BOM,GOI,Tue,4,Spring,Morning (08-11),9.6,False,False
2025-02-05,IndiFly,LCC,DEL-BLR,DEL,BLR,Sat,2,Winter,Afternoon (11-15),11.1,False,False
2025-05-14,BlueSky Air,Full-service,DEL-AMD,DEL,AMD,Wed,5,Summer,Early Morning (05-08),3.2,False,False
2025-09-14,Metro Express,LCC,BLR-HYD,BLR,HYD,Tue,9,Monsoon,Early Morning (05-08),5.5,False,False
2025-03-12,Coastal Wings,Regional/turboprop,BOM-COK,BOM,COK,Sun,3,Spring,Morning (08-11),4.5,False,False
2025-06-11,Skyline National,Full-service,BLR-HYD,BLR,HYD,Fri,6,Summer,Evening (15-19),4.6,False,False
2025-07-10,IndiFly,LCC,DEL-BOM,DEL,BOM,Thu,7,Monsoon,Evening (15-19),5.3,False,False
2025-05-11,BlueSky Air,Full-service,BOM-GOI,BOM,GOI,Sat,5,Summer,Night (19-23),6.1,False,False
2025-11-21,BlueSky Air,Full-service,DEL-BOM,DEL,BOM,Mon,11,Post-Monsoon,Night (19-23),5.5,False,False
2025-04-27,Coastal Wings,Regional/turboprop,DEL-PNQ,DEL,PNQ,Fri,4,Spring,Morning (08-11),5.1,False,False
2025-02-03,IndiFly,LCC,DEL-BOM,DEL,BOM,Mon,2,Winter,Evening (15-19),8.0,False,False
2025-04-08,IndiFly,LCC,DEL-BOM,DEL,BOM,Fri,4,Spring,Early Morning (05-08),9.9,False,False
2025-01-14,BlueSky Air,Full-service,HYD-MAA,HYD,MAA,Sun,1,Winter,Early Morning (05-08),8.1,False,False
2025-02-15,Coastal Wings,Regional/turboprop,HYD-MAA,HYD,MAA,Fri,2,Winter,Night (19-23),25.0,True,False
2025-04-27,IndiFly,LCC,COK-BOM,COK,BOM,Mon,4,Spring,Night (19-23),3.2,False,False
2025-08-21,IndiFly,LCC,DEL-HYD,DEL,HYD,Sat,8,Monsoon,Afternoon (11-15),12.9,False,False
2025-01-20,Coastal Wings,Regional/turboprop,COK-BOM,COK,BOM,Sat,1,Winter,Morning (08-11),5.4,False,False
2025-02-26,IndiFly,LCC,BOM-BLR,BOM,BLR,Mon,2,Winter,Night (19-23),12.2,False,False
2025-09-16,IndiFly,LCC,DEL-BLR,DEL,BLR,Wed,9,Monsoon,Night (19-23),11.0,False,False
2025-04-20,IndiFly,LCC,BLR-HYD,BLR,HYD,Fri,4,Spring,Afternoon (11-15),2.0,False,False
2025-01-23,Metro Express,LCC,DEL-BOM,DEL,BOM,Sat,1,Winter,Night (19-23),15.7,True,False
2025-06-08,BlueSky Air,Full-service,BLR-HYD,BLR,HYD,Thu,6,Summer,Night (19-23),5.3,False,False
2025-12-05,Metro Express,LCC,DEL-BOM,DEL,BOM,Thu,12,Winter,Evening (15-19),16.8,True,False
2025-01-13,Skyline National,Full-service,DEL-BOM,DEL,BOM,Tue,1,Winter,Evening (15-19),8.8,False,False
2025-01-27,IndiFly,LCC,BOM-BLR,BOM,BLR,Thu,1,Winter,Afternoon (11-15),3.6,False,False
2025-09-21,Skyline National,Full-service,DEL-HYD,DEL,HYD,Tue,9,Monsoon,Evening (15-19),5.6,False,False
2025-09-15,Metro Express,LCC,DEL-CCU,DEL,CCU,Sun,9,Monsoon,Early Morning (05-08),4.5,False,False
2025-03-14,BlueSky Air,Full-service,COK-BOM,COK,BOM,Mon,3,Spring,Morning (08-11),6.8,False,False
2025-12-23,IndiFly,LCC,DEL-HYD,DEL,HYD,Mon,12,Winter,Evening (15-19),15.7,True,False
2025-01-23,IndiFly,LCC,DEL-BLR,DEL,BLR,Thu,1,Winter,Night (19-23),32.6,True,False
2025-10-26,BlueSky Air,Full-service,BLR-HYD,BLR,HYD,Thu,10,Post-Monsoon,Night (19-23),9.5,False,False
2025-11-22,BlueSky Air,Full-service,BLR-HYD,BLR,HYD,Sun,11,Post-Monsoon,Night (19-23),5.6,False,False
2025-07-21,Metro Express,LCC,DEL-HYD,DEL,HYD,Fri,7,Monsoon,Morning (08-11),5.4,False,False
2025-10-26,Metro Express,LCC,BOM-BLR,BOM,BLR,Sun,10,Post-Monsoon,Early Morning (05-08),3.5,False,False
2025-05-25,Skyline National,Full-service,DEL-PNQ,DEL,PNQ,Tue,5,Summer,Evening (15-19),7.3,False,False
2025-01-18,IndiFly,LCC,BOM-COK,BOM,COK,Thu,1,Winter,Early Morning (05-08),7.7,False,False
2025-03-24,Skyline National,Full-service,BOM-COK,BOM,COK,Tue,3,Spring,Morning (08-11),6.8,False,False
2025-04-17,BlueSky Air,Full-service,BOM-BLR,BOM,BLR,Tue,4,Spring,Evening (15-19),7.2,False,False
2025-06-14,IndiFly,LCC,DEL-BOM,DEL,BOM,Sat,6,Summer,Early Morning (05-08),4.1,False,False
2025-03-13,Metro Express,LCC,DEL-CCU,DEL,CCU,Fri,3,Spring,Evening (15-19),10.2,False,False
2025-10-13,IndiFly,LCC,DEL-CCU,DEL,CCU,Wed,10,Post-Monsoon,Afternoon (11-15),2.7,False,False
2025-11-27,Metro Express,LCC,DEL-HYD,DEL,HYD,Sat,11,Post-Monsoon,Night (19-23),23.1,True,False
2025-02-09,Metro Express,LCC,DEL-GOI,DEL,GOI,Sun,2,Winter,Early Morning (05-08),4.6,False,False
2025-09-09,Skyline National,Full-service,BOM-BLR,BOM,BLR,Sat,9,Monsoon,Night (19-23),32.2,True,False
2025-11-28,BlueSky Air,Full-service,DEL-BOM,DEL,BOM,Fri,11,Post-Monsoon,Afternoon (11-15),5.7,False,False
2025-07-17,IndiFly,LCC,MAA-CCU,MAA,CCU,Tue,7,Monsoon,Early Morning (05-08),7.9,False,False
2025-01-03,Coastal Wings,Regional/turboprop,MAA-CCU,MAA,CCU,Thu,1,Winter,Afternoon (11-15),10.7,False,False
2025-06-02,BlueSky Air,Full-service,MAA-CCU,MAA,CCU,Thu,6,Summer,Afternoon (11-15),2.5,False,False
2025-07-21,BlueSky Air,Full-service,DEL-HYD,DEL,HYD,Tue,7,Monsoon,Early Morning (05-08),4.3,False,False
2025-10-10,Skyline National,Full-service,DEL-HYD,DEL,HYD,Thu,10,Post-Monsoon,Early Morning (05-08),11.3,False,False
2025-11-05,Metro Express,LCC,MAA-CCU,MAA,CCU,Fri,11,Post-Monsoon,Early Morning (05-08),1.6,False,False
2025-08-13,Metro Express,LCC,BOM-COK,BOM,COK,Mon,8,Monsoon,Night (19-23),0.0,False,True
2025-05-03,Coastal Wings,Regional/turboprop,DEL-AMD,DEL,AMD,Tue,5,Summer,Early Morning (05-08),6.5,False,False
2025-03-07,Coastal Wings,Regional/turboprop,BOM-BLR,BOM,BLR,Wed,3,Spring,Night (19-23),8.4,False,False
2025-03-22,Metro Express,LCC,DEL-BLR,DEL,BLR,Mon,3,Spring,Early Morning (05-08),3.7,False,False
2025-11-11,Metro Express,LCC,DEL-PNQ,DEL,PNQ,Tue,11,Post-Monsoon,Afternoon (11-15),9.0,False,False
2025-11-18,IndiFly,LCC,DEL-HYD,DEL,HYD,Wed,11,Post-Monsoon,Morning (08-11),8.0,False,False
2025-07-10,BlueSky Air,Full-service,DEL-BOM,DEL,BOM,Fri,7,Monsoon,Early Morning (05-08),5.6,False,False
2025-03-15,Metro Express,LCC,DEL-CCU,DEL,CCU,Sat,3,Spring,Evening (15-19),14.3,False,False
2025-02-16,IndiFly,LCC,DEL-BLR,DEL,BLR,Sun,2,Winter,Afternoon (11-15),4.0,False,False
2025-12-27,IndiFly,LCC,DEL-CCU,DEL,CCU,Thu,12,Winter,Evening (15-19),34.5,True,False
2025-02-28,Skyline National,Full-service,DEL-BLR,DEL,BLR,Fri,2,Winter,Early Morning (05-08),10.3,False,False
2025-12-01,IndiFly,LCC,BLR-HYD,BLR,HYD,Thu,12,Winter,Evening (15-19),8.9,False,False
2025-08-16,BlueSky Air,Full-service,HYD-MAA,HYD,MAA,Sat,8,Monsoon,Early Morning (05-08),10.1,False,False
2025-03-03,Skyline National,Full-service,DEL-HYD,DEL,HYD,Sat,3,Spring,Night (19-23),4.7,False,False
2025-11-28,IndiFly,LCC,HYD-MAA,HYD,MAA,Sat,11,Post-Monsoon,Morning (08-11),12.6,False,False
2025-10-05,IndiFly,LCC,BOM-BLR,BOM,BLR,Sat,10,Post-Monsoon,Early Morning (05-08),8.2,False,False
2025-07-15,BlueSky Air,Full-service,BOM-BLR,BOM,BLR,Sun,7,Monsoon,Afternoon (11-15),2.4,False,False
2025-10-18,IndiFly,LCC,DEL-HYD,DEL,HYD,Wed,10,Post-Monsoon,Evening (15-19),27.4,True,False
2025-01-20,Skyline National,Full-service,MAA-CCU,MAA,CCU,Sat,1,Winter,Evening (15-19),12.4,False,False
2025-09-10,BlueSky Air,Full-service,DEL-AMD,DEL,AMD,Sat,9,Monsoon,Early Morning (05-08),8.4,False,False
2025-08-21,BlueSky Air,Full-service,BOM-BLR,BOM,BLR,Fri,8,Monsoon,Afternoon (11-15),2.4,False,False
2025-09-13,Coastal Wings,Regional/turboprop,DEL-BLR,DEL,BLR,Thu,9,Monsoon,Morning (08-11),4.3,False,False
2025-05-13,IndiFly,LCC,BOM-COK,BOM,COK,Sun,5,Summer,Early Morning (05-08),7.2,False,False
2025-08-13,Metro Express,LCC,BOM-COK,BOM,COK,Fri,8,Monsoon,Early Morning (05-08),16.9,True,False
2025-10-07,Skyline National,Full-service,BOM-BLR,BOM,BLR,Thu,10,Post-Monsoon,Night (19-23),2.7,False,False
2025-03-22,Metro Express,LCC,DEL-HYD,DEL,HYD,Sat,3,Spring,Evening (15-19),7.0,False,False
2025-07-13,BlueSky Air,Full-service,MAA-CCU,MAA,CCU,Sat,7,Monsoon,Evening (15-19),9.2,False,False
2025-09-06,IndiFly,LCC,BOM-BLR,BOM,BLR,Sun,9,Monsoon,Evening (15-19),3.8,False,False
2025-10-10,Metro Express,LCC,DEL-BOM,DEL,BOM,Tue,10,Post-Monsoon,Evening (15-19),14.0,False,False
2025-07-27,BlueSky Air,Full-service,BOM-BLR,BOM,BLR,Sun,7,Monsoon,Morning (08-11),2.7,False,False
2025-03-18,BlueSky Air,Full-service,COK-BOM,COK,BOM,Sun,3,Spring,Morning (08-11),2.6,False,False
2025-04-11,BlueSky Air,Full-service,MAA-CCU,MAA,CCU,Fri,4,Spring,Evening (15-19),19.1,True,False
2025-01-21,BlueSky Air,Full-service,DEL-HYD,DEL,HYD,Thu,1,Winter,Afternoon (11-15),13.5,False,False
2025-04-10,Skyline National,Full-service,DEL-BLR,DEL,BLR,Sat,4,Spring,Evening (15-19),33.1,True,False
2025-08-20,IndiFly,LCC,DEL-PNQ,DEL,PNQ,Thu,8,Monsoon,Early Morning (05-08),3.3,False,False
2025-02-27,IndiFly,LCC,DEL-PNQ,DEL,PNQ,Wed,2,Winter,Morning (08-11),4.3,False,False
2025-02-07,Metro Express,LCC,BOM-BLR,BOM,BLR,Sat,2,Winter,Early Morning (05-08),9.0,False,False
2025-02-08,BlueSky Air,Full-service,BLR-COK,BLR,COK,Sun,2,Winter,Afternoon (11-15),7.1,False,False
2025-06-06,Skyline National,Full-service,DEL-BOM,DEL,BOM,Thu,6,Summer,Morning (08-11),8.4,False,False
2025-10-24,Metro Express,LCC,DEL-CCU,DEL,CCU,Sun,10,Post-Monsoon,Early Morning (05-08),6.5,False,False
2025-06-13,Skyline National,Full-service,DEL-CCU,DEL,CCU,Tue,6,Summer,Night (19-23),7.8,False,False
2025-08-18,BlueSky Air,Full-service,DEL-HYD,DEL,HYD,Thu,8,Monsoon,Morning (08-11),8.7,False,False
2025-11-11,Skyline National,Full-service,BOM-BLR,BOM,BLR,Sat,11,Post-Monsoon,Afternoon (11-15),5.1,False,False
2025-10-04,IndiFly,LCC,DEL-BOM,DEL,BOM,Mon,10,Post-Monsoon,Night (19-23),8.3,False,False
2025-01-05,Skyline National,Full-service,COK-BOM,COK,BOM,Sun,1,Winter,Morning (08-11),9.3,False,False
2025-11-27,IndiFly,LCC,DEL-BLR,DEL,BLR,Sun,11,Post-Monsoon,Early Morning (05-08),4.6,False,False
2025-09-07,Metro Express,LCC,BOM-GOI,BOM,GOI,Sat,9,Monsoon,Evening (15-19),11.9,False,False
2025-10-20,Metro Express,LCC,DEL-HYD,DEL,HYD,Sat,10,Post-Monsoon,Afternoon (11-15),8.4,False,False
2025-11-26,IndiFly,LCC,BOM-GOI,BOM,GOI,Thu,11,Post-Monsoon,Evening (15-19),4.5,False,False
2025-12-23,IndiFly,LCC,MAA-CCU,MAA,CCU,Tue,12,Winter,Night (19-23),4.6,False,False
2025-12-18,IndiFly,LCC,DEL-PNQ,DEL,PNQ,Sun,12,Winter,Night (19-23),0.0,False,True
2025-07-24,Metro Express,LCC,DEL-BOM,DEL,BOM,Mon,7,Monsoon,Night (19-23),11.7,False,False
2025-06-01,IndiFly,LCC,DEL-CCU,DEL,CCU,Fri,6,Summer,Early Morning (05-08),5.5,False,False
2025-06-16,Metro Express,LCC,DEL-PNQ,DEL,PNQ,Thu,6,Summer,Morning (08-11),14.3,False,False
2025-10-02,Metro Express,LCC,DEL-HYD,DEL,HYD,Wed,10,Post-Monsoon,Early Morning (05-08),3.2,False,False
2025-11-18,BlueSky Air,Full-service,DEL-HYD,DEL,HYD,Tue,11,Post-Monsoon,Evening (15-19),5.4,False,False
2025-08-06,Metro Express,LCC,DEL-BOM,DEL,BOM,Mon,8,Monsoon,Afternoon (11-15),5.3,False,False
2025-10-06,IndiFly,LCC,DEL-CCU,DEL,CCU,Sun,10,Post-Monsoon,Night (19-23),5.7,False,False
2025-12-14,BlueSky Air,Full-service,BOM-COK,BOM,COK,Tue,12,Winter,Night (19-23),12.5,False,False
2025-04-18,BlueSky Air,Full-service,BOM-COK,BOM,COK,Fri,4,Spring,Early Morning (05-08),3.6,False,False
2025-06-18,Skyline National,Full-service,DEL-CCU,DEL,CCU,Wed,6,Summer,Morning (08-11),3.1,False,False
2025-03-26,BlueSky Air,Full-service,BOM-GOI,BOM,GOI,Thu,3,Spring,Morning (08-11),3.1,False,False
2025-12-04,Skyline National,Full-service,BOM-COK,BOM,COK,Tue,12,Winter,Night (19-23),12.1,False,False
2025-08-03,IndiFly,LCC,DEL-CCU,DEL,CCU,Tue,8,Monsoon,Early Morning (05-08),3.6,False,False
2025-02-07,Metro Express,LCC,BOM-GOI,BOM,GOI,Thu,2,Winter,Evening (15-19),9.2,False,False
2025-03-26,BlueSky Air,Full-service,BLR-COK,BLR,COK,Wed,3,Spring,Morning (08-11),10.3,False,False
2025-05-25,IndiFly,LCC,COK-BOM,COK,BOM,Fri,5,Summer,Afternoon (11-15),16.9,True,False
2025-08-12,Metro Express,LCC,MAA-CCU,MAA,CCU,Sat,8,Monsoon,Morning (08-11),13.3,False,False
2025-11-18,Metro Express,LCC,DEL-BLR,DEL,BLR,Thu,11,Post-Monsoon,Night (19-23),26.4,True,False
2025-01-09,Skyline National,Full-service,DEL-BOM,DEL,BOM,Wed,1,Winter,Morning (08-11),19.4,True,False
2025-03-07,Metro Express,LCC,BOM-BLR,BOM,BLR,Sun,3,Spring,Evening (15-19),11.1,False,False
2025-01-03,BlueSky Air,Full-service,BOM-BLR,BOM,BLR,Wed,1,Winter,Early Morning (05-08),3.4,False,False
2025-01-19,IndiFly,LCC,DEL-PNQ,DEL,PNQ,Thu,1,Winter,Night (19-23),13.9,False,False
2025-12-05,Metro Express,LCC,BOM-COK,BOM,COK,Mon,12,Winter,Morning (08-11),2.8,False,False
2025-11-05,Metro Express,LCC,BOM-GOI,BOM,GOI,Mon,11,Post-Monsoon,Early Morning (05-08),14.0,False,False
2025-03-02,Metro Express,LCC,DEL-BOM,DEL,BOM,Mon,3,Spring,Evening (15-19),7.3,False,False
2025-10-24,Metro Express,LCC,DEL-BLR,DEL,BLR,Sat,10,Post-Monsoon,Morning (08-11),5.0,False,False
2025-03-15,IndiFly,LCC,DEL-BOM,DEL,BOM,Sat,3,Spring,Night (19-23),23.6,True,False
2025-02-03,Skyline National,Full-service,BOM-BLR,BOM,BLR,Wed,2,Winter,Early Morning (05-08),7.3,False,False
2025-10-22,Coastal Wings,Regional/turboprop,MAA-CCU,MAA,CCU,Wed,10,Post-Monsoon,Night (19-23),3.6,False,False
2025-12-28,Skyline National,Full-service,DEL-CCU,DEL,CCU,Wed,12,Winter,Night (19-23),31.3,True,False
2025-12-22,IndiFly,LCC,DEL-GOI,DEL,GOI,Fri,12,Winter,Afternoon (11-15),14.2,False,False
2025-05-07,Coastal Wings,Regional/turboprop,DEL-BOM,DEL,BOM,Thu,5,Summer,Night (19-23),13.3,False,False
2025-01-09,Skyline National,Full-service,DEL-BOM,DEL,BOM,Mon,1,Winter,Night (19-23),12.8,False,False
2025-01-15,IndiFly,LCC,BOM-COK,BOM,COK,Sat,1,Winter,Evening (15-19),2.6,False,False
2025-05-17,Metro Express,LCC,DEL-BOM,DEL,BOM,Sat,5,Summer,Night (19-23),4.7,False,False
2025-11-21,IndiFly,LCC,COK-BOM,COK,BOM,Mon,11,Post-Monsoon,Morning (08-11),10.2,False,False
2025-07-16,IndiFly,LCC,BOM-COK,BOM,COK,Fri,7,Monsoon,Night (19-23),13.2,False,False
2025-07-27,Coastal Wings,Regional/turboprop,DEL-HYD,DEL,HYD,Tue,7,Monsoon,Night (19-23),6.1,False,False
2025-01-04,Skyline National,Full-service,BOM-GOI,BOM,GOI,Mon,1,Winter,Afternoon (11-15),16.0,True,False
2025-12-26,IndiFly,LCC,DEL-BOM,DEL,BOM,Thu,12,Winter,Afternoon (11-15),7.9,False,False
2025-11-12,Metro Express,LCC,DEL-PNQ,DEL,PNQ,Thu,11,Post-Monsoon,Early Morning (05-08),8.4,False,False
2025-02-07,Metro Express,LCC,DEL-BOM,DEL,BOM,Fri,2,Winter,Early Morning (05-08),7.2,False,False
2025-01-27,IndiFly,LCC,DEL-BOM,DEL,BOM,Sun,1,Winter,Morning (08-11),15.6,True,False
2025-06-18,IndiFly,LCC,DEL-HYD,DEL,HYD,Sun,6,Summer,Afternoon (11-15),5.4,False,False
2025-02-18,IndiFly,LCC,DEL-BOM,DEL,BOM,Mon,2,Winter,Morning (08-11),14.3,False,False
2025-05-27,Skyline National,Full-service,DEL-GOI,DEL,GOI,Thu,5,Summer,Night (19-23),8.5,False,False
2025-03-23,IndiFly,LCC,DEL-BLR,DEL,BLR,Sun,3,Spring,Afternoon (11-15),2.8,False,False
2025-06-21,Metro Express,LCC,BOM-BLR,BOM,BLR,Fri,6,Summer,Early Morning (05-08),6.1,False,False
2025-12-21,Skyline National,Full-service,DEL-BOM,DEL,BOM,Wed,12,Winter,Afternoon (11-15),11.6,False,False
2025-05-19,Skyline National,Full-service,BOM-COK,BOM,COK,Mon,5,Summer,Morning (08-11),10.1,False,False
2025-10-17,IndiFly,LCC,DEL-BLR,DEL,BLR,Mon,10,Post-Monsoon,Night (19-23),5.7,False,False
2025-10-17,Coastal Wings,Regional/turboprop,DEL-HYD,DEL,HYD,Thu,10,Post-Monsoon,Evening (15-19),14.7,False,False
2025-07-20,BlueSky Air,Full-service,DEL-PNQ,DEL,PNQ,Fri,7,Monsoon,Evening (15-19),2.9,False,False
2025-01-16,IndiFly,LCC,BOM-GOI,BOM,GOI,Thu,1,Winter,Afternoon (11-15),3.7,False,False
2025-12-17,Metro Express,LCC,DEL-BLR,DEL,BLR,Sat,12,Winter,Afternoon (11-15),8.4,False,False
2025-05-06,IndiFly,LCC,DEL-PNQ,DEL,PNQ,Thu,5,Summer,Night (19-23),7.8,False,False
2025-03-22,IndiFly,LCC,DEL-HYD,DEL,HYD,Sat,3,Spring,Evening (15-19),11.0,False,False
2025-09-26,Skyline National,Full-service,COK-BOM,COK,BOM,Mon,9,Monsoon,Morning (08-11),20.3,True,False
2025-03-04,Skyline National,Full-service,BOM-GOI,BOM,GOI,Mon,3,Spring,Night (19-23),10.1,False,False
2025-02-18,Coastal Wings,Regional/turboprop,BOM-GOI,BOM,GOI,Thu,2,Winter,Night (19-23),6.3,False,False
2025-06-17,Metro Express,LCC,COK-BOM,COK,BOM,Fri,6,Summer,Evening (15-19),13.4,False,False
2025-03-27,BlueSky Air,Full-service,DEL-PNQ,DEL,PNQ,Tue,3,Spring,Morning (08-11),2.6,False,False
2025-03-17,BlueSky Air,Full-service,DEL-BOM,DEL,BOM,Thu,3,Spring,Evening (15-19),8.8,False,False
2025-03-15,Metro Express,LCC,COK-BOM,COK,BOM,Sat,3,Spring,Evening (15-19),10.8,False,False
2025-05-02,Metro Express,LCC,BOM-COK,BOM,COK,Fri,5,Summer,Morning (08-11),12.4,False,False
2025-06-14,Skyline National,Full-service,DEL-HYD,DEL,HYD,Mon,6,Summer,Afternoon (11-15),8.9,False,False
2025-09-18,BlueSky Air,Full-service,DEL-PNQ,DEL,PNQ,Tue,9,Monsoon,Morning (08-11),4.2,False,False
2025-11-22,BlueSky Air,Full-service,MAA-CCU,MAA,CCU,Sat,11,Post-Monsoon,Morning (08-11),5.8,False,False
2025-09-08,Skyline National,Full-service,DEL-HYD,DEL,HYD,Sat,9,Monsoon,Morning (08-11),6.6,False,False
2025-02-13,IndiFly,LCC,DEL-CCU,DEL,CCU,Tue,2,Winter,Early Morning (05-08),3.6,False,False
2025-10-26,BlueSky Air,Full-service,DEL-BOM,DEL,BOM,Sun,10,Post-Monsoon,Morning (08-11),6.6,False,False
2025-03-09,BlueSky Air,Full-service,COK-BOM,COK,BOM,Thu,3,Spring,Afternoon (11-15),4.8,False,False
2025-05-03,BlueSky Air,Full-service,DEL-BOM,DEL,BOM,Tue,5,Summer,Night (19-23),4.1,False,False
2025-10-21,IndiFly,LCC,DEL-AMD,DEL,AMD,Sun,10,Post-Monsoon,Early Morning (05-08),4.9,False,False
2025-03-08,Metro Express,LCC,DEL-BOM,DEL,BOM,Mon,3,Spring,Night (19-23),7.6,False,False
2025-03-12,Skyline National,Full-service,DEL-AMD,DEL,AMD,Wed,3,Spring,Evening (15-19),8.5,False,False
2025-04-23,Metro Express,LCC,BOM-COK,BOM,COK,Wed,4,Spring,Morning (08-11),13.7,False,False
2025-12-09,IndiFly,LCC,BOM-GOI,BOM,GOI,Fri,12,Winter,Afternoon (11-15),13.3,False,False
2025-07-15,Coastal Wings,Regional/turboprop,BLR-HYD,BLR,HYD,Sun,7,Monsoon,Afternoon (11-15),4.4,False,False
2025-10-06,Skyline National,Full-service,MAA-CCU,MAA,CCU,Thu,10,Post-Monsoon,Evening (15-19),10.8,False,False
2025-07-23,IndiFly,LCC,BLR-COK,BLR,COK,Fri,7,Monsoon,Afternoon (11-15),13.6,False,False
2025-06-26,Metro Express,LCC,DEL-CCU,DEL,CCU,Sat,6,Summer,Early Morning (05-08),8.5,False,False
2025-04-23,Skyline National,Full-service,HYD-MAA,HYD,MAA,Thu,4,Spring,Night (19-23),8.2,False,False
2025-09-26,IndiFly,LCC,BOM-COK,BOM,COK,Thu,9,Monsoon,Morning (08-11),12.3,False,False
2025-01-01,IndiFly,LCC,BOM-GOI,BOM,GOI,Fri,1,Winter,Evening (15-19),8.8,False,False
2025-01-10,Coastal Wings,Regional/turboprop,DEL-BLR,DEL,BLR,Thu,1,Winter,Night (19-23),61.5,True,False
2025-06-26,Metro Express,LCC,DEL-HYD,DEL,HYD,Thu,6,Summer,Morning (08-11),2.6,False,False
2025-08-11,Metro Express,LCC,BOM-BLR,BOM,BLR,Fri,8,Monsoon,Night (19-23),12.2,False,False
2025-09-26,Metro Express,LCC,DEL-BLR,DEL,BLR,Fri,9,Monsoon,Early Morning (05-08),3.5,False,False
2025-03-28,Skyline National,Full-service,COK-BOM,COK,BOM,Sat,3,Spring,Early Morning (05-08),5.1,False,False
2025-10-12,Metro Express,LCC,BOM-BLR,BOM,BLR,Tue,10,Post-Monsoon,Night (19-23),2.3,False,False
2025-03-10,Skyline National,Full-service,DEL-BOM,DEL,BOM,Tue,3,Spring,Night (19-23),10.0,False,False
2025-02-03,BlueSky Air,Full-service,DEL-HYD,DEL,HYD,Tue,2,Winter,Morning (08-11),11.6,False,False
2025-09-01,IndiFly,LCC,COK-BOM,COK,BOM,Mon,9,Monsoon,Afternoon (11-15),21.5,True,False
2025-10-12,Skyline National,Full-service,DEL-BLR,DEL,BLR,Thu,10,Post-Monsoon,Night (19-23),5.9,False,False
2025-11-26,Skyline National,Full-service,MAA-CCU,MAA,CCU,Thu,11,Post-Monsoon,Early Morning (05-08),10.9,False,False
2025-08-11,Metro Express,LCC,DEL-BLR,DEL,BLR,Tue,8,Monsoon,Afternoon (11-15),14.0,False,False
2025-06-27,Metro Express,LCC,BOM-GOI,BOM,GOI,Sat,6,Summer,Early Morning (05-08),16.1,True,False
2025-05-02,Metro Express,LCC,DEL-BLR,DEL,BLR,Mon,5,Summer,Evening (15-19),8.1,False,False
2025-03-28,BlueSky Air,Full-service,BOM-BLR,BOM,BLR,Tue,3,Spring,Night (19-23),3.7,False,False
2025-12-24,IndiFly,LCC,DEL-CCU,DEL,CCU,Thu,12,Winter,Evening (15-19),12.9,False,False
2025-05-21,Skyline National,Full-service,DEL-BLR,DEL,BLR,Sat,5,Summer,Evening (15-19),4.3,False,False
2025-11-06,Skyline National,Full-service,DEL-CCU,DEL,CCU,Sun,11,Post-Monsoon,Early Morning (05-08),6.1,False,False
2025-10-26,IndiFly,LCC,MAA-CCU,MAA,CCU,Thu,10,Post-Monsoon,Night (19-23),5.9,False,False
2025-03-09,Metro Express,LCC,DEL-CCU,DEL,CCU,Fri,3,Spring,Night (19-23),6.7,False,False
2025-12-26,IndiFly,LCC,DEL-GOI,DEL,GOI,Sat,12,Winter,Evening (15-19),16.7,True,False
2025-06-06,Skyline National,Full-service,MAA-CCU,MAA,CCU,Wed,6,Summer,Morning (08-11),3.5,False,False
2025-06-23,IndiFly,LCC,DEL-CCU,DEL,CCU,Mon,6,Summer,Afternoon (11-15),9.1,False,False
2025-11-25,IndiFly,LCC,BOM-COK,BOM,COK,Sun,11,Post-Monsoon,Evening (15-19),4.9,False,False
2025-09-22,Metro Express,LCC,BLR-COK,BLR,COK,Wed,9,Monsoon,Night (19-23),29.1,True,False
2025-12-20,Metro Express,LCC,DEL-BLR,DEL,BLR,Mon,12,Winter,Morning (08-11),15.6,True,False
2025-02-28,IndiFly,LCC,DEL-BLR,DEL,BLR,Sat,2,Winter,Night (19-23),9.8,False,False
2025-04-27,IndiFly,LCC,DEL-BOM,DEL,BOM,Fri,4,Spring,Evening (15-19),10.7,False,False
2025-02-21,BlueSky Air,Full-service,DEL-BOM,DEL,BOM,Sat,2,Winter,Afternoon (11-15),3.4,False,False
2025-03-17,Skyline National,Full-service,DEL-BLR,DEL,BLR,Sun,3,Spring,Afternoon (11-15),3.0,False,False
2025-02-01,IndiFly,LCC,DEL-BOM,DEL,BOM,Tue,2,Winter,Morning (08-11),11.0,False,False
2025-09-27,IndiFly,LCC,COK-BOM,COK,BOM,Sat,9,Monsoon,Afternoon (11-15),36.1,True,False
2025-04-12,BlueSky Air,Full-service,DEL-PNQ,DEL,PNQ,Thu,4,Spring,Evening (15-19),4.2,False,False
2025-11-08,BlueSky Air,Full-service,DEL-GOI,DEL,GOI,Sat,11,Post-Monsoon,Night (19-23),8.9,False,False
2025-09-21,IndiFly,LCC,DEL-PNQ,DEL,PNQ,Tue,9,Monsoon,Early Morning (05-08),4.1,False,False
2025-01-01,Skyline National,Full-service,DEL-PNQ,DEL,PNQ,Tue,1,Winter,Evening (15-19),17.9,True,False
2025-07-15,Metro Express,LCC,BLR-HYD,BLR,HYD,Sun,7,Monsoon,Early Morning (05-08),1.6,False,False
2025-07-09,Coastal Wings,Regional/turboprop,DEL-AMD,DEL,AMD,Mon,7,Monsoon,Early Morning (05-08),5.4,False,False
2025-04-10,BlueSky Air,Full-service,COK-BOM,COK,BOM,Mon,4,Spring,Night (19-23),7.3,False,False
2025-10-16,Coastal Wings,Regional/turboprop,DEL-CCU,DEL,CCU,Mon,10,Post-Monsoon,Afternoon (11-15),2.3,False,False
2025-05-18,Metro Express,LCC,DEL-CCU,DEL,CCU,Tue,5,Summer,Morning (08-11),13.3,False,False
2025-01-17,Metro Express,LCC,BOM-GOI,BOM,GOI,Tue,1,Winter,Afternoon (11-15),8.9,False,False
2025-11-22,IndiFly,LCC,DEL-CCU,DEL,CCU,Sat,11,Post-Monsoon,Afternoon (11-15),9.0,False,False
2025-08-28,BlueSky Air,Full-service,DEL-BLR,DEL,BLR,Mon,8,Monsoon,Afternoon (11-15),7.3,False,False
2025-06-15,IndiFly,LCC,COK-BOM,COK,BOM,Sun,6,Summer,Night (19-23),13.2,False,False
2025-10-12,Skyline National,Full-service,HYD-MAA,HYD,MAA,Tue,10,Post-Monsoon,Night (19-23),9.1,False,False
2025-02-22,Metro Express,LCC,BOM-BLR,BOM,BLR,Sat,2,Winter,Early Morning (05-08),4.5,False,False
2025-11-18,IndiFly,LCC,DEL-AMD,DEL,AMD,Tue,11,Post-Monsoon,Morning (08-11),8.0,False,False
2025-03-20,Metro Express,LCC,DEL-BLR,DEL,BLR,Thu,3,Spring,Morning (08-11),9.3,False,False
2025-05-24,Skyline National,Full-service,COK-BOM,COK,BOM,Sat,5,Summer,Morning (08-11),7.4,False,False
2025-07-25,Skyline National,Full-service,DEL-BOM,DEL,BOM,Fri,7,Monsoon,Early Morning (05-08),18.3,True,False
2025-07-08,BlueSky Air,Full-service,DEL-BOM,DEL,BOM,Sat,7,Monsoon,Night (19-23),6.8,False,False
2025-08-06,IndiFly,LCC,DEL-BOM,DEL,BOM,Fri,8,Monsoon,Early Morning (05-08),7.7,False,False
2025-02-16,Skyline National,Full-service,DEL-BOM,DEL,BOM,Fri,2,Winter,Evening (15-19),4.9,False,False
2025-02-13,IndiFly,LCC,HYD-MAA,HYD,MAA,Fri,2,Winter,Night (19-23),7.5,False,False
2025-01-03,BlueSky Air,Full-service,DEL-AMD,DEL,AMD,Mon,1,Winter,Afternoon (11-15),18.7,True,False
2025-01-24,IndiFly,LCC,DEL-BOM,DEL,BOM,Wed,1,Winter,Morning (08-11),18.5,True,False
2025-07-19,IndiFly,LCC,DEL-BOM,DEL,BOM,Wed,7,Monsoon,Evening (15-19),3.2,False,False
2025-09-19,Skyline National,Full-service,BOM-COK,BOM,COK,Sun,9,Monsoon,Morning (08-11),15.0,True,False
2025-09-19,Metro Express,LCC,DEL-HYD,DEL,HYD,Tue,9,Monsoon,Night (19-23),8.5,False,False
2025-07-27,Coastal Wings,Regional/turboprop,BLR-HYD,BLR,HYD,Sat,7,Monsoon,Early Morning (05-08),9.0,False,False
2025-05-26,Coastal Wings,Regional/turboprop,DEL-BLR,DEL,BLR,Fri,5,Summer,Early Morning (05-08),3.1,False,False
2025-10-13,Metro Express,LCC,DEL-CCU,DEL,CCU,Tue,10,Post-Monsoon,Evening (15-19),3.0,False,False
2025-06-15,Skyline National,Full-service,DEL-PNQ,DEL,PNQ,Wed,6,Summer,Afternoon (11-15),8.1,False,False
2025-07-15,BlueSky Air,Full-service,DEL-BOM,DEL,BOM,Tue,7,Monsoon,Afternoon (11-15),4.5,False,False
2025-04-18,IndiFly,LCC,DEL-CCU,DEL,CCU,Wed,4,Spring,Night (19-23),5.6,False,False
2025-05-13,Skyline National,Full-service,BOM-COK,BOM,COK,Tue,5,Summer,Afternoon (11-15),4.9,False,False
2025-07-12,Coastal Wings,Regional/turboprop,DEL-AMD,DEL,AMD,Thu,7,Monsoon,Evening (15-19),6.8,False,False
2025-01-20,IndiFly,LCC,DEL-BLR,DEL,BLR,Mon,1,Winter,Afternoon (11-15),8.1,False,False
2025-10-04,BlueSky Air,Full-service,DEL-AMD,DEL,AMD,Tue,10,Post-Monsoon,Early Morning (05-08),9.7,False,False
2025-06-26,Coastal Wings,Regional/turboprop,DEL-BOM,DEL,BOM,Wed,6,Summer,Evening (15-19),9.5,False,False
2025-07-23,IndiFly,LCC,BOM-COK,BOM,COK,Fri,7,Monsoon,Morning (08-11),0.0,False,True
2025-08-11,IndiFly,LCC,DEL-BOM,DEL,BOM,Sun,8,Monsoon,Evening (15-19),10.1,False,False
2025-12-02,IndiFly,LCC,DEL-HYD,DEL,HYD,Mon,12,Winter,Morning (08-11),12.2,False,False
2025-10-11,BlueSky Air,Full-service,DEL-HYD,DEL,HYD,Mon,10,Post-Monsoon,Afternoon (11-15),2.8,False,False
2025-03-15,Metro Express,LCC,DEL-BLR,DEL,BLR,Fri,3,Spring,Afternoon (11-15),10.4,False,False
2025-02-02,IndiFly,LCC,BLR-HYD,BLR,HYD,Mon,2,Winter,Night (19-23),4.6,False,False
2025-04-23,Metro Express,LCC,BLR-HYD,BLR,HYD,Fri,4,Spring,Early Morning (05-08),3.6,False,False
2025-10-23,IndiFly,LCC,DEL-BOM,DEL,BOM,Sun,10,Post-Monsoon,Morning (08-11),3.7,False,False
2025-11-11,IndiFly,LCC,DEL-BLR,DEL,BLR,Fri,11,Post-Monsoon,Evening (15-19),4.1,False,False
2025-11-19,BlueSky Air,Full-service,COK-BOM,COK,BOM,Wed,11,Post-Monsoon,Early Morning (05-08),3.5,False,False
2025-10-01,Coastal Wings,Regional/turboprop,DEL-CCU,DEL,CCU,Sat,10,Post-Monsoon,Early Morning (05-08),8.4,False,False
2025-07-23,BlueSky Air,Full-service,DEL-BOM,DEL,BOM,Thu,7,Monsoon,Afternoon (11-15),3.5,False,False
2025-11-05,Metro Express,LCC,BOM-BLR,BOM,BLR,Sat,11,Post-Monsoon,Night (19-23),5.0,False,False
2025-06-28,Metro Express,LCC,DEL-AMD,DEL,AMD,Tue,6,Summer,Early Morning (05-08),5.4,False,False
2025-01-07,Skyline National,Full-service,BOM-BLR,BOM,BLR,Tue,1,Winter,Evening (15-19),4.4,False,False
2025-02-15,Skyline National,Full-service,DEL-BLR,DEL,BLR,Fri,2,Winter,Morning (08-11),8.7,False,False
2025-04-26,BlueSky Air,Full-service,BLR-HYD,BLR,HYD,Tue,4,Spring,Morning (08-11),1.7,False,False
2025-01-21,BlueSky Air,Full-service,BOM-BLR,BOM,BLR,Sun,1,Winter,Night (19-23),7.9,False,False
2025-02-03,IndiFly,LCC,COK-BOM,COK,BOM,Thu,2,Winter,Morning (08-11),3.3,False,False
2025-08-11,IndiFly,LCC,DEL-AMD,DEL,AMD,Sun,8,Monsoon,Night (19-23),10.0,False,False
2025-03-03,Metro Express,LCC,DEL-CCU,DEL,CCU,Tue,3,Spring,Afternoon (11-15),10.2,False,False
2025-04-14,IndiFly,LCC,BLR-COK,BLR,COK,Sat,4,Spring,Night (19-23),13.7,False,False
2025-08-01,IndiFly,LCC,DEL-BLR,DEL,BLR,Sat,8,Monsoon,Afternoon (11-15),2.5,False,False
2025-12-25,Metro Express,LCC,DEL-BLR,DEL,BLR,Fri,12,Winter,Early Morning (05-08),9.1,False,False
2025-09-26,BlueSky Air,Full-service,DEL-BOM,DEL,BOM,Mon,9,Monsoon,Afternoon (11-15),9.8,False,False
2025-04-18,Skyline National,Full-service,BOM-GOI,BOM,GOI,Wed,4,Spring,Morning (08-11),7.4,False,False
2025-08-06,BlueSky Air,Full-service,BOM-GOI,BOM,GOI,Sat,8,Monsoon,Evening (15-19),19.2,True,False
2025-12-20,Skyline National,Full-service,BOM-GOI,BOM,GOI,Sun,12,Winter,Morning (08-11),7.3,False,False
2025-03-26,Metro Express,LCC,DEL-CCU,DEL,CCU,Fri,3,Spring,Morning (08-11),7.5,False,False
2025-09-07,IndiFly,LCC,DEL-BOM,DEL,BOM,Fri,9,Monsoon,Morning (08-11),4.1,False,False
2025-01-09,IndiFly,LCC,DEL-GOI,DEL,GOI,Mon,1,Winter,Morning (08-11),11.2,False,False
2025-07-12,Metro Express,LCC,DEL-BOM,DEL,BOM,Fri,7,Monsoon,Evening (15-19),4.7,False,False
2025-01-09,IndiFly,LCC,DEL-BLR,DEL,BLR,Sat,1,Winter,Evening (15-19),23.7,True,False
2025-04-12,IndiFly,LCC,COK-BOM,COK,BOM,Sat,4,Spring,Early Morning (05-08),5.5,False,False
2025-01-22,Metro Express,LCC,DEL-HYD,DEL,HYD,Sun,1,Winter,Early Morning (05-08),24.8,True,False
2025-02-22,BlueSky Air,Full-service,DEL-BLR,DEL,BLR,Mon,2,Winter,Evening (15-19),10.2,False,False
2025-10-02,IndiFly,LCC,BOM-BLR,BOM,BLR,Sun,10,Post-Monsoon,Night (19-23),10.5,False,False
2025-04-27,Coastal Wings,Regional/turboprop,DEL-BOM,DEL,BOM,Sat,4,Spring,Afternoon (11-15),6.2,False,False
2025-04-04,IndiFly,LCC,DEL-BOM,DEL,BOM,Thu,4,Spring,Afternoon (11-15),8.0,False,False
2025-07-15,Metro Express,LCC,MAA-CCU,MAA,CCU,Sun,7,Monsoon,Night (19-23),2.1,False,False
2025-07-12,IndiFly,LCC,DEL-CCU,DEL,CCU,Wed,7,Monsoon,Early Morning (05-08),7.0,False,False
2025-07-13,Metro Express,LCC,DEL-BOM,DEL,BOM,Tue,7,Monsoon,Evening (15-19),13.0,False,False
2025-11-20,Metro Express,LCC,DEL-BOM,DEL,BOM,Thu,11,Post-Monsoon,Early Morning (05-08),4.6,False,False
2025-02-10,Metro Express,LCC,MAA-CCU,MAA,CCU,Tue,2,Winter,Morning (08-11),15.9,True,False
2025-09-23,BlueSky Air,Full-service,DEL-GOI,DEL,GOI,Wed,9,Monsoon,Morning (08-11),29.0,True,False
2025-10-22,Metro Express,LCC,BOM-GOI,BOM,GOI,Fri,10,Post-Monsoon,Early Morning (05-08),8.7,False,False
2025-12-03,BlueSky Air,Full-service,COK-BOM,COK,BOM,Sat,12,Winter,Evening (15-19),9.5,False,False
2025-03-24,Metro Express,LCC,DEL-BLR,DEL,BLR,Wed,3,Spring,Night (19-23),7.7,False,False
2025-04-27,IndiFly,LCC,BOM-BLR,BOM,BLR,Mon,4,Spring,Night (19-23),25.3,True,False
2025-12-09,Metro Express,LCC,DEL-HYD,DEL,HYD,Wed,12,Winter,Night (19-23),28.4,True,False
2025-05-24,BlueSky Air,Full-service,BLR-HYD,BLR,HYD,Sun,5,Summer,Night (19-23),3.0,False,False
2025-05-13,BlueSky Air,Full-service,HYD-MAA,HYD,MAA,Thu,5,Summer,Night (19-23),7.9,False,False
2025-05-05,IndiFly,LCC,DEL-BLR,DEL,BLR,Mon,5,Summer,Early Morning (05-08),4.6,False,False
2025-06-06,Coastal Wings,Regional/turboprop,BOM-GOI,BOM,GOI,Sun,6,Summer,Morning (08-11),8.7,False,False
2025-04-01,Metro Express,LCC,DEL-BOM,DEL,BOM,Thu,4,Spring,Night (19-23),6.9,False,False
2025-03-13,BlueSky Air,Full-service,DEL-BOM,DEL,BOM,Mon,3,Spring,Night (19-23),5.5,False,False
2025-04-26,BlueSky Air,Full-service,DEL-CCU,DEL,CCU,Tue,4,Spring,Night (19-23),4.7,False,False
2025-04-22,IndiFly,LCC,DEL-CCU,DEL,CCU,Sun,4,Spring,Afternoon (11-15),3.0,False,False
2025-12-04,IndiFly,LCC,BOM-COK,BOM,COK,Thu,12,Winter,Night (19-23),23.4,True,False
2025-09-15,IndiFly,LCC,DEL-HYD,DEL,HYD,Mon,9,Monsoon,Night (19-23),10.2,False,False
2025-12-06,Skyline National,Full-service,DEL-AMD,DEL,AMD,Thu,12,Winter,Night (19-23),15.4,True,False
2025-04-21,Metro Express,LCC,DEL-BOM,DEL,BOM,Tue,4,Spring,Night (19-23),18.4,True,False
2025-08-15,BlueSky Air,Full-service,DEL-BLR,DEL,BLR,Thu,8,Monsoon,Early Morning (05-08),4.7,False,False
2025-05-02,IndiFly,LCC,DEL-BOM,DEL,BOM,Sat,5,Summer,Night (19-23),7.2,False,False
2025-06-11,Metro Express,LCC,DEL-BOM,DEL,BOM,Sat,6,Summer,Afternoon (11-15),14.1,False,False
2025-04-04,IndiFly,LCC,BOM-GOI,BOM,GOI,Thu,4,Spring,Early Morning (05-08),3.7,False,False
2025-07-17,IndiFly,LCC,DEL-GOI,DEL,GOI,Sun,7,Monsoon,Evening (15-19),6.4,False,False
2025-03-24,IndiFly,LCC,BLR-HYD,BLR,HYD,Mon,3,Spring,Evening (15-19),3.2,False,False
2025-12-12,Skyline National,Full-service,BOM-BLR,BOM,BLR,Fri,12,Winter,Morning (08-11),3.8,False,False
2025-08-08,BlueSky Air,Full-service,BLR-HYD,BLR,HYD,Sat,8,Monsoon,Evening (15-19),2.6,False,False
2025-04-26,BlueSky Air,Full-service,DEL-PNQ,DEL,PNQ,Wed,4,Spring,Morning (08-11),3.3,False,False
2025-02-02,Coastal Wings,Regional/turboprop,BOM-GOI,BOM,GOI,Fri,2,Winter,Night (19-23),2.5,False,False
2025-09-26,Skyline National,Full-service,DEL-BOM,DEL,BOM,Tue,9,Monsoon,Night (19-23),8.5,False,False
2025-09-22,Skyline National,Full-service,DEL-CCU,DEL,CCU,Fri,9,Monsoon,Evening (15-19),15.1,True,False
2025-06-15,Skyline National,Full-service,BOM-GOI,BOM,GOI,Sun,6,Summer,Morning (08-11),0.0,False,True
2025-05-05,IndiFly,LCC,BOM-COK,BOM,COK,Wed,5,Summer,Afternoon (11-15),10.1,False,False
2025-11-28,Skyline National,Full-service,HYD-MAA,HYD,MAA,Tue,11,Post-Monsoon,Early Morning (05-08),4.3,False,False
2025-11-02,Coastal Wings,Regional/turboprop,DEL-BLR,DEL,BLR,Thu,11,Post-Monsoon,Morning (08-11),7.7,False,False
2025-05-13,BlueSky Air,Full-service,DEL-CCU,DEL,CCU,Sat,5,Summer,Evening (15-19),4.1,False,False
2025-09-10,BlueSky Air,Full-service,DEL-BLR,DEL,BLR,Sun,9,Monsoon,Early Morning (05-08),5.9,False,False
2025-03-13,IndiFly,LCC,BLR-HYD,BLR,HYD,Sat,3,Spring,Early Morning (05-08),11.8,False,False
2025-06-13,Skyline National,Full-service,BOM-GOI,BOM,GOI,Mon,6,Summer,Morning (08-11),9.4,False,False
2025-02-12,IndiFly,LCC,BOM-COK,BOM,COK,Mon,2,Winter,Afternoon (11-15),7.7,False,False
2025-11-03,Metro Express,LCC,DEL-BOM,DEL,BOM,Fri,11,Post-Monsoon,Evening (15-19),12.6,False,False
2025-03-02,BlueSky Air,Full-service,BOM-BLR,BOM,BLR,Thu,3,Spring,Night (19-23),3.5,False,False
2025-08-04,IndiFly,LCC,MAA-CCU,MAA,CCU,Tue,8,Monsoon,Evening (15-19),2.3,False,False
2025-07-20,BlueSky Air,Full-service,BLR-HYD,BLR,HYD,Thu,7,Monsoon,Afternoon (11-15),5.8,False,False
2025-02-06,Coastal Wings,Regional/turboprop,BOM-GOI,BOM,GOI,Thu,2,Winter,Afternoon (11-15),7.9,False,False
2025-11-13,Skyline National,Full-service,DEL-BOM,DEL,BOM,Sat,11,Post-Monsoon,Evening (15-19),8.8,False,False
2025-11-18,Metro Express,LCC,BOM-COK,BOM,COK,Thu,11,Post-Monsoon,Morning (08-11),21.1,True,False
2025-12-23,BlueSky Air,Full-service,COK-BOM,COK,BOM,Wed,12,Winter,Morning (08-11),6.1,False,False
2025-09-22,Metro Express,LCC,DEL-BOM,DEL,BOM,Sat,9,Monsoon,Evening (15-19),14.1,False,False
2025-02-12,IndiFly,LCC,DEL-BOM,DEL,BOM,Sun,2,Winter,Early Morning (05-08),5.4,False,False
2025-05-16,IndiFly,LCC,BOM-COK,BOM,COK,Mon,5,Summer,Evening (15-19),1.8,False,False
2025-11-25,Metro Express,LCC,BOM-BLR,BOM,BLR,Thu,11,Post-Monsoon,Afternoon (11-15),5.1,False,False
2025-07-27,Metro Express,LCC,DEL-GOI,DEL,GOI,Tue,7,Monsoon,Morning (08-11),6.4,False,False
2025-12-08,Metro Express,LCC,BOM-BLR,BOM,BLR,Thu,12,Winter,Early Morning (05-08),8.3,False,False
2025-08-15,Metro Express,LCC,DEL-BLR,DEL,BLR,Mon,8,Monsoon,Early Morning (05-08),9.7,False,False
2025-04-02,BlueSky Air,Full-service,DEL-BLR,DEL,BLR,Sat,4,Spring,Morning (08-11),5.3,False,False
2025-08-14,IndiFly,LCC,DEL-CCU,DEL,CCU,Sat,8,Monsoon,Morning (08-11),4.2,False,False
2025-10-28,BlueSky Air,Full-service,COK-BOM,COK,BOM,Fri,10,Post-Monsoon,Night (19-23),14.0,False,False
2025-04-10,IndiFly,LCC,DEL-AMD,DEL,AMD,Wed,4,Spring,Evening (15-19),28.2,True,False
2025-02-26,IndiFly,LCC,DEL-AMD,DEL,AMD,Wed,2,Winter,Evening (15-19),6.1,False,False
2025-12-28,BlueSky Air,Full-service,DEL-BLR,DEL,BLR,Wed,12,Winter,Morning (08-11),42.5,True,False
2025-11-23,Metro Express,LCC,DEL-AMD,DEL,AMD,Fri,11,Post-Monsoon,Early Morning (05-08),3.9,False,False
2025-12-07,IndiFly,LCC,BLR-HYD,BLR,HYD,Fri,12,Winter,Evening (15-19),7.6,False,False
2025-04-06,Skyline National,Full-service,BOM-BLR,BOM,BLR,Mon,4,Spring,Night (19-23),8.3,False,False
2025-08-11,Skyline National,Full-service,BLR-HYD,BLR,HYD,Wed,8,Monsoon,Night (19-23),9.3,False,False
2025-08-26,Skyline National,Full-service,DEL-HYD,DEL,HYD,Fri,8,Monsoon,Early Morning (05-08),2.6,False,False
2025-02-05,Skyline National,Full-service,DEL-HYD,DEL,HYD,Sat,2,Winter,Evening (15-19),10.4,False,False
2025-03-25,BlueSky Air,Full-service,BOM-BLR,BOM,BLR,Mon,3,Spring,Morning (08-11),4.3,False,False
2025-06-21,Metro Express,LCC,BOM-BLR,BOM,BLR,Sat,6,Summer,Night (19-23),8.6,False,False
2025-05-23,BlueSky Air,Full-service,DEL-GOI,DEL,GOI,Wed,5,Summer,Afternoon (11-15),3.6,False,False
2025-09-18,IndiFly,LCC,DEL-BOM,DEL,BOM,Wed,9,Monsoon,Early Morning (05-08),4.4,False,False
2025-12-05,Metro Express,LCC,DEL-GOI,DEL,GOI,Mon,12,Winter,Night (19-23),9.3,False,False
2025-08-23,IndiFly,LCC,DEL-BLR,DEL,BLR,Fri,8,Monsoon,Afternoon (11-15),13.5,False,False
2025-01-02,Skyline National,Full-service,DEL-CCU,DEL,CCU,Fri,1,Winter,Evening (15-19),28.1,True,False
2025-11-03,Coastal Wings,Regional/turboprop,DEL-BLR,DEL,BLR,Sat,11,Post-Monsoon,Evening (15-19),9.7,False,False
2025-05-07,IndiFly,LCC,HYD-MAA,HYD,MAA,Sun,5,Summer,Morning (08-11),2.5,False,False
2025-03-27,Metro Express,LCC,DEL-BOM,DEL,BOM,Fri,3,Spring,Evening (15-19),6.5,False,False
2025-03-07,BlueSky Air,Full-service,BLR-HYD,BLR,HYD,Tue,3,Spring,Early Morning (05-08),2.5,False,False
2025-04-07,Metro Express,LCC,HYD-MAA,HYD,MAA,Mon,4,Spring,Morning (08-11),3.3,False,False
2025-11-14,IndiFly,LCC,DEL-AMD,DEL,AMD,Sun,11,Post-Monsoon,Afternoon (11-15),6.6,False,False
2025-01-06,Metro Express,LCC,COK-BOM,COK,BOM,Wed,1,Winter,Evening (15-19),17.5,True,False
2025-04-09,Metro Express,LCC,DEL-BLR,DEL,BLR,Sat,4,Spring,Night (19-23),11.6,False,False
2025-01-03,Skyline National,Full-service,DEL-PNQ,DEL,PNQ,Thu,1,Winter,Evening (15-19),35.4,True,False
2025-08-21,BlueSky Air,Full-service,BLR-COK,BLR,COK,Sat,8,Monsoon,Evening (15-19),5.6,False,False
2025-01-13,Skyline National,Full-service,DEL-GOI,DEL,GOI,Wed,1,Winter,Evening (15-19),14.2,False,False
2025-02-06,IndiFly,LCC,BOM-GOI,BOM,GOI,Tue,2,Winter,Morning (08-11),2.1,False,False
2025-09-10,Metro Express,LCC,DEL-HYD,DEL,HYD,Sat,9,Monsoon,Morning (08-11),7.8,False,False
2025-08-19,Metro Express,LCC,BOM-COK,BOM,COK,Sun,8,Monsoon,Night (19-23),5.1,False,False
2025-12-18,IndiFly,LCC,BOM-BLR,BOM,BLR,Thu,12,Winter,Night (19-23),44.9,True,False
2025-08-10,Skyline National,Full-service,MAA-CCU,MAA,CCU,Sat,8,Monsoon,Early Morning (05-08),7.9,False,False
2025-10-09,IndiFly,LCC,BLR-COK,BLR,COK,Sat,10,Post-Monsoon,Morning (08-11),7.1,False,False
2025-03-05,IndiFly,LCC,DEL-BOM,DEL,BOM,Thu,3,Spring,Night (19-23),10.9,False,False
2025-02-13,Skyline National,Full-service,DEL-BLR,DEL,BLR,Tue,2,Winter,Morning (08-11),5.1,False,False
2025-04-07,BlueSky Air,Full-service,MAA-CCU,MAA,CCU,Sat,4,Spring,Evening (15-19),9.4,False,False
2025-01-10,IndiFly,LCC,BOM-BLR,BOM,BLR,Fri,1,Winter,Night (19-23),8.5,False,False
2025-03-01,IndiFly,LCC,BOM-GOI,BOM,GOI,Sun,3,Spring,Morning (08-11),9.4,False,False
2025-06-07,IndiFly,LCC,BLR-HYD,BLR,HYD,Sun,6,Summer,Evening (15-19),7.0,False,False
2025-04-06,Metro Express,LCC,BOM-COK,BOM,COK,Fri,4,Spring,Evening (15-19),7.1,False,False
2025-03-06,Metro Express,LCC,BOM-BLR,BOM,BLR,Wed,3,Spring,Afternoon (11-15),6.4,False,False
2025-06-19,BlueSky Air,Full-service,DEL-BOM,DEL,BOM,Sat,6,Summer,Night (19-23),4.4,False,False
2025-07-07,Coastal Wings,Regional/turboprop,BLR-COK,BLR,COK,Mon,7,Monsoon,Early Morning (05-08),18.4,True,False
2025-03-21,Metro Express,LCC,BLR-HYD,BLR,HYD,Thu,3,Spring,Early Morning (05-08),8.3,False,False
2025-02-11,IndiFly,LCC,DEL-HYD,DEL,HYD,Sat,2,Winter,Morning (08-11),6.8,False,False
2025-02-08,IndiFly,LCC,DEL-BLR,DEL,BLR,Sat,2,Winter,Afternoon (11-15),8.5,False,False
2025-11-03,Skyline National,Full-service,DEL-BOM,DEL,BOM,Tue,11,Post-Monsoon,Night (19-23),4.4,False,False
2025-11-04,Metro Express,LCC,BOM-BLR,BOM,BLR,Sat,11,Post-Monsoon,Morning (08-11),3.4,False,False
2025-01-04,Metro Express,LCC,DEL-HYD,DEL,HYD,Sun,1,Winter,Afternoon (11-15),20.9,True,False
2025-11-01,BlueSky Air,Full-service,MAA-CCU,MAA,CCU,Mon,11,Post-Monsoon,Evening (15-19),2.7,False,False
2025-08-08,Metro Express,LCC,BOM-COK,BOM,COK,Sun,8,Monsoon,Morning (08-11),10.6,False,False
2025-12-04,Metro Express,LCC,BOM-BLR,BOM,BLR,Fri,12,Winter,Afternoon (11-15),3.4,False,False
2025-07-26,BlueSky Air,Full-service,DEL-AMD,DEL,AMD,Tue,7,Monsoon,Early Morning (05-08),2.9,False,False
2025-08-17,Coastal Wings,Regional/turboprop,BOM-BLR,BOM,BLR,Fri,8,Monsoon,Evening (15-19),9.0,False,False
2025-10-20,Skyline National,Full-service,DEL-CCU,DEL,CCU,Wed,10,Post-Monsoon,Afternoon (11-15),8.1,False,False
2025-01-02,IndiFly,LCC,BLR-HYD,BLR,HYD,Tue,1,Winter,Night (19-23),6.4,False,False
2025-01-12,IndiFly,LCC,DEL-BOM,DEL,BOM,Tue,1,Winter,Evening (15-19),0.0,False,True
2025-03-09,BlueSky Air,Full-service,BOM-BLR,BOM,BLR,Tue,3,Spring,Night (19-23),2.1,False,False
2025-10-06,Coastal Wings,Regional/turboprop,MAA-CCU,MAA,CCU,Sat,10,Post-Monsoon,Evening (15-19),7.9,False,False
2025-04-28,Skyline National,Full-service,BLR-HYD,BLR,HYD,Tue,4,Spring,Early Morning (05-08),6.5,False,False
2025-11-26,Metro Express,LCC,COK-BOM,COK,BOM,Tue,11,Post-Monsoon,Morning (08-11),6.7,False,False
2025-11-18,Metro Express,LCC,DEL-BOM,DEL,BOM,Sun,11,Post-Monsoon,Evening (15-19),9.2,False,False
2025-02-07,Coastal Wings,Regional/turboprop,DEL-BOM,DEL,BOM,Tue,2,Winter,Evening (15-19),6.0,False,False
2025-04-12,BlueSky Air,Full-service,BOM-GOI,BOM,GOI,Tue,4,Spring,Afternoon (11-15),6.7,False,False
2025-12-23,Metro Express,LCC,DEL-GOI,DEL,GOI,Mon,12,Winter,Afternoon (11-15),32.3,True,False
2025-04-25,Skyline National,Full-service,DEL-PNQ,DEL,PNQ,Mon,4,Spring,Evening (15-19),7.9,False,False
2025-02-12,Metro Express,LCC,BOM-GOI,BOM,GOI,Fri,2,Winter,Afternoon (11-15),8.6,False,False
2025-12-27,IndiFly,LCC,DEL-AMD,DEL,AMD,Sat,12,Winter,Early Morning (05-08),15.2,True,False
2025-06-15,BlueSky Air,Full-service,DEL-BOM,DEL,BOM,Tue,6,Summer,Morning (08-11),6.3,False,False
2025-05-22,Metro Express,LCC,DEL-BLR,DEL,BLR,Thu,5,Summer,Evening (15-19),2.6,False,False
2025-01-15,IndiFly,LCC,MAA-CCU,MAA,CCU,Wed,1,Winter,Evening (15-19),2.8,False,False
2025-08-19,Coastal Wings,Regional/turboprop,BOM-BLR,BOM,BLR,Fri,8,Monsoon,Morning (08-11),17.5,True,False
2025-11-20,Metro Express,LCC,DEL-CCU,DEL,CCU,Sun,11,Post-Monsoon,Afternoon (11-15),6.5,False,False
2025-05-04,Skyline National,Full-service,DEL-PNQ,DEL,PNQ,Thu,5,Summer,Afternoon (11-15),4.8,False,False
2025-10-18,Metro Express,LCC,DEL-HYD,DEL,HYD,Sun,10,Post-Monsoon,Afternoon (11-15),10.3,False,False
2025-11-21,IndiFly,LCC,BOM-COK,BOM,COK,Fri,11,Post-Monsoon,Night (19-23),3.6,False,False
2025-08-02,IndiFly,LCC,DEL-BOM,DEL,BOM,Thu,8,Monsoon,Afternoon (11-15),8.8,False,False
2025-05-12,BlueSky Air,Full-service,BOM-BLR,BOM,BLR,Fri,5,Summer,Early Morning (05-08),3.1,False,False
2025-01-11,BlueSky Air,Full-service,MAA-CCU,MAA,CCU,Thu,1,Winter,Morning (08-11),6.0,False,False
2025-09-12,Skyline National,Full-service,HYD-MAA,HYD,MAA,Thu,9,Monsoon,Night (19-23),4.3,False,False
2025-01-01,Skyline National,Full-service,COK-BOM,COK,BOM,Tue,1,Winter,Early Morning (05-08),4.3,False,False
2025-10-12,IndiFly,LCC,COK-BOM,COK,BOM,Sat,10,Post-Monsoon,Morning (08-11),4.6,False,False
2025-09-22,BlueSky Air,Full-service,DEL-PNQ,DEL,PNQ,Sun,9,Monsoon,Night (19-23),4.5,False,False
2025-01-21,Skyline National,Full-service,COK-BOM,COK,BOM,Mon,1,Winter,Afternoon (11-15),3.3,False,False
2025-04-14,IndiFly,LCC,BOM-COK,BOM,COK,Wed,4,Spring,Night (19-23),3.1,False,False
2025-03-20,Metro Express,LCC,BLR-COK,BLR,COK,Fri,3,Spring,Night (19-23),7.1,False,False
2025-07-27,Metro Express,LCC,COK-BOM,COK,BOM,Wed,7,Monsoon,Early Morning (05-08),14.8,False,False
2025-03-28,Coastal Wings,Regional/turboprop,BLR-HYD,BLR,HYD,Tue,3,Spring,Early Morning (05-08),1.5,False,False
2025-01-09,BlueSky Air,Full-service,BOM-BLR,BOM,BLR,Thu,1,Winter,Morning (08-11),3.6,False,False
2025-03-04,IndiFly,LCC,DEL-HYD,DEL,HYD,Sun,3,Spring,Night (19-23),5.0,False,False
2025-05-11,Skyline National,Full-service,BLR-COK,BLR,COK,Sat,5,Summer,Morning (08-11),2.3,False,False
2025-04-13,BlueSky Air,Full-service,DEL-BOM,DEL,BOM,Tue,4,Spring,Evening (15-19),3.7,False,False
2025-11-15,Coastal Wings,Regional/turboprop,BOM-COK,BOM,COK,Thu,11,Post-Monsoon,Early Morning (05-08),15.0,True,False
2025-06-23,IndiFly,LCC,BOM-BLR,BOM,BLR,Sat,6,Summer,Morning (08-11),4.4,False,False
2025-03-23,IndiFly,LCC,MAA-CCU,MAA,CCU,Sun,3,Spring,Morning (08-11),4.5,False,False
2025-02-02,Metro Express,LCC,DEL-BOM,DEL,BOM,Wed,2,Winter,Night (19-23),12.0,False,False
2025-08-10,BlueSky Air,Full-service,DEL-BLR,DEL,BLR,Wed,8,Monsoon,Afternoon (11-15),11.6,False,False
2025-09-24,IndiFly,LCC,DEL-HYD,DEL,HYD,Sat,9,Monsoon,Night (19-23),5.7,False,False
2025-12-26,IndiFly,LCC,DEL-CCU,DEL,CCU,Fri,12,Winter,Afternoon (11-15),18.2,True,False
2025-04-04,Metro Express,LCC,DEL-BOM,DEL,BOM,Fri,4,Spring,Morning (08-11),3.9,False,False
2025-10-06,IndiFly,LCC,BOM-COK,BOM,COK,Thu,10,Post-Monsoon,Night (19-23),8.5,False,False
2025-06-26,Skyline National,Full-service,DEL-CCU,DEL,CCU,Tue,6,Summer,Afternoon (11-15),7.2,False,False
2025-02-11,Metro Express,LCC,BOM-BLR,BOM,BLR,Tue,2,Winter,Early Morning (05-08),11.0,False,False
2025-04-16,IndiFly,LCC,BOM-BLR,BOM,BLR,Sun,4,Spring,Night (19-23),8.8,False,False
2025-08-07,IndiFly,LCC,DEL-HYD,DEL,HYD,Wed,8,Monsoon,Morning (08-11),5.3,False,False
2025-10-26,BlueSky Air,Full-service,DEL-GOI,DEL,GOI,Thu,10,Post-Monsoon,Afternoon (11-15),2.9,False,False
2025-10-09,Metro Express,LCC,DEL-CCU,DEL,CCU,Thu,10,Post-Monsoon,Evening (15-19),7.7,False,False
2025-01-23,BlueSky Air,Full-service,DEL-CCU,DEL,CCU,Mon,1,Winter,Early Morning (05-08),18.6,True,False
2025-12-11,IndiFly,LCC,DEL-GOI,DEL,GOI,Tue,12,Winter,Early Morning (05-08),24.4,True,False
2025-12-17,BlueSky Air,Full-service,DEL-HYD,DEL,HYD,Sun,12,Winter,Afternoon (11-15),37.8,True,False
2025-06-27,Metro Express,LCC,DEL-BLR,DEL,BLR,Sun,6,Summer,Night (19-23),7.0,False,False
2025-12-04,Metro Express,LCC,DEL-GOI,DEL,GOI,Sun,12,Winter,Afternoon (11-15),28.3,True,False
2025-03-10,BlueSky Air,Full-service,DEL-BOM,DEL,BOM,Fri,3,Spring,Afternoon (11-15),8.8,False,False
2025-06-25,IndiFly,LCC,DEL-BOM,DEL,BOM,Fri,6,Summer,Afternoon (11-15),5.9,False,False
2025-03-17,Coastal Wings,Regional/turboprop,DEL-HYD,DEL,HYD,Thu,3,Spring,Night (19-23),4.0,False,False
2025-06-25,IndiFly,LCC,DEL-CCU,DEL,CCU,Thu,6,Summer,Night (19-23),4.8,False,False
2025-06-19,Metro Express,LCC,BOM-BLR,BOM,BLR,Mon,6,Summer,Night (19-23),2.5,False,False
2025-10-21,Skyline National,Full-service,MAA-CCU,MAA,CCU,Sun,10,Post-Monsoon,Early Morning (05-08),2.2,False,False
2025-07-14,Metro Express,LCC,DEL-CCU,DEL,CCU,Fri,7,Monsoon,Morning (08-11),10.0,False,False
2025-12-15,Metro Express,LCC,DEL-BOM,DEL,BOM,Sat,12,Winter,Early Morning (05-08),21.1,True,False
2025-03-28,IndiFly,LCC,MAA-CCU,MAA,CCU,Fri,3,Spring,Night (19-23),4.8,False,False
2025-01-19,IndiFly,LCC,BLR-HYD,BLR,HYD,Mon,1,Winter,Evening (15-19),4.6,False,False
2025-05-11,Metro Express,LCC,DEL-BOM,DEL,BOM,Mon,5,Summer,Night (19-23),7.3,False,False
2025-12-26,IndiFly,LCC,BOM-BLR,BOM,BLR,Sun,12,Winter,Afternoon (11-15),3.7,False,False
2025-06-17,Metro Express,LCC,DEL-BLR,DEL,BLR,Sat,6,Summer,Afternoon (11-15),9.9,False,False
2025-11-11,BlueSky Air,Full-service,DEL-AMD,DEL,AMD,Fri,11,Post-Monsoon,Morning (08-11),6.9,False,False
2025-07-27,IndiFly,LCC,BOM-BLR,BOM,BLR,Thu,7,Monsoon,Morning (08-11),6.1,False,False
2025-05-08,Skyline National,Full-service,DEL-BOM,DEL,BOM,Thu,5,Summer,Night (19-23),13.8,False,False
2025-03-15,Skyline National,Full-service,BOM-GOI,BOM,GOI,Mon,3,Spring,Night (19-23),10.3,False,False
2025-04-10,Metro Express,LCC,DEL-BOM,DEL,BOM,Tue,4,Spring,Afternoon (11-15),7.2,False,False
2025-01-04,BlueSky Air,Full-service,DEL-HYD,DEL,HYD,Fri,1,Winter,Night (19-23),21.9,True,False
2025-07-27,Skyline National,Full-service,DEL-GOI,DEL,GOI,Wed,7,Monsoon,Early Morning (05-08),0.0,False,True
2025-05-05,Metro Express,LCC,DEL-BLR,DEL,BLR,Thu,5,Summer,Afternoon (11-15),7.1,False,False
2025-11-09,IndiFly,LCC,BOM-COK,BOM,COK,Thu,11,Post-Monsoon,Early Morning (05-08),3.8,False,False
2025-07-16,Metro Express,LCC,DEL-PNQ,DEL,PNQ,Thu,7,Monsoon,Morning (08-11),14.8,False,False
2025-01-19,BlueSky Air,Full-service,DEL-AMD,DEL,AMD,Tue,1,Winter,Early Morning (05-08),34.5,True,False
2025-04-27,Metro Express,LCC,MAA-CCU,MAA,CCU,Sun,4,Spring,Evening (15-19),9.3,False,False
2025-04-01,Metro Express,LCC,BOM-GOI,BOM,GOI,Sat,4,Spring,Night (19-23),26.6,True,False
2025-05-25,Skyline National,Full-service,BLR-HYD,BLR,HYD,Sat,5,Summer,Evening (15-19),1.9,False,False
2025-02-17,Metro Express,LCC,DEL-CCU,DEL,CCU,Thu,2,Winter,Morning (08-11),6.8,False,False
2025-04-13,Metro Express,LCC,BLR-HYD,BLR,HYD,Wed,4,Spring,Evening (15-19),7.4,False,False
2025-10-04,BlueSky Air,Full-service,BOM-COK,BOM,COK,Wed,10,Post-Monsoon,Early Morning (05-08),11.4,False,False
2025-03-12,IndiFly,LCC,DEL-BOM,DEL,BOM,Wed,3,Spring,Evening (15-19),3.9,False,False
2025-01-24,IndiFly,LCC,DEL-BOM,DEL,BOM,Sat,1,Winter,Morning (08-11),8.7,False,False
2025-10-07,Skyline National,Full-service,BOM-BLR,BOM,BLR,Tue,10,Post-Monsoon,Morning (08-11),7.7,False,False
2025-11-05,BlueSky Air,Full-service,BOM-BLR,BOM,BLR,Tue,11,Post-Monsoon,Evening (15-19),6.9,False,False
2025-12-13,BlueSky Air,Full-service,BOM-GOI,BOM,GOI,Wed,12,Winter,Night (19-23),7.9,False,False
2025-05-26,IndiFly,LCC,BOM-GOI,BOM,GOI,Tue,5,Summer,Early Morning (05-08),1.9,False,False
2025-02-04,BlueSky Air,Full-service,DEL-BLR,DEL,BLR,Fri,2,Winter,Night (19-23),2.9,False,False
2025-04-02,Metro Express,LCC,DEL-AMD,DEL,AMD,Thu,4,Spring,Early Morning (05-08),7.5,False,False
2025-01-02,IndiFly,LCC,DEL-GOI,DEL,GOI,Fri,1,Winter,Morning (08-11),17.2,True,False
2025-06-15,BlueSky Air,Full-service,DEL-BOM,DEL,BOM,Thu,6,Summer,Evening (15-19),4.9,False,False
2025-08-07,Coastal Wings,Regional/turboprop,DEL-BOM,DEL,BOM,Fri,8,Monsoon,Afternoon (11-15),5.2,False,False
2025-04-18,IndiFly,LCC,DEL-BOM,DEL,BOM,Sun,4,Spring,Morning (08-11),3.5,False,False
2025-03-04,BlueSky Air,Full-service,BOM-GOI,BOM,GOI,Mon,3,Spring,Night (19-23),3.8,False,False
2025-02-16,IndiFly,LCC,DEL-HYD,DEL,HYD,Mon,2,Winter,Afternoon (11-15),8.0,False,False
2025-05-08,Skyline National,Full-service,BOM-GOI,BOM,GOI,Thu,5,Summer,Early Morning (05-08),13.8,False,False
2025-01-05,IndiFly,LCC,BOM-COK,BOM,COK,Wed,1,Winter,Early Morning (05-08),2.3,False,False
2025-05-10,BlueSky Air,Full-service,DEL-BOM,DEL,BOM,Sat,5,Summer,Night (19-23),4.6,False,False
2025-06-11,IndiFly,LCC,BOM-COK,BOM,COK,Mon,6,Summer,Morning (08-11),14.9,False,False
2025-11-05,BlueSky Air,Full-service,BLR-COK,BLR,COK,Wed,11,Post-Monsoon,Night (19-23),6.9,False,False
2025-02-11,IndiFly,LCC,DEL-CCU,DEL,CCU,Fri,2,Winter,Afternoon (11-15),5.9,False,False
2025-09-14,BlueSky Air,Full-service,BLR-HYD,BLR,HYD,Wed,9,Monsoon,Afternoon (11-15),4.3,False,False
2025-08-13,BlueSky Air,Full-service,DEL-BOM,DEL,BOM,Mon,8,Monsoon,Night (19-23),8.0,False,False
2025-08-27,IndiFly,LCC,BLR-HYD,BLR,HYD,Sat,8,Monsoon,Afternoon (11-15),2.2,False,False
2025-10-05,Metro Express,LCC,BOM-COK,BOM,COK,Mon,10,Post-Monsoon,Afternoon (11-15),2.3,False,False
2025-04-13,Skyline National,Full-service,DEL-GOI,DEL,GOI,Fri,4,Spring,Night (19-23),13.6,False,False
2025-05-17,Coastal Wings,Regional/turboprop,BOM-BLR,BOM,BLR,Thu,5,Summer,Morning (08-11),3.6,False,False
2025-03-05,Metro Express,LCC,BOM-BLR,BOM,BLR,Sat,3,Spring,Night (19-23),4.4,False,False
2025-12-05,BlueSky Air,Full-service,DEL-AMD,DEL,AMD,Sun,12,Winter,Early Morning (05-08),17.8,True,False
2025-04-19,BlueSky Air,Full-service,DEL-HYD,DEL,HYD,Mon,4,Spring,Evening (15-19),2.5,False,False
2025-05-04,BlueSky Air,Full-service,DEL-BOM,DEL,BOM,Thu,5,Summer,Evening (15-19),3.4,False,False
2025-11-05,Metro Express,LCC,BLR-HYD,BLR,HYD,Sun,11,Post-Monsoon,Morning (08-11),11.0,False,False
2025-10-24,Skyline National,Full-service,DEL-AMD,DEL,AMD,Thu,10,Post-Monsoon,Evening (15-19),11.5,False,False
2025-02-28,BlueSky Air,Full-service,BOM-BLR,BOM,BLR,Sun,2,Winter,Night (19-23),5.9,False,False
2025-10-27,IndiFly,LCC,DEL-BOM,DEL,BOM,Sun,10,Post-Monsoon,Night (19-23),9.9,False,False
2025-04-15,IndiFly,LCC,DEL-BOM,DEL,BOM,Mon,4,Spring,Night (19-23),10.1,False,False
2025-12-09,BlueSky Air,Full-service,BOM-COK,BOM,COK,Wed,12,Winter,Afternoon (11-15),10.6,False,False
2025-05-26,Coastal Wings,Regional/turboprop,DEL-BLR,DEL,BLR,Sun,5,Summer,Evening (15-19),3.4,False,False
2025-08-11,IndiFly,LCC,DEL-HYD,DEL,HYD,Thu,8,Monsoon,Night (19-23),11.5,False,False
2025-07-15,BlueSky Air,Full-service,MAA-CCU,MAA,CCU,Tue,7,Monsoon,Evening (15-19),2.1,False,False
2025-03-23,BlueSky Air,Full-service,DEL-BOM,DEL,BOM,Sun,3,Spring,Afternoon (11-15),3.7,False,False
2025-10-25,BlueSky Air,Full-service,BOM-GOI,BOM,GOI,Wed,10,Post-Monsoon,Night (19-23),3.0,False,False
2025-02-16,Metro Express,LCC,BOM-GOI,BOM,GOI,Wed,2,Winter,Evening (15-19),3.6,False,False
2025-02-06,Metro Express,LCC,DEL-BOM,DEL,BOM,Fri,2,Winter,Early Morning (05-08),15.4,True,False
2025-11-14,Metro Express,LCC,DEL-CCU,DEL,CCU,Mon,11,Post-Monsoon,Evening (15-19),21.8,True,False
2025-07-04,IndiFly,LCC,DEL-AMD,DEL,AMD,Mon,7,Monsoon,Early Morning (05-08),7.3,False,False
2025-03-18,Metro Express,LCC,DEL-BOM,DEL,BOM,Tue,3,Spring,Afternoon (11-15),8.4,False,False
2025-03-19,BlueSky Air,Full-service,DEL-BLR,DEL,BLR,Sat,3,Spring,Night (19-23),9.7,False,False
2025-09-23,IndiFly,LCC,COK-BOM,COK,BOM,Wed,9,Monsoon,Early Morning (05-08),15.0,True,False
2025-05-10,BlueSky Air,Full-service,BLR-COK,BLR,COK,Thu,5,Summer,Evening (15-19),2.7,False,False
2025-05-13,Coastal Wings,Regional/turboprop,MAA-CCU,MAA,CCU,Sun,5,Summer,Night (19-23),4.8,False,False
2025-12-10,Skyline National,Full-service,HYD-MAA,HYD,MAA,Thu,12,Winter,Night (19-23),4.6,False,False
2025-09-06,IndiFly,LCC,HYD-MAA,HYD,MAA,Tue,9,Monsoon,Night (19-23),17.2,True,False
2025-07-15,Metro Express,LCC,BLR-COK,BLR,COK,Mon,7,Monsoon,Afternoon (11-15),19.7,True,False
2025-10-15,IndiFly,LCC,HYD-MAA,HYD,MAA,Thu,10,Post-Monsoon,Night (19-23),6.8,False,False
2025-02-22,BlueSky Air,Full-service,BOM-GOI,BOM,GOI,Tue,2,Winter,Afternoon (11-15),7.4,False,False
2025-09-10,Coastal Wings,Regional/turboprop,DEL-BOM,DEL,BOM,Fri,9,Monsoon,Afternoon (11-15),4.5,False,False
2025-12-14,IndiFly,LCC,DEL-BOM,DEL,BOM,Sat,12,Winter,Evening (15-19),13.4,False,False
2025-06-06,Skyline National,Full-service,BOM-COK,BOM,COK,Wed,6,Summer,Morning (08-11),25.7,True,False
2025-10-16,IndiFly,LCC,DEL-AMD,DEL,AMD,Sun,10,Post-Monsoon,Early Morning (05-08),6.5,False,False
2025-04-10,IndiFly,LCC,DEL-AMD,DEL,AMD,Tue,4,Spring,Morning (08-11),7.6,False,False
2025-02-17,Metro Express,LCC,DEL-BLR,DEL,BLR,Fri,2,Winter,Morning (08-11),18.1,True,False
2025-01-12,Metro Express,LCC,MAA-CCU,MAA,CCU,Sun,1,Winter,Early Morning (05-08),2.2,False,False
2025-02-26,IndiFly,LCC,BLR-HYD,BLR,HYD,Sat,2,Winter,Early Morning (05-08),4.1,False,False
2025-04-16,Metro Express,LCC,DEL-BOM,DEL,BOM,Tue,4,Spring,Early Morning (05-08),13.4,False,False
2025-01-23,Coastal Wings,Regional/turboprop,DEL-BLR,DEL,BLR,Tue,1,Winter,Early Morning (05-08),25.9,True,False
2025-01-07,IndiFly,LCC,BOM-BLR,BOM,BLR,Wed,1,Winter,Night (19-23),8.1,False,False
2025-10-27,BlueSky Air,Full-service,BLR-HYD,BLR,HYD,Thu,10,Post-Monsoon,Evening (15-19),6.4,False,False
2025-03-25,Skyline National,Full-service,BLR-HYD,BLR,HYD,Wed,3,Spring,Evening (15-19),10.8,False,False
2025-11-10,Metro Express,LCC,DEL-BOM,DEL,BOM,Sun,11,Post-Monsoon,Night (19-23),10.4,False,False
2025-02-07,Coastal Wings,Regional/turboprop,BOM-COK,BOM,COK,Thu,2,Winter,Morning (08-11),5.0,False,False
2025-09-22,Metro Express,LCC,DEL-BLR,DEL,BLR,Sun,9,Monsoon,Night (19-23),11.1,False,False
2025-12-08,Metro Express,LCC,BLR-HYD,BLR,HYD,Thu,12,Winter,Early Morning (05-08),5.0,False,False
2025-08-27,Metro Express,LCC,BLR-HYD,BLR,HYD,Tue,8,Monsoon,Early Morning (05-08),3.0,False,False
2025-08-16,BlueSky Air,Full-service,DEL-HYD,DEL,HYD,Sun,8,Monsoon,Early Morning (05-08),3.4,False,False
2025-02-01,Metro Express,LCC,DEL-HYD,DEL,HYD,Tue,2,Winter,Evening (15-19),10.6,False,False
2025-09-02,Metro Express,LCC,BOM-BLR,BOM,BLR,Mon,9,Monsoon,Early Morning (05-08),4.1,False,False
2025-07-06,Skyline National,Full-service,DEL-BLR,DEL,BLR,Tue,7,Monsoon,Night (19-23),4.0,False,False
2025-07-18,Metro Express,LCC,DEL-AMD,DEL,AMD,Wed,7,Monsoon,Night (19-23),5.6,False,False
2025-06-03,Skyline National,Full-service,DEL-AMD,DEL,AMD,Thu,6,Summer,Evening (15-19),3.4,False,False
2025-03-03,Coastal Wings,Regional/turboprop,DEL-AMD,DEL,AMD,Wed,3,Spring,Early Morning (05-08),3.1,False,False
2025-08-01,IndiFly,LCC,DEL-BOM,DEL,BOM,Tue,8,Monsoon,Early Morning (05-08),3.5,False,False
2025-03-10,Metro Express,LCC,DEL-BLR,DEL,BLR,Sun,3,Spring,Morning (08-11),8.3,False,False
2025-02-08,BlueSky Air,Full-service,BOM-BLR,BOM,BLR,Mon,2,Winter,Early Morning (05-08),6.0,False,False
2025-03-04,Metro Express,LCC,DEL-BLR,DEL,BLR,Wed,3,Spring,Night (19-23),7.9,False,False
2025-12-10,BlueSky Air,Full-service,HYD-MAA,HYD,MAA,Thu,12,Winter,Evening (15-19),3.1,False,False
2025-09-03,Skyline National,Full-service,DEL-BLR,DEL,BLR,Mon,9,Monsoon,Early Morning (05-08),13.2,False,False
2025-09-27,Skyline National,Full-service,DEL-BLR,DEL,BLR,Sun,9,Monsoon,Afternoon (11-15),6.8,False,False
2025-12-25,IndiFly,LCC,BOM-BLR,BOM,BLR,Sun,12,Winter,Early Morning (05-08),6.4,False,False
2025-03-08,Metro Express,LCC,DEL-PNQ,DEL,PNQ,Fri,3,Spring,Morning (08-11),8.4,False,False
2025-11-02,IndiFly,LCC,DEL-HYD,DEL,HYD,Sun,11,Post-Monsoon,Evening (15-19),10.2,False,False
2025-05-14,IndiFly,LCC,BOM-BLR,BOM,BLR,Sun,5,Summer,Evening (15-19),6.5,False,False
2025-01-15,Metro Express,LCC,DEL-HYD,DEL,HYD,Tue,1,Winter,Early Morning (05-08),17.6,True,False
2025-04-16,Metro Express,LCC,BOM-COK,BOM,COK,Sat,4,Spring,Evening (15-19),4.3,False,False
2025-03-15,IndiFly,LCC,DEL-BOM,DEL,BOM,Wed,3,Spring,Night (19-23),6.8,False,False
2025-06-09,IndiFly,LCC,DEL-CCU,DEL,CCU,Sun,6,Summer,Evening (15-19),12.5,False,False
2025-05-02,Metro Express,LCC,DEL-CCU,DEL,CCU,Thu,5,Summer,Afternoon (11-15),11.9,False,False
2025-12-07,Metro Express,LCC,DEL-BOM,DEL,BOM,Wed,12,Winter,Morning (08-11),19.4,True,False
2025-07-24,IndiFly,LCC,COK-BOM,COK,BOM,Fri,7,Monsoon,Night (19-23),14.9,False,False
2025-03-02,Metro Express,LCC,DEL-AMD,DEL,AMD,Sat,3,Spring,Morning (08-11),5.5,False,False
2025-10-25,Skyline National,Full-service,DEL-AMD,DEL,AMD,Tue,10,Post-Monsoon,Afternoon (11-15),9.1,False,False
2025-07-09,Metro Express,LCC,MAA-CCU,MAA,CCU,Sun,7,Monsoon,Early Morning (05-08),2.9,False,False
2025-09-20,Metro Express,LCC,BLR-HYD,BLR,HYD,Thu,9,Monsoon,Afternoon (11-15),4.9,False,False
2025-01-08,IndiFly,LCC,DEL-AMD,DEL,AMD,Sun,1,Winter,Evening (15-19),14.8,False,False
2025-03-02,IndiFly,LCC,BLR-HYD,BLR,HYD,Sat,3,Spring,Early Morning (05-08),2.1,False,False
2025-08-14,Skyline National,Full-service,BOM-COK,BOM,COK,Fri,8,Monsoon,Early Morning (05-08),7.2,False,False
2025-05-27,BlueSky Air,Full-service,DEL-BOM,DEL,BOM,Fri,5,Summer,Afternoon (11-15),7.4,False,False
2025-10-01,IndiFly,LCC,DEL-HYD,DEL,HYD,Tue,10,Post-Monsoon,Afternoon (11-15),3.9,False,False
2025-01-28,IndiFly,LCC,DEL-HYD,DEL,HYD,Mon,1,Winter,Afternoon (11-15),12.6,False,False
2025-05-19,BlueSky Air,Full-service,DEL-GOI,DEL,GOI,Tue,5,Summer,Morning (08-11),4.8,False,False
2025-02-28,IndiFly,LCC,DEL-CCU,DEL,CCU,Sun,2,Winter,Afternoon (11-15),7.9,False,False
2025-09-08,IndiFly,LCC,DEL-CCU,DEL,CCU,Fri,9,Monsoon,Early Morning (05-08),4.8,False,False
2025-12-20,IndiFly,LCC,BOM-BLR,BOM,BLR,Sun,12,Winter,Night (19-23),5.7,False,False
2025-12-06,BlueSky Air,Full-service,DEL-BOM,DEL,BOM,Sun,12,Winter,Afternoon (11-15),15.4,True,False
2025-07-02,Coastal Wings,Regional/turboprop,DEL-CCU,DEL,CCU,Tue,7,Monsoon,Night (19-23),20.4,True,False
2025-03-18,Skyline National,Full-service,BOM-GOI,BOM,GOI,Sat,3,Spring,Morning (08-11),3.9,False,False
2025-09-28,IndiFly,LCC,BLR-HYD,BLR,HYD,Fri,9,Monsoon,Afternoon (11-15),6.1,False,False
2025-09-01,Skyline National,Full-service,DEL-BLR,DEL,BLR,Sat,9,Monsoon,Evening (15-19),3.6,False,False
2025-02-12,BlueSky Air,Full-service,DEL-BLR,DEL,BLR,Sun,2,Winter,Night (19-23),4.9,False,False
2025-01-19,IndiFly,LCC,DEL-CCU,DEL,CCU,Tue,1,Winter,Early Morning (05-08),10.1,False,False
2025-03-26,IndiFly,LCC,DEL-BOM,DEL,BOM,Wed,3,Spring,Night (19-23),6.9,False,False
2025-07-19,Skyline National,Full-service,DEL-BLR,DEL,BLR,Fri,7,Monsoon,Night (19-23),22.9,True,False
2025-05-28,IndiFly,LCC,COK-BOM,COK,BOM,Tue,5,Summer,Morning (08-11),2.9,False,False
2025-12-24,Metro Express,LCC,BOM-BLR,BOM,BLR,Fri,12,Winter,Night (19-23),5.2,False,False
2025-03-19,IndiFly,LCC,BOM-BLR,BOM,BLR,Mon,3,Spring,Afternoon (11-15),4.9,False,False
2025-03-02,Skyline National,Full-service,BOM-COK,BOM,COK,Mon,3,Spring,Early Morning (05-08),2.3,False,False
2025-01-13,IndiFly,LCC,DEL-BOM,DEL,BOM,Tue,1,Winter,Afternoon (11-15),16.3,True,False
2025-02-23,IndiFly,LCC,DEL-HYD,DEL,HYD,Tue,2,Winter,Early Morning (05-08),4.9,False,False
2025-08-11,Metro Express,LCC,BLR-COK,BLR,COK,Tue,8,Monsoon,Evening (15-19),12.5,False,False
2025-07-04,BlueSky Air,Full-service,COK-BOM,COK,BOM,Thu,7,Monsoon,Night (19-23),38.8,True,False
2025-03-23,IndiFly,LCC,DEL-BOM,DEL,BOM,Mon,3,Spring,Early Morning (05-08),10.2,False,False
2025-12-25,Metro Express,LCC,BOM-BLR,BOM,BLR,Tue,12,Winter,Early Morning (05-08),9.5,False,False
2025-08-19,IndiFly,LCC,MAA-CCU,MAA,CCU,Thu,8,Monsoon,Evening (15-19),3.9,False,False
2025-03-05,BlueSky Air,Full-service,DEL-BLR,DEL,BLR,Mon,3,Spring,Afternoon (11-15),3.9,False,False
2025-09-26,BlueSky Air,Full-service,DEL-AMD,DEL,AMD,Mon,9,Monsoon,Afternoon (11-15),10.2,False,False
2025-07-16,BlueSky Air,Full-service,BOM-GOI,BOM,GOI,Sat,7,Monsoon,Morning (08-11),15.9,True,False
2025-01-06,IndiFly,LCC,MAA-CCU,MAA,CCU,Wed,1,Winter,Afternoon (11-15),6.9,False,False
2025-11-17,IndiFly,LCC,BOM-GOI,BOM,GOI,Sun,11,Post-Monsoon,Evening (15-19),14.3,False,False
2025-06-23,BlueSky Air,Full-service,BLR-COK,BLR,COK,Thu,6,Summer,Evening (15-19),8.1,False,False
2025-03-12,Metro Express,LCC,DEL-AMD,DEL,AMD,Wed,3,Spring,Night (19-23),6.5,False,False
2025-03-06,Metro Express,LCC,DEL-CCU,DEL,CCU,Sun,3,Spring,Morning (08-11),14.8,False,False
2025-07-06,Skyline National,Full-service,DEL-GOI,DEL,GOI,Sun,7,Monsoon,Night (19-23),12.5,False,False
2025-03-26,IndiFly,LCC,DEL-BOM,DEL,BOM,Tue,3,Spring,Morning (08-11),5.1,False,False
2025-10-23,BlueSky Air,Full-service,DEL-PNQ,DEL,PNQ,Sat,10,Post-Monsoon,Afternoon (11-15),3.1,False,False
2025-06-27,Metro Express,LCC,DEL-BOM,DEL,BOM,Sun,6,Summer,Early Morning (05-08),9.2,False,False
2025-01-01,Metro Express,LCC,BOM-BLR,BOM,BLR,Sat,1,Winter,Morning (08-11),2.8,False,False
2025-04-18,IndiFly,LCC,DEL-HYD,DEL,HYD,Fri,4,Spring,Early Morning (05-08),3.5,False,False
2025-01-23,Coastal Wings,Regional/turboprop,DEL-BLR,DEL,BLR,Mon,1,Winter,Afternoon (11-15),12.6,False,False
2025-11-24,IndiFly,LCC,DEL-BOM,DEL,BOM,Thu,11,Post-Monsoon,Night (19-23),3.8,False,False
2025-09-23,Metro Express,LCC,DEL-BLR,DEL,BLR,Wed,9,Monsoon,Early Morning (05-08),8.3,False,False
2025-07-22,IndiFly,LCC,DEL-BOM,DEL,BOM,Tue,7,Monsoon,Night (19-23),14.6,False,False
2025-01-21,IndiFly,LCC,DEL-HYD,DEL,HYD,Sun,1,Winter,Evening (15-19),14.3,False,False
2025-05-04,IndiFly,LCC,BOM-BLR,BOM,BLR,Sat,5,Summer,Early Morning (05-08),3.2,False,False
2025-07-25,Metro Express,LCC,BOM-GOI,BOM,GOI,Mon,7,Monsoon,Afternoon (11-15),23.8,True,False
2025-02-16,Skyline National,Full-service,COK-BOM,COK,BOM,Wed,2,Winter,Night (19-23),3.1,False,False
2025-10-20,IndiFly,LCC,MAA-CCU,MAA,CCU,Fri,10,Post-Monsoon,Early Morning (05-08),3.3,False,False
2025-05-09,IndiFly,LCC,DEL-BLR,DEL,BLR,Sun,5,Summer,Morning (08-11),4.3,False,False
2025-10-09,IndiFly,LCC,DEL-PNQ,DEL,PNQ,Thu,10,Post-Monsoon,Afternoon (11-15),5.2,False,False
2025-01-09,IndiFly,LCC,DEL-CCU,DEL,CCU,Sat,1,Winter,Afternoon (11-15),4.4,False,False
2025-11-11,IndiFly,LCC,MAA-CCU,MAA,CCU,Thu,11,Post-Monsoon,Evening (15-19),3.9,False,False
2025-10-01,IndiFly,LCC,BLR-HYD,BLR,HYD,Sun,10,Post-Monsoon,Evening (15-19),8.7,False,False
2025-05-16,IndiFly,LCC,DEL-HYD,DEL,HYD,Sun,5,Summer,Evening (15-19),6.7,False,False
2025-05-09,Metro Express,LCC,COK-BOM,COK,BOM,Tue,5,Summer,Afternoon (11-15),6.0,False,False
2025-06-14,Metro Express,LCC,BOM-COK,BOM,COK,Wed,6,Summer,Night (19-23),13.2,False,False
2025-12-20,Metro Express,LCC,DEL-PNQ,DEL,PNQ,Fri,12,Winter,Early Morning (05-08),17.3,True,False
2025-07-01,BlueSky Air,Full-service,MAA-CCU,MAA,CCU,Wed,7,Monsoon,Night (19-23),4.5,False,False
2025-12-08,Metro Express,LCC,DEL-BOM,DEL,BOM,Thu,12,Winter,Morning (08-11),12.0,False,False
2025-07-16,BlueSky Air,Full-service,DEL-BOM,DEL,BOM,Sat,7,Monsoon,Evening (15-19),4.1,False,False
2025-10-21,Skyline National,Full-service,BOM-GOI,BOM,GOI,Wed,10,Post-Monsoon,Evening (15-19),11.1,False,False
2025-04-17,BlueSky Air,Full-service,DEL-HYD,DEL,HYD,Sun,4,Spring,Morning (08-11),6.7,False,False
2025-04-10,BlueSky Air,Full-service,DEL-CCU,DEL,CCU,Sat,4,Spring,Night (19-23),11.4,False,False
2025-07-01,Metro Express,LCC,BOM-GOI,BOM,GOI,Sat,7,Monsoon,Night (19-23),51.2,True,False
2025-02-23,BlueSky Air,Full-service,DEL-BOM,DEL,BOM,Thu,2,Winter,Early Morning (05-08),7.7,False,False
2025-07-22,Skyline National,Full-service,DEL-CCU,DEL,CCU,Sat,7,Monsoon,Afternoon (11-15),6.2,False,False
2025-03-19,Skyline National,Full-service,DEL-HYD,DEL,HYD,Sat,3,Spring,Night (19-23),25.7,True,False
2025-11-19,Metro Express,LCC,BOM-COK,BOM,COK,Sun,11,Post-Monsoon,Afternoon (11-15),3.3,False,False
2025-04-15,Skyline National,Full-service,BLR-HYD,BLR,HYD,Mon,4,Spring,Afternoon (11-15),5.7,False,False
2025-03-01,IndiFly,LCC,DEL-CCU,DEL,CCU,Tue,3,Spring,Evening (15-19),9.6,False,False
2025-04-11,Coastal Wings,Regional/turboprop,DEL-BOM,DEL,BOM,Wed,4,Spring,Evening (15-19),15.1,True,False
2025-07-15,Metro Express,LCC,DEL-CCU,DEL,CCU,Mon,7,Monsoon,Night (19-23),13.2,False,False
2025-06-09,Metro Express,LCC,DEL-BLR,DEL,BLR,Fri,6,Summer,Afternoon (11-15),9.7,False,False
2025-01-23,BlueSky Air,Full-service,DEL-BLR,DEL,BLR,Tue,1,Winter,Evening (15-19),12.8,False,False
2025-01-13,Metro Express,LCC,MAA-CCU,MAA,CCU,Sat,1,Winter,Morning (08-11),9.6,False,False
2025-10-28,Metro Express,LCC,BOM-COK,BOM,COK,Sun,10,Post-Monsoon,Evening (15-19),13.2,False,False
2025-11-17,Coastal Wings,Regional/turboprop,DEL-AMD,DEL,AMD,Mon,11,Post-Monsoon,Morning (08-11),4.0,False,False
2025-03-14,Metro Express,LCC,DEL-GOI,DEL,GOI,Sat,3,Spring,Morning (08-11),6.8,False,False
2025-11-28,BlueSky Air,Full-service,DEL-BOM,DEL,BOM,Sun,11,Post-Monsoon,Early Morning (05-08),3.9,False,False
2025-11-28,Coastal Wings,Regional/turboprop,DEL-CCU,DEL,CCU,Sun,11,Post-Monsoon,Morning (08-11),5.0,False,False
2025-08-05,IndiFly,LCC,MAA-CCU,MAA,CCU,Fri,8,Monsoon,Afternoon (11-15),7.6,False,False
2025-05-03,BlueSky Air,Full-service,BOM-GOI,BOM,GOI,Mon,5,Summer,Afternoon (11-15),1.8,False,False
2025-07-28,BlueSky Air,Full-service,COK-BOM,COK,BOM,Mon,7,Monsoon,Early Morning (05-08),15.6,True,False
2025-07-07,Skyline National,Full-service,HYD-MAA,HYD,MAA,Sat,7,Monsoon,Night (19-23),4.7,False,False
2025-03-21,BlueSky Air,Full-service,BOM-COK,BOM,COK,Wed,3,Spring,Morning (08-11),5.1,False,False
2025-12-24,IndiFly,LCC,DEL-BLR,DEL,BLR,Wed,12,Winter,Night (19-23),9.0,False,False
2025-04-15,Coastal Wings,Regional/turboprop,DEL-BLR,DEL,BLR,Wed,4,Spring,Morning (08-11),4.2,False,False
2025-12-02,Metro Express,LCC,DEL-PNQ,DEL,PNQ,Tue,12,Winter,Evening (15-19),16.9,True,False
2025-12-10,Metro Express,LCC,MAA-CCU,MAA,CCU,Mon,12,Winter,Morning (08-11),3.3,False,False
2025-08-26,BlueSky Air,Full-service,DEL-AMD,DEL,AMD,Wed,8,Monsoon,Evening (15-19),3.8,False,False
2025-09-05,Skyline National,Full-service,COK-BOM,COK,BOM,Mon,9,Monsoon,Morning (08-11),19.7,True,False
2025-04-05,BlueSky Air,Full-service,DEL-HYD,DEL,HYD,Tue,4,Spring,Afternoon (11-15),4.9,False,False
2025-05-19,BlueSky Air,Full-service,DEL-CCU,DEL,CCU,Mon,5,Summer,Early Morning (05-08),5.7,False,False
2025-03-05,Skyline National,Full-service,COK-BOM,COK,BOM,Sat,3,Spring,Early Morning (05-08),3.6,False,False
2025-10-05,IndiFly,LCC,DEL-HYD,DEL,HYD,Mon,10,Post-Monsoon,Morning (08-11),5.5,False,False
2025-04-12,BlueSky Air,Full-service,DEL-HYD,DEL,HYD,Thu,4,Spring,Evening (15-19),8.1,False,False
2025-12-20,Skyline National,Full-service,DEL-CCU,DEL,CCU,Sun,12,Winter,Night (19-23),32.2,True,False
2025-12-16,Metro Express,LCC,BOM-GOI,BOM,GOI,Thu,12,Winter,Evening (15-19),6.4,False,False
2025-03-02,IndiFly,LCC,DEL-BLR,DEL,BLR,Fri,3,Spring,Night (19-23),22.5,True,False
2025-09-24,IndiFly,LCC,DEL-BLR,DEL,BLR,Tue,9,Monsoon,Night (19-23),11.3,False,False
2025-02-10,IndiFly,LCC,DEL-BOM,DEL,BOM,Wed,2,Winter,Early Morning (05-08),8.6,False,False
2025-11-08,Skyline National,Full-service,BLR-HYD,BLR,HYD,Sun,11,Post-Monsoon,Early Morning (05-08),3.5,False,False
2025-09-26,Metro Express,LCC,DEL-BOM,DEL,BOM,Fri,9,Monsoon,Afternoon (11-15),4.7,False,False
2025-09-14,IndiFly,LCC,DEL-CCU,DEL,CCU,Sat,9,Monsoon,Morning (08-11),9.4,False,False
2025-05-01,BlueSky Air,Full-service,DEL-AMD,DEL,AMD,Wed,5,Summer,Evening (15-19),6.6,False,False
2025-07-14,IndiFly,LCC,DEL-GOI,DEL,GOI,Fri,7,Monsoon,Night (19-23),13.0,False,False
2025-09-27,Coastal Wings,Regional/turboprop,DEL-GOI,DEL,GOI,Mon,9,Monsoon,Evening (15-19),20.4,True,False
2025-08-05,Metro Express,LCC,BOM-BLR,BOM,BLR,Sun,8,Monsoon,Evening (15-19),20.4,True,False
2025-08-09,IndiFly,LCC,DEL-GOI,DEL,GOI,Mon,8,Monsoon,Evening (15-19),17.9,True,False
2025-01-16,Skyline National,Full-service,DEL-BOM,DEL,BOM,Thu,1,Winter,Afternoon (11-15),17.2,True,False
2025-04-17,BlueSky Air,Full-service,DEL-BOM,DEL,BOM,Thu,4,Spring,Early Morning (05-08),5.6,False,False
2025-05-09,Skyline National,Full-service,MAA-CCU,MAA,CCU,Sun,5,Summer,Afternoon (11-15),3.9,False,False
2025-03-25,Coastal Wings,Regional/turboprop,DEL-HYD,DEL,HYD,Tue,3,Spring,Morning (08-11),0.0,False,True
2025-02-25,Skyline National,Full-service,DEL-HYD,DEL,HYD,Sun,2,Winter,Evening (15-19),20.5,True,False
2025-06-03,BlueSky Air,Full-service,MAA-CCU,MAA,CCU,Thu,6,Summer,Evening (15-19),6.2,False,False
2025-01-20,Metro Express,LCC,BLR-COK,BLR,COK,Sun,1,Winter,Early Morning (05-08),15.1,True,False
2025-12-26,BlueSky Air,Full-service,DEL-BOM,DEL,BOM,Mon,12,Winter,Morning (08-11),26.4,True,False
2025-08-27,Coastal Wings,Regional/turboprop,DEL-BOM,DEL,BOM,Thu,8,Monsoon,Early Morning (05-08),5.6,False,False
2025-06-10,Skyline National,Full-service,DEL-AMD,DEL,AMD,Mon,6,Summer,Afternoon (11-15),4.4,False,False
2025-09-01,IndiFly,LCC,DEL-BOM,DEL,BOM,Sat,9,Monsoon,Morning (08-11),6.0,False,False
2025-09-12,BlueSky Air,Full-service,DEL-BOM,DEL,BOM,Sun,9,Monsoon,Afternoon (11-15),5.7,False,False
2025-08-18,BlueSky Air,Full-service,DEL-BOM,DEL,BOM,Fri,8,Monsoon,Early Morning (05-08),5.1,False,False
2025-05-23,IndiFly,LCC,COK-BOM,COK,BOM,Thu,5,Summer,Evening (15-19),3.7,False,False
2025-01-07,BlueSky Air,Full-service,DEL-BOM,DEL,BOM,Fri,1,Winter,Night (19-23),16.5,True,False
2025-01-17,Skyline National,Full-service,DEL-HYD,DEL,HYD,Sat,1,Winter,Night (19-23),12.9,False,False
2025-10-03,BlueSky Air,Full-service,BOM-COK,BOM,COK,Fri,10,Post-Monsoon,Night (19-23),18.0,True,False
2025-04-22,Skyline National,Full-service,DEL-BOM,DEL,BOM,Sun,4,Spring,Night (19-23),4.4,False,False
2025-07-08,BlueSky Air,Full-service,BOM-BLR,BOM,BLR,Tue,7,Monsoon,Evening (15-19),2.9,False,False
2025-11-06,Coastal Wings,Regional/turboprop,DEL-PNQ,DEL,PNQ,Tue,11,Post-Monsoon,Early Morning (05-08),4.0,False,False
2025-06-23,Metro Express,LCC,BLR-COK,BLR,COK,Wed,6,Summer,Morning (08-11),13.9,False,False
2025-04-03,Skyline National,Full-service,DEL-GOI,DEL,GOI,Thu,4,Spring,Evening (15-19),5.6,False,False
2025-10-09,BlueSky Air,Full-service,BLR-HYD,BLR,HYD,Thu,10,Post-Monsoon,Night (19-23),6.0,False,False
2025-06-23,Skyline National,Full-service,DEL-BLR,DEL,BLR,Sun,6,Summer,Afternoon (11-15),6.2,False,False
2025-09-15,IndiFly,LCC,BOM-GOI,BOM,GOI,Mon,9,Monsoon,Morning (08-11),9.6,False,False
2025-07-27,IndiFly,LCC,DEL-HYD,DEL,HYD,Mon,7,Monsoon,Morning (08-11),3.4,False,False
2025-01-20,BlueSky Air,Full-service,DEL-HYD,DEL,HYD,Fri,1,Winter,Afternoon (11-15),4.1,False,False
2025-01-05,Skyline National,Full-service,DEL-BLR,DEL,BLR,Wed,1,Winter,Early Morning (05-08),31.5,True,False
2025-10-12,Metro Express,LCC,BOM-GOI,BOM,GOI,Tue,10,Post-Monsoon,Night (19-23),12.0,False,False
2025-09-14,IndiFly,LCC,BOM-COK,BOM,COK,Mon,9,Monsoon,Early Morning (05-08),25.0,True,False
2025-12-18,IndiFly,LCC,BOM-BLR,BOM,BLR,Fri,12,Winter,Morning (08-11),4.1,False,False
2025-09-04,IndiFly,LCC,DEL-BOM,DEL,BOM,Sat,9,Monsoon,Afternoon (11-15),6.5,False,False
2025-05-25,IndiFly,LCC,MAA-CCU,MAA,CCU,Wed,5,Summer,Morning (08-11),4.5,False,False
2025-08-20,BlueSky Air,Full-service,DEL-BLR,DEL,BLR,Thu,8,Monsoon,Early Morning (05-08),7.9,False,False
2025-07-27,Skyline National,Full-service,DEL-BOM,DEL,BOM,Tue,7,Monsoon,Morning (08-11),6.9,False,False
2025-07-13,Skyline National,Full-service,DEL-BLR,DEL,BLR,Mon,7,Monsoon,Early Morning (05-08),5.1,False,False
2025-04-22,Metro Express,LCC,DEL-BOM,DEL,BOM,Mon,4,Spring,Early Morning (05-08),5.0,False,False
2025-06-14,Metro Express,LCC,DEL-PNQ,DEL,PNQ,Mon,6,Summer,Morning (08-11),6.4,False,False
2025-04-19,IndiFly,LCC,DEL-BOM,DEL,BOM,Wed,4,Spring,Morning (08-11),8.3,False,False
2025-04-04,IndiFly,LCC,BLR-HYD,BLR,HYD,Sat,4,Spring,Night (19-23),13.7,False,False
2025-02-19,IndiFly,LCC,BLR-HYD,BLR,HYD,Sat,2,Winter,Early Morning (05-08),7.4,False,False
2025-05-28,Metro Express,LCC,BLR-COK,BLR,COK,Sat,5,Summer,Afternoon (11-15),3.5,False,False
2025-06-23,BlueSky Air,Full-service,DEL-BLR,DEL,BLR,Fri,6,Summer,Afternoon (11-15),7.9,False,False
2025-08-02,Coastal Wings,Regional/turboprop,DEL-HYD,DEL,HYD,Sun,8,Monsoon,Early Morning (05-08),4.5,False,False
2025-09-09,Metro Express,LCC,BLR-HYD,BLR,HYD,Tue,9,Monsoon,Night (19-23),6.5,False,False
2025-12-20,Skyline National,Full-service,DEL-BOM,DEL,BOM,Sat,12,Winter,Afternoon (11-15),16.1,True,False
2025-03-27,Coastal Wings,Regional/turboprop,BOM-BLR,BOM,BLR,Thu,3,Spring,Night (19-23),14.8,False,False
2025-04-20,IndiFly,LCC,BOM-GOI,BOM,GOI,Sat,4,Spring,Early Morning (05-08),9.7,False,False
2025-03-01,IndiFly,LCC,DEL-BLR,DEL,BLR,Fri,3,Spring,Early Morning (05-08),5.4,False,False
2025-03-07,IndiFly,LCC,BOM-BLR,BOM,BLR,Wed,3,Spring,Afternoon (11-15),2.7,False,False
2025-08-11,BlueSky Air,Full-service,DEL-PNQ,DEL,PNQ,Sun,8,Monsoon,Morning (08-11),2.6,False,False
2025-08-11,IndiFly,LCC,DEL-HYD,DEL,HYD,Thu,8,Monsoon,Afternoon (11-15),9.2,False,False
2025-12-27,IndiFly,LCC,DEL-BOM,DEL,BOM,Thu,12,Winter,Evening (15-19),13.7,False,False
2025-08-15,Skyline National,Full-service,BOM-GOI,BOM,GOI,Tue,8,Monsoon,Morning (08-11),10.5,False,False
2025-08-01,Metro Express,LCC,BOM-BLR,BOM,BLR,Sun,8,Monsoon,Afternoon (11-15),4.2,False,False
2025-06-06,Skyline National,Full-service,BOM-BLR,BOM,BLR,Fri,6,Summer,Afternoon (11-15),5.0,False,False
2025-12-10,Skyline National,Full-service,BOM-COK,BOM,COK,Sat,12,Winter,Early Morning (05-08),9.4,False,False
2025-07-15,BlueSky Air,Full-service,BOM-GOI,BOM,GOI,Thu,7,Monsoon,Early Morning (05-08),16.2,True,False
2025-07-24,Skyline National,Full-service,DEL-PNQ,DEL,PNQ,Mon,7,Monsoon,Morning (08-11),6.2,False,False
2025-04-19,BlueSky Air,Full-service,DEL-BOM,DEL,BOM,Sat,4,Spring,Evening (15-19),10.8,False,False
2025-10-26,BlueSky Air,Full-service,MAA-CCU,MAA,CCU,Mon,10,Post-Monsoon,Morning (08-11),1.6,False,False
2025-05-20,Skyline National,Full-service,DEL-BOM,DEL,BOM,Sat,5,Summer,Night (19-23),5.7,False,False
2025-03-24,Metro Express,LCC,DEL-BLR,DEL,BLR,Tue,3,Spring,Night (19-23),5.9,False,False
2025-12-18,IndiFly,LCC,DEL-CCU,DEL,CCU,Sun,12,Winter,Evening (15-19),18.6,True,False
2025-12-03,IndiFly,LCC,DEL-BOM,DEL,BOM,Tue,12,Winter,Evening (15-19),14.2,False,False
2025-06-13,Skyline National,Full-service,BOM-COK,BOM,COK,Sat,6,Summer,Afternoon (11-15),32.7,True,False
2025-08-17,Skyline National,Full-service,DEL-BOM,DEL,BOM,Sat,8,Monsoon,Afternoon (11-15),8.4,False,False
2025-09-02,Skyline National,Full-service,DEL-BOM,DEL,BOM,Thu,9,Monsoon,Evening (15-19),17.0,True,False
2025-10-20,Metro Express,LCC,BLR-HYD,BLR,HYD,Fri,10,Post-Monsoon,Night (19-23),7.8,False,False
2025-11-18,Skyline National,Full-service,DEL-HYD,DEL,HYD,Tue,11,Post-Monsoon,Night (19-23),32.9,True,False
2025-01-27,IndiFly,LCC,DEL-PNQ,DEL,PNQ,Fri,1,Winter,Early Morning (05-08),8.2,False,False
2025-07-09,BlueSky Air,Full-service,DEL-AMD,DEL,AMD,Wed,7,Monsoon,Afternoon (11-15),4.1,False,False
2025-03-09,Metro Express,LCC,DEL-BOM,DEL,BOM,Thu,3,Spring,Afternoon (11-15),9.6,False,False
2025-03-10,Metro Express,LCC,DEL-CCU,DEL,CCU,Sat,3,Spring,Early Morning (05-08),2.7,False,False
2025-05-28,IndiFly,LCC,DEL-BLR,DEL,BLR,Wed,5,Summer,Morning (08-11),13.3,False,False
2025-04-07,IndiFly,LCC,DEL-BOM,DEL,BOM,Fri,4,Spring,Afternoon (11-15),8.5,False,False
2025-08-28,IndiFly,LCC,BOM-BLR,BOM,BLR,Mon,8,Monsoon,Evening (15-19),6.9,False,False
2025-05-05,IndiFly,LCC,BOM-COK,BOM,COK,Tue,5,Summer,Afternoon (11-15),5.4,False,False
2025-10-24,Metro Express,LCC,DEL-BOM,DEL,BOM,Fri,10,Post-Monsoon,Morning (08-11),5.5,False,False
2025-10-16,Metro Express,LCC,DEL-BOM,DEL,BOM,Fri,10,Post-Monsoon,Afternoon (11-15),26.0,True,False
2025-06-05,Metro Express,LCC,MAA-CCU,MAA,CCU,Fri,6,Summer,Morning (08-11),3.2,False,False
2025-01-15,IndiFly,LCC,BOM-BLR,BOM,BLR,Tue,1,Winter,Morning (08-11),12.9,False,False
2025-01-19,Coastal Wings,Regional/turboprop,BLR-COK,BLR,COK,Wed,1,Winter,Afternoon (11-15),11.5,False,False
2025-11-25,IndiFly,LCC,BOM-BLR,BOM,BLR,Fri,11,Post-Monsoon,Early Morning (05-08),8.4,False,False
2025-11-28,BlueSky Air,Full-service,BOM-BLR,BOM,BLR,Sun,11,Post-Monsoon,Night (19-23),16.7,True,False
2025-03-11,Metro Express,LCC,BLR-COK,BLR,COK,Fri,3,Spring,Morning (08-11),3.1,False,False
2025-11-15,IndiFly,LCC,BLR-HYD,BLR,HYD,Thu,11,Post-Monsoon,Morning (08-11),4.8,False,False
2025-02-17,Coastal Wings,Regional/turboprop,DEL-AMD,DEL,AMD,Thu,2,Winter,Evening (15-19),9.7,False,False
2025-09-28,BlueSky Air,Full-service,DEL-PNQ,DEL,PNQ,Thu,9,Monsoon,Evening (15-19),7.4,False,False
2025-07-01,IndiFly,LCC,BLR-COK,BLR,COK,Sat,7,Monsoon,Evening (15-19),24.6,True,False
2025-09-07,Skyline National,Full-service,BOM-BLR,BOM,BLR,Mon,9,Monsoon,Night (19-23),8.3,False,False
2025-11-21,IndiFly,LCC,DEL-CCU,DEL,CCU,Sat,11,Post-Monsoon,Early Morning (05-08),2.7,False,False
2025-09-17,Skyline National,Full-service,DEL-BOM,DEL,BOM,Tue,9,Monsoon,Morning (08-11),4.3,False,False
2025-10-18,Metro Express,LCC,BOM-BLR,BOM,BLR,Fri,10,Post-Monsoon,Night (19-23),5.3,False,False
2025-10-17,BlueSky Air,Full-service,DEL-BOM,DEL,BOM,Fri,10,Post-Monsoon,Early Morning (05-08),3.9,False,False
2025-12-27,Skyline National,Full-service,DEL-BOM,DEL,BOM,Sun,12,Winter,Evening (15-19),44.0,True,False
2025-09-09,Metro Express,LCC,DEL-AMD,DEL,AMD,Sun,9,Monsoon,Afternoon (11-15),7.1,False,False
2025-08-11,BlueSky Air,Full-service,DEL-HYD,DEL,HYD,Wed,8,Monsoon,Morning (08-11),5.8,False,False
2025-01-27,BlueSky Air,Full-service,BOM-COK,BOM,COK,Thu,1,Winter,Evening (15-19),5.5,False,False
2025-09-19,Metro Express,LCC,BOM-COK,BOM,COK,Wed,9,Monsoon,Morning (08-11),13.6,False,False
2025-01-22,Metro Express,LCC,MAA-CCU,MAA,CCU,Thu,1,Winter,Morning (08-11),2.7,False,False
2025-11-20,IndiFly,LCC,DEL-GOI,DEL,GOI,Mon,11,Post-Monsoon,Evening (15-19),5.7,False,False
2025-10-21,BlueSky Air,Full-service,DEL-BLR,DEL,BLR,Sun,10,Post-Monsoon,Afternoon (11-15),8.2,False,False
2025-01-21,IndiFly,LCC,BLR-HYD,BLR,HYD,Sun,1,Winter,Afternoon (11-15),13.3,False,False
2025-03-08,IndiFly,LCC,BOM-GOI,BOM,GOI,Thu,3,Spring,Evening (15-19),9.2,False,False
2025-12-17,Skyline National,Full-service,DEL-BLR,DEL,BLR,Sat,12,Winter,Night (19-23),51.3,True,False
2025-06-15,Metro Express,LCC,DEL-HYD,DEL,HYD,Fri,6,Summer,Evening (15-19),32.9,True,False
2025-08-15,Metro Express,LCC,DEL-HYD,DEL,HYD,Tue,8,Monsoon,Evening (15-19),20.4,True,False
2025-06-11,Skyline National,Full-service,DEL-BOM,DEL,BOM,Sat,6,Summer,Early Morning (05-08),7.2,False,False
2025-05-09,IndiFly,LCC,BOM-BLR,BOM,BLR,Mon,5,Summer,Morning (08-11),2.6,False,False
2025-03-08,BlueSky Air,Full-service,DEL-AMD,DEL,AMD,Sat,3,Spring,Evening (15-19),6.8,False,False
2025-09-20,BlueSky Air,Full-service,DEL-PNQ,DEL,PNQ,Mon,9,Monsoon,Evening (15-19),7.6,False,False
2025-03-08,BlueSky Air,Full-service,DEL-CCU,DEL,CCU,Sat,3,Spring,Night (19-23),16.9,True,False
2025-08-19,Metro Express,LCC,BOM-BLR,BOM,BLR,Sun,8,Monsoon,Morning (08-11),36.1,True,False
2025-05-27,Metro Express,LCC,MAA-CCU,MAA,CCU,Mon,5,Summer,Early Morning (05-08),3.1,False,False
2025-11-07,IndiFly,LCC,BOM-GOI,BOM,GOI,Sun,11,Post-Monsoon,Early Morning (05-08),6.6,False,False
2025-12-22,Skyline National,Full-service,BOM-COK,BOM,COK,Tue,12,Winter,Evening (15-19),4.3,False,False
2025-01-05,Skyline National,Full-service,DEL-BLR,DEL,BLR,Fri,1,Winter,Night (19-23),25.3,True,False
2025-05-03,Skyline National,Full-service,DEL-BLR,DEL,BLR,Thu,5,Summer,Night (19-23),6.9,False,False
2025-01-15,BlueSky Air,Full-service,DEL-PNQ,DEL,PNQ,Tue,1,Winter,Morning (08-11),30.0,True,False
2025-06-18,Metro Express,LCC,BOM-COK,BOM,COK,Wed,6,Summer,Evening (15-19),28.7,True,False
2025-03-03,Metro Express,LCC,BLR-COK,BLR,COK,Fri,3,Spring,Evening (15-19),6.6,False,False
2025-02-08,Coastal Wings,Regional/turboprop,COK-BOM,COK,BOM,Sun,2,Winter,Evening (15-19),7.0,False,False
2025-12-16,IndiFly,LCC,DEL-CCU,DEL,CCU,Sun,12,Winter,Afternoon (11-15),16.0,True,False
2025-04-07,Metro Express,LCC,DEL-AMD,DEL,AMD,Sun,4,Spring,Night (19-23),19.5,True,False
2025-04-14,IndiFly,LCC,DEL-CCU,DEL,CCU,Thu,4,Spring,Afternoon (11-15),3.1,False,False
2025-01-05,Metro Express,LCC,BLR-COK,BLR,COK,Wed,1,Winter,Evening (15-19),23.6,True,False
2025-11-23,Skyline National,Full-service,DEL-BOM,DEL,BOM,Tue,11,Post-Monsoon,Morning (08-11),9.5,False,False
2025-07-18,IndiFly,LCC,DEL-HYD,DEL,HYD,Tue,7,Monsoon,Night (19-23),8.7,False,False
2025-02-11,Metro Express,LCC,BOM-GOI,BOM,GOI,Tue,2,Winter,Evening (15-19),5.0,False,False
2025-04-25,IndiFly,LCC,DEL-BLR,DEL,BLR,Sun,4,Spring,Morning (08-11),6.1,False,False
2025-07-27,Metro Express,LCC,BOM-BLR,BOM,BLR,Mon,7,Monsoon,Early Morning (05-08),5.3,False,False
2025-06-24,IndiFly,LCC,DEL-CCU,DEL,CCU,Sat,6,Summer,Morning (08-11),8.1,False,False
2025-11-15,IndiFly,LCC,DEL-BLR,DEL,BLR,Thu,11,Post-Monsoon,Night (19-23),5.3,False,False
2025-09-11,IndiFly,LCC,DEL-GOI,DEL,GOI,Mon,9,Monsoon,Night (19-23),18.7,True,False
2025-05-22,Coastal Wings,Regional/turboprop,BLR-COK,BLR,COK,Wed,5,Summer,Night (19-23),7.7,False,False
2025-05-16,Metro Express,LCC,DEL-CCU,DEL,CCU,Sun,5,Summer,Morning (08-11),4.1,False,False
2025-02-12,Metro Express,LCC,BLR-HYD,BLR,HYD,Sat,2,Winter,Afternoon (11-15),9.1,False,False
2025-10-15,IndiFly,LCC,DEL-AMD,DEL,AMD,Fri,10,Post-Monsoon,Afternoon (11-15),8.5,False,False
2025-01-19,Skyline National,Full-service,DEL-BOM,DEL,BOM,Wed,1,Winter,Morning (08-11),16.1,True,False
2025-01-02,Metro Express,LCC,DEL-HYD,DEL,HYD,Mon,1,Winter,Evening (15-19),12.8,False,False
2025-04-14,IndiFly,LCC,DEL-BOM,DEL,BOM,Thu,4,Spring,Afternoon (11-15),8.7,False,False
2025-09-11,BlueSky Air,Full-service,DEL-HYD,DEL,HYD,Thu,9,Monsoon,Morning (08-11),4.2,False,False
2025-01-05,BlueSky Air,Full-service,BOM-COK,BOM,COK,Sun,1,Winter,Afternoon (11-15),6.4,False,False
2025-05-06,BlueSky Air,Full-service,DEL-HYD,DEL,HYD,Sat,5,Summer,Evening (15-19),4.9,False,False
2025-06-27,Skyline National,Full-service,DEL-BOM,DEL,BOM,Tue,6,Summer,Early Morning (05-08),6.4,False,False
2025-10-05,IndiFly,LCC,BLR-HYD,BLR,HYD,Mon,10,Post-Monsoon,Early Morning (05-08),3.0,False,False
2025-05-02,IndiFly,LCC,MAA-CCU,MAA,CCU,Mon,5,Summer,Night (19-23),3.9,False,False
2025-07-05,BlueSky Air,Full-service,DEL-BOM,DEL,BOM,Sat,7,Monsoon,Early Morning (05-08),10.1,False,False
2025-04-08,IndiFly,LCC,DEL-CCU,DEL,CCU,Fri,4,Spring,Early Morning (05-08),3.5,False,False
2025-04-06,Metro Express,LCC,BLR-COK,BLR,COK,Tue,4,Spring,Evening (15-19),4.4,False,False
2025-05-06,IndiFly,LCC,DEL-BOM,DEL,BOM,Fri,5,Summer,Morning (08-11),6.6,False,False
2025-04-09,BlueSky Air,Full-service,DEL-HYD,DEL,HYD,Tue,4,Spring,Evening (15-19),11.7,False,False
2025-11-16,Metro Express,LCC,BOM-GOI,BOM,GOI,Sat,11,Post-Monsoon,Night (19-23),11.9,False,False
2025-06-13,BlueSky Air,Full-service,DEL-PNQ,DEL,PNQ,Sun,6,Summer,Evening (15-19),4.5,False,False
2025-06-19,Coastal Wings,Regional/turboprop,DEL-HYD,DEL,HYD,Sun,6,Summer,Early Morning (05-08),7.3,False,False
2025-11-17,Metro Express,LCC,DEL-BLR,DEL,BLR,Mon,11,Post-Monsoon,Evening (15-19),7.8,False,False
2025-04-13,Skyline National,Full-service,DEL-HYD,DEL,HYD,Sun,4,Spring,Afternoon (11-15),6.1,False,False
2025-07-14,Coastal Wings,Regional/turboprop,BOM-BLR,BOM,BLR,Sat,7,Monsoon,Morning (08-11),4.3,False,False
2025-03-25,BlueSky Air,Full-service,DEL-GOI,DEL,GOI,Sat,3,Spring,Night (19-23),8.6,False,False
2025-12-25,IndiFly,LCC,DEL-BLR,DEL,BLR,Thu,12,Winter,Afternoon (11-15),16.0,True,False
2025-07-07,Skyline National,Full-service,DEL-AMD,DEL,AMD,Sat,7,Monsoon,Evening (15-19),4.4,False,False
2025-04-22,Metro Express,LCC,BLR-HYD,BLR,HYD,Fri,4,Spring,Early Morning (05-08),6.7,False,False
2025-09-26,BlueSky Air,Full-service,BOM-COK,BOM,COK,Sat,9,Monsoon,Early Morning (05-08),15.3,True,False
2025-04-23,Skyline National,Full-service,BOM-GOI,BOM,GOI,Thu,4,Spring,Early Morning (05-08),3.5,False,False
2025-12-06,IndiFly,LCC,DEL-BOM,DEL,BOM,Sun,12,Winter,Night (19-23),20.7,True,False
2025-12-09,BlueSky Air,Full-service,DEL-BOM,DEL,BOM,Fri,12,Winter,Morning (08-11),18.3,True,False
2025-05-27,Metro Express,LCC,BOM-BLR,BOM,BLR,Tue,5,Summer,Evening (15-19),7.0,False,False
2025-04-20,Metro Express,LCC,DEL-GOI,DEL,GOI,Mon,4,Spring,Afternoon (11-15),16.6,True,False
2025-04-13,BlueSky Air,Full-service,BOM-BLR,BOM,BLR,Sun,4,Spring,Afternoon (11-15),5.8,False,False
2025-12-13,IndiFly,LCC,BOM-COK,BOM,COK,Sat,12,Winter,Morning (08-11),5.4,False,False
2025-09-08,BlueSky Air,Full-service,DEL-HYD,DEL,HYD,Tue,9,Monsoon,Morning (08-11),4.4,False,False
2025-10-20,Metro Express,LCC,DEL-AMD,DEL,AMD,Wed,10,Post-Monsoon,Evening (15-19),2.6,False,False
2025-04-16,IndiFly,LCC,BLR-COK,BLR,COK,Sat,4,Spring,Afternoon (11-15),5.9,False,False
2025-05-02,IndiFly,LCC,DEL-PNQ,DEL,PNQ,Sun,5,Summer,Afternoon (11-15),12.5,False,False
2025-02-09,Metro Express,LCC,DEL-BLR,DEL,BLR,Fri,2,Winter,Early Morning (05-08),5.9,False,False
2025-02-25,BlueSky Air,Full-service,DEL-AMD,DEL,AMD,Mon,2,Winter,Early Morning (05-08),3.6,False,False
2025-09-27,Skyline National,Full-service,DEL-BLR,DEL,BLR,Thu,9,Monsoon,Night (19-23),11.0,False,False
2025-04-10,Skyline National,Full-service,BOM-COK,BOM,COK,Tue,4,Spring,Early Morning (05-08),6.1,False,False
2025-01-07,BlueSky Air,Full-service,COK-BOM,COK,BOM,Wed,1,Winter,Early Morning (05-08),4.0,False,False
2025-10-04,BlueSky Air,Full-service,BOM-GOI,BOM,GOI,Tue,10,Post-Monsoon,Night (19-23),5.1,False,False
2025-02-26,IndiFly,LCC,DEL-AMD,DEL,AMD,Thu,2,Winter,Early Morning (05-08),2.7,False,False
2025-05-15,Skyline National,Full-service,HYD-MAA,HYD,MAA,Sat,5,Summer,Night (19-23),3.4,False,False
2025-02-05,BlueSky Air,Full-service,BOM-BLR,BOM,BLR,Sun,2,Winter,Afternoon (11-15),2.9,False,False
2025-07-16,Skyline National,Full-service,BOM-COK,BOM,COK,Sun,7,Monsoon,Afternoon (11-15),13.7,False,False
2025-11-16,Skyline National,Full-service,DEL-BOM,DEL,BOM,Wed,11,Post-Monsoon,Evening (15-19),4.4,False,False
2025-04-21,BlueSky Air,Full-service,BOM-BLR,BOM,BLR,Tue,4,Spring,Early Morning (05-08),3.7,False,False
2025-03-13,BlueSky Air,Full-service,BLR-COK,BLR,COK,Mon,3,Spring,Afternoon (11-15),2.9,False,False
2025-08-24,Metro Express,LCC,BLR-HYD,BLR,HYD,Wed,8,Monsoon,Night (19-23),1.5,False,False
2025-12-15,BlueSky Air,Full-service,DEL-BOM,DEL,BOM,Fri,12,Winter,Afternoon (11-15),21.8,True,False
2025-10-08,BlueSky Air,Full-service,BOM-GOI,BOM,GOI,Mon,10,Post-Monsoon,Early Morning (05-08),2.3,False,False
2025-11-13,Metro Express,LCC,BOM-GOI,BOM,GOI,Tue,11,Post-Monsoon,Morning (08-11),3.0,False,False
2025-07-13,BlueSky Air,Full-service,BOM-GOI,BOM,GOI,Tue,7,Monsoon,Evening (15-19),8.4,False,False
2025-11-09,BlueSky Air,Full-service,DEL-BOM,DEL,BOM,Mon,11,Post-Monsoon,Night (19-23),3.2,False,False
2025-03-09,Coastal Wings,Regional/turboprop,DEL-HYD,DEL,HYD,Mon,3,Spring,Evening (15-19),10.3,False,False
2025-07-14,IndiFly,LCC,BLR-COK,BLR,COK,Fri,7,Monsoon,Afternoon (11-15),12.1,False,False
2025-02-04,IndiFly,LCC,BOM-GOI,BOM,GOI,Wed,2,Winter,Night (19-23),12.6,False,False
2025-03-10,IndiFly,LCC,DEL-BLR,DEL,BLR,Mon,3,Spring,Afternoon (11-15),6.8,False,False
2025-10-10,Metro Express,LCC,BOM-COK,BOM,COK,Mon,10,Post-Monsoon,Early Morning (05-08),2.5,False,False
2025-04-12,Metro Express,LCC,DEL-PNQ,DEL,PNQ,Sun,4,Spring,Early Morning (05-08),3.0,False,False
2025-06-07,Skyline National,Full-service,DEL-GOI,DEL,GOI,Wed,6,Summer,Night (19-23),0.0,False,True
2025-11-23,Coastal Wings,Regional/turboprop,BOM-BLR,BOM,BLR,Sat,11,Post-Monsoon,Morning (08-11),7.5,False,False
2025-03-18,Metro Express,LCC,DEL-BLR,DEL,BLR,Mon,3,Spring,Night (19-23),2.9,False,False
2025-06-08,Skyline National,Full-service,DEL-AMD,DEL,AMD,Wed,6,Summer,Early Morning (05-08),4.6,False,False
2025-11-09,Metro Express,LCC,COK-BOM,COK,BOM,Wed,11,Post-Monsoon,Afternoon (11-15),6.2,False,False
2025-03-03,BlueSky Air,Full-service,DEL-CCU,DEL,CCU,Sat,3,Spring,Afternoon (11-15),6.4,False,False
2025-09-21,IndiFly,LCC,BOM-BLR,BOM,BLR,Sat,9,Monsoon,Night (19-23),13.5,False,False
2025-02-08,Skyline National,Full-service,DEL-AMD,DEL,AMD,Sun,2,Winter,Evening (15-19),16.0,True,False
2025-12-13,Skyline National,Full-service,DEL-BLR,DEL,BLR,Fri,12,Winter,Afternoon (11-15),12.3,False,False
2025-12-25,Metro Express,LCC,DEL-CCU,DEL,CCU,Mon,12,Winter,Afternoon (11-15),25.3,True,False
2025-12-10,Metro Express,LCC,BOM-COK,BOM,COK,Wed,12,Winter,Night (19-23),10.3,False,False
2025-07-11,Metro Express,LCC,BLR-HYD,BLR,HYD,Thu,7,Monsoon,Afternoon (11-15),3.7,False,False
2025-06-05,Skyline National,Full-service,DEL-BOM,DEL,BOM,Thu,6,Summer,Afternoon (11-15),9.8,False,False
2025-11-01,IndiFly,LCC,BOM-BLR,BOM,BLR,Fri,11,Post-Monsoon,Morning (08-11),6.0,False,False
2025-05-09,BlueSky Air,Full-service,MAA-CCU,MAA,CCU,Wed,5,Summer,Afternoon (11-15),14.5,False,False
2025-09-10,Skyline National,Full-service,DEL-PNQ,DEL,PNQ,Sat,9,Monsoon,Early Morning (05-08),12.1,False,False
2025-01-09,Metro Express,LCC,DEL-BOM,DEL,BOM,Mon,1,Winter,Afternoon (11-15),13.5,False,False
2025-01-13,Skyline National,Full-service,DEL-CCU,DEL,CCU,Tue,1,Winter,Night (19-23),15.1,True,False
2025-04-22,IndiFly,LCC,BLR-HYD,BLR,HYD,Tue,4,Spring,Evening (15-19),4.7,False,False
2025-06-21,Coastal Wings,Regional/turboprop,MAA-CCU,MAA,CCU,Fri,6,Summer,Night (19-23),3.5,False,False
2025-10-14,IndiFly,LCC,DEL-PNQ,DEL,PNQ,Thu,10,Post-Monsoon,Early Morning (05-08),2.7,False,False
2025-03-01,Coastal Wings,Regional/turboprop,BOM-COK,BOM,COK,Wed,3,Spring,Early Morning (05-08),6.3,False,False
2025-10-06,IndiFly,LCC,DEL-AMD,DEL,AMD,Thu,10,Post-Monsoon,Morning (08-11),3.6,False,False
2025-06-25,Metro Express,LCC,HYD-MAA,HYD,MAA,Mon,6,Summer,Night (19-23),3.1,False,False
2025-06-01,IndiFly,LCC,DEL-CCU,DEL,CCU,Tue,6,Summer,Early Morning (05-08),5.0,False,False
2025-04-12,BlueSky Air,Full-service,BOM-COK,BOM,COK,Fri,4,Spring,Morning (08-11),6.1,False,False
2025-12-19,IndiFly,LCC,DEL-BOM,DEL,BOM,Sat,12,Winter,Morning (08-11),22.5,True,False
2025-12-15,Coastal Wings,Regional/turboprop,BOM-BLR,BOM,BLR,Fri,12,Winter,Night (19-23),2.1,False,False
2025-12-08,Skyline National,Full-service,DEL-BLR,DEL,BLR,Mon,12,Winter,Night (19-23),16.9,True,False
2025-08-01,BlueSky Air,Full-service,MAA-CCU,MAA,CCU,Sun,8,Monsoon,Evening (15-19),7.5,False,False
2025-02-03,BlueSky Air,Full-service,DEL-AMD,DEL,AMD,Sat,2,Winter,Afternoon (11-15),5.7,False,False
2025-11-16,Metro Express,LCC,BOM-BLR,BOM,BLR,Sat,11,Post-Monsoon,Night (19-23),8.3,False,False
2025-12-21,IndiFly,LCC,DEL-BOM,DEL,BOM,Wed,12,Winter,Afternoon (11-15),28.9,True,False
2025-07-16,IndiFly,LCC,DEL-AMD,DEL,AMD,Sat,7,Monsoon,Afternoon (11-15),9.4,False,False
2025-04-22,Metro Express,LCC,DEL-BOM,DEL,BOM,Thu,4,Spring,Early Morning (05-08),6.1,False,False
2025-12-10,Metro Express,LCC,BOM-COK,BOM,COK,Sat,12,Winter,Afternoon (11-15),6.3,False,False
2025-05-07,IndiFly,LCC,DEL-BLR,DEL,BLR,Mon,5,Summer,Early Morning (05-08),15.6,True,False
2025-12-05,BlueSky Air,Full-service,DEL-CCU,DEL,CCU,Sun,12,Winter,Morning (08-11),13.8,False,False
2025-10-07,Metro Express,LCC,DEL-HYD,DEL,HYD,Tue,10,Post-Monsoon,Night (19-23),22.1,True,False
2025-11-16,Metro Express,LCC,DEL-CCU,DEL,CCU,Thu,11,Post-Monsoon,Morning (08-11),2.8,False,False
2025-02-04,Skyline National,Full-service,DEL-BOM,DEL,BOM,Sun,2,Winter,Morning (08-11),7.0,False,False
2025-06-03,Skyline National,Full-service,COK-BOM,COK,BOM,Sun,6,Summer,Early Morning (05-08),9.0,False,False
2025-09-15,Metro Express,LCC,DEL-HYD,DEL,HYD,Fri,9,Monsoon,Morning (08-11),6.6,False,False
2025-02-01,BlueSky Air,Full-service,DEL-AMD,DEL,AMD,Wed,2,Winter,Afternoon (11-15),4.8,False,False
2025-06-28,Metro Express,LCC,DEL-CCU,DEL,CCU,Mon,6,Summer,Early Morning (05-08),10.4,False,False
2025-12-16,BlueSky Air,Full-service,COK-BOM,COK,BOM,Tue,12,Winter,Afternoon (11-15),3.1,False,False
2025-05-22,Metro Express,LCC,BLR-HYD,BLR,HYD,Wed,5,Summer,Night (19-23),2.5,False,False
2025-01-06,Skyline National,Full-service,DEL-AMD,DEL,AMD,Tue,1,Winter,Evening (15-19),17.5,True,False
2025-01-10,BlueSky Air,Full-service,BLR-HYD,BLR,HYD,Wed,1,Winter,Night (19-23),11.7,False,False
2025-05-23,Metro Express,LCC,MAA-CCU,MAA,CCU,Sat,5,Summer,Early Morning (05-08),1.7,False,False
2025-09-22,IndiFly,LCC,BOM-BLR,BOM,BLR,Sun,9,Monsoon,Night (19-23),4.7,False,False
2025-10-23,IndiFly,LCC,DEL-BOM,DEL,BOM,Sat,10,Post-Monsoon,Morning (08-11),3.6,False,False
2025-07-07,Skyline National,Full-service,DEL-HYD,DEL,HYD,Thu,7,Monsoon,Evening (15-19),13.8,False,False
2025-01-04,Skyline National,Full-service,DEL-HYD,DEL,HYD,Mon,1,Winter,Night (19-23),4.6,False,False
2025-03-13,IndiFly,LCC,DEL-GOI,DEL,GOI,Sun,3,Spring,Morning (08-11),3.9,False,False
2025-01-26,Metro Express,LCC,DEL-CCU,DEL,CCU,Fri,1,Winter,Early Morning (05-08),25.5,True,False
2025-05-20,Skyline National,Full-service,BOM-COK,BOM,COK,Wed,5,Summer,Night (19-23),2.1,False,False
2025-01-04,IndiFly,LCC,DEL-AMD,DEL,AMD,Sun,1,Winter,Early Morning (05-08),48.7,True,False
2025-01-03,Metro Express,LCC,DEL-PNQ,DEL,PNQ,Mon,1,Winter,Night (19-23),13.4,False,False
2025-09-02,Skyline National,Full-service,BOM-COK,BOM,COK,Tue,9,Monsoon,Night (19-23),35.5,True,False
2025-01-09,BlueSky Air,Full-service,DEL-BOM,DEL,BOM,Tue,1,Winter,Early Morning (05-08),14.5,False,False
2025-02-09,IndiFly,LCC,BOM-COK,BOM,COK,Fri,2,Winter,Evening (15-19),7.0,False,False
2025-11-01,IndiFly,LCC,DEL-BOM,DEL,BOM,Mon,11,Post-Monsoon,Night (19-23),9.9,False,False
2025-08-18,IndiFly,LCC,MAA-CCU,MAA,CCU,Wed,8,Monsoon,Early Morning (05-08),2.4,False,False
2025-09-23,IndiFly,LCC,COK-BOM,COK,BOM,Fri,9,Monsoon,Evening (15-19),10.4,False,False
2025-09-14,Metro Express,LCC,HYD-MAA,HYD,MAA,Mon,9,Monsoon,Early Morning (05-08),7.3,False,False
2025-09-07,Metro Express,LCC,BLR-HYD,BLR,HYD,Sat,9,Monsoon,Early Morning (05-08),5.0,False,False
2025-09-07,Metro Express,LCC,DEL-BOM,DEL,BOM,Wed,9,Monsoon,Early Morning (05-08),6.1,False,False
2025-03-18,Metro Express,LCC,DEL-HYD,DEL,HYD,Wed,3,Spring,Morning (08-11),9.1,False,False
2025-07-22,IndiFly,LCC,DEL-BLR,DEL,BLR,Tue,7,Monsoon,Early Morning (05-08),9.3,False,False
2025-10-28,Metro Express,LCC,DEL-CCU,DEL,CCU,Tue,10,Post-Monsoon,Early Morning (05-08),3.3,False,False
2025-08-25,Skyline National,Full-service,BOM-GOI,BOM,GOI,Thu,8,Monsoon,Afternoon (11-15),12.3,False,False
2025-06-05,BlueSky Air,Full-service,DEL-BOM,DEL,BOM,Sun,6,Summer,Afternoon (11-15),7.3,False,False
2025-08-05,IndiFly,LCC,COK-BOM,COK,BOM,Sat,8,Monsoon,Night (19-23),15.3,True,False
2025-08-15,Coastal Wings,Regional/turboprop,DEL-PNQ,DEL,PNQ,Sat,8,Monsoon,Night (19-23),3.8,False,False
2025-12-16,IndiFly,LCC,DEL-BOM,DEL,BOM,Sat,12,Winter,Afternoon (11-15),10.4,False,False
2025-12-22,BlueSky Air,Full-service,BOM-GOI,BOM,GOI,Thu,12,Winter,Night (19-23),2.6,False,False
2025-02-22,BlueSky Air,Full-service,DEL-HYD,DEL,HYD,Fri,2,Winter,Afternoon (11-15),5.8,False,False
2025-07-25,Metro Express,LCC,BLR-HYD,BLR,HYD,Thu,7,Monsoon,Afternoon (11-15),1.9,False,False
2025-05-25,Metro Express,LCC,DEL-BLR,DEL,BLR,Wed,5,Summer,Early Morning (05-08),9.2,False,False
2025-03-22,Skyline National,Full-service,BOM-BLR,BOM,BLR,Thu,3,Spring,Evening (15-19),6.3,False,False
2025-02-19,Coastal Wings,Regional/turboprop,DEL-BLR,DEL,BLR,Mon,2,Winter,Evening (15-19),5.5,False,False
2025-08-22,IndiFly,LCC,DEL-AMD,DEL,AMD,Tue,8,Monsoon,Afternoon (11-15),15.6,True,False
2025-12-04,Coastal Wings,Regional/turboprop,DEL-BOM,DEL,BOM,Mon,12,Winter,Early Morning (05-08),24.8,True,False
2025-12-07,Metro Express,LCC,DEL-CCU,DEL,CCU,Sat,12,Winter,Morning (08-11),16.5,True,False
2025-09-23,IndiFly,LCC,BOM-BLR,BOM,BLR,Tue,9,Monsoon,Morning (08-11),2.9,False,False
2025-04-23,IndiFly,LCC,DEL-BLR,DEL,BLR,Fri,4,Spring,Night (19-23),5.5,False,False
2025-08-23,IndiFly,LCC,DEL-BLR,DEL,BLR,Tue,8,Monsoon,Night (19-23),7.2,False,False
2025-06-09,IndiFly,LCC,DEL-HYD,DEL,HYD,Sun,6,Summer,Night (19-23),39.6,True,False
2025-01-23,IndiFly,LCC,DEL-BOM,DEL,BOM,Sat,1,Winter,Evening (15-19),21.0,True,False
2025-02-19,Metro Express,LCC,DEL-BOM,DEL,BOM,Mon,2,Winter,Afternoon (11-15),6.7,False,False
2025-11-07,Skyline National,Full-service,DEL-HYD,DEL,HYD,Sat,11,Post-Monsoon,Early Morning (05-08),9.4,False,False
2025-11-07,Metro Express,LCC,DEL-HYD,DEL,HYD,Thu,11,Post-Monsoon,Afternoon (11-15),17.5,True,False
2025-12-02,IndiFly,LCC,DEL-BOM,DEL,BOM,Fri,12,Winter,Early Morning (05-08),18.8,True,False
2025-12-09,Coastal Wings,Regional/turboprop,DEL-BLR,DEL,BLR,Mon,12,Winter,Morning (08-11),18.8,True,False
2025-07-14,BlueSky Air,Full-service,BOM-COK,BOM,COK,Mon,7,Monsoon,Morning (08-11),10.7,False,False
2025-08-23,Skyline National,Full-service,DEL-CCU,DEL,CCU,Wed,8,Monsoon,Evening (15-19),27.1,True,False
2025-02-02,IndiFly,LCC,HYD-MAA,HYD,MAA,Wed,2,Winter,Evening (15-19),9.5,False,False
2025-03-04,Metro Express,LCC,BOM-GOI,BOM,GOI,Fri,3,Spring,Afternoon (11-15),3.0,False,False
2025-07-24,BlueSky Air,Full-service,BOM-GOI,BOM,GOI,Sun,7,Monsoon,Morning (08-11),8.1,False,False
2025-08-13,Skyline National,Full-service,BOM-GOI,BOM,GOI,Sun,8,Monsoon,Night (19-23),17.8,True,False
2025-12-21,BlueSky Air,Full-service,DEL-BOM,DEL,BOM,Thu,12,Winter,Night (19-23),13.6,False,False
2025-04-15,IndiFly,LCC,DEL-AMD,DEL,AMD,Sat,4,Spring,Morning (08-11),4.4,False,False
2025-09-20,BlueSky Air,Full-service,COK-BOM,COK,BOM,Mon,9,Monsoon,Afternoon (11-15),11.2,False,False
2025-08-05,Metro Express,LCC,BOM-GOI,BOM,GOI,Thu,8,Monsoon,Morning (08-11),13.5,False,False
2025-09-01,BlueSky Air,Full-service,BLR-COK,BLR,COK,Wed,9,Monsoon,Early Morning (05-08),8.6,False,False
2025-04-19,Metro Express,LCC,DEL-CCU,DEL,CCU,Mon,4,Spring,Night (19-23),4.0,False,False
2025-02-18,Skyline National,Full-service,BOM-BLR,BOM,BLR,Fri,2,Winter,Afternoon (11-15),11.0,False,False
2025-11-12,Metro Express,LCC,DEL-BOM,DEL,BOM,Sun,11,Post-Monsoon,Early Morning (05-08),5.3,False,False
2025-08-12,Coastal Wings,Regional/turboprop,DEL-CCU,DEL,CCU,Sat,8,Monsoon,Afternoon (11-15),2.7,False,False
2025-02-04,IndiFly,LCC,DEL-BLR,DEL,BLR,Sat,2,Winter,Night (19-23),12.7,False,False
2025-01-13,Metro Express,LCC,DEL-BLR,DEL,BLR,Sat,1,Winter,Evening (15-19),10.6,False,False
2025-09-01,IndiFly,LCC,DEL-BOM,DEL,BOM,Thu,9,Monsoon,Early Morning (05-08),3.5,False,False
2025-05-26,IndiFly,LCC,DEL-GOI,DEL,GOI,Tue,5,Summer,Night (19-23),13.0,False,False
2025-04-16,Skyline National,Full-service,BOM-GOI,BOM,GOI,Sun,4,Spring,Evening (15-19),12.0,False,False
2025-07-22,BlueSky Air,Full-service,BOM-COK,BOM,COK,Sun,7,Monsoon,Night (19-23),12.8,False,False
2025-06-08,BlueSky Air,Full-service,DEL-BLR,DEL,BLR,Wed,6,Summer,Morning (08-11),2.8,False,False
2025-07-12,BlueSky Air,Full-service,DEL-CCU,DEL,CCU,Sun,7,Monsoon,Afternoon (11-15),8.3,False,False
2025-04-22,Skyline National,Full-service,DEL-CCU,DEL,CCU,Wed,4,Spring,Evening (15-19),28.3,True,False
2025-09-11,Coastal Wings,Regional/turboprop,DEL-PNQ,DEL,PNQ,Tue,9,Monsoon,Early Morning (05-08),23.4,True,False
2025-09-20,Metro Express,LCC,DEL-BOM,DEL,BOM,Wed,9,Monsoon,Morning (08-11),16.9,True,False
2025-11-09,BlueSky Air,Full-service,DEL-BLR,DEL,BLR,Wed,11,Post-Monsoon,Morning (08-11),6.7,False,False
2025-05-11,Metro Express,LCC,BLR-HYD,BLR,HYD,Sun,5,Summer,Early Morning (05-08),2.8,False,False
2025-08-07,BlueSky Air,Full-service,DEL-BOM,DEL,BOM,Wed,8,Monsoon,Early Morning (05-08),5.7,False,False
2025-10-11,Skyline National,Full-service,MAA-CCU,MAA,CCU,Wed,10,Post-Monsoon,Evening (15-19),9.3,False,False
2025-02-12,Metro Express,LCC,HYD-MAA,HYD,MAA,Mon,2,Winter,Evening (15-19),14.6,False,False
2025-09-04,Metro Express,LCC,DEL-AMD,DEL,AMD,Wed,9,Monsoon,Morning (08-11),15.7,True,False
2025-10-28,Skyline National,Full-service,BLR-HYD,BLR,HYD,Sun,10,Post-Monsoon,Evening (15-19),3.4,False,False
2025-11-12,IndiFly,LCC,DEL-BOM,DEL,BOM,Fri,11,Post-Monsoon,Early Morning (05-08),5.5,False,False
2025-11-13,IndiFly,LCC,DEL-HYD,DEL,HYD,Tue,11,Post-Monsoon,Night (19-23),6.3,False,False
2025-09-23,Metro Express,LCC,DEL-CCU,DEL,CCU,Sat,9,Monsoon,Morning (08-11),4.7,False,False
2025-10-27,BlueSky Air,Full-service,BLR-COK,BLR,COK,Sat,10,Post-Monsoon,Early Morning (05-08),2.5,False,False
2025-06-11,Skyline National,Full-service,BOM-BLR,BOM,BLR,Sun,6,Summer,Evening (15-19),14.2,False,False
2025-09-28,Metro Express,LCC,BOM-GOI,BOM,GOI,Mon,9,Monsoon,Afternoon (11-15),9.6,False,False
2025-08-12,IndiFly,LCC,BOM-BLR,BOM,BLR,Thu,8,Monsoon,Evening (15-19),16.2,True,False
2025-07-01,IndiFly,LCC,DEL-BOM,DEL,BOM,Fri,7,Monsoon,Morning (08-11),4.0,False,False
2025-10-02,Metro Express,LCC,DEL-BOM,DEL,BOM,Thu,10,Post-Monsoon,Afternoon (11-15),4.1,False,False
2025-10-20,Skyline National,Full-service,DEL-BLR,DEL,BLR,Wed,10,Post-Monsoon,Night (19-23),8.5,False,False
2025-12-20,Metro Express,LCC,DEL-AMD,DEL,AMD,Sun,12,Winter,Afternoon (11-15),12.4,False,False
2025-04-09,Coastal Wings,Regional/turboprop,BLR-COK,BLR,COK,Sun,4,Spring,Morning (08-11),16.4,True,False
2025-02-22,IndiFly,LCC,BOM-GOI,BOM,GOI,Wed,2,Winter,Evening (15-19),2.4,False,False
2025-11-05,Metro Express,LCC,DEL-HYD,DEL,HYD,Fri,11,Post-Monsoon,Early Morning (05-08),4.5,False,False
2025-10-20,Metro Express,LCC,BOM-GOI,BOM,GOI,Mon,10,Post-Monsoon,Early Morning (05-08),4.4,False,False
2025-02-17,BlueSky Air,Full-service,DEL-BLR,DEL,BLR,Sun,2,Winter,Evening (15-19),9.2,False,False
2025-02-02,Metro Express,LCC,COK-BOM,COK,BOM,Sat,2,Winter,Evening (15-19),3.6,False,False
2025-06-01,IndiFly,LCC,BOM-COK,BOM,COK,Thu,6,Summer,Early Morning (05-08),12.6,False,False
2025-03-17,IndiFly,LCC,BOM-GOI,BOM,GOI,Mon,3,Spring,Night (19-23),3.3,False,False
2025-10-05,BlueSky Air,Full-service,BOM-GOI,BOM,GOI,Tue,10,Post-Monsoon,Early Morning (05-08),5.0,False,False
2025-11-15,Skyline National,Full-service,DEL-HYD,DEL,HYD,Thu,11,Post-Monsoon,Evening (15-19),4.0,False,False
2025-06-28,IndiFly,LCC,BOM-COK,BOM,COK,Fri,6,Summer,Evening (15-19),19.3,True,False
2025-04-24,BlueSky Air,Full-service,DEL-BOM,DEL,BOM,Wed,4,Spring,Evening (15-19),5.4,False,False
2025-01-09,IndiFly,LCC,BOM-COK,BOM,COK,Mon,1,Winter,Evening (15-19),5.9,False,False
2025-12-24,IndiFly,LCC,DEL-BOM,DEL,BOM,Tue,12,Winter,Morning (08-11),8.0,False,False
2025-02-02,BlueSky Air,Full-service,DEL-HYD,DEL,HYD,Sun,2,Winter,Evening (15-19),3.2,False,False
2025-03-01,IndiFly,LCC,BOM-BLR,BOM,BLR,Mon,3,Spring,Morning (08-11),9.1,False,False
2025-12-07,IndiFly,LCC,BLR-HYD,BLR,HYD,Sat,12,Winter,Evening (15-19),7.4,False,False
2025-04-18,IndiFly,LCC,MAA-CCU,MAA,CCU,Fri,4,Spring,Evening (15-19),11.6,False,False
2025-10-01,Coastal Wings,Regional/turboprop,BLR-HYD,BLR,HYD,Thu,10,Post-Monsoon,Evening (15-19),11.6,False,False
2025-01-12,Metro Express,LCC,DEL-BOM,DEL,BOM,Tue,1,Winter,Early Morning (05-08),10.5,False,False
2025-09-27,IndiFly,LCC,BOM-COK,BOM,COK,Fri,9,Monsoon,Morning (08-11),11.7,False,False
2025-10-09,Skyline National,Full-service,BLR-HYD,BLR,HYD,Sun,10,Post-Monsoon,Evening (15-19),5.5,False,False
2025-06-11,Metro Express,LCC,BOM-COK,BOM,COK,Thu,6,Summer,Night (19-23),20.8,True,False
2025-11-17,BlueSky Air,Full-service,DEL-BOM,DEL,BOM,Fri,11,Post-Monsoon,Afternoon (11-15),4.0,False,False
2025-07-25,Metro Express,LCC,DEL-BOM,DEL,BOM,Sun,7,Monsoon,Morning (08-11),17.1,True,False
2025-08-04,Metro Express,LCC,BOM-GOI,BOM,GOI,Tue,8,Monsoon,Afternoon (11-15),7.3,False,False
2025-05-22,Coastal Wings,Regional/turboprop,BLR-HYD,BLR,HYD,Thu,5,Summer,Night (19-23),5.9,False,False
2025-12-07,IndiFly,LCC,DEL-HYD,DEL,HYD,Mon,12,Winter,Morning (08-11),23.5,True,False
2025-04-04,Metro Express,LCC,BOM-BLR,BOM,BLR,Fri,4,Spring,Morning (08-11),7.9,False,False
2025-05-13,Metro Express,LCC,BOM-GOI,BOM,GOI,Wed,5,Summer,Morning (08-11),7.1,False,False
2025-04-01,Metro Express,LCC,DEL-CCU,DEL,CCU,Mon,4,Spring,Morning (08-11),4.0,False,False
2025-12-27,IndiFly,LCC,BLR-HYD,BLR,HYD,Mon,12,Winter,Evening (15-19),8.6,False,False
2025-10-04,Skyline National,Full-service,DEL-AMD,DEL,AMD,Sat,10,Post-Monsoon,Evening (15-19),8.2,False,False
2025-05-02,IndiFly,LCC,DEL-BOM,DEL,BOM,Thu,5,Summer,Evening (15-19),13.6,False,False
2025-03-09,Metro Express,LCC,DEL-BOM,DEL,BOM,Thu,3,Spring,Early Morning (05-08),4.1,False,False
2025-08-11,Coastal Wings,Regional/turboprop,BOM-COK,BOM,COK,Sat,8,Monsoon,Afternoon (11-15),26.5,True,False
2025-10-15,Metro Express,LCC,BOM-BLR,BOM,BLR,Fri,10,Post-Monsoon,Evening (15-19),5.9,False,False
2025-09-28,Metro Express,LCC,DEL-BOM,DEL,BOM,Thu,9,Monsoon,Evening (15-19),19.1,True,False
2025-01-14,IndiFly,LCC,DEL-GOI,DEL,GOI,Mon,1,Winter,Afternoon (11-15),18.3,True,False
2025-10-15,IndiFly,LCC,DEL-BOM,DEL,BOM,Wed,10,Post-Monsoon,Night (19-23),8.6,False,False
2025-05-20,Metro Express,LCC,DEL-HYD,DEL,HYD,Thu,5,Summer,Morning (08-11),3.3,False,False
2025-11-19,Skyline National,Full-service,DEL-AMD,DEL,AMD,Fri,11,Post-Monsoon,Early Morning (05-08),6.8,False,False
2025-01-16,IndiFly,LCC,DEL-BLR,DEL,BLR,Mon,1,Winter,Afternoon (11-15),24.5,True,False
2025-07-04,Skyline National,Full-service,DEL-AMD,DEL,AMD,Sun,7,Monsoon,Night (19-23),3.1,False,False
2025-01-10,IndiFly,LCC,DEL-BOM,DEL,BOM,Sat,1,Winter,Evening (15-19),7.7,False,False
2025-04-11,Metro Express,LCC,BOM-BLR,BOM,BLR,Sat,4,Spring,Afternoon (11-15),13.0,False,False
2025-05-24,Skyline National,Full-service,DEL-BLR,DEL,BLR,Tue,5,Summer,Evening (15-19),4.1,False,False
2025-05-03,Skyline National,Full-service,DEL-BOM,DEL,BOM,Sun,5,Summer,Evening (15-19),17.9,True,False
2025-05-27,IndiFly,LCC,BLR-HYD,BLR,HYD,Thu,5,Summer,Night (19-23),2.6,False,False
2025-02-23,IndiFly,LCC,DEL-PNQ,DEL,PNQ,Fri,2,Winter,Morning (08-11),7.3,False,False
2025-09-09,Skyline National,Full-service,BLR-HYD,BLR,HYD,Wed,9,Monsoon,Morning (08-11),4.0,False,False
2025-08-20,IndiFly,LCC,COK-BOM,COK,BOM,Thu,8,Monsoon,Afternoon (11-15),23.7,True,False
2025-10-18,BlueSky Air,Full-service,BOM-BLR,BOM,BLR,Thu,10,Post-Monsoon,Early Morning (05-08),3.4,False,False
2025-03-23,BlueSky Air,Full-service,BOM-COK,BOM,COK,Mon,3,Spring,Afternoon (11-15),7.3,False,False
2025-07-13,Coastal Wings,Regional/turboprop,DEL-GOI,DEL,GOI,Fri,7,Monsoon,Early Morning (05-08),16.5,True,False
2025-12-10,IndiFly,LCC,DEL-AMD,DEL,AMD,Mon,12,Winter,Evening (15-19),7.9,False,False
2025-09-26,IndiFly,LCC,DEL-AMD,DEL,AMD,Sun,9,Monsoon,Evening (15-19),12.1,False,False
2025-01-04,Metro Express,LCC,BOM-BLR,BOM,BLR,Fri,1,Winter,Early Morning (05-08),3.4,False,False
2025-11-01,Skyline National,Full-service,DEL-BLR,DEL,BLR,Tue,11,Post-Monsoon,Evening (15-19),5.1,False,False
2025-07-12,BlueSky Air,Full-service,BOM-BLR,BOM,BLR,Sat,7,Monsoon,Night (19-23),2.9,False,False
2025-07-09,BlueSky Air,Full-service,HYD-MAA,HYD,MAA,Mon,7,Monsoon,Evening (15-19),6.8,False,False
2025-12-03,IndiFly,LCC,DEL-CCU,DEL,CCU,Tue,12,Winter,Afternoon (11-15),8.1,False,False
2025-09-27,BlueSky Air,Full-service,BOM-COK,BOM,COK,Tue,9,Monsoon,Morning (08-11),5.3,False,False
2025-03-02,IndiFly,LCC,DEL-CCU,DEL,CCU,Sat,3,Spring,Night (19-23),4.7,False,False
2025-07-20,BlueSky Air,Full-service,DEL-GOI,DEL,GOI,Tue,7,Monsoon,Evening (15-19),16.6,True,False
2025-09-26,Skyline National,Full-service,BOM-COK,BOM,COK,Sun,9,Monsoon,Early Morning (05-08),29.3,True,False
2025-03-10,IndiFly,LCC,BOM-COK,BOM,COK,Mon,3,Spring,Morning (08-11),9.1,False,False
2025-05-22,Metro Express,LCC,DEL-BLR,DEL,BLR,Fri,5,Summer,Afternoon (11-15),4.8,False,False
2025-12-17,Metro Express,LCC,DEL-GOI,DEL,GOI,Thu,12,Winter,Afternoon (11-15),22.0,True,False
2025-12-18,IndiFly,LCC,BOM-BLR,BOM,BLR,Tue,12,Winter,Morning (08-11),8.2,False,False
2025-06-27,IndiFly,LCC,BOM-BLR,BOM,BLR,Sun,6,Summer,Early Morning (05-08),11.4,False,False
2025-06-20,Metro Express,LCC,BOM-COK,BOM,COK,Wed,6,Summer,Night (19-23),13.1,False,False
2025-01-09,Skyline National,Full-service,DEL-HYD,DEL,HYD,Thu,1,Winter,Early Morning (05-08),9.4,False,False
2025-08-07,IndiFly,LCC,DEL-CCU,DEL,CCU,Wed,8,Monsoon,Night (19-23),16.8,True,False
2025-07-15,Metro Express,LCC,BLR-COK,BLR,COK,Fri,7,Monsoon,Afternoon (11-15),15.3,True,False
2025-07-19,Skyline National,Full-service,DEL-BOM,DEL,BOM,Mon,7,Monsoon,Early Morning (05-08),5.0,False,False
2025-09-09,IndiFly,LCC,BLR-HYD,BLR,HYD,Sun,9,Monsoon,Night (19-23),14.8,False,False
2025-07-14,Metro Express,LCC,DEL-PNQ,DEL,PNQ,Sat,7,Monsoon,Morning (08-11),13.4,False,False
2025-05-09,IndiFly,LCC,BOM-GOI,BOM,GOI,Fri,5,Summer,Night (19-23),13.6,False,False
2025-11-14,Coastal Wings,Regional/turboprop,DEL-HYD,DEL,HYD,Fri,11,Post-Monsoon,Afternoon (11-15),2.7,False,False
2025-11-11,Metro Express,LCC,COK-BOM,COK,BOM,Sun,11,Post-Monsoon,Afternoon (11-15),4.9,False,False
2025-09-14,Skyline National,Full-service,COK-BOM,COK,BOM,Mon,9,Monsoon,Afternoon (11-15),14.8,False,False
2025-11-28,Metro Express,LCC,HYD-MAA,HYD,MAA,Tue,11,Post-Monsoon,Afternoon (11-15),28.5,True,False
2025-05-17,IndiFly,LCC,DEL-HYD,DEL,HYD,Sun,5,Summer,Early Morning (05-08),5.3,False,False
2025-12-14,IndiFly,LCC,DEL-BLR,DEL,BLR,Sun,12,Winter,Afternoon (11-15),0.0,False,True
2025-02-28,Skyline National,Full-service,DEL-BOM,DEL,BOM,Sun,2,Winter,Early Morning (05-08),8.2,False,False
2025-04-01,Coastal Wings,Regional/turboprop,BOM-COK,BOM,COK,Sun,4,Spring,Morning (08-11),3.2,False,False
2025-08-02,Metro Express,LCC,DEL-CCU,DEL,CCU,Tue,8,Monsoon,Morning (08-11),6.1,False,False
2025-11-10,Metro Express,LCC,DEL-BLR,DEL,BLR,Tue,11,Post-Monsoon,Evening (15-19),5.5,False,False
2025-04-04,BlueSky Air,Full-service,DEL-AMD,DEL,AMD,Fri,4,Spring,Early Morning (05-08),3.9,False,False
2025-01-15,BlueSky Air,Full-service,BLR-HYD,BLR,HYD,Tue,1,Winter,Night (19-23),5.1,False,False
2025-12-02,Metro Express,LCC,DEL-CCU,DEL,CCU,Fri,12,Winter,Evening (15-19),17.7,True,False
2025-05-21,Metro Express,LCC,BOM-BLR,BOM,BLR,Tue,5,Summer,Night (19-23),31.9,True,False
2025-12-15,Metro Express,LCC,DEL-BLR,DEL,BLR,Sun,12,Winter,Morning (08-11),16.3,True,False
2025-07-15,IndiFly,LCC,MAA-CCU,MAA,CCU,Wed,7,Monsoon,Early Morning (05-08),6.5,False,False
2025-04-21,IndiFly,LCC,BLR-HYD,BLR,HYD,Sun,4,Spring,Morning (08-11),7.6,False,False
2025-05-24,BlueSky Air,Full-service,DEL-CCU,DEL,CCU,Mon,5,Summer,Evening (15-19),4.9,False,False
2025-05-11,IndiFly,LCC,BOM-BLR,BOM,BLR,Tue,5,Summer,Afternoon (11-15),10.1,False,False
2025-11-05,IndiFly,LCC,DEL-BLR,DEL,BLR,Thu,11,Post-Monsoon,Afternoon (11-15),2.8,False,False
2025-01-09,Skyline National,Full-service,MAA-CCU,MAA,CCU,Thu,1,Winter,Early Morning (05-08),2.0,False,False
2025-06-27,BlueSky Air,Full-service,BLR-HYD,BLR,HYD,Thu,6,Summer,Early Morning (05-08),5.3,False,False
2025-06-03,BlueSky Air,Full-service,DEL-HYD,DEL,HYD,Mon,6,Summer,Afternoon (11-15),9.0,False,False
2025-05-13,Coastal Wings,Regional/turboprop,DEL-PNQ,DEL,PNQ,Thu,5,Summer,Early Morning (05-08),13.2,False,False
2025-11-14,IndiFly,LCC,BOM-COK,BOM,COK,Fri,11,Post-Monsoon,Afternoon (11-15),1.8,False,False
2025-07-18,Metro Express,LCC,DEL-AMD,DEL,AMD,Tue,7,Monsoon,Evening (15-19),2.4,False,False
2025-10-12,Metro Express,LCC,BLR-COK,BLR,COK,Mon,10,Post-Monsoon,Afternoon (11-15),10.2,False,False
2025-12-06,IndiFly,LCC,DEL-BLR,DEL,BLR,Fri,12,Winter,Evening (15-19),38.0,True,False
2025-02-09,Metro Express,LCC,COK-BOM,COK,BOM,Mon,2,Winter,Morning (08-11),5.4,False,False
2025-09-19,Metro Express,LCC,DEL-BLR,DEL,BLR,Sun,9,Monsoon,Early Morning (05-08),6.5,False,False
2025-05-27,IndiFly,LCC,BOM-BLR,BOM,BLR,Tue,5,Summer,Early Morning (05-08),4.2,False,False
2025-11-06,Coastal Wings,Regional/turboprop,BLR-HYD,BLR,HYD,Sat,11,Post-Monsoon,Morning (08-11),7.1,False,False
2025-12-22,Coastal Wings,Regional/turboprop,DEL-CCU,DEL,CCU,Sat,12,Winter,Evening (15-19),14.1,False,False
2025-11-07,Skyline National,Full-service,DEL-BOM,DEL,BOM,Mon,11,Post-Monsoon,Early Morning (05-08),7.7,False,False
2025-09-27,Coastal Wings,Regional/turboprop,BLR-HYD,BLR,HYD,Mon,9,Monsoon,Morning (08-11),8.0,False,False
2025-10-17,Skyline National,Full-service,DEL-BOM,DEL,BOM,Wed,10,Post-Monsoon,Evening (15-19),14.8,False,False
2025-07-11,Coastal Wings,Regional/turboprop,DEL-CCU,DEL,CCU,Wed,7,Monsoon,Night (19-23),34.3,True,False
2025-03-07,Metro Express,LCC,BLR-HYD,BLR,HYD,Fri,3,Spring,Morning (08-11),4.2,False,False
2025-01-24,BlueSky Air,Full-service,DEL-AMD,DEL,AMD,Mon,1,Winter,Night (19-23),9.8,False,False
2025-02-23,IndiFly,LCC,COK-BOM,COK,BOM,Fri,2,Winter,Night (19-23),9.9,False,False
2025-10-24,Skyline National,Full-service,DEL-BOM,DEL,BOM,Mon,10,Post-Monsoon,Early Morning (05-08),7.7,False,False
2025-05-24,IndiFly,LCC,HYD-MAA,HYD,MAA,Thu,5,Summer,Early Morning (05-08),3.0,False,False
2025-02-11,Metro Express,LCC,MAA-CCU,MAA,CCU,Tue,2,Winter,Early Morning (05-08),1.9,False,False
2025-12-04,Metro Express,LCC,DEL-BOM,DEL,BOM,Mon,12,Winter,Evening (15-19),36.0,True,False
2025-12-26,Skyline National,Full-service,DEL-HYD,DEL,HYD,Wed,12,Winter,Morning (08-11),22.0,True,False
2025-05-11,BlueSky Air,Full-service,COK-BOM,COK,BOM,Tue,5,Summer,Early Morning (05-08),3.2,False,False
2025-07-04,BlueSky Air,Full-service,DEL-BOM,DEL,BOM,Sat,7,Monsoon,Evening (15-19),9.7,False,False
2025-09-05,Skyline National,Full-service,DEL-BOM,DEL,BOM,Thu,9,Monsoon,Night (19-23),4.3,False,False
2025-07-27,BlueSky Air,Full-service,DEL-BLR,DEL,BLR,Fri,7,Monsoon,Afternoon (11-15),4.9,False,False
2025-12-03,BlueSky Air,Full-service,BOM-GOI,BOM,GOI,Sat,12,Winter,Early Morning (05-08),3.4,False,False
2025-11-12,BlueSky Air,Full-service,DEL-GOI,DEL,GOI,Thu,11,Post-Monsoon,Early Morning (05-08),3.1,False,False
2025-01-21,IndiFly,LCC,DEL-BOM,DEL,BOM,Sat,1,Winter,Afternoon (11-15),15.6,True,False
2025-02-10,IndiFly,LCC,BOM-COK,BOM,COK,Wed,2,Winter,Early Morning (05-08),8.5,False,False
2025-03-21,BlueSky Air,Full-service,DEL-AMD,DEL,AMD,Fri,3,Spring,Morning (08-11),5.8,False,False
2025-06-28,IndiFly,LCC,DEL-BOM,DEL,BOM,Wed,6,Summer,Night (19-23),6.0,False,False
2025-01-23,Coastal Wings,Regional/turboprop,BLR-COK,BLR,COK,Fri,1,Winter,Early Morning (05-08),4.3,False,False
2025-07-11,IndiFly,LCC,DEL-BOM,DEL,BOM,Sat,7,Monsoon,Night (19-23),8.3,False,False
2025-09-15,Metro Express,LCC,BOM-GOI,BOM,GOI,Sat,9,Monsoon,Night (19-23),12.6,False,False
2025-10-01,IndiFly,LCC,DEL-GOI,DEL,GOI,Mon,10,Post-Monsoon,Night (19-23),21.7,True,False
2025-10-09,IndiFly,LCC,BOM-BLR,BOM,BLR,Sat,10,Post-Monsoon,Evening (15-19),7.9,False,False
2025-09-19,BlueSky Air,Full-service,DEL-BLR,DEL,BLR,Sun,9,Monsoon,Night (19-23),5.1,False,False
2025-02-19,BlueSky Air,Full-service,BOM-BLR,BOM,BLR,Sat,2,Winter,Evening (15-19),3.9,False,False
2025-08-05,Coastal Wings,Regional/turboprop,DEL-BLR,DEL,BLR,Fri,8,Monsoon,Morning (08-11),6.0,False,False
2025-10-11,Metro Express,LCC,BOM-COK,BOM,COK,Sat,10,Post-Monsoon,Morning (08-11),10.5,False,False
2025-09-13,BlueSky Air,Full-service,MAA-CCU,MAA,CCU,Sun,9,Monsoon,Evening (15-19),11.4,False,False
2025-10-06,Metro Express,LCC,DEL-AMD,DEL,AMD,Wed,10,Post-Monsoon,Evening (15-19),4.3,False,False
2025-01-25,IndiFly,LCC,DEL-CCU,DEL,CCU,Sun,1,Winter,Early Morning (05-08),9.6,False,False
2025-05-22,Metro Express,LCC,DEL-CCU,DEL,CCU,Sun,5,Summer,Afternoon (11-15),8.1,False,False
2025-08-09,Metro Express,LCC,DEL-CCU,DEL,CCU,Sat,8,Monsoon,Morning (08-11),5.0,False,False
2025-04-03,IndiFly,LCC,BOM-BLR,BOM,BLR,Thu,4,Spring,Morning (08-11),4.6,False,False
2025-12-20,BlueSky Air,Full-service,DEL-GOI,DEL,GOI,Thu,12,Winter,Morning (08-11),11.3,False,False
2025-11-06,IndiFly,LCC,DEL-CCU,DEL,CCU,Thu,11,Post-Monsoon,Afternoon (11-15),14.0,False,False
2025-07-09,Skyline National,Full-service,BOM-COK,BOM,COK,Wed,7,Monsoon,Morning (08-11),13.4,False,False
2025-10-13,Metro Express,LCC,COK-BOM,COK,BOM,Thu,10,Post-Monsoon,Afternoon (11-15),6.5,False,False
2025-04-12,Skyline National,Full-service,DEL-CCU,DEL,CCU,Sat,4,Spring,Afternoon (11-15),3.8,False,False
2025-12-11,IndiFly,LCC,DEL-BOM,DEL,BOM,Fri,12,Winter,Afternoon (11-15),16.7,True,False
2025-05-25,BlueSky Air,Full-service,BLR-HYD,BLR,HYD,Sat,5,Summer,Evening (15-19),5.3,False,False
2025-07-21,BlueSky Air,Full-service,BLR-HYD,BLR,HYD,Sat,7,Monsoon,Early Morning (05-08),1.8,False,False
2025-04-07,IndiFly,LCC,DEL-BOM,DEL,BOM,Wed,4,Spring,Afternoon (11-15),3.8,False,False
2025-09-13,Metro Express,LCC,DEL-BLR,DEL,BLR,Thu,9,Monsoon,Night (19-23),10.2,False,False
2025-06-08,IndiFly,LCC,COK-BOM,COK,BOM,Fri,6,Summer,Early Morning (05-08),11.2,False,False
2025-12-05,Skyline National,Full-service,DEL-HYD,DEL,HYD,Thu,12,Winter,Early Morning (05-08),19.8,True,False
2025-10-23,BlueSky Air,Full-service,DEL-BOM,DEL,BOM,Tue,10,Post-Monsoon,Evening (15-19),6.7,False,False
2025-01-06,Skyline National,Full-service,BOM-BLR,BOM,BLR,Mon,1,Winter,Night (19-23),17.9,True,False
2025-01-22,BlueSky Air,Full-service,DEL-CCU,DEL,CCU,Thu,1,Winter,Afternoon (11-15),6.9,False,False
2025-09-09,Metro Express,LCC,BOM-GOI,BOM,GOI,Wed,9,Monsoon,Evening (15-19),9.4,False,False
2025-02-20,Skyline National,Full-service,DEL-AMD,DEL,AMD,Fri,2,Winter,Early Morning (05-08),6.2,False,False
2025-02-26,BlueSky Air,Full-service,BOM-BLR,BOM,BLR,Wed,2,Winter,Evening (15-19),3.3,False,False
2025-03-17,Skyline National,Full-service,BOM-COK,BOM,COK,Sun,3,Spring,Evening (15-19),4.4,False,False
2025-08-14,BlueSky Air,Full-service,BOM-BLR,BOM,BLR,Wed,8,Monsoon,Morning (08-11),3.8,False,False
2025-10-09,Metro Express,LCC,BOM-BLR,BOM,BLR,Sat,10,Post-Monsoon,Evening (15-19),4.6,False,False
2025-11-16,Skyline National,Full-service,DEL-CCU,DEL,CCU,Mon,11,Post-Monsoon,Morning (08-11),5.7,False,False
2025-05-25,BlueSky Air,Full-service,DEL-PNQ,DEL,PNQ,Fri,5,Summer,Night (19-23),2.6,False,False
2025-06-07,IndiFly,LCC,MAA-CCU,MAA,CCU,Wed,6,Summer,Afternoon (11-15),5.7,False,False
2025-11-09,IndiFly,LCC,BLR-COK,BLR,COK,Thu,11,Post-Monsoon,Afternoon (11-15),3.2,False,False
2025-11-09,IndiFly,LCC,DEL-BOM,DEL,BOM,Sat,11,Post-Monsoon,Afternoon (11-15),4.2,False,False
2025-05-04,Coastal Wings,Regional/turboprop,BOM-BLR,BOM,BLR,Tue,5,Summer,Morning (08-11),11.2,False,False
2025-11-12,IndiFly,LCC,DEL-CCU,DEL,CCU,Thu,11,Post-Monsoon,Morning (08-11),9.3,False,False
2025-06-18,Metro Express,LCC,BLR-COK,BLR,COK,Mon,6,Summer,Night (19-23),32.3,True,False
2025-07-13,Coastal Wings,Regional/turboprop,DEL-BOM,DEL,BOM,Mon,7,Monsoon,Early Morning (05-08),4.2,False,False
2025-11-10,IndiFly,LCC,BLR-HYD,BLR,HYD,Thu,11,Post-Monsoon,Early Morning (05-08),4.1,False,False
2025-12-16,BlueSky Air,Full-service,DEL-BOM,DEL,BOM,Sat,12,Winter,Afternoon (11-15),28.7,True,False
2025-06-02,Metro Express,LCC,BOM-BLR,BOM,BLR,Fri,6,Summer,Evening (15-19),9.1,False,False
2025-01-07,Metro Express,LCC,DEL-BOM,DEL,BOM,Fri,1,Winter,Night (19-23),10.9,False,False
2025-05-19,Metro Express,LCC,DEL-PNQ,DEL,PNQ,Mon,5,Summer,Afternoon (11-15),6.9,False,False
2025-07-23,Metro Express,LCC,DEL-AMD,DEL,AMD,Tue,7,Monsoon,Early Morning (05-08),16.0,True,False
2025-10-14,BlueSky Air,Full-service,BLR-HYD,BLR,HYD,Thu,10,Post-Monsoon,Afternoon (11-15),2.9,False,False
2025-11-26,Metro Express,LCC,DEL-BLR,DEL,BLR,Wed,11,Post-Monsoon,Evening (15-19),11.9,False,False
2025-04-09,IndiFly,LCC,DEL-CCU,DEL,CCU,Sun,4,Spring,Early Morning (05-08),3.4,False,False
2025-02-09,BlueSky Air,Full-service,BOM-COK,BOM,COK,Tue,2,Winter,Early Morning (05-08),4.3,False,False
2025-04-14,BlueSky Air,Full-service,BLR-COK,BLR,COK,Thu,4,Spring,Night (19-23),11.3,False,False
2025-12-09,Skyline National,Full-service,COK-BOM,COK,BOM,Fri,12,Winter,Night (19-23),4.2,False,False
2025-08-22,BlueSky Air,Full-service,DEL-AMD,DEL,AMD,Sat,8,Monsoon,Morning (08-11),4.1,False,False
2025-01-17,BlueSky Air,Full-service,DEL-BLR,DEL,BLR,Tue,1,Winter,Night (19-23),22.1,True,False
2025-12-25,Skyline National,Full-service,DEL-GOI,DEL,GOI,Sun,12,Winter,Early Morning (05-08),24.4,True,False
2025-03-03,IndiFly,LCC,DEL-BLR,DEL,BLR,Wed,3,Spring,Evening (15-19),4.0,False,False
2025-08-26,IndiFly,LCC,DEL-BOM,DEL,BOM,Sat,8,Monsoon,Afternoon (11-15),5.9,False,False
2025-08-09,Coastal Wings,Regional/turboprop,BLR-HYD,BLR,HYD,Sat,8,Monsoon,Evening (15-19),6.5,False,False
2025-05-10,Metro Express,LCC,DEL-PNQ,DEL,PNQ,Mon,5,Summer,Early Morning (05-08),2.9,False,False
2025-06-03,Skyline National,Full-service,COK-BOM,COK,BOM,Tue,6,Summer,Morning (08-11),6.4,False,False
2025-09-04,BlueSky Air,Full-service,BOM-COK,BOM,COK,Sat,9,Monsoon,Afternoon (11-15),11.4,False,False
2025-08-03,Skyline National,Full-service,BOM-BLR,BOM,BLR,Wed,8,Monsoon,Morning (08-11),2.8,False,False
2025-01-04,IndiFly,LCC,BOM-BLR,BOM,BLR,Mon,1,Winter,Early Morning (05-08),3.2,False,False
2025-07-10,IndiFly,LCC,BOM-GOI,BOM,GOI,Thu,7,Monsoon,Night (19-23),10.0,False,False
2025-12-20,Skyline National,Full-service,DEL-HYD,DEL,HYD,Wed,12,Winter,Early Morning (05-08),44.8,True,False
2025-05-18,IndiFly,LCC,DEL-BLR,DEL,BLR,Fri,5,Summer,Night (19-23),7.0,False,False
2025-04-02,Metro Express,LCC,DEL-PNQ,DEL,PNQ,Tue,4,Spring,Night (19-23),16.3,True,False
2025-10-14,Metro Express,LCC,DEL-HYD,DEL,HYD,Thu,10,Post-Monsoon,Morning (08-11),9.4,False,False
2025-04-20,BlueSky Air,Full-service,DEL-AMD,DEL,AMD,Sat,4,Spring,Early Morning (05-08),5.5,False,False
2025-06-27,IndiFly,LCC,BOM-BLR,BOM,BLR,Sat,6,Summer,Night (19-23),14.9,False,False
2025-06-18,IndiFly,LCC,DEL-BOM,DEL,BOM,Fri,6,Summer,Early Morning (05-08),5.8,False,False
2025-05-06,Metro Express,LCC,DEL-BOM,DEL,BOM,Mon,5,Summer,Night (19-23),6.5,False,False
2025-03-13,Skyline National,Full-service,BOM-BLR,BOM,BLR,Sun,3,Spring,Early Morning (05-08),3.4,False,False
2025-09-15,BlueSky Air,Full-service,DEL-CCU,DEL,CCU,Wed,9,Monsoon,Evening (15-19),6.5,False,False
2025-06-18,BlueSky Air,Full-service,DEL-BLR,DEL,BLR,Tue,6,Summer,Evening (15-19),2.5,False,False
2025-08-10,Skyline National,Full-service,MAA-CCU,MAA,CCU,Wed,8,Monsoon,Night (19-23),6.4,False,False
2025-03-24,Metro Express,LCC,DEL-BOM,DEL,BOM,Mon,3,Spring,Morning (08-11),4.5,False,False
2025-11-19,BlueSky Air,Full-service,DEL-HYD,DEL,HYD,Sat,11,Post-Monsoon,Afternoon (11-15),7.1,False,False
2025-02-16,BlueSky Air,Full-service,BOM-COK,BOM,COK,Thu,2,Winter,Early Morning (05-08),4.4,False,False
2025-01-19,Metro Express,LCC,BOM-GOI,BOM,GOI,Wed,1,Winter,Early Morning (05-08),3.7,False,False
2025-05-18,Metro Express,LCC,BLR-COK,BLR,COK,Sun,5,Summer,Morning (08-11),9.4,False,False
2025-05-04,IndiFly,LCC,DEL-HYD,DEL,HYD,Sun,5,Summer,Afternoon (11-15),14.6,False,False
2025-01-13,BlueSky Air,Full-service,MAA-CCU,MAA,CCU,Wed,1,Winter,Morning (08-11),3.1,False,False
2025-08-22,Coastal Wings,Regional/turboprop,DEL-PNQ,DEL,PNQ,Sat,8,Monsoon,Evening (15-19),21.2,True,False
2025-07-24,IndiFly,LCC,BOM-BLR,BOM,BLR,Sun,7,Monsoon,Evening (15-19),6.9,False,False
2025-06-04,Skyline National,Full-service,BOM-BLR,BOM,BLR,Sun,6,Summer,Early Morning (05-08),7.0,False,False
2025-08-24,BlueSky Air,Full-service,DEL-AMD,DEL,AMD,Sun,8,Monsoon,Morning (08-11),4.0,False,False
2025-10-12,Metro Express,LCC,BLR-HYD,BLR,HYD,Sun,10,Post-Monsoon,Afternoon (11-15),5.9,False,False
2025-08-13,Metro Express,LCC,HYD-MAA,HYD,MAA,Wed,8,Monsoon,Night (19-23),6.6,False,False
2025-10-26,Metro Express,LCC,DEL-BLR,DEL,BLR,Thu,10,Post-Monsoon,Early Morning (05-08),5.7,False,False
2025-11-01,Metro Express,LCC,DEL-GOI,DEL,GOI,Sun,11,Post-Monsoon,Morning (08-11),2.6,False,False
2025-12-14,Metro Express,LCC,MAA-CCU,MAA,CCU,Mon,12,Winter,Night (19-23),6.9,False,False
2025-12-28,Coastal Wings,Regional/turboprop,BLR-COK,BLR,COK,Thu,12,Winter,Early Morning (05-08),6.8,False,False
2025-08-15,Metro Express,LCC,BOM-COK,BOM,COK,Thu,8,Monsoon,Afternoon (11-15),18.0,True,False
2025-08-15,Metro Express,LCC,DEL-HYD,DEL,HYD,Fri,8,Monsoon,Early Morning (05-08),13.4,False,False
2025-08-25,BlueSky Air,Full-service,DEL-BOM,DEL,BOM,Tue,8,Monsoon,Night (19-23),4.2,False,False
2025-07-18,IndiFly,LCC,DEL-PNQ,DEL,PNQ,Sat,7,Monsoon,Night (19-23),5.2,False,False
2025-03-07,Coastal Wings,Regional/turboprop,DEL-BLR,DEL,BLR,Fri,3,Spring,Afternoon (11-15),4.9,False,False
2025-01-27,Metro Express,LCC,DEL-AMD,DEL,AMD,Sun,1,Winter,Night (19-23),13.2,False,False
2025-03-07,Metro Express,LCC,BOM-BLR,BOM,BLR,Wed,3,Spring,Afternoon (11-15),3.5,False,False
2025-01-02,Metro Express,LCC,BOM-GOI,BOM,GOI,Sun,1,Winter,Morning (08-11),4.3,False,False
2025-10-21,IndiFly,LCC,DEL-BOM,DEL,BOM,Sun,10,Post-Monsoon,Evening (15-19),9.1,False,False
2025-03-17,Metro Express,LCC,BOM-BLR,BOM,BLR,Sun,3,Spring,Early Morning (05-08),4.0,False,False
2025-06-26,Metro Express,LCC,DEL-BOM,DEL,BOM,Mon,6,Summer,Afternoon (11-15),28.2,True,False
2025-07-01,BlueSky Air,Full-service,DEL-HYD,DEL,HYD,Sat,7,Monsoon,Early Morning (05-08),3.5,False,False
2025-08-02,IndiFly,LCC,COK-BOM,COK,BOM,Mon,8,Monsoon,Evening (15-19),19.6,True,False
2025-03-18,BlueSky Air,Full-service,DEL-CCU,DEL,CCU,Sun,3,Spring,Afternoon (11-15),6.0,False,False
2025-12-03,Metro Express,LCC,DEL-BLR,DEL,BLR,Wed,12,Winter,Night (19-23),54.6,True,False
2025-07-01,Metro Express,LCC,BOM-BLR,BOM,BLR,Tue,7,Monsoon,Early Morning (05-08),3.5,False,False
2025-12-02,IndiFly,LCC,BOM-BLR,BOM,BLR,Tue,12,Winter,Afternoon (11-15),4.7,False,False
2025-12-23,IndiFly,LCC,DEL-AMD,DEL,AMD,Sat,12,Winter,Evening (15-19),10.5,False,False
2025-10-05,Metro Express,LCC,DEL-CCU,DEL,CCU,Sat,10,Post-Monsoon,Night (19-23),3.1,False,False
2025-06-21,Metro Express,LCC,MAA-CCU,MAA,CCU,Sat,6,Summer,Early Morning (05-08),2.2,False,False
2025-03-27,BlueSky Air,Full-service,DEL-BLR,DEL,BLR,Mon,3,Spring,Morning (08-11),5.9,False,False
2025-04-07,BlueSky Air,Full-service,DEL-GOI,DEL,GOI,Mon,4,Spring,Afternoon (11-15),4.8,False,False
2025-07-18,IndiFly,LCC,DEL-CCU,DEL,CCU,Sat,7,Monsoon,Evening (15-19),6.5,False,False
2025-03-08,Metro Express,LCC,BLR-COK,BLR,COK,Tue,3,Spring,Afternoon (11-15),2.2,False,False
2025-11-15,Metro Express,LCC,DEL-BOM,DEL,BOM,Mon,11,Post-Monsoon,Early Morning (05-08),6.9,False,False
2025-10-05,Metro Express,LCC,DEL-BOM,DEL,BOM,Wed,10,Post-Monsoon,Early Morning (05-08),8.9,False,False
2025-03-19,IndiFly,LCC,DEL-BLR,DEL,BLR,Thu,3,Spring,Night (19-23),28.0,True,False
2025-02-11,Metro Express,LCC,DEL-CCU,DEL,CCU,Fri,2,Winter,Night (19-23),14.4,False,False
2025-04-26,IndiFly,LCC,DEL-HYD,DEL,HYD,Fri,4,Spring,Evening (15-19),3.3,False,False
2025-08-10,Skyline National,Full-service,BOM-GOI,BOM,GOI,Sat,8,Monsoon,Night (19-23),35.2,True,False
2025-09-08,BlueSky Air,Full-service,BOM-GOI,BOM,GOI,Sat,9,Monsoon,Early Morning (05-08),10.6,False,False
2025-08-16,BlueSky Air,Full-service,DEL-AMD,DEL,AMD,Tue,8,Monsoon,Night (19-23),4.2,False,False
2025-05-20,BlueSky Air,Full-service,BOM-BLR,BOM,BLR,Thu,5,Summer,Afternoon (11-15),3.1,False,False
2025-07-25,Metro Express,LCC,BOM-BLR,BOM,BLR,Sat,7,Monsoon,Night (19-23),5.1,False,False
2025-10-02,IndiFly,LCC,DEL-BLR,DEL,BLR,Sun,10,Post-Monsoon,Night (19-23),5.4,False,False
2025-10-28,IndiFly,LCC,BOM-BLR,BOM,BLR,Thu,10,Post-Monsoon,Night (19-23),11.8,False,False
2025-12-12,IndiFly,LCC,DEL-BOM,DEL,BOM,Thu,12,Winter,Morning (08-11),10.3,False,False
2025-06-09,BlueSky Air,Full-service,DEL-BOM,DEL,BOM,Fri,6,Summer,Early Morning (05-08),3.3,False,False
2025-12-09,IndiFly,LCC,BLR-HYD,BLR,HYD,Sun,12,Winter,Evening (15-19),4.6,False,False
2025-03-27,BlueSky Air,Full-service,BLR-HYD,BLR,HYD,Tue,3,Spring,Morning (08-11),5.3,False,False
2025-03-20,BlueSky Air,Full-service,DEL-CCU,DEL,CCU,Sun,3,Spring,Morning (08-11),6.1,False,False
2025-06-20,Coastal Wings,Regional/turboprop,BOM-COK,BOM,COK,Thu,6,Summer,Evening (15-19),19.2,True,False
2025-05-15,Skyline National,Full-service,DEL-BLR,DEL,BLR,Sat,5,Summer,Evening (15-19),10.3,False,False
2025-08-14,BlueSky Air,Full-service,DEL-HYD,DEL,HYD,Mon,8,Monsoon,Night (19-23),10.2,False,False
2025-12-11,Metro Express,LCC,MAA-CCU,MAA,CCU,Wed,12,Winter,Morning (08-11),3.9,False,False
2025-12-23,BlueSky Air,Full-service,BOM-COK,BOM,COK,Sat,12,Winter,Early Morning (05-08),4.0,False,False
2025-10-07,IndiFly,LCC,DEL-CCU,DEL,CCU,Wed,10,Post-Monsoon,Night (19-23),14.0,False,False
2025-11-19,Metro Express,LCC,DEL-BLR,DEL,BLR,Sun,11,Post-Monsoon,Early Morning (05-08),7.3,False,False
2025-09-04,Metro Express,LCC,DEL-BLR,DEL,BLR,Tue,9,Monsoon,Morning (08-11),5.5,False,False
2025-04-14,IndiFly,LCC,DEL-BLR,DEL,BLR,Wed,4,Spring,Early Morning (05-08),3.6,False,False
2025-09-12,IndiFly,LCC,BOM-COK,BOM,COK,Tue,9,Monsoon,Evening (15-19),8.8,False,False
2025-02-12,Skyline National,Full-service,BOM-GOI,BOM,GOI,Wed,2,Winter,Morning (08-11),8.1,False,False
2025-03-21,BlueSky Air,Full-service,BOM-BLR,BOM,BLR,Sun,3,Spring,Evening (15-19),4.2,False,False
2025-06-27,IndiFly,LCC,BOM-COK,BOM,COK,Wed,6,Summer,Night (19-23),10.9,False,False
2025-12-12,Skyline National,Full-service,DEL-PNQ,DEL,PNQ,Mon,12,Winter,Morning (08-11),19.7,True,False
2025-08-04,Coastal Wings,Regional/turboprop,BOM-COK,BOM,COK,Wed,8,Monsoon,Evening (15-19),12.8,False,False
2025-04-01,IndiFly,LCC,BOM-BLR,BOM,BLR,Sun,4,Spring,Evening (15-19),3.3,False,False
2025-09-22,IndiFly,LCC,DEL-AMD,DEL,AMD,Wed,9,Monsoon,Night (19-23),15.5,True,False
2025-07-03,Skyline National,Full-service,DEL-BOM,DEL,BOM,Wed,7,Monsoon,Early Morning (05-08),4.3,False,False
2025-11-21,Metro Express,LCC,DEL-PNQ,DEL,PNQ,Thu,11,Post-Monsoon,Afternoon (11-15),7.4,False,False
2025-01-17,IndiFly,LCC,BLR-COK,BLR,COK,Mon,1,Winter,Evening (15-19),9.0,False,False
2025-12-04,IndiFly,LCC,BLR-HYD,BLR,HYD,Sun,12,Winter,Early Morning (05-08),2.8,False,False
2025-09-20,Metro Express,LCC,DEL-CCU,DEL,CCU,Tue,9,Monsoon,Early Morning (05-08),16.1,True,False
2025-09-04,Metro Express,LCC,DEL-BLR,DEL,BLR,Thu,9,Monsoon,Night (19-23),9.9,False,False
2025-07-20,Metro Express,LCC,DEL-AMD,DEL,AMD,Mon,7,Monsoon,Night (19-23),14.3,False,False
2025-09-25,Coastal Wings,Regional/turboprop,BLR-HYD,BLR,HYD,Tue,9,Monsoon,Morning (08-11),6.7,False,False
2025-09-04,Skyline National,Full-service,BLR-HYD,BLR,HYD,Sat,9,Monsoon,Evening (15-19),11.3,False,False
2025-04-24,IndiFly,LCC,BOM-GOI,BOM,GOI,Sat,4,Spring,Evening (15-19),2.1,False,False
2025-09-25,Metro Express,LCC,DEL-HYD,DEL,HYD,Fri,9,Monsoon,Afternoon (11-15),11.9,False,False
2025-02-09,BlueSky Air,Full-service,DEL-HYD,DEL,HYD,Thu,2,Winter,Afternoon (11-15),6.9,False,False
2025-06-03,Metro Express,LCC,DEL-HYD,DEL,HYD,Sun,6,Summer,Afternoon (11-15),17.5,True,False
2025-06-22,Metro Express,LCC,DEL-HYD,DEL,HYD,Fri,6,Summer,Evening (15-19),6.1,False,False
2025-08-07,IndiFly,LCC,BOM-COK,BOM,COK,Fri,8,Monsoon,Night (19-23),10.9,False,False
2025-08-16,IndiFly,LCC,BOM-GOI,BOM,GOI,Sun,8,Monsoon,Morning (08-11),7.8,False,False
2025-08-22,IndiFly,LCC,BOM-BLR,BOM,BLR,Tue,8,Monsoon,Early Morning (05-08),2.8,False,False
2025-05-11,Coastal Wings,Regional/turboprop,BLR-COK,BLR,COK,Wed,5,Summer,Early Morning (05-08),2.0,False,False
2025-12-02,IndiFly,LCC,HYD-MAA,HYD,MAA,Sat,12,Winter,Afternoon (11-15),7.3,False,False
2025-03-10,IndiFly,LCC,BOM-GOI,BOM,GOI,Thu,3,Spring,Early Morning (05-08),3.1,False,False
2025-11-02,IndiFly,LCC,DEL-CCU,DEL,CCU,Mon,11,Post-Monsoon,Early Morning (05-08),2.6,False,False
2025-01-16,Metro Express,LCC,DEL-GOI,DEL,GOI,Sat,1,Winter,Night (19-23),19.0,True,False
2025-07-05,Coastal Wings,Regional/turboprop,DEL-HYD,DEL,HYD,Fri,7,Monsoon,Evening (15-19),16.9,True,False
2025-06-05,Skyline National,Full-service,DEL-BLR,DEL,BLR,Thu,6,Summer,Evening (15-19),4.3,False,False
2025-06-13,Skyline National,Full-service,BOM-BLR,BOM,BLR,Sat,6,Summer,Afternoon (11-15),24.2,True,False
2025-09-19,Metro Express,LCC,DEL-AMD,DEL,AMD,Sat,9,Monsoon,Early Morning (05-08),4.2,False,False
2025-01-11,IndiFly,LCC,MAA-CCU,MAA,CCU,Mon,1,Winter,Afternoon (11-15),5.2,False,False
2025-03-16,Skyline National,Full-service,DEL-BLR,DEL,BLR,Fri,3,Spring,Afternoon (11-15),16.8,True,False
2025-04-14,BlueSky Air,Full-service,DEL-HYD,DEL,HYD,Mon,4,Spring,Morning (08-11),5.3,False,False
2025-05-10,Skyline National,Full-service,MAA-CCU,MAA,CCU,Wed,5,Summer,Early Morning (05-08),2.5,False,False
2025-09-27,BlueSky Air,Full-service,DEL-BLR,DEL,BLR,Thu,9,Monsoon,Early Morning (05-08),2.8,False,False
2025-04-03,IndiFly,LCC,DEL-HYD,DEL,HYD,Sun,4,Spring,Night (19-23),3.7,False,False
2025-10-26,Metro Express,LCC,DEL-HYD,DEL,HYD,Mon,10,Post-Monsoon,Night (19-23),25.2,True,False
2025-02-01,BlueSky Air,Full-service,DEL-BOM,DEL,BOM,Wed,2,Winter,Afternoon (11-15),6.8,False,False
2025-10-05,IndiFly,LCC,DEL-CCU,DEL,CCU,Sat,10,Post-Monsoon,Morning (08-11),9.6,False,False
2025-11-25,Metro Express,LCC,DEL-CCU,DEL,CCU,Tue,11,Post-Monsoon,Morning (08-11),14.8,False,False
2025-11-04,Skyline National,Full-service,MAA-CCU,MAA,CCU,Wed,11,Post-Monsoon,Early Morning (05-08),9.7,False,False
2025-11-01,IndiFly,LCC,MAA-CCU,MAA,CCU,Wed,11,Post-Monsoon,Morning (08-11),0.0,False,True
2025-07-15,BlueSky Air,Full-service,DEL-PNQ,DEL,PNQ,Mon,7,Monsoon,Morning (08-11),2.7,False,False
2025-08-05,Skyline National,Full-service,BOM-BLR,BOM,BLR,Sun,8,Monsoon,Early Morning (05-08),4.5,False,False
2025-05-01,Skyline National,Full-service,BOM-GOI,BOM,GOI,Tue,5,Summer,Morning (08-11),3.8,False,False
2025-10-08,Coastal Wings,Regional/turboprop,BOM-GOI,BOM,GOI,Tue,10,Post-Monsoon,Evening (15-19),17.0,True,False
2025-11-13,BlueSky Air,Full-service,DEL-BOM,DEL,BOM,Wed,11,Post-Monsoon,Early Morning (05-08),3.9,False,False
2025-11-18,IndiFly,LCC,DEL-BOM,DEL,BOM,Mon,11,Post-Monsoon,Morning (08-11),3.8,False,False
2025-11-11,Coastal Wings,Regional/turboprop,BOM-COK,BOM,COK,Wed,11,Post-Monsoon,Afternoon (11-15),2.8,False,False
2025-01-09,Metro Express,LCC,BOM-BLR,BOM,BLR,Thu,1,Winter,Morning (08-11),7.7,False,False
2025-11-19,BlueSky Air,Full-service,BLR-HYD,BLR,HYD,Sun,11,Post-Monsoon,Afternoon (11-15),3.0,False,False
2025-07-26,IndiFly,LCC,BOM-COK,BOM,COK,Mon,7,Monsoon,Early Morning (05-08),3.6,False,False
2025-06-19,Skyline National,Full-service,BOM-COK,BOM,COK,Wed,6,Summer,Afternoon (11-15),20.8,True,False
2025-07-27,IndiFly,LCC,DEL-AMD,DEL,AMD,Mon,7,Monsoon,Night (19-23),5.3,False,False
2025-08-09,Metro Express,LCC,DEL-CCU,DEL,CCU,Tue,8,Monsoon,Morning (08-11),11.1,False,False
2025-06-12,BlueSky Air,Full-service,HYD-MAA,HYD,MAA,Tue,6,Summer,Morning (08-11),7.1,False,False
2025-01-10,Metro Express,LCC,COK-BOM,COK,BOM,Fri,1,Winter,Evening (15-19),11.0,False,False
2025-07-23,Coastal Wings,Regional/turboprop,DEL-BLR,DEL,BLR,Mon,7,Monsoon,Night (19-23),15.0,False,False
2025-10-28,IndiFly,LCC,BOM-GOI,BOM,GOI,Wed,10,Post-Monsoon,Evening (15-19),7.5,False,False
2025-09-27,Skyline National,Full-service,DEL-PNQ,DEL,PNQ,Wed,9,Monsoon,Night (19-23),7.1,False,False
2025-08-22,Skyline National,Full-service,DEL-BLR,DEL,BLR,Sun,8,Monsoon,Morning (08-11),6.6,False,False
2025-05-19,Coastal Wings,Regional/turboprop,BLR-COK,BLR,COK,Tue,5,Summer,Evening (15-19),12.2,False,False
2025-11-04,IndiFly,LCC,BOM-BLR,BOM,BLR,Thu,11,Post-Monsoon,Night (19-23),3.5,False,False
2025-12-26,IndiFly,LCC,DEL-BOM,DEL,BOM,Fri,12,Winter,Afternoon (11-15),26.0,True,False
2025-10-15,Skyline National,Full-service,DEL-CCU,DEL,CCU,Mon,10,Post-Monsoon,Early Morning (05-08),4.3,False,False
2025-04-20,Metro Express,LCC,DEL-BOM,DEL,BOM,Sat,4,Spring,Morning (08-11),12.0,False,False
2025-07-13,IndiFly,LCC,DEL-CCU,DEL,CCU,Sat,7,Monsoon,Afternoon (11-15),3.3,False,False
2025-01-20,Skyline National,Full-service,DEL-BOM,DEL,BOM,Tue,1,Winter,Morning (08-11),31.4,True,False
2025-02-14,IndiFly,LCC,BOM-BLR,BOM,BLR,Mon,2,Winter,Night (19-23),7.8,False,False
2025-11-17,Coastal Wings,Regional/turboprop,BLR-HYD,BLR,HYD,Mon,11,Post-Monsoon,Early Morning (05-08),2.2,False,False
2025-11-25,BlueSky Air,Full-service,BOM-GOI,BOM,GOI,Tue,11,Post-Monsoon,Afternoon (11-15),3.6,False,False
2025-11-23,BlueSky Air,Full-service,BLR-HYD,BLR,HYD,Sun,11,Post-Monsoon,Afternoon (11-15),4.0,False,False
2025-11-09,IndiFly,LCC,DEL-BOM,DEL,BOM,Fri,11,Post-Monsoon,Early Morning (05-08),9.9,False,False
2025-07-28,BlueSky Air,Full-service,BOM-COK,BOM,COK,Wed,7,Monsoon,Night (19-23),21.1,True,False
2025-02-17,IndiFly,LCC,DEL-HYD,DEL,HYD,Sat,2,Winter,Night (19-23),6.9,False,False
2025-03-07,BlueSky Air,Full-service,DEL-PNQ,DEL,PNQ,Thu,3,Spring,Morning (08-11),2.7,False,False
2025-11-20,Metro Express,LCC,DEL-BLR,DEL,BLR,Fri,11,Post-Monsoon,Early Morning (05-08),2.6,False,False
2025-10-24,BlueSky Air,Full-service,DEL-BOM,DEL,BOM,Tue,10,Post-Monsoon,Evening (15-19),16.1,True,False
2025-10-09,Skyline National,Full-service,DEL-BLR,DEL,BLR,Fri,10,Post-Monsoon,Night (19-23),11.6,False,False
2025-10-14,IndiFly,LCC,DEL-BLR,DEL,BLR,Sun,10,Post-Monsoon,Morning (08-11),4.6,False,False
2025-11-14,IndiFly,LCC,DEL-GOI,DEL,GOI,Sun,11,Post-Monsoon,Evening (15-19),8.9,False,False
2025-04-08,Skyline National,Full-service,DEL-BOM,DEL,BOM,Mon,4,Spring,Afternoon (11-15),3.4,False,False
2025-06-11,BlueSky Air,Full-service,BOM-GOI,BOM,GOI,Sat,6,Summer,Morning (08-11),8.5,False,False
2025-09-16,Skyline National,Full-service,BLR-HYD,BLR,HYD,Fri,9,Monsoon,Early Morning (05-08),10.8,False,False
2025-03-24,Metro Express,LCC,DEL-BOM,DEL,BOM,Thu,3,Spring,Morning (08-11),6.1,False,False
2025-06-22,IndiFly,LCC,BOM-COK,BOM,COK,Fri,6,Summer,Afternoon (11-15),14.1,False,False
2025-02-19,BlueSky Air,Full-service,BLR-HYD,BLR,HYD,Sat,2,Winter,Night (19-23),3.5,False,False
2025-04-13,IndiFly,LCC,BOM-GOI,BOM,GOI,Thu,4,Spring,Early Morning (05-08),9.4,False,False
2025-07-04,Metro Express,LCC,BOM-COK,BOM,COK,Mon,7,Monsoon,Early Morning (05-08),6.0,False,False
2025-11-09,IndiFly,LCC,BLR-COK,BLR,COK,Sat,11,Post-Monsoon,Afternoon (11-15),6.4,False,False
2025-01-16,Skyline National,Full-service,DEL-PNQ,DEL,PNQ,Sat,1,Winter,Evening (15-19),24.4,True,False
2025-09-12,Metro Express,LCC,DEL-GOI,DEL,GOI,Tue,9,Monsoon,Early Morning (05-08),17.8,True,False
2025-11-03,IndiFly,LCC,BOM-GOI,BOM,GOI,Thu,11,Post-Monsoon,Evening (15-19),3.3,False,False
2025-06-03,Skyline National,Full-service,BOM-COK,BOM,COK,Tue,6,Summer,Evening (15-19),0.0,False,True
2025-09-04,Metro Express,LCC,DEL-BOM,DEL,BOM,Fri,9,Monsoon,Morning (08-11),9.0,False,False
2025-12-02,Metro Express,LCC,DEL-BLR,DEL,BLR,Mon,12,Winter,Morning (08-11),5.9,False,False
2025-12-07,BlueSky Air,Full-service,DEL-BLR,DEL,BLR,Sat,12,Winter,Morning (08-11),9.1,False,False
2025-07-25,IndiFly,LCC,DEL-BOM,DEL,BOM,Fri,7,Monsoon,Early Morning (05-08),8.4,False,False
2025-07-20,IndiFly,LCC,DEL-HYD,DEL,HYD,Thu,7,Monsoon,Night (19-23),8.3,False,False
2025-06-09,IndiFly,LCC,DEL-BOM,DEL,BOM,Wed,6,Summer,Early Morning (05-08),0.0,False,True
2025-12-11,BlueSky Air,Full-service,BOM-BLR,BOM,BLR,Fri,12,Winter,Early Morning (05-08),3.7,False,False
2025-07-27,IndiFly,LCC,DEL-CCU,DEL,CCU,Sat,7,Monsoon,Early Morning (05-08),2.7,False,False
2025-07-20,IndiFly,LCC,BOM-COK,BOM,COK,Fri,7,Monsoon,Night (19-23),30.7,True,False
2025-03-22,BlueSky Air,Full-service,DEL-AMD,DEL,AMD,Sun,3,Spring,Night (19-23),6.3,False,False
2025-01-23,Metro Express,LCC,BOM-BLR,BOM,BLR,Sun,1,Winter,Evening (15-19),9.1,False,False
2025-10-12,BlueSky Air,Full-service,DEL-AMD,DEL,AMD,Mon,10,Post-Monsoon,Evening (15-19),2.8,False,False
2025-11-14,Skyline National,Full-service,BOM-BLR,BOM,BLR,Sun,11,Post-Monsoon,Early Morning (05-08),5.7,False,False
2025-08-09,Metro Express,LCC,DEL-BLR,DEL,BLR,Fri,8,Monsoon,Afternoon (11-15),8.6,False,False
2025-02-26,IndiFly,LCC,DEL-CCU,DEL,CCU,Sun,2,Winter,Night (19-23),11.3,False,False
2025-05-22,BlueSky Air,Full-service,BLR-COK,BLR,COK,Sat,5,Summer,Morning (08-11),8.4,False,False
2025-10-28,Metro Express,LCC,BOM-GOI,BOM,GOI,Mon,10,Post-Monsoon,Early Morning (05-08),3.2,False,False
2025-05-25,BlueSky Air,Full-service,DEL-BOM,DEL,BOM,Wed,5,Summer,Afternoon (11-15),4.7,False,False
2025-09-19,IndiFly,LCC,DEL-HYD,DEL,HYD,Sun,9,Monsoon,Morning (08-11),7.0,False,False
2025-06-22,Skyline National,Full-service,DEL-BOM,DEL,BOM,Tue,6,Summer,Early Morning (05-08),11.9,False,False
2025-05-15,IndiFly,LCC,BOM-GOI,BOM,GOI,Thu,5,Summer,Evening (15-19),2.5,False,False
2025-12-08,Skyline National,Full-service,DEL-CCU,DEL,CCU,Mon,12,Winter,Evening (15-19),30.3,True,False
2025-03-15,Skyline National,Full-service,MAA-CCU,MAA,CCU,Mon,3,Spring,Evening (15-19),8.3,False,False
2025-03-17,Metro Express,LCC,BOM-BLR,BOM,BLR,Wed,3,Spring,Evening (15-19),12.3,False,False
2025-04-19,BlueSky Air,Full-service,BLR-HYD,BLR,HYD,Thu,4,Spring,Morning (08-11),2.7,False,False
2025-04-16,IndiFly,LCC,DEL-BOM,DEL,BOM,Fri,4,Spring,Morning (08-11),8.6,False,False
2025-05-11,BlueSky Air,Full-service,DEL-PNQ,DEL,PNQ,Thu,5,Summer,Evening (15-19),8.8,False,False
2025-01-15,IndiFly,LCC,MAA-CCU,MAA,CCU,Thu,1,Winter,Afternoon (11-15),18.0,True,False
2025-05-21,BlueSky Air,Full-service,DEL-GOI,DEL,GOI,Tue,5,Summer,Morning (08-11),5.1,False,False
2025-12-09,BlueSky Air,Full-service,DEL-BOM,DEL,BOM,Tue,12,Winter,Morning (08-11),42.0,True,False
2025-07-12,BlueSky Air,Full-service,DEL-PNQ,DEL,PNQ,Fri,7,Monsoon,Night (19-23),6.2,False,False
2025-09-03,Metro Express,LCC,DEL-HYD,DEL,HYD,Thu,9,Monsoon,Afternoon (11-15),5.6,False,False
2025-12-07,BlueSky Air,Full-service,BOM-GOI,BOM,GOI,Mon,12,Winter,Night (19-23),9.7,False,False
2025-02-22,Metro Express,LCC,BLR-COK,BLR,COK,Sat,2,Winter,Night (19-23),13.5,False,False
2025-04-07,Metro Express,LCC,DEL-BLR,DEL,BLR,Sat,4,Spring,Evening (15-19),11.7,False,False
2025-12-06,Metro Express,LCC,BLR-HYD,BLR,HYD,Tue,12,Winter,Early Morning (05-08),17.0,True,False
2025-12-22,IndiFly,LCC,DEL-BLR,DEL,BLR,Sat,12,Winter,Morning (08-11),7.1,False,False
2025-05-16,IndiFly,LCC,DEL-BOM,DEL,BOM,Thu,5,Summer,Early Morning (05-08),6.1,False,False
2025-06-12,BlueSky Air,Full-service,DEL-AMD,DEL,AMD,Wed,6,Summer,Evening (15-19),5.3,False,False
2025-06-19,Metro Express,LCC,BOM-BLR,BOM,BLR,Wed,6,Summer,Evening (15-19),4.0,False,False
2025-11-05,BlueSky Air,Full-service,DEL-BOM,DEL,BOM,Thu,11,Post-Monsoon,Evening (15-19),6.4,False,False
2025-03-18,IndiFly,LCC,DEL-BLR,DEL,BLR,Sat,3,Spring,Morning (08-11),5.3,False,False
2025-05-12,Metro Express,LCC,DEL-AMD,DEL,AMD,Wed,5,Summer,Morning (08-11),2.6,False,False
2025-08-16,Metro Express,LCC,DEL-BOM,DEL,BOM,Sun,8,Monsoon,Afternoon (11-15),4.5,False,False
2025-05-22,BlueSky Air,Full-service,BOM-COK,BOM,COK,Sun,5,Summer,Afternoon (11-15),6.2,False,False
2025-07-19,Skyline National,Full-service,BLR-COK,BLR,COK,Mon,7,Monsoon,Early Morning (05-08),18.9,True,False
2025-10-02,IndiFly,LCC,DEL-BOM,DEL,BOM,Thu,10,Post-Monsoon,Evening (15-19),15.1,True,False
2025-10-28,IndiFly,LCC,DEL-BOM,DEL,BOM,Tue,10,Post-Monsoon,Morning (08-11),9.1,False,False
2025-07-06,Skyline National,Full-service,COK-BOM,COK,BOM,Sat,7,Monsoon,Early Morning (05-08),25.8,True,False
2025-12-20,BlueSky Air,Full-service,MAA-CCU,MAA,CCU,Tue,12,Winter,Afternoon (11-15),3.8,False,False
2025-01-16,IndiFly,LCC,BOM-BLR,BOM,BLR,Mon,1,Winter,Early Morning (05-08),2.5,False,False
2025-08-24,Metro Express,LCC,BOM-COK,BOM,COK,Wed,8,Monsoon,Early Morning (05-08),24.6,True,False
2025-03-02,IndiFly,LCC,DEL-CCU,DEL,CCU,Thu,3,Spring,Early Morning (05-08),3.1,False,False
2025-02-06,BlueSky Air,Full-service,DEL-BOM,DEL,BOM,Thu,2,Winter,Night (19-23),8.9,False,False
2025-10-11,BlueSky Air,Full-service,DEL-HYD,DEL,HYD,Tue,10,Post-Monsoon,Evening (15-19),4.4,False,False
2025-01-21,Metro Express,LCC,DEL-AMD,DEL,AMD,Thu,1,Winter,Night (19-23),25.1,True,False
2025-09-18,BlueSky Air,Full-service,BOM-GOI,BOM,GOI,Wed,9,Monsoon,Early Morning (05-08),12.5,False,False
2025-07-03,Metro Express,LCC,MAA-CCU,MAA,CCU,Tue,7,Monsoon,Night (19-23),9.8,False,False
2025-07-17,IndiFly,LCC,BOM-BLR,BOM,BLR,Mon,7,Monsoon,Evening (15-19),3.4,False,False
2025-12-21,Metro Express,LCC,BLR-HYD,BLR,HYD,Sun,12,Winter,Morning (08-11),4.5,False,False
2025-06-13,Metro Express,LCC,DEL-HYD,DEL,HYD,Sat,6,Summer,Evening (15-19),10.5,False,False
2025-07-13,BlueSky Air,Full-service,BLR-COK,BLR,COK,Wed,7,Monsoon,Night (19-23),11.9,False,False
2025-05-05,Skyline National,Full-service,BLR-HYD,BLR,HYD,Fri,5,Summer,Evening (15-19),4.0,False,False
2025-01-03,IndiFly,LCC,DEL-HYD,DEL,HYD,Fri,1,Winter,Evening (15-19),18.3,True,False
2025-03-02,Skyline National,Full-service,DEL-BOM,DEL,BOM,Thu,3,Spring,Afternoon (11-15),4.1,False,False
2025-04-14,IndiFly,LCC,BOM-BLR,BOM,BLR,Fri,4,Spring,Afternoon (11-15),12.7,False,False
2025-07-03,IndiFly,LCC,COK-BOM,COK,BOM,Sat,7,Monsoon,Early Morning (05-08),11.1,False,False
2025-06-22,IndiFly,LCC,DEL-BOM,DEL,BOM,Wed,6,Summer,Afternoon (11-15),4.5,False,False
2025-01-03,BlueSky Air,Full-service,BOM-COK,BOM,COK,Mon,1,Winter,Night (19-23),3.1,False,False
2025-08-09,Skyline National,Full-service,DEL-PNQ,DEL,PNQ,Sat,8,Monsoon,Afternoon (11-15),12.6,False,False
2025-07-11,BlueSky Air,Full-service,MAA-CCU,MAA,CCU,Fri,7,Monsoon,Night (19-23),3.5,False,False
2025-10-25,Metro Express,LCC,DEL-AMD,DEL,AMD,Sat,10,Post-Monsoon,Morning (08-11),2.9,False,False
2025-01-26,BlueSky Air,Full-service,DEL-HYD,DEL,HYD,Sun,1,Winter,Evening (15-19),63.1,True,False
2025-07-24,Skyline National,Full-service,DEL-PNQ,DEL,PNQ,Fri,7,Monsoon,Evening (15-19),14.1,False,False
2025-01-27,BlueSky Air,Full-service,COK-BOM,COK,BOM,Fri,1,Winter,Morning (08-11),4.8,False,False
2025-06-17,Metro Express,LCC,DEL-AMD,DEL,AMD,Wed,6,Summer,Evening (15-19),7.0,False,False
2025-01-07,BlueSky Air,Full-service,DEL-BOM,DEL,BOM,Sun,1,Winter,Evening (15-19),27.7,True,False
2025-10-19,IndiFly,LCC,DEL-BOM,DEL,BOM,Fri,10,Post-Monsoon,Afternoon (11-15),4.6,False,False
2025-10-04,IndiFly,LCC,DEL-HYD,DEL,HYD,Mon,10,Post-Monsoon,Night (19-23),3.5,False,False
2025-02-18,Metro Express,LCC,DEL-PNQ,DEL,PNQ,Wed,2,Winter,Afternoon (11-15),6.8,False,False
2025-04-27,Coastal Wings,Regional/turboprop,BOM-BLR,BOM,BLR,Tue,4,Spring,Early Morning (05-08),5.3,False,False
2025-11-15,BlueSky Air,Full-service,DEL-BOM,DEL,BOM,Sat,11,Post-Monsoon,Evening (15-19),10.0,False,False
2025-03-05,IndiFly,LCC,BLR-HYD,BLR,HYD,Sat,3,Spring,Night (19-23),4.3,False,False
2025-01-11,Metro Express,LCC,DEL-GOI,DEL,GOI,Sun,1,Winter,Morning (08-11),21.5,True,False
2025-02-23,Coastal Wings,Regional/turboprop,DEL-CCU,DEL,CCU,Fri,2,Winter,Early Morning (05-08),2.7,False,False
2025-12-18,Coastal Wings,Regional/turboprop,DEL-BLR,DEL,BLR,Wed,12,Winter,Afternoon (11-15),20.3,True,False
2025-05-22,Metro Express,LCC,DEL-CCU,DEL,CCU,Thu,5,Summer,Night (19-23),8.5,False,False
2025-06-26,Metro Express,LCC,DEL-PNQ,DEL,PNQ,Tue,6,Summer,Evening (15-19),32.4,True,False
2025-08-19,Metro Express,LCC,BOM-COK,BOM,COK,Fri,8,Monsoon,Afternoon (11-15),4.8,False,False
2025-12-07,IndiFly,LCC,DEL-GOI,DEL,GOI,Thu,12,Winter,Night (19-23),28.1,True,False
2025-03-27,Metro Express,LCC,DEL-BOM,DEL,BOM,Wed,3,Spring,Night (19-23),12.0,False,False
2025-11-12,IndiFly,LCC,BLR-HYD,BLR,HYD,Thu,11,Post-Monsoon,Early Morning (05-08),20.5,True,False
2025-03-23,Skyline National,Full-service,DEL-BOM,DEL,BOM,Tue,3,Spring,Night (19-23),4.0,False,False
2025-05-17,BlueSky Air,Full-service,BOM-BLR,BOM,BLR,Mon,5,Summer,Night (19-23),2.5,False,False
2025-01-07,Coastal Wings,Regional/turboprop,DEL-BLR,DEL,BLR,Sun,1,Winter,Afternoon (11-15),22.7,True,False
2025-07-07,Metro Express,LCC,MAA-CCU,MAA,CCU,Sun,7,Monsoon,Early Morning (05-08),2.1,False,False
2025-08-18,BlueSky Air,Full-service,DEL-BLR,DEL,BLR,Sun,8,Monsoon,Evening (15-19),4.8,False,False
2025-07-13,Skyline National,Full-service,BOM-BLR,BOM,BLR,Tue,7,Monsoon,Morning (08-11),4.8,False,False
2025-09-22,Coastal Wings,Regional/turboprop,DEL-BLR,DEL,BLR,Fri,9,Monsoon,Early Morning (05-08),3.6,False,False
2025-07-19,Metro Express,LCC,DEL-CCU,DEL,CCU,Mon,7,Monsoon,Night (19-23),6.5,False,False
2025-09-25,BlueSky Air,Full-service,DEL-AMD,DEL,AMD,Wed,9,Monsoon,Early Morning (05-08),4.9,False,False
2025-01-11,Metro Express,LCC,BOM-BLR,BOM,BLR,Tue,1,Winter,Early Morning (05-08),2.8,False,False
2025-08-03,Skyline National,Full-service,DEL-CCU,DEL,CCU,Sun,8,Monsoon,Evening (15-19),30.6,True,False
2025-08-28,Coastal Wings,Regional/turboprop,DEL-BOM,DEL,BOM,Sat,8,Monsoon,Afternoon (11-15),7.7,False,False
2025-08-05,BlueSky Air,Full-service,BOM-BLR,BOM,BLR,Fri,8,Monsoon,Afternoon (11-15),4.5,False,False
2025-08-15,IndiFly,LCC,HYD-MAA,HYD,MAA,Fri,8,Monsoon,Morning (08-11),3.3,False,False
2025-09-08,IndiFly,LCC,DEL-BLR,DEL,BLR,Sun,9,Monsoon,Morning (08-11),9.0,False,False
2025-12-12,BlueSky Air,Full-service,BLR-COK,BLR,COK,Thu,12,Winter,Morning (08-11),10.9,False,False
2025-05-11,BlueSky Air,Full-service,DEL-BOM,DEL,BOM,Tue,5,Summer,Morning (08-11),5.1,False,False
2025-04-24,Coastal Wings,Regional/turboprop,BLR-HYD,BLR,HYD,Sat,4,Spring,Evening (15-19),3.0,False,False
2025-01-10,Skyline National,Full-service,DEL-GOI,DEL,GOI,Sat,1,Winter,Early Morning (05-08),13.5,False,False
2025-04-19,BlueSky Air,Full-service,DEL-AMD,DEL,AMD,Sun,4,Spring,Afternoon (11-15),4.8,False,False
2025-10-14,Coastal Wings,Regional/turboprop,BOM-BLR,BOM,BLR,Sat,10,Post-Monsoon,Evening (15-19),5.8,False,False
2025-06-13,Metro Express,LCC,MAA-CCU,MAA,CCU,Fri,6,Summer,Early Morning (05-08),9.6,False,False
2025-04-06,Metro Express,LCC,BLR-HYD,BLR,HYD,Sat,4,Spring,Early Morning (05-08),19.6,True,False
2025-09-15,BlueSky Air,Full-service,BOM-BLR,BOM,BLR,Sat,9,Monsoon,Afternoon (11-15),2.2,False,False
2025-06-19,IndiFly,LCC,BOM-COK,BOM,COK,Sun,6,Summer,Afternoon (11-15),26.2,True,False
2025-04-02,BlueSky Air,Full-service,BOM-COK,BOM,COK,Mon,4,Spring,Early Morning (05-08),7.6,False,False
2025-02-08,BlueSky Air,Full-service,DEL-BOM,DEL,BOM,Sat,2,Winter,Night (19-23),8.0,False,False
2025-07-18,BlueSky Air,Full-service,DEL-BLR,DEL,BLR,Fri,7,Monsoon,Early Morning (05-08),7.4,False,False
2025-04-11,IndiFly,LCC,BOM-GOI,BOM,GOI,Thu,4,Spring,Afternoon (11-15),2.8,False,False
2025-06-13,Metro Express,LCC,BOM-GOI,BOM,GOI,Wed,6,Summer,Evening (15-19),27.6,True,False
2025-10-11,Metro Express,LCC,BOM-GOI,BOM,GOI,Fri,10,Post-Monsoon,Afternoon (11-15),5.3,False,False
2025-12-21,BlueSky Air,Full-service,DEL-BOM,DEL,BOM,Mon,12,Winter,Afternoon (11-15),44.5,True,False
2025-03-23,BlueSky Air,Full-service,BOM-COK,BOM,COK,Wed,3,Spring,Early Morning (05-08),13.0,False,False
2025-11-25,Coastal Wings,Regional/turboprop,DEL-GOI,DEL,GOI,Fri,11,Post-Monsoon,Evening (15-19),10.0,False,False
2025-02-20,BlueSky Air,Full-service,DEL-BOM,DEL,BOM,Sat,2,Winter,Evening (15-19),3.8,False,False
2025-03-02,IndiFly,LCC,BOM-BLR,BOM,BLR,Sun,3,Spring,Morning (08-11),13.9,False,False
2025-05-15,Metro Express,LCC,BOM-COK,BOM,COK,Tue,5,Summer,Early Morning (05-08),12.1,False,False
2025-06-22,IndiFly,LCC,DEL-PNQ,DEL,PNQ,Sun,6,Summer,Morning (08-11),3.3,False,False
2025-03-19,IndiFly,LCC,BLR-HYD,BLR,HYD,Tue,3,Spring,Night (19-23),6.7,False,False
2025-02-06,Skyline National,Full-service,DEL-CCU,DEL,CCU,Sun,2,Winter,Evening (15-19),23.8,True,False
2025-08-19,Skyline National,Full-service,DEL-BLR,DEL,BLR,Wed,8,Monsoon,Afternoon (11-15),19.0,True,False
2025-02-18,Metro Express,LCC,DEL-HYD,DEL,HYD,Fri,2,Winter,Early Morning (05-08),16.4,True,False
2025-12-12,IndiFly,LCC,DEL-PNQ,DEL,PNQ,Thu,12,Winter,Early Morning (05-08),22.6,True,False
2025-03-16,Metro Express,LCC,DEL-HYD,DEL,HYD,Tue,3,Spring,Morning (08-11),3.6,False,False
2025-12-23,Skyline National,Full-service,BOM-COK,BOM,COK,Tue,12,Winter,Afternoon (11-15),4.5,False,False
2025-10-02,IndiFly,LCC,DEL-CCU,DEL,CCU,Fri,10,Post-Monsoon,Afternoon (11-15),7.3,False,False
2025-03-07,Metro Express,LCC,DEL-PNQ,DEL,PNQ,Mon,3,Spring,Night (19-23),3.6,False,False
2025-04-07,Metro Express,LCC,DEL-BOM,DEL,BOM,Wed,4,Spring,Morning (08-11),9.5,False,False
2025-07-28,Metro Express,LCC,DEL-BLR,DEL,BLR,Sat,7,Monsoon,Morning (08-11),3.0,False,False
2025-08-03,Skyline National,Full-service,HYD-MAA,HYD,MAA,Mon,8,Monsoon,Night (19-23),4.1,False,False
2025-08-10,BlueSky Air,Full-service,COK-BOM,COK,BOM,Mon,8,Monsoon,Morning (08-11),9.0,False,False
2025-06-14,Coastal Wings,Regional/turboprop,BOM-BLR,BOM,BLR,Mon,6,Summer,Night (19-23),3.3,False,False
2025-12-16,Metro Express,LCC,DEL-BOM,DEL,BOM,Thu,12,Winter,Morning (08-11),18.5,True,False
2025-04-22,IndiFly,LCC,DEL-HYD,DEL,HYD,Thu,4,Spring,Night (19-23),9.0,False,False
2025-01-11,Skyline National,Full-service,BLR-HYD,BLR,HYD,Sun,1,Winter,Night (19-23),19.5,True,False
2025-10-20,Coastal Wings,Regional/turboprop,BLR-HYD,BLR,HYD,Thu,10,Post-Monsoon,Night (19-23),4.4,False,False
2025-10-09,IndiFly,LCC,BOM-BLR,BOM,BLR,Thu,10,Post-Monsoon,Night (19-23),29.7,True,False
2025-03-25,BlueSky Air,Full-service,MAA-CCU,MAA,CCU,Tue,3,Spring,Morning (08-11),4.2,False,False
2025-01-26,BlueSky Air,Full-service,DEL-CCU,DEL,CCU,Mon,1,Winter,Afternoon (11-15),12.6,False,False
2025-07-11,Skyline National,Full-service,DEL-PNQ,DEL,PNQ,Fri,7,Monsoon,Evening (15-19),5.3,False,False
2025-11-06,Metro Express,LCC,DEL-BLR,DEL,BLR,Tue,11,Post-Monsoon,Afternoon (11-15),10.1,False,False
2025-12-05,Skyline National,Full-service,COK-BOM,COK,BOM,Sat,12,Winter,Morning (08-11),4.7,False,False
2025-10-14,BlueSky Air,Full-service,DEL-BOM,DEL,BOM,Sun,10,Post-Monsoon,Early Morning (05-08),4.2,False,False
2025-08-18,Skyline National,Full-service,DEL-BLR,DEL,BLR,Fri,8,Monsoon,Night (19-23),11.1,False,False
2025-03-08,BlueSky Air,Full-service,BOM-COK,BOM,COK,Fri,3,Spring,Early Morning (05-08),3.0,False,False
2025-07-26,Metro Express,LCC,BOM-BLR,BOM,BLR,Wed,7,Monsoon,Afternoon (11-15),15.7,True,False
2025-02-05,Metro Express,LCC,BOM-GOI,BOM,GOI,Mon,2,Winter,Afternoon (11-15),2.9,False,False
2025-01-04,BlueSky Air,Full-service,BOM-GOI,BOM,GOI,Wed,1,Winter,Morning (08-11),3.4,False,False
2025-02-12,Skyline National,Full-service,DEL-BLR,DEL,BLR,Thu,2,Winter,Early Morning (05-08),3.3,False,False
2025-07-18,Metro Express,LCC,DEL-BOM,DEL,BOM,Thu,7,Monsoon,Early Morning (05-08),5.6,False,False
2025-09-20,Skyline National,Full-service,DEL-BOM,DEL,BOM,Tue,9,Monsoon,Morning (08-11),14.5,False,False
2025-06-09,BlueSky Air,Full-service,BOM-BLR,BOM,BLR,Tue,6,Summer,Evening (15-19),6.3,False,False
2025-04-16,IndiFly,LCC,MAA-CCU,MAA,CCU,Thu,4,Spring,Early Morning (05-08),3.2,False,False
2025-06-28,BlueSky Air,Full-service,BOM-BLR,BOM,BLR,Fri,6,Summer,Morning (08-11),4.4,False,False
2025-02-20,Coastal Wings,Regional/turboprop,MAA-CCU,MAA,CCU,Thu,2,Winter,Evening (15-19),3.2,False,False
2025-10-16,IndiFly,LCC,DEL-CCU,DEL,CCU,Wed,10,Post-Monsoon,Evening (15-19),12.7,False,False
2025-04-13,Skyline National,Full-service,BLR-HYD,BLR,HYD,Sun,4,Spring,Afternoon (11-15),7.5,False,False
2025-11-21,Coastal Wings,Regional/turboprop,BOM-BLR,BOM,BLR,Thu,11,Post-Monsoon,Early Morning (05-08),2.4,False,False
2025-06-02,Metro Express,LCC,DEL-GOI,DEL,GOI,Fri,6,Summer,Early Morning (05-08),23.5,True,False
2025-09-21,Coastal Wings,Regional/turboprop,DEL-BLR,DEL,BLR,Wed,9,Monsoon,Afternoon (11-15),4.5,False,False
2025-07-06,Metro Express,LCC,DEL-BOM,DEL,BOM,Sun,7,Monsoon,Afternoon (11-15),10.6,False,False
2025-03-20,Skyline National,Full-service,DEL-BOM,DEL,BOM,Wed,3,Spring,Morning (08-11),10.0,False,False
2025-12-25,IndiFly,LCC,MAA-CCU,MAA,CCU,Sat,12,Winter,Afternoon (11-15),10.6,False,False
2025-09-01,IndiFly,LCC,BOM-BLR,BOM,BLR,Mon,9,Monsoon,Early Morning (05-08),5.3,False,False
2025-06-19,BlueSky Air,Full-service,BOM-BLR,BOM,BLR,Tue,6,Summer,Morning (08-11),7.6,False,False
2025-07-09,BlueSky Air,Full-service,DEL-PNQ,DEL,PNQ,Sat,7,Monsoon,Afternoon (11-15),5.5,False,False
2025-08-01,Skyline National,Full-service,DEL-BOM,DEL,BOM,Thu,8,Monsoon,Afternoon (11-15),14.4,False,False
2025-12-24,Metro Express,LCC,BLR-COK,BLR,COK,Tue,12,Winter,Early Morning (05-08),3.5,False,False
2025-02-23,BlueSky Air,Full-service,DEL-CCU,DEL,CCU,Sun,2,Winter,Morning (08-11),6.8,False,False
2025-06-25,Skyline National,Full-service,BOM-BLR,BOM,BLR,Tue,6,Summer,Evening (15-19),4.3,False,False
2025-06-28,Metro Express,LCC,BOM-GOI,BOM,GOI,Thu,6,Summer,Evening (15-19),13.0,False,False
2025-08-04,BlueSky Air,Full-service,BLR-COK,BLR,COK,Sun,8,Monsoon,Early Morning (05-08),19.9,True,False
2025-01-22,Skyline National,Full-service,BLR-COK,BLR,COK,Fri,1,Winter,Evening (15-19),4.4,False,False
2025-02-14,Metro Express,LCC,DEL-CCU,DEL,CCU,Mon,2,Winter,Early Morning (05-08),5.3,False,False
2025-04-02,Coastal Wings,Regional/turboprop,MAA-CCU,MAA,CCU,Sun,4,Spring,Afternoon (11-15),5.5,False,False
2025-04-24,Metro Express,LCC,DEL-GOI,DEL,GOI,Sun,4,Spring,Evening (15-19),9.8,False,False
2025-04-16,Metro Express,LCC,DEL-AMD,DEL,AMD,Sat,4,Spring,Evening (15-19),28.0,True,False
2025-02-21,IndiFly,LCC,DEL-CCU,DEL,CCU,Tue,2,Winter,Morning (08-11),3.3,False,False
2025-09-27,BlueSky Air,Full-service,BLR-HYD,BLR,HYD,Mon,9,Monsoon,Afternoon (11-15),2.4,False,False
2025-07-22,Coastal Wings,Regional/turboprop,DEL-BOM,DEL,BOM,Thu,7,Monsoon,Afternoon (11-15),3.4,False,False
2025-04-27,BlueSky Air,Full-service,DEL-BLR,DEL,BLR,Fri,4,Spring,Evening (15-19),5.1,False,False
2025-03-04,BlueSky Air,Full-service,DEL-AMD,DEL,AMD,Sun,3,Spring,Evening (15-19),17.0,True,False
2025-04-16,IndiFly,LCC,DEL-BOM,DEL,BOM,Fri,4,Spring,Evening (15-19),9.3,False,False
2025-07-25,Skyline National,Full-service,DEL-AMD,DEL,AMD,Sun,7,Monsoon,Night (19-23),24.3,True,False
2025-09-08,BlueSky Air,Full-service,COK-BOM,COK,BOM,Wed,9,Monsoon,Afternoon (11-15),20.4,True,False
2025-11-06,Metro Express,LCC,DEL-HYD,DEL,HYD,Fri,11,Post-Monsoon,Afternoon (11-15),3.1,False,False
2025-07-11,Skyline National,Full-service,DEL-PNQ,DEL,PNQ,Thu,7,Monsoon,Early Morning (05-08),6.0,False,False
2025-09-04,Skyline National,Full-service,BOM-GOI,BOM,GOI,Thu,9,Monsoon,Night (19-23),10.4,False,False
2025-03-25,IndiFly,LCC,BOM-BLR,BOM,BLR,Tue,3,Spring,Early Morning (05-08),5.2,False,False
2025-03-28,Coastal Wings,Regional/turboprop,DEL-BOM,DEL,BOM,Sat,3,Spring,Morning (08-11),4.8,False,False
2025-12-25,IndiFly,LCC,DEL-BOM,DEL,BOM,Mon,12,Winter,Night (19-23),14.5,False,False
2025-09-11,IndiFly,LCC,DEL-BOM,DEL,BOM,Tue,9,Monsoon,Evening (15-19),5.7,False,False
2025-09-07,IndiFly,LCC,BOM-BLR,BOM,BLR,Thu,9,Monsoon,Evening (15-19),9.2,False,False
2025-04-13,Skyline National,Full-service,MAA-CCU,MAA,CCU,Sat,4,Spring,Night (19-23),6.9,False,False
2025-05-05,Metro Express,LCC,DEL-BLR,DEL,BLR,Tue,5,Summer,Afternoon (11-15),6.2,False,False
2025-03-26,Skyline National,Full-service,DEL-BLR,DEL,BLR,Sun,3,Spring,Night (19-23),5.2,False,False
2025-01-08,BlueSky Air,Full-service,DEL-BLR,DEL,BLR,Sun,1,Winter,Morning (08-11),0.0,False,True
2025-11-07,BlueSky Air,Full-service,BOM-BLR,BOM,BLR,Wed,11,Post-Monsoon,Night (19-23),2.4,False,False
2025-04-22,IndiFly,LCC,DEL-BLR,DEL,BLR,Mon,4,Spring,Evening (15-19),8.8,False,False
2025-02-05,IndiFly,LCC,DEL-HYD,DEL,HYD,Wed,2,Winter,Evening (15-19),2.6,False,False
2025-11-21,BlueSky Air,Full-service,DEL-PNQ,DEL,PNQ,Wed,11,Post-Monsoon,Evening (15-19),4.2,False,False
2025-03-04,Metro Express,LCC,DEL-PNQ,DEL,PNQ,Wed,3,Spring,Afternoon (11-15),13.6,False,False
2025-01-11,BlueSky Air,Full-service,DEL-HYD,DEL,HYD,Tue,1,Winter,Evening (15-19),24.6,True,False
2025-04-09,Metro Express,LCC,BOM-BLR,BOM,BLR,Sat,4,Spring,Night (19-23),10.9,False,False
2025-08-20,BlueSky Air,Full-service,DEL-BLR,DEL,BLR,Fri,8,Monsoon,Afternoon (11-15),3.0,False,False
2025-10-27,IndiFly,LCC,BOM-GOI,BOM,GOI,Sat,10,Post-Monsoon,Afternoon (11-15),4.6,False,False
2025-06-01,BlueSky Air,Full-service,DEL-BOM,DEL,BOM,Thu,6,Summer,Afternoon (11-15),7.0,False,False
2025-05-16,Metro Express,LCC,BOM-GOI,BOM,GOI,Thu,5,Summer,Afternoon (11-15),9.4,False,False
2025-10-03,BlueSky Air,Full-service,BOM-BLR,BOM,BLR,Sat,10,Post-Monsoon,Early Morning (05-08),5.2,False,False
2025-02-11,Metro Express,LCC,DEL-BLR,DEL,BLR,Wed,2,Winter,Afternoon (11-15),6.8,False,False
2025-07-08,IndiFly,LCC,DEL-AMD,DEL,AMD,Fri,7,Monsoon,Evening (15-19),10.2,False,False
2025-06-26,IndiFly,LCC,DEL-CCU,DEL,CCU,Sat,6,Summer,Morning (08-11),4.8,False,False
2025-09-16,IndiFly,LCC,BOM-GOI,BOM,GOI,Tue,9,Monsoon,Early Morning (05-08),23.7,True,False
2025-12-06,BlueSky Air,Full-service,DEL-BLR,DEL,BLR,Wed,12,Winter,Evening (15-19),28.9,True,False
2025-09-15,BlueSky Air,Full-service,BOM-BLR,BOM,BLR,Wed,9,Monsoon,Afternoon (11-15),7.0,False,False
2025-02-02,IndiFly,LCC,DEL-BOM,DEL,BOM,Fri,2,Winter,Early Morning (05-08),7.5,False,False
2025-04-28,BlueSky Air,Full-service,BLR-HYD,BLR,HYD,Sat,4,Spring,Early Morning (05-08),2.9,False,False
2025-11-23,Skyline National,Full-service,COK-BOM,COK,BOM,Tue,11,Post-Monsoon,Evening (15-19),8.5,False,False
2025-07-26,IndiFly,LCC,BOM-GOI,BOM,GOI,Mon,7,Monsoon,Evening (15-19),24.2,True,False
2025-05-12,Coastal Wings,Regional/turboprop,DEL-BOM,DEL,BOM,Sun,5,Summer,Afternoon (11-15),5.8,False,False
2025-08-26,BlueSky Air,Full-service,BOM-BLR,BOM,BLR,Tue,8,Monsoon,Evening (15-19),13.0,False,False
2025-06-05,Skyline National,Full-service,DEL-GOI,DEL,GOI,Fri,6,Summer,Night (19-23),9.7,False,False
2025-05-24,IndiFly,LCC,DEL-CCU,DEL,CCU,Thu,5,Summer,Afternoon (11-15),8.6,False,False
2025-04-27,IndiFly,LCC,DEL-HYD,DEL,HYD,Wed,4,Spring,Morning (08-11),8.3,False,False
2025-03-24,IndiFly,LCC,DEL-BOM,DEL,BOM,Wed,3,Spring,Early Morning (05-08),4.7,False,False
2025-05-13,BlueSky Air,Full-service,DEL-AMD,DEL,AMD,Sun,5,Summer,Evening (15-19),8.7,False,False
2025-05-17,Skyline National,Full-service,DEL-BLR,DEL,BLR,Thu,5,Summer,Afternoon (11-15),20.7,True,False
2025-02-01,Skyline National,Full-service,BOM-GOI,BOM,GOI,Fri,2,Winter,Afternoon (11-15),3.7,False,False
2025-05-19,IndiFly,LCC,DEL-HYD,DEL,HYD,Sun,5,Summer,Early Morning (05-08),5.9,False,False
2025-02-22,Metro Express,LCC,COK-BOM,COK,BOM,Sat,2,Winter,Night (19-23),8.1,False,False
2025-04-24,Metro Express,LCC,HYD-MAA,HYD,MAA,Fri,4,Spring,Night (19-23),7.3,False,False
2025-12-23,Skyline National,Full-service,DEL-AMD,DEL,AMD,Mon,12,Winter,Evening (15-19),10.4,False,False
2025-07-01,Metro Express,LCC,DEL-AMD,DEL,AMD,Mon,7,Monsoon,Night (19-23),0.0,False,True
2025-06-26,Skyline National,Full-service,DEL-BLR,DEL,BLR,Sun,6,Summer,Afternoon (11-15),3.1,False,False
2025-09-03,Skyline National,Full-service,DEL-BOM,DEL,BOM,Wed,9,Monsoon,Afternoon (11-15),6.9,False,False
2025-10-04,BlueSky Air,Full-service,BOM-COK,BOM,COK,Tue,10,Post-Monsoon,Night (19-23),9.0,False,False
2025-02-22,Metro Express,LCC,DEL-BOM,DEL,BOM,Sun,2,Winter,Evening (15-19),12.6,False,False
2025-07-26,Metro Express,LCC,DEL-BOM,DEL,BOM,Sat,7,Monsoon,Afternoon (11-15),8.8,False,False
2025-04-23,BlueSky Air,Full-service,DEL-BLR,DEL,BLR,Tue,4,Spring,Evening (15-19),18.8,True,False
2025-10-14,Skyline National,Full-service,DEL-AMD,DEL,AMD,Mon,10,Post-Monsoon,Early Morning (05-08),7.9,False,False
2025-06-06,Skyline National,Full-service,BOM-BLR,BOM,BLR,Tue,6,Summer,Early Morning (05-08),21.7,True,False
2025-04-16,IndiFly,LCC,DEL-BOM,DEL,BOM,Sun,4,Spring,Evening (15-19),6.8,False,False
2025-01-13,BlueSky Air,Full-service,DEL-BLR,DEL,BLR,Thu,1,Winter,Early Morning (05-08),39.6,True,False
2025-07-19,BlueSky Air,Full-service,DEL-GOI,DEL,GOI,Sun,7,Monsoon,Morning (08-11),15.9,True,False
2025-02-18,Metro Express,LCC,DEL-PNQ,DEL,PNQ,Mon,2,Winter,Night (19-23),16.1,True,False
2025-11-20,BlueSky Air,Full-service,DEL-BLR,DEL,BLR,Sun,11,Post-Monsoon,Evening (15-19),4.8,False,False
2025-03-02,Skyline National,Full-service,DEL-CCU,DEL,CCU,Thu,3,Spring,Evening (15-19),4.5,False,False
2025-11-23,Metro Express,LCC,DEL-HYD,DEL,HYD,Fri,11,Post-Monsoon,Evening (15-19),29.4,True,False
2025-07-28,BlueSky Air,Full-service,DEL-CCU,DEL,CCU,Fri,7,Monsoon,Early Morning (05-08),8.9,False,False
2025-05-25,IndiFly,LCC,DEL-BOM,DEL,BOM,Mon,5,Summer,Night (19-23),5.9,False,False
2025-12-03,Skyline National,Full-service,COK-BOM,COK,BOM,Sat,12,Winter,Evening (15-19),21.5,True,False
2025-05-19,Metro Express,LCC,BOM-BLR,BOM,BLR,Wed,5,Summer,Early Morning (05-08),5.5,False,False
2025-09-02,BlueSky Air,Full-service,DEL-PNQ,DEL,PNQ,Thu,9,Monsoon,Night (19-23),11.3,False,False
2025-11-20,Metro Express,LCC,DEL-CCU,DEL,CCU,Sat,11,Post-Monsoon,Afternoon (11-15),2.6,False,False
2025-11-20,IndiFly,LCC,BOM-BLR,BOM,BLR,Sat,11,Post-Monsoon,Early Morning (05-08),7.6,False,False
2025-03-11,BlueSky Air,Full-service,COK-BOM,COK,BOM,Sun,3,Spring,Early Morning (05-08),8.8,False,False
2025-10-26,BlueSky Air,Full-service,BOM-COK,BOM,COK,Wed,10,Post-Monsoon,Early Morning (05-08),2.2,False,False
2025-11-13,Metro Express,LCC,DEL-CCU,DEL,CCU,Mon,11,Post-Monsoon,Afternoon (11-15),5.1,False,False
2025-03-26,Metro Express,LCC,COK-BOM,COK,BOM,Sat,3,Spring,Morning (08-11),9.1,False,False
2025-03-25,IndiFly,LCC,DEL-HYD,DEL,HYD,Sat,3,Spring,Afternoon (11-15),6.3,False,False
2025-07-18,Metro Express,LCC,BOM-BLR,BOM,BLR,Fri,7,Monsoon,Night (19-23),9.7,False,False
2025-12-16,Metro Express,LCC,MAA-CCU,MAA,CCU,Sun,12,Winter,Evening (15-19),5.9,False,False
2025-03-11,IndiFly,LCC,DEL-AMD,DEL,AMD,Tue,3,Spring,Morning (08-11),4.6,False,False
2025-09-27,IndiFly,LCC,BOM-BLR,BOM,BLR,Fri,9,Monsoon,Morning (08-11),5.0,False,False
2025-06-25,Metro Express,LCC,MAA-CCU,MAA,CCU,Tue,6,Summer,Early Morning (05-08),4.4,False,False
2025-12-04,IndiFly,LCC,DEL-BOM,DEL,BOM,Fri,12,Winter,Morning (08-11),14.2,False,False
2025-02-01,IndiFly,LCC,DEL-AMD,DEL,AMD,Fri,2,Winter,Early Morning (05-08),3.0,False,False
2025-12-04,IndiFly,LCC,BLR-HYD,BLR,HYD,Sun,12,Winter,Night (19-23),2.3,False,False
2025-09-08,Metro Express,LCC,DEL-PNQ,DEL,PNQ,Wed,9,Monsoon,Evening (15-19),10.2,False,False
2025-02-14,BlueSky Air,Full-service,DEL-BOM,DEL,BOM,Fri,2,Winter,Early Morning (05-08),3.6,False,False
2025-09-03,Skyline National,Full-service,COK-BOM,COK,BOM,Fri,9,Monsoon,Early Morning (05-08),15.8,True,False
2025-04-22,BlueSky Air,Full-service,DEL-PNQ,DEL,PNQ,Wed,4,Spring,Morning (08-11),5.0,False,False
2025-07-07,Skyline National,Full-service,MAA-CCU,MAA,CCU,Sun,7,Monsoon,Evening (15-19),7.9,False,False
2025-11-05,BlueSky Air,Full-service,HYD-MAA,HYD,MAA,Wed,11,Post-Monsoon,Morning (08-11),3.1,False,False
2025-09-25,Metro Express,LCC,DEL-CCU,DEL,CCU,Tue,9,Monsoon,Afternoon (11-15),5.5,False,False
2025-09-06,Metro Express,LCC,DEL-CCU,DEL,CCU,Fri,9,Monsoon,Night (19-23),4.3,False,False
2025-07-23,Metro Express,LCC,DEL-HYD,DEL,HYD,Mon,7,Monsoon,Afternoon (11-15),9.2,False,False
2025-08-03,BlueSky Air,Full-service,DEL-PNQ,DEL,PNQ,Sat,8,Monsoon,Evening (15-19),2.5,False,False
2025-12-13,BlueSky Air,Full-service,DEL-PNQ,DEL,PNQ,Fri,12,Winter,Morning (08-11),6.4,False,False
2025-02-09,Skyline National,Full-service,DEL-AMD,DEL,AMD,Sun,2,Winter,Night (19-23),4.8,False,False
2025-05-12,Skyline National,Full-service,DEL-BOM,DEL,BOM,Tue,5,Summer,Afternoon (11-15),6.0,False,False
2025-10-26,Coastal Wings,Regional/turboprop,DEL-BLR,DEL,BLR,Fri,10,Post-Monsoon,Night (19-23),31.1,True,False
2025-07-27,Coastal Wings,Regional/turboprop,DEL-BLR,DEL,BLR,Fri,7,Monsoon,Afternoon (11-15),3.5,False,False
2025-05-10,Skyline National,Full-service,BOM-BLR,BOM,BLR,Fri,5,Summer,Afternoon (11-15),5.6,False,False
2025-11-03,Skyline National,Full-service,DEL-AMD,DEL,AMD,Sat,11,Post-Monsoon,Afternoon (11-15),7.7,False,False
2025-03-04,Metro Express,LCC,BLR-COK,BLR,COK,Wed,3,Spring,Afternoon (11-15),3.0,False,False
2025-09-05,Metro Express,LCC,DEL-GOI,DEL,GOI,Thu,9,Monsoon,Night (19-23),15.6,True,False
2025-08-01,Metro Express,LCC,DEL-CCU,DEL,CCU,Wed,8,Monsoon,Afternoon (11-15),13.2,False,False
2025-09-07,Skyline National,Full-service,COK-BOM,COK,BOM,Sun,9,Monsoon,Morning (08-11),0.0,False,True
2025-07-28,IndiFly,LCC,DEL-HYD,DEL,HYD,Sun,7,Monsoon,Morning (08-11),2.6,False,False
2025-09-28,Coastal Wings,Regional/turboprop,DEL-BOM,DEL,BOM,Tue,9,Monsoon,Early Morning (05-08),11.3,False,False
2025-09-14,Coastal Wings,Regional/turboprop,MAA-CCU,MAA,CCU,Sun,9,Monsoon,Night (19-23),3.8,False,False
2025-12-26,Metro Express,LCC,DEL-HYD,DEL,HYD,Tue,12,Winter,Afternoon (11-15),21.1,True,False
2025-07-13,IndiFly,LCC,BLR-HYD,BLR,HYD,Sat,7,Monsoon,Night (19-23),1.8,False,False
2025-05-21,IndiFly,LCC,DEL-BLR,DEL,BLR,Wed,5,Summer,Morning (08-11),4.9,False,False
2025-02-17,Skyline National,Full-service,DEL-CCU,DEL,CCU,Sat,2,Winter,Morning (08-11),2.9,False,False
2025-04-15,IndiFly,LCC,DEL-HYD,DEL,HYD,Fri,4,Spring,Evening (15-19),7.6,False,False
2025-07-09,BlueSky Air,Full-service,DEL-GOI,DEL,GOI,Sat,7,Monsoon,Night (19-23),18.7,True,False
2025-11-23,BlueSky Air,Full-service,DEL-PNQ,DEL,PNQ,Wed,11,Post-Monsoon,Afternoon (11-15),3.6,False,False
2025-07-07,IndiFly,LCC,BLR-HYD,BLR,HYD,Sat,7,Monsoon,Morning (08-11),6.7,False,False
2025-08-12,Metro Express,LCC,BOM-GOI,BOM,GOI,Fri,8,Monsoon,Morning (08-11),5.2,False,False
2025-09-01,BlueSky Air,Full-service,DEL-BLR,DEL,BLR,Fri,9,Monsoon,Evening (15-19),14.3,False,False
2025-08-28,BlueSky Air,Full-service,DEL-BOM,DEL,BOM,Thu,8,Monsoon,Early Morning (05-08),3.5,False,False
2025-05-10,Metro Express,LCC,BLR-COK,BLR,COK,Tue,5,Summer,Evening (15-19),6.7,False,False
2025-10-20,BlueSky Air,Full-service,BOM-BLR,BOM,BLR,Mon,10,Post-Monsoon,Early Morning (05-08),4.1,False,False
2025-08-23,Skyline National,Full-service,DEL-PNQ,DEL,PNQ,Fri,8,Monsoon,Early Morning (05-08),18.0,True,False
2025-08-08,BlueSky Air,Full-service,DEL-BOM,DEL,BOM,Fri,8,Monsoon,Evening (15-19),3.4,False,False
2025-07-15,Metro Express,LCC,DEL-AMD,DEL,AMD,Tue,7,Monsoon,Night (19-23),12.6,False,False
2025-03-14,IndiFly,LCC,DEL-BLR,DEL,BLR,Wed,3,Spring,Morning (08-11),3.7,False,False
2025-03-09,BlueSky Air,Full-service,DEL-HYD,DEL,HYD,Wed,3,Spring,Evening (15-19),6.3,False,False
2025-08-20,Metro Express,LCC,COK-BOM,COK,BOM,Tue,8,Monsoon,Early Morning (05-08),7.3,False,False
2025-11-26,Metro Express,LCC,BOM-GOI,BOM,GOI,Tue,11,Post-Monsoon,Evening (15-19),5.9,False,False
2025-07-25,Skyline National,Full-service,DEL-AMD,DEL,AMD,Mon,7,Monsoon,Early Morning (05-08),12.6,False,False
2025-07-16,IndiFly,LCC,BOM-BLR,BOM,BLR,Sun,7,Monsoon,Night (19-23),24.6,True,False
2025-05-16,Coastal Wings,Regional/turboprop,DEL-HYD,DEL,HYD,Mon,5,Summer,Early Morning (05-08),4.1,False,False
2025-06-20,BlueSky Air,Full-service,COK-BOM,COK,BOM,Thu,6,Summer,Night (19-23),24.5,True,False
2025-11-09,BlueSky Air,Full-service,DEL-PNQ,DEL,PNQ,Thu,11,Post-Monsoon,Evening (15-19),4.7,False,False
2025-05-28,IndiFly,LCC,MAA-CCU,MAA,CCU,Wed,5,Summer,Evening (15-19),1.7,False,False
2025-09-24,IndiFly,LCC,BOM-COK,BOM,COK,Wed,9,Monsoon,Evening (15-19),19.8,True,False
2025-08-26,Metro Express,LCC,DEL-BOM,DEL,BOM,Sun,8,Monsoon,Morning (08-11),9.3,False,False
2025-04-18,Metro Express,LCC,DEL-BOM,DEL,BOM,Tue,4,Spring,Early Morning (05-08),8.4,False,False
2025-04-14,IndiFly,LCC,BOM-COK,BOM,COK,Fri,4,Spring,Morning (08-11),9.8,False,False
2025-01-26,Metro Express,LCC,BOM-GOI,BOM,GOI,Wed,1,Winter,Early Morning (05-08),1.8,False,False
2025-01-11,Skyline National,Full-service,DEL-AMD,DEL,AMD,Mon,1,Winter,Early Morning (05-08),20.1,True,False
2025-07-15,IndiFly,LCC,BOM-BLR,BOM,BLR,Wed,7,Monsoon,Evening (15-19),4.6,False,False
2025-12-02,Skyline National,Full-service,MAA-CCU,MAA,CCU,Tue,12,Winter,Morning (08-11),6.0,False,False
2025-10-05,Metro Express,LCC,DEL-BOM,DEL,BOM,Sun,10,Post-Monsoon,Early Morning (05-08),10.2,False,False
2025-10-11,Metro Express,LCC,DEL-AMD,DEL,AMD,Mon,10,Post-Monsoon,Morning (08-11),10.1,False,False
2025-07-03,IndiFly,LCC,MAA-CCU,MAA,CCU,Wed,7,Monsoon,Morning (08-11),8.3,False,False
2025-06-01,Metro Express,LCC,DEL-BLR,DEL,BLR,Sun,6,Summer,Night (19-23),16.5,True,False
2025-08-01,Metro Express,LCC,DEL-BLR,DEL,BLR,Sat,8,Monsoon,Afternoon (11-15),9.0,False,False
2025-12-18,IndiFly,LCC,DEL-BOM,DEL,BOM,Sat,12,Winter,Night (19-23),18.6,True,False
2025-10-17,IndiFly,LCC,BOM-COK,BOM,COK,Wed,10,Post-Monsoon,Night (19-23),2.9,False,False
2025-09-15,Skyline National,Full-service,BOM-GOI,BOM,GOI,Mon,9,Monsoon,Morning (08-11),11.3,False,False
2025-11-12,BlueSky Air,Full-service,BLR-HYD,BLR,HYD,Mon,11,Post-Monsoon,Night (19-23),6.2,False,False
2025-05-15,Skyline National,Full-service,DEL-AMD,DEL,AMD,Fri,5,Summer,Evening (15-19),8.8,False,False
2025-06-15,IndiFly,LCC,MAA-CCU,MAA,CCU,Tue,6,Summer,Afternoon (11-15),3.8,False,False
2025-01-07,IndiFly,LCC,DEL-BOM,DEL,BOM,Mon,1,Winter,Night (19-23),16.2,True,False
2025-02-14,Coastal Wings,Regional/turboprop,DEL-BLR,DEL,BLR,Thu,2,Winter,Evening (15-19),6.7,False,False
2025-01-18,Coastal Wings,Regional/turboprop,HYD-MAA,HYD,MAA,Fri,1,Winter,Evening (15-19),44.8,True,False
2025-11-02,IndiFly,LCC,HYD-MAA,HYD,MAA,Thu,11,Post-Monsoon,Evening (15-19),12.9,False,False
2025-12-12,BlueSky Air,Full-service,DEL-BOM,DEL,BOM,Tue,12,Winter,Morning (08-11),20.1,True,False
2025-03-08,IndiFly,LCC,BOM-COK,BOM,COK,Wed,3,Spring,Night (19-23),0.0,False,True
2025-11-19,IndiFly,LCC,DEL-HYD,DEL,HYD,Mon,11,Post-Monsoon,Night (19-23),5.4,False,False
2025-03-01,IndiFly,LCC,BOM-GOI,BOM,GOI,Mon,3,Spring,Early Morning (05-08),3.1,False,False
2025-04-03,IndiFly,LCC,BOM-BLR,BOM,BLR,Sat,4,Spring,Night (19-23),2.5,False,False
2025-09-10,Skyline National,Full-service,BOM-BLR,BOM,BLR,Sat,9,Monsoon,Afternoon (11-15),15.6,True,False
2025-12-05,IndiFly,LCC,DEL-PNQ,DEL,PNQ,Wed,12,Winter,Night (19-23),11.0,False,False
2025-03-28,IndiFly,LCC,DEL-BLR,DEL,BLR,Sat,3,Spring,Early Morning (05-08),6.4,False,False
2025-02-17,Skyline National,Full-service,DEL-CCU,DEL,CCU,Wed,2,Winter,Early Morning (05-08),4.9,False,False
2025-11-24,Skyline National,Full-service,DEL-PNQ,DEL,PNQ,Mon,11,Post-Monsoon,Morning (08-11),2.6,False,False
2025-10-11,BlueSky Air,Full-service,MAA-CCU,MAA,CCU,Sun,10,Post-Monsoon,Morning (08-11),8.6,False,False
2025-12-25,Skyline National,Full-service,DEL-BOM,DEL,BOM,Wed,12,Winter,Afternoon (11-15),44.0,True,False
2025-05-10,Metro Express,LCC,DEL-BOM,DEL,BOM,Thu,5,Summer,Evening (15-19),3.7,False,False
2025-06-12,Coastal Wings,Regional/turboprop,DEL-HYD,DEL,HYD,Sun,6,Summer,Morning (08-11),13.3,False,False
2025-02-28,Skyline National,Full-service,BOM-GOI,BOM,GOI,Mon,2,Winter,Afternoon (11-15),13.0,False,False
2025-08-21,Skyline National,Full-service,BOM-BLR,BOM,BLR,Thu,8,Monsoon,Night (19-23),5.5,False,False
2025-03-07,IndiFly,LCC,DEL-AMD,DEL,AMD,Fri,3,Spring,Afternoon (11-15),8.6,False,False
2025-06-12,IndiFly,LCC,BOM-BLR,BOM,BLR,Fri,6,Summer,Night (19-23),9.6,False,False
2025-12-28,Metro Express,LCC,COK-BOM,COK,BOM,Mon,12,Winter,Afternoon (11-15),3.1,False,False
2025-02-05,Metro Express,LCC,MAA-CCU,MAA,CCU,Wed,2,Winter,Morning (08-11),3.3,False,False
2025-05-20,Skyline National,Full-service,DEL-HYD,DEL,HYD,Sat,5,Summer,Evening (15-19),6.8,False,False
2025-03-22,Skyline National,Full-service,DEL-BLR,DEL,BLR,Thu,3,Spring,Morning (08-11),4.7,False,False
2025-08-21,BlueSky Air,Full-service,BOM-BLR,BOM,BLR,Sun,8,Monsoon,Early Morning (05-08),3.8,False,False
2025-06-20,IndiFly,LCC,BOM-BLR,BOM,BLR,Wed,6,Summer,Night (19-23),6.2,False,False
2025-11-07,IndiFly,LCC,HYD-MAA,HYD,MAA,Tue,11,Post-Monsoon,Morning (08-11),9.5,False,False
2025-10-12,Metro Express,LCC,DEL-CCU,DEL,CCU,Sun,10,Post-Monsoon,Early Morning (05-08),2.9,False,False
2025-08-03,IndiFly,LCC,DEL-BLR,DEL,BLR,Wed,8,Monsoon,Night (19-23),14.2,False,False
2025-08-19,IndiFly,LCC,DEL-AMD,DEL,AMD,Tue,8,Monsoon,Morning (08-11),7.1,False,False
2025-02-22,BlueSky Air,Full-service,BLR-COK,BLR,COK,Sat,2,Winter,Afternoon (11-15),5.3,False,False
2025-11-22,Coastal Wings,Regional/turboprop,DEL-CCU,DEL,CCU,Mon,11,Post-Monsoon,Night (19-23),2.7,False,False
2025-02-12,IndiFly,LCC,DEL-BOM,DEL,BOM,Sun,2,Winter,Morning (08-11),3.5,False,False
2025-11-24,BlueSky Air,Full-service,DEL-BLR,DEL,BLR,Tue,11,Post-Monsoon,Evening (15-19),6.7,False,False
2025-09-18,BlueSky Air,Full-service,COK-BOM,COK,BOM,Sat,9,Monsoon,Afternoon (11-15),13.7,False,False
2025-07-25,Coastal Wings,Regional/turboprop,BOM-GOI,BOM,GOI,Thu,7,Monsoon,Afternoon (11-15),35.2,True,False
2025-12-03,BlueSky Air,Full-service,BOM-BLR,BOM,BLR,Tue,12,Winter,Morning (08-11),9.3,False,False
2025-07-10,IndiFly,LCC,BLR-HYD,BLR,HYD,Wed,7,Monsoon,Night (19-23),4.2,False,False
2025-08-20,BlueSky Air,Full-service,DEL-BLR,DEL,BLR,Sun,8,Monsoon,Afternoon (11-15),3.9,False,False
2025-09-16,Metro Express,LCC,DEL-AMD,DEL,AMD,Thu,9,Monsoon,Night (19-23),6.3,False,False
2025-02-10,Metro Express,LCC,DEL-HYD,DEL,HYD,Wed,2,Winter,Morning (08-11),9.9,False,False
2025-06-11,BlueSky Air,Full-service,DEL-BLR,DEL,BLR,Sun,6,Summer,Afternoon (11-15),4.4,False,False
2025-07-26,IndiFly,LCC,DEL-BLR,DEL,BLR,Sun,7,Monsoon,Afternoon (11-15),2.6,False,False
2025-10-13,Metro Express,LCC,BLR-HYD,BLR,HYD,Thu,10,Post-Monsoon,Afternoon (11-15),2.8,False,False
2025-11-05,BlueSky Air,Full-service,BOM-COK,BOM,COK,Wed,11,Post-Monsoon,Morning (08-11),4.8,False,False
2025-12-18,Metro Express,LCC,DEL-BLR,DEL,BLR,Sun,12,Winter,Morning (08-11),13.7,False,False
2025-09-08,Metro Express,LCC,BOM-BLR,BOM,BLR,Mon,9,Monsoon,Night (19-23),7.7,False,False
2025-07-21,BlueSky Air,Full-service,BOM-GOI,BOM,GOI,Sun,7,Monsoon,Evening (15-19),17.0,True,False
2025-07-08,BlueSky Air,Full-service,DEL-BLR,DEL,BLR,Tue,7,Monsoon,Afternoon (11-15),4.8,False,False
2025-05-06,Metro Express,LCC,COK-BOM,COK,BOM,Mon,5,Summer,Early Morning (05-08),2.9,False,False
2025-02-28,Metro Express,LCC,BOM-GOI,BOM,GOI,Wed,2,Winter,Early Morning (05-08),7.7,False,False
2025-06-14,BlueSky Air,Full-service,DEL-AMD,DEL,AMD,Wed,6,Summer,Evening (15-19),3.8,False,False
2025-11-09,Metro Express,LCC,DEL-CCU,DEL,CCU,Tue,11,Post-Monsoon,Night (19-23),30.8,True,False
2025-07-23,Coastal Wings,Regional/turboprop,COK-BOM,COK,BOM,Tue,7,Monsoon,Early Morning (05-08),21.6,True,False
2025-07-02,IndiFly,LCC,DEL-BOM,DEL,BOM,Sat,7,Monsoon,Night (19-23),12.5,False,False
2025-03-20,IndiFly,LCC,BOM-BLR,BOM,BLR,Mon,3,Spring,Afternoon (11-15),5.0,False,False
2025-07-12,Skyline National,Full-service,BOM-BLR,BOM,BLR,Fri,7,Monsoon,Afternoon (11-15),5.3,False,False
2025-07-04,IndiFly,LCC,BOM-COK,BOM,COK,Mon,7,Monsoon,Night (19-23),12.2,False,False
2025-08-24,Skyline National,Full-service,BOM-COK,BOM,COK,Sat,8,Monsoon,Evening (15-19),5.2,False,False
2025-05-11,Metro Express,LCC,DEL-CCU,DEL,CCU,Sun,5,Summer,Night (19-23),5.4,False,False
2025-07-14,IndiFly,LCC,DEL-BOM,DEL,BOM,Thu,7,Monsoon,Morning (08-11),6.3,False,False
2025-08-11,Metro Express,LCC,DEL-BOM,DEL,BOM,Wed,8,Monsoon,Morning (08-11),7.2,False,False
2025-08-24,BlueSky Air,Full-service,DEL-HYD,DEL,HYD,Mon,8,Monsoon,Early Morning (05-08),2.5,False,False
2025-07-18,Skyline National,Full-service,DEL-GOI,DEL,GOI,Thu,7,Monsoon,Early Morning (05-08),16.5,True,False
2025-03-08,BlueSky Air,Full-service,DEL-BLR,DEL,BLR,Wed,3,Spring,Evening (15-19),3.8,False,False
2025-06-09,Skyline National,Full-service,DEL-BOM,DEL,BOM,Fri,6,Summer,Morning (08-11),9.4,False,False
2025-01-15,Skyline National,Full-service,BOM-BLR,BOM,BLR,Fri,1,Winter,Morning (08-11),7.3,False,False
2025-12-17,Metro Express,LCC,BOM-BLR,BOM,BLR,Sun,12,Winter,Morning (08-11),13.1,False,False
2025-12-10,BlueSky Air,Full-service,DEL-BOM,DEL,BOM,Fri,12,Winter,Afternoon (11-15),16.4,True,False
2025-04-01,Coastal Wings,Regional/turboprop,DEL-BLR,DEL,BLR,Wed,4,Spring,Afternoon (11-15),19.4,True,False
2025-10-27,BlueSky Air,Full-service,DEL-BOM,DEL,BOM,Fri,10,Post-Monsoon,Night (19-23),4.1,False,False
2025-11-21,Metro Express,LCC,BOM-GOI,BOM,GOI,Tue,11,Post-Monsoon,Early Morning (05-08),5.9,False,False
2025-03-11,Metro Express,LCC,DEL-BOM,DEL,BOM,Sat,3,Spring,Evening (15-19),13.6,False,False
2025-11-27,Skyline National,Full-service,MAA-CCU,MAA,CCU,Fri,11,Post-Monsoon,Evening (15-19),2.5,False,False
2025-08-13,Metro Express,LCC,DEL-CCU,DEL,CCU,Fri,8,Monsoon,Afternoon (11-15),2.6,False,False
2025-10-08,BlueSky Air,Full-service,BLR-COK,BLR,COK,Mon,10,Post-Monsoon,Evening (15-19),4.0,False,False
2025-09-07,IndiFly,LCC,DEL-HYD,DEL,HYD,Tue,9,Monsoon,Evening (15-19),3.2,False,False
2025-01-17,Metro Express,LCC,BOM-COK,BOM,COK,Fri,1,Winter,Evening (15-19),4.8,False,False
2025-05-28,BlueSky Air,Full-service,DEL-PNQ,DEL,PNQ,Wed,5,Summer,Night (19-23),3.7,False,False
2025-07-28,BlueSky Air,Full-service,MAA-CCU,MAA,CCU,Wed,7,Monsoon,Early Morning (05-08),2.6,False,False
2025-07-05,Metro Express,LCC,BOM-COK,BOM,COK,Sat,7,Monsoon,Night (19-23),21.2,True,False
2025-01-24,IndiFly,LCC,DEL-HYD,DEL,HYD,Mon,1,Winter,Early Morning (05-08),14.1,False,False
2025-10-01,IndiFly,LCC,BOM-BLR,BOM,BLR,Sun,10,Post-Monsoon,Afternoon (11-15),24.0,True,False
2025-01-12,Metro Express,LCC,DEL-BLR,DEL,BLR,Sun,1,Winter,Night (19-23),26.3,True,False
2025-10-15,IndiFly,LCC,BOM-BLR,BOM,BLR,Tue,10,Post-Monsoon,Evening (15-19),7.8,False,False
2025-11-25,BlueSky Air,Full-service,DEL-HYD,DEL,HYD,Sat,11,Post-Monsoon,Afternoon (11-15),5.1,False,False
2025-10-12,Metro Express,LCC,BOM-COK,BOM,COK,Thu,10,Post-Monsoon,Evening (15-19),10.3,False,False
2025-02-07,IndiFly,LCC,DEL-BOM,DEL,BOM,Wed,2,Winter,Afternoon (11-15),9.1,False,False
2025-11-20,IndiFly,LCC,DEL-CCU,DEL,CCU,Tue,11,Post-Monsoon,Morning (08-11),2.5,False,False
2025-12-17,BlueSky Air,Full-service,COK-BOM,COK,BOM,Thu,12,Winter,Evening (15-19),3.1,False,False
2025-08-09,BlueSky Air,Full-service,BOM-GOI,BOM,GOI,Fri,8,Monsoon,Afternoon (11-15),19.6,True,False
2025-06-13,Metro Express,LCC,DEL-CCU,DEL,CCU,Fri,6,Summer,Afternoon (11-15),7.5,False,False
2025-10-07,Skyline National,Full-service,MAA-CCU,MAA,CCU,Mon,10,Post-Monsoon,Evening (15-19),9.7,False,False
2025-07-19,IndiFly,LCC,DEL-BOM,DEL,BOM,Fri,7,Monsoon,Early Morning (05-08),5.6,False,False
2025-08-18,IndiFly,LCC,BLR-HYD,BLR,HYD,Tue,8,Monsoon,Early Morning (05-08),7.3,False,False
2025-06-08,BlueSky Air,Full-service,DEL-PNQ,DEL,PNQ,Tue,6,Summer,Morning (08-11),3.9,False,False
2025-09-16,IndiFly,LCC,DEL-AMD,DEL,AMD,Wed,9,Monsoon,Afternoon (11-15),3.1,False,False
2025-04-10,BlueSky Air,Full-service,DEL-AMD,DEL,AMD,Sat,4,Spring,Morning (08-11),4.8,False,False
2025-02-15,IndiFly,LCC,DEL-CCU,DEL,CCU,Sat,2,Winter,Afternoon (11-15),5.9,False,False
2025-11-24,IndiFly,LCC,BOM-COK,BOM,COK,Sun,11,Post-Monsoon,Night (19-23),6.0,False,False
2025-12-22,Metro Express,LCC,BLR-COK,BLR,COK,Thu,12,Winter,Evening (15-19),20.6,True,False
2025-11-10,IndiFly,LCC,COK-BOM,COK,BOM,Tue,11,Post-Monsoon,Morning (08-11),4.0,False,False
2025-06-16,BlueSky Air,Full-service,DEL-BOM,DEL,BOM,Wed,6,Summer,Early Morning (05-08),6.9,False,False
2025-01-24,IndiFly,LCC,BOM-BLR,BOM,BLR,Sun,1,Winter,Early Morning (05-08),7.1,False,False
2025-10-09,Metro Express,LCC,DEL-HYD,DEL,HYD,Tue,10,Post-Monsoon,Early Morning (05-08),3.3,False,False
2025-09-18,Skyline National,Full-service,BLR-COK,BLR,COK,Wed,9,Monsoon,Morning (08-11),8.4,False,False
2025-01-26,IndiFly,LCC,DEL-PNQ,DEL,PNQ,Sat,1,Winter,Early Morning (05-08),34.7,True,False
2025-10-05,IndiFly,LCC,BOM-BLR,BOM,BLR,Mon,10,Post-Monsoon,Night (19-23),2.1,False,False
2025-10-14,Metro Express,LCC,COK-BOM,COK,BOM,Fri,10,Post-Monsoon,Night (19-23),13.7,False,False
2025-10-08,Skyline National,Full-service,MAA-CCU,MAA,CCU,Wed,10,Post-Monsoon,Afternoon (11-15),4.3,False,False
2025-08-02,IndiFly,LCC,BOM-BLR,BOM,BLR,Sun,8,Monsoon,Early Morning (05-08),5.4,False,False
2025-05-27,Skyline National,Full-service,MAA-CCU,MAA,CCU,Sat,5,Summer,Early Morning (05-08),2.7,False,False
2025-03-01,Metro Express,LCC,DEL-HYD,DEL,HYD,Tue,3,Spring,Night (19-23),5.8,False,False
2025-10-10,IndiFly,LCC,DEL-AMD,DEL,AMD,Mon,10,Post-Monsoon,Afternoon (11-15),4.1,False,False
2025-10-11,Metro Express,LCC,DEL-BOM,DEL,BOM,Sun,10,Post-Monsoon,Night (19-23),10.5,False,False
2025-04-19,Metro Express,LCC,DEL-PNQ,DEL,PNQ,Fri,4,Spring,Night (19-23),3.2,False,False
2025-06-05,Metro Express,LCC,DEL-HYD,DEL,HYD,Mon,6,Summer,Morning (08-11),4.0,False,False
2025-07-03,BlueSky Air,Full-service,BOM-GOI,BOM,GOI,Thu,7,Monsoon,Afternoon (11-15),11.9,False,False
2025-04-14,IndiFly,LCC,DEL-BLR,DEL,BLR,Thu,4,Spring,Morning (08-11),4.9,False,False
2025-12-25,IndiFly,LCC,COK-BOM,COK,BOM,Wed,12,Winter,Afternoon (11-15),5.7,False,False
2025-10-02,BlueSky Air,Full-service,DEL-CCU,DEL,CCU,Sat,10,Post-Monsoon,Morning (08-11),9.2,False,False
2025-02-21,IndiFly,LCC,DEL-CCU,DEL,CCU,Sat,2,Winter,Early Morning (05-08),3.9,False,False
2025-02-10,IndiFly,LCC,DEL-BOM,DEL,BOM,Mon,2,Winter,Evening (15-19),5.2,False,False
2025-10-07,BlueSky Air,Full-service,COK-BOM,COK,BOM,Fri,10,Post-Monsoon,Early Morning (05-08),2.5,False,False
2025-08-10,Skyline National,Full-service,DEL-BOM,DEL,BOM,Mon,8,Monsoon,Early Morning (05-08),9.5,False,False
2025-09-17,Metro Express,LCC,BOM-COK,BOM,COK,Fri,9,Monsoon,Morning (08-11),6.6,False,False
2025-04-22,Coastal Wings,Regional/turboprop,BOM-COK,BOM,COK,Thu,4,Spring,Afternoon (11-15),13.0,False,False
2025-05-23,Skyline National,Full-service,BOM-BLR,BOM,BLR,Sat,5,Summer,Afternoon (11-15),3.9,False,False
2025-02-07,BlueSky Air,Full-service,COK-BOM,COK,BOM,Mon,2,Winter,Afternoon (11-15),4.0,False,False
2025-05-06,IndiFly,LCC,BLR-COK,BLR,COK,Fri,5,Summer,Morning (08-11),2.3,False,False
2025-07-16,Coastal Wings,Regional/turboprop,DEL-HYD,DEL,HYD,Sun,7,Monsoon,Early Morning (05-08),4.5,False,False
2025-05-06,IndiFly,LCC,DEL-BLR,DEL,BLR,Tue,5,Summer,Afternoon (11-15),6.4,False,False
2025-03-20,Metro Express,LCC,BOM-BLR,BOM,BLR,Sat,3,Spring,Early Morning (05-08),10.0,False,False
2025-12-13,BlueSky Air,Full-service,COK-BOM,COK,BOM,Thu,12,Winter,Morning (08-11),4.4,False,False
2025-04-27,Skyline National,Full-service,DEL-BOM,DEL,BOM,Tue,4,Spring,Evening (15-19),4.0,False,False
2025-08-05,BlueSky Air,Full-service,DEL-AMD,DEL,AMD,Wed,8,Monsoon,Evening (15-19),4.1,False,False
2025-11-18,IndiFly,LCC,BLR-HYD,BLR,HYD,Fri,11,Post-Monsoon,Evening (15-19),9.0,False,False
2025-12-23,BlueSky Air,Full-service,BLR-COK,BLR,COK,Tue,12,Winter,Afternoon (11-15),3.4,False,False
2025-09-19,IndiFly,LCC,DEL-CCU,DEL,CCU,Tue,9,Monsoon,Night (19-23),12.5,False,False
2025-11-14,Skyline National,Full-service,BOM-GOI,BOM,GOI,Fri,11,Post-Monsoon,Early Morning (05-08),2.1,False,False
2025-11-08,Metro Express,LCC,COK-BOM,COK,BOM,Mon,11,Post-Monsoon,Afternoon (11-15),10.0,False,False
2025-10-19,IndiFly,LCC,DEL-HYD,DEL,HYD,Tue,10,Post-Monsoon,Evening (15-19),11.6,False,False
2025-01-27,Metro Express,LCC,DEL-BOM,DEL,BOM,Thu,1,Winter,Night (19-23),23.2,True,False
2025-10-20,BlueSky Air,Full-service,DEL-AMD,DEL,AMD,Sun,10,Post-Monsoon,Night (19-23),3.7,False,False
2025-03-25,Metro Express,LCC,BLR-COK,BLR,COK,Mon,3,Spring,Morning (08-11),8.8,False,False
2025-03-06,BlueSky Air,Full-service,BOM-BLR,BOM,BLR,Wed,3,Spring,Afternoon (11-15),4.2,False,False
2025-06-20,IndiFly,LCC,DEL-BOM,DEL,BOM,Mon,6,Summer,Morning (08-11),3.9,False,False
2025-12-04,Metro Express,LCC,DEL-GOI,DEL,GOI,Mon,12,Winter,Afternoon (11-15),25.3,True,False
2025-06-24,Metro Express,LCC,DEL-HYD,DEL,HYD,Fri,6,Summer,Early Morning (05-08),4.4,False,False
2025-04-09,Coastal Wings,Regional/turboprop,DEL-BOM,DEL,BOM,Tue,4,Spring,Afternoon (11-15),15.9,True,False
2025-01-23,Metro Express,LCC,BLR-COK,BLR,COK,Tue,1,Winter,Night (19-23),13.8,False,False
2025-09-27,IndiFly,LCC,DEL-BOM,DEL,BOM,Fri,9,Monsoon,Evening (15-19),10.2,False,False
2025-11-28,Metro Express,LCC,DEL-HYD,DEL,HYD,Sat,11,Post-Monsoon,Morning (08-11),3.7,False,False
2025-10-14,IndiFly,LCC,BLR-HYD,BLR,HYD,Tue,10,Post-Monsoon,Evening (15-19),7.0,False,False
2025-04-08,Metro Express,LCC,MAA-CCU,MAA,CCU,Mon,4,Spring,Night (19-23),3.6,False,False
2025-10-09,BlueSky Air,Full-service,BOM-BLR,BOM,BLR,Sat,10,Post-Monsoon,Night (19-23),2.4,False,False
2025-12-14,Metro Express,LCC,DEL-BOM,DEL,BOM,Wed,12,Winter,Afternoon (11-15),9.2,False,False
2025-08-02,IndiFly,LCC,DEL-CCU,DEL,CCU,Tue,8,Monsoon,Afternoon (11-15),9.5,False,False
2025-02-10,Skyline National,Full-service,DEL-BLR,DEL,BLR,Fri,2,Winter,Evening (15-19),8.5,False,False
2025-05-07,BlueSky Air,Full-service,BLR-COK,BLR,COK,Sat,5,Summer,Morning (08-11),4.5,False,False
2025-07-12,Metro Express,LCC,DEL-BOM,DEL,BOM,Mon,7,Monsoon,Night (19-23),8.9,False,False
2025-06-12,IndiFly,LCC,DEL-BOM,DEL,BOM,Wed,6,Summer,Night (19-23),8.7,False,False
2025-03-22,Metro Express,LCC,BLR-COK,BLR,COK,Sat,3,Spring,Early Morning (05-08),3.2,False,False
2025-03-22,Skyline National,Full-service,DEL-AMD,DEL,AMD,Mon,3,Spring,Afternoon (11-15),8.0,False,False
2025-08-23,BlueSky Air,Full-service,DEL-CCU,DEL,CCU,Fri,8,Monsoon,Night (19-23),6.6,False,False
2025-08-22,IndiFly,LCC,BOM-GOI,BOM,GOI,Mon,8,Monsoon,Early Morning (05-08),11.8,False,False
2025-01-09,BlueSky Air,Full-service,DEL-PNQ,DEL,PNQ,Fri,1,Winter,Afternoon (11-15),15.8,True,False
2025-02-21,Metro Express,LCC,BOM-GOI,BOM,GOI,Sat,2,Winter,Evening (15-19),3.1,False,False
2025-11-13,Metro Express,LCC,BLR-COK,BLR,COK,Sun,11,Post-Monsoon,Morning (08-11),10.7,False,False
2025-06-17,IndiFly,LCC,COK-BOM,COK,BOM,Wed,6,Summer,Evening (15-19),6.3,False,False
2025-04-19,Metro Express,LCC,DEL-BLR,DEL,BLR,Tue,4,Spring,Afternoon (11-15),13.1,False,False
2025-07-15,Metro Express,LCC,BOM-GOI,BOM,GOI,Mon,7,Monsoon,Early Morning (05-08),13.9,False,False
2025-01-22,BlueSky Air,Full-service,BOM-BLR,BOM,BLR,Wed,1,Winter,Morning (08-11),7.2,False,False
2025-01-15,BlueSky Air,Full-service,BOM-BLR,BOM,BLR,Sun,1,Winter,Night (19-23),7.2,False,False
2025-09-18,Metro Express,LCC,BLR-COK,BLR,COK,Sun,9,Monsoon,Afternoon (11-15),0.0,False,True
2025-02-04,BlueSky Air,Full-service,BOM-BLR,BOM,BLR,Sun,2,Winter,Early Morning (05-08),4.2,False,False
2025-05-04,Metro Express,LCC,DEL-AMD,DEL,AMD,Mon,5,Summer,Night (19-23),8.1,False,False
2025-07-05,Coastal Wings,Regional/turboprop,DEL-BLR,DEL,BLR,Sun,7,Monsoon,Morning (08-11),21.5,True,False
2025-08-03,IndiFly,LCC,DEL-CCU,DEL,CCU,Mon,8,Monsoon,Night (19-23),7.9,False,False
2025-12-10,Metro Express,LCC,BLR-HYD,BLR,HYD,Sat,12,Winter,Morning (08-11),3.5,False,False
2025-10-28,Metro Express,LCC,DEL-CCU,DEL,CCU,Thu,10,Post-Monsoon,Evening (15-19),5.1,False,False
2025-01-09,BlueSky Air,Full-service,BOM-COK,BOM,COK,Sun,1,Winter,Night (19-23),6.8,False,False
2025-09-19,BlueSky Air,Full-service,COK-BOM,COK,BOM,Fri,9,Monsoon,Early Morning (05-08),5.1,False,False
2025-02-27,IndiFly,LCC,DEL-BOM,DEL,BOM,Wed,2,Winter,Night (19-23),15.3,True,False
2025-06-20,Skyline National,Full-service,DEL-BLR,DEL,BLR,Mon,6,Summer,Night (19-23),9.3,False,False
2025-04-24,Skyline National,Full-service,BOM-GOI,BOM,GOI,Sun,4,Spring,Early Morning (05-08),5.7,False,False
2025-04-13,Coastal Wings,Regional/turboprop,DEL-AMD,DEL,AMD,Tue,4,Spring,Morning (08-11),5.4,False,False
2025-01-21,BlueSky Air,Full-service,DEL-GOI,DEL,GOI,Tue,1,Winter,Early Morning (05-08),14.8,False,False
2025-11-10,IndiFly,LCC,DEL-BOM,DEL,BOM,Wed,11,Post-Monsoon,Early Morning (05-08),6.2,False,False
2025-09-09,BlueSky Air,Full-service,DEL-PNQ,DEL,PNQ,Sat,9,Monsoon,Early Morning (05-08),7.3,False,False
2025-12-05,BlueSky Air,Full-service,BOM-BLR,BOM,BLR,Thu,12,Winter,Evening (15-19),2.7,False,False
2025-06-18,Metro Express,LCC,DEL-HYD,DEL,HYD,Tue,6,Summer,Afternoon (11-15),3.8,False,False
2025-10-19,Metro Express,LCC,BOM-BLR,BOM,BLR,Sun,10,Post-Monsoon,Night (19-23),7.0,False,False
2025-04-22,Metro Express,LCC,DEL-BOM,DEL,BOM,Sat,4,Spring,Night (19-23),7.8,False,False
2025-08-11,IndiFly,LCC,DEL-BOM,DEL,BOM,Mon,8,Monsoon,Night (19-23),16.5,True,False
2025-08-26,Skyline National,Full-service,BOM-COK,BOM,COK,Tue,8,Monsoon,Morning (08-11),19.5,True,False
2025-05-19,Metro Express,LCC,BOM-BLR,BOM,BLR,Thu,5,Summer,Morning (08-11),9.0,False,False
2025-01-13,Skyline National,Full-service,DEL-BOM,DEL,BOM,Fri,1,Winter,Afternoon (11-15),15.2,True,False
2025-06-26,BlueSky Air,Full-service,BOM-BLR,BOM,BLR,Tue,6,Summer,Afternoon (11-15),6.9,False,False
2025-05-21,BlueSky Air,Full-service,COK-BOM,COK,BOM,Sun,5,Summer,Morning (08-11),5.8,False,False
2025-03-28,Skyline National,Full-service,DEL-BOM,DEL,BOM,Wed,3,Spring,Morning (08-11),9.8,False,False
2025-10-28,IndiFly,LCC,MAA-CCU,MAA,CCU,Sun,10,Post-Monsoon,Morning (08-11),17.1,True,False
2025-03-12,Metro Express,LCC,DEL-BOM,DEL,BOM,Sat,3,Spring,Night (19-23),26.6,True,False
2025-01-07,IndiFly,LCC,DEL-HYD,DEL,HYD,Tue,1,Winter,Morning (08-11),26.5,True,False
2025-09-17,IndiFly,LCC,BOM-COK,BOM,COK,Wed,9,Monsoon,Night (19-23),29.2,True,False
2025-06-26,BlueSky Air,Full-service,BLR-HYD,BLR,HYD,Wed,6,Summer,Evening (15-19),11.4,False,False
2025-02-06,Skyline National,Full-service,BLR-HYD,BLR,HYD,Thu,2,Winter,Evening (15-19),15.3,True,False
2025-03-15,BlueSky Air,Full-service,MAA-CCU,MAA,CCU,Sat,3,Spring,Early Morning (05-08),2.5,False,False
2025-04-20,IndiFly,LCC,DEL-BOM,DEL,BOM,Tue,4,Spring,Morning (08-11),10.3,False,False
2025-05-23,Metro Express,LCC,DEL-GOI,DEL,GOI,Mon,5,Summer,Evening (15-19),17.8,True,False
2025-07-08,IndiFly,LCC,DEL-BLR,DEL,BLR,Fri,7,Monsoon,Early Morning (05-08),5.9,False,False
2025-09-23,Metro Express,LCC,BOM-BLR,BOM,BLR,Tue,9,Monsoon,Afternoon (11-15),7.7,False,False
2025-04-25,IndiFly,LCC,DEL-AMD,DEL,AMD,Tue,4,Spring,Night (19-23),7.4,False,False
2025-02-27,Skyline National,Full-service,DEL-CCU,DEL,CCU,Wed,2,Winter,Early Morning (05-08),2.2,False,False
2025-04-21,BlueSky Air,Full-service,DEL-BOM,DEL,BOM,Sat,4,Spring,Morning (08-11),11.9,False,False
2025-02-12,Metro Express,LCC,MAA-CCU,MAA,CCU,Wed,2,Winter,Afternoon (11-15),3.2,False,False
2025-01-22,IndiFly,LCC,BOM-GOI,BOM,GOI,Sun,1,Winter,Afternoon (11-15),4.8,False,False
2025-04-04,IndiFly,LCC,BOM-GOI,BOM,GOI,Tue,4,Spring,Evening (15-19),4.4,False,False
2025-03-22,Metro Express,LCC,COK-BOM,COK,BOM,Sat,3,Spring,Afternoon (11-15),11.1,False,False
2025-01-01,IndiFly,LCC,DEL-CCU,DEL,CCU,Fri,1,Winter,Early Morning (05-08),54.3,True,False
2025-05-12,BlueSky Air,Full-service,BLR-HYD,BLR,HYD,Tue,5,Summer,Morning (08-11),5.3,False,False
2025-10-25,IndiFly,LCC,DEL-PNQ,DEL,PNQ,Fri,10,Post-Monsoon,Afternoon (11-15),6.4,False,False
2025-04-06,Metro Express,LCC,BOM-COK,BOM,COK,Tue,4,Spring,Early Morning (05-08),0.0,False,True
2025-08-11,BlueSky Air,Full-service,DEL-GOI,DEL,GOI,Mon,8,Monsoon,Early Morning (05-08),11.8,False,False
2025-06-22,BlueSky Air,Full-service,BOM-GOI,BOM,GOI,Fri,6,Summer,Morning (08-11),10.8,False,False
2025-07-14,Metro Express,LCC,COK-BOM,COK,BOM,Fri,7,Monsoon,Morning (08-11),13.5,False,False
2025-12-05,Skyline National,Full-service,BOM-BLR,BOM,BLR,Mon,12,Winter,Morning (08-11),7.8,False,False
2025-05-13,IndiFly,LCC,BLR-COK,BLR,COK,Tue,5,Summer,Early Morning (05-08),2.6,False,False
2025-02-14,Skyline National,Full-service,COK-BOM,COK,BOM,Sun,2,Winter,Night (19-23),6.7,False,False
2025-11-23,BlueSky Air,Full-service,DEL-AMD,DEL,AMD,Thu,11,Post-Monsoon,Afternoon (11-15),10.2,False,False
2025-06-15,Skyline National,Full-service,BOM-BLR,BOM,BLR,Wed,6,Summer,Evening (15-19),6.7,False,False
2025-05-03,BlueSky Air,Full-service,BLR-COK,BLR,COK,Fri,5,Summer,Afternoon (11-15),2.8,False,False
2025-08-02,Skyline National,Full-service,DEL-BLR,DEL,BLR,Mon,8,Monsoon,Night (19-23),5.9,False,False
2025-11-22,Metro Express,LCC,BOM-BLR,BOM,BLR,Fri,11,Post-Monsoon,Afternoon (11-15),3.6,False,False
2025-01-09,Coastal Wings,Regional/turboprop,DEL-HYD,DEL,HYD,Thu,1,Winter,Early Morning (05-08),8.8,False,False
2025-10-06,Skyline National,Full-service,DEL-HYD,DEL,HYD,Thu,10,Post-Monsoon,Night (19-23),3.2,False,False
2025-12-06,Coastal Wings,Regional/turboprop,DEL-AMD,DEL,AMD,Thu,12,Winter,Night (19-23),43.6,True,False
2025-01-18,IndiFly,LCC,DEL-BLR,DEL,BLR,Sun,1,Winter,Morning (08-11),16.8,True,False
2025-06-25,IndiFly,LCC,BOM-BLR,BOM,BLR,Thu,6,Summer,Morning (08-11),2.2,False,False
2025-08-26,IndiFly,LCC,MAA-CCU,MAA,CCU,Fri,8,Monsoon,Morning (08-11),15.3,True,False
2025-03-19,Metro Express,LCC,BOM-COK,BOM,COK,Fri,3,Spring,Morning (08-11),13.3,False,False
2025-08-28,BlueSky Air,Full-service,HYD-MAA,HYD,MAA,Sat,8,Monsoon,Night (19-23),6.2,False,False
2025-02-27,Metro Express,LCC,DEL-GOI,DEL,GOI,Wed,2,Winter,Evening (15-19),5.4,False,False
2025-02-24,Skyline National,Full-service,BLR-HYD,BLR,HYD,Sun,2,Winter,Evening (15-19),4.5,False,False
2025-07-08,BlueSky Air,Full-service,BOM-COK,BOM,COK,Fri,7,Monsoon,Night (19-23),7.5,False,False
2025-01-24,Metro Express,LCC,BOM-BLR,BOM,BLR,Wed,1,Winter,Morning (08-11),5.6,False,False
2025-09-24,Metro Express,LCC,BOM-BLR,BOM,BLR,Thu,9,Monsoon,Morning (08-11),4.5,False,False
2025-02-24,IndiFly,LCC,DEL-BOM,DEL,BOM,Sat,2,Winter,Evening (15-19),8.8,False,False
2025-02-21,IndiFly,LCC,DEL-CCU,DEL,CCU,Tue,2,Winter,Early Morning (05-08),9.8,False,False
2025-03-04,Skyline National,Full-service,COK-BOM,COK,BOM,Wed,3,Spring,Afternoon (11-15),2.0,False,False
2025-11-23,IndiFly,LCC,BLR-COK,BLR,COK,Mon,11,Post-Monsoon,Morning (08-11),3.3,False,False
2025-08-03,Metro Express,LCC,BOM-GOI,BOM,GOI,Wed,8,Monsoon,Night (19-23),12.9,False,False
2025-07-12,Skyline National,Full-service,DEL-GOI,DEL,GOI,Sun,7,Monsoon,Afternoon (11-15),10.7,False,False
2025-11-24,Metro Express,LCC,DEL-BOM,DEL,BOM,Wed,11,Post-Monsoon,Night (19-23),5.1,False,False
2025-08-12,Metro Express,LCC,DEL-BLR,DEL,BLR,Mon,8,Monsoon,Morning (08-11),10.2,False,False
2025-03-15,BlueSky Air,Full-service,BOM-GOI,BOM,GOI,Wed,3,Spring,Morning (08-11),3.2,False,False
2025-12-02,BlueSky Air,Full-service,DEL-CCU,DEL,CCU,Thu,12,Winter,Night (19-23),13.4,False,False
2025-01-02,Metro Express,LCC,DEL-AMD,DEL,AMD,Thu,1,Winter,Night (19-23),5.5,False,False
2025-02-18,IndiFly,LCC,DEL-BOM,DEL,BOM,Sat,2,Winter,Early Morning (05-08),7.8,False,False
2025-02-26,IndiFly,LCC,DEL-BOM,DEL,BOM,Sun,2,Winter,Afternoon (11-15),11.5,False,False
2025-08-11,Metro Express,LCC,BOM-BLR,BOM,BLR,Wed,8,Monsoon,Early Morning (05-08),4.4,False,False
2025-07-20,Metro Express,LCC,BOM-BLR,BOM,BLR,Thu,7,Monsoon,Night (19-23),7.0,False,False
2025-10-18,Metro Express,LCC,DEL-GOI,DEL,GOI,Tue,10,Post-Monsoon,Evening (15-19),8.6,False,False
2025-07-20,Metro Express,LCC,BLR-COK,BLR,COK,Thu,7,Monsoon,Night (19-23),25.8,True,False
2025-09-14,Metro Express,LCC,COK-BOM,COK,BOM,Sat,9,Monsoon,Morning (08-11),8.8,False,False
2025-10-24,IndiFly,LCC,DEL-BOM,DEL,BOM,Fri,10,Post-Monsoon,Night (19-23),20.3,True,False
2025-10-10,IndiFly,LCC,DEL-HYD,DEL,HYD,Sat,10,Post-Monsoon,Afternoon (11-15),4.0,False,False
2025-09-28,Metro Express,LCC,DEL-BOM,DEL,BOM,Wed,9,Monsoon,Night (19-23),10.8,False,False
2025-10-02,Metro Express,LCC,BLR-HYD,BLR,HYD,Mon,10,Post-Monsoon,Night (19-23),1.5,False,False
2025-10-25,Skyline National,Full-service,DEL-PNQ,DEL,PNQ,Mon,10,Post-Monsoon,Evening (15-19),15.7,True,False
2025-11-15,IndiFly,LCC,DEL-CCU,DEL,CCU,Tue,11,Post-Monsoon,Early Morning (05-08),2.9,False,False
2025-11-09,BlueSky Air,Full-service,DEL-CCU,DEL,CCU,Wed,11,Post-Monsoon,Evening (15-19),5.0,False,False
2025-03-05,BlueSky Air,Full-service,DEL-HYD,DEL,HYD,Mon,3,Spring,Early Morning (05-08),4.1,False,False
2025-11-12,IndiFly,LCC,DEL-BLR,DEL,BLR,Mon,11,Post-Monsoon,Afternoon (11-15),4.8,False,False
2025-02-09,Metro Express,LCC,DEL-AMD,DEL,AMD,Mon,2,Winter,Morning (08-11),10.4,False,False
2025-05-03,BlueSky Air,Full-service,DEL-CCU,DEL,CCU,Sat,5,Summer,Morning (08-11),2.9,False,False
2025-06-02,IndiFly,LCC,BLR-HYD,BLR,HYD,Thu,6,Summer,Morning (08-11),1.5,False,False
2025-03-17,BlueSky Air,Full-service,DEL-BLR,DEL,BLR,Mon,3,Spring,Night (19-23),10.1,False,False
2025-05-01,Metro Express,LCC,DEL-BOM,DEL,BOM,Wed,5,Summer,Night (19-23),15.0,True,False
2025-06-23,BlueSky Air,Full-service,DEL-BLR,DEL,BLR,Sat,6,Summer,Morning (08-11),5.5,False,False
2025-08-13,Metro Express,LCC,BOM-BLR,BOM,BLR,Mon,8,Monsoon,Afternoon (11-15),7.1,False,False
2025-02-10,Metro Express,LCC,DEL-CCU,DEL,CCU,Thu,2,Winter,Night (19-23),4.5,False,False
2025-10-07,Metro Express,LCC,DEL-AMD,DEL,AMD,Sun,10,Post-Monsoon,Evening (15-19),5.2,False,False
2025-01-21,IndiFly,LCC,DEL-BOM,DEL,BOM,Mon,1,Winter,Morning (08-11),20.2,True,False
2025-09-20,Metro Express,LCC,MAA-CCU,MAA,CCU,Sat,9,Monsoon,Night (19-23),9.6,False,False
2025-10-03,Metro Express,LCC,DEL-BLR,DEL,BLR,Sun,10,Post-Monsoon,Early Morning (05-08),22.8,True,False
2025-02-05,Skyline National,Full-service,DEL-AMD,DEL,AMD,Thu,2,Winter,Morning (08-11),4.0,False,False
2025-05-26,Metro Express,LCC,DEL-GOI,DEL,GOI,Tue,5,Summer,Early Morning (05-08),13.1,False,False
2025-12-13,Coastal Wings,Regional/turboprop,DEL-BOM,DEL,BOM,Sun,12,Winter,Evening (15-19),18.2,True,False
2025-04-13,IndiFly,LCC,DEL-BLR,DEL,BLR,Wed,4,Spring,Morning (08-11),3.9,False,False
2025-02-09,Skyline National,Full-service,DEL-HYD,DEL,HYD,Tue,2,Winter,Early Morning (05-08),13.2,False,False
2025-03-15,IndiFly,LCC,BOM-COK,BOM,COK,Thu,3,Spring,Evening (15-19),4.0,False,False
2025-08-18,Skyline National,Full-service,BOM-GOI,BOM,GOI,Wed,8,Monsoon,Evening (15-19),6.3,False,False
2025-01-02,IndiFly,LCC,DEL-BOM,DEL,BOM,Sat,1,Winter,Afternoon (11-15),21.7,True,False
2025-06-10,Metro Express,LCC,DEL-HYD,DEL,HYD,Thu,6,Summer,Morning (08-11),6.4,False,False
2025-01-08,Metro Express,LCC,BOM-GOI,BOM,GOI,Wed,1,Winter,Morning (08-11),5.8,False,False
2025-11-26,IndiFly,LCC,DEL-HYD,DEL,HYD,Sun,11,Post-Monsoon,Evening (15-19),5.7,False,False
2025-08-07,Metro Express,LCC,BOM-GOI,BOM,GOI,Wed,8,Monsoon,Night (19-23),29.8,True,False
2025-11-13,Coastal Wings,Regional/turboprop,DEL-HYD,DEL,HYD,Wed,11,Post-Monsoon,Evening (15-19),11.8,False,False
2025-11-25,Skyline National,Full-service,DEL-BOM,DEL,BOM,Tue,11,Post-Monsoon,Evening (15-19),8.6,False,False
2025-09-09,Skyline National,Full-service,BLR-HYD,BLR,HYD,Sat,9,Monsoon,Early Morning (05-08),2.1,False,False
2025-12-07,Skyline National,Full-service,BOM-COK,BOM,COK,Thu,12,Winter,Evening (15-19),4.2,False,False
2025-07-10,IndiFly,LCC,DEL-BOM,DEL,BOM,Tue,7,Monsoon,Early Morning (05-08),8.6,False,False
2025-03-19,IndiFly,LCC,BOM-GOI,BOM,GOI,Fri,3,Spring,Early Morning (05-08),1.9,False,False
2025-11-07,BlueSky Air,Full-service,BOM-BLR,BOM,BLR,Fri,11,Post-Monsoon,Early Morning (05-08),6.1,False,False
2025-05-19,Coastal Wings,Regional/turboprop,DEL-AMD,DEL,AMD,Thu,5,Summer,Night (19-23),12.5,False,False
2025-06-07,BlueSky Air,Full-service,DEL-AMD,DEL,AMD,Fri,6,Summer,Early Morning (05-08),5.3,False,False
2025-08-13,Coastal Wings,Regional/turboprop,BOM-BLR,BOM,BLR,Thu,8,Monsoon,Evening (15-19),2.5,False,False
2025-07-13,IndiFly,LCC,BOM-BLR,BOM,BLR,Thu,7,Monsoon,Evening (15-19),12.6,False,False
2025-10-21,Skyline National,Full-service,DEL-AMD,DEL,AMD,Wed,10,Post-Monsoon,Morning (08-11),5.7,False,False
2025-09-11,Metro Express,LCC,BLR-HYD,BLR,HYD,Wed,9,Monsoon,Afternoon (11-15),4.9,False,False
2025-07-19,Metro Express,LCC,DEL-BLR,DEL,BLR,Sun,7,Monsoon,Night (19-23),5.3,False,False
2025-08-08,Metro Express,LCC,DEL-PNQ,DEL,PNQ,Sat,8,Monsoon,Night (19-23),19.0,True,False
2025-03-16,Skyline National,Full-service,BOM-COK,BOM,COK,Mon,3,Spring,Evening (15-19),4.7,False,False
2025-05-14,BlueSky Air,Full-service,DEL-BLR,DEL,BLR,Thu,5,Summer,Morning (08-11),2.7,False,False
2025-07-25,IndiFly,LCC,DEL-PNQ,DEL,PNQ,Sat,7,Monsoon,Evening (15-19),12.9,False,False
2025-05-20,BlueSky Air,Full-service,DEL-BLR,DEL,BLR,Wed,5,Summer,Night (19-23),14.2,False,False
2025-06-03,BlueSky Air,Full-service,COK-BOM,COK,BOM,Fri,6,Summer,Night (19-23),13.4,False,False
2025-04-28,BlueSky Air,Full-service,DEL-AMD,DEL,AMD,Mon,4,Spring,Afternoon (11-15),6.2,False,False
2025-10-03,IndiFly,LCC,BOM-GOI,BOM,GOI,Sun,10,Post-Monsoon,Early Morning (05-08),15.1,True,False
2025-04-21,Metro Express,LCC,BLR-COK,BLR,COK,Fri,4,Spring,Afternoon (11-15),1.5,False,False
2025-02-13,IndiFly,LCC,DEL-PNQ,DEL,PNQ,Tue,2,Winter,Early Morning (05-08),6.9,False,False
2025-07-21,Coastal Wings,Regional/turboprop,DEL-BLR,DEL,BLR,Sun,7,Monsoon,Evening (15-19),0.0,False,True
2025-08-02,BlueSky Air,Full-service,DEL-BOM,DEL,BOM,Tue,8,Monsoon,Morning (08-11),6.8,False,False
2025-10-12,IndiFly,LCC,DEL-BOM,DEL,BOM,Fri,10,Post-Monsoon,Early Morning (05-08),9.5,False,False
2025-12-01,Metro Express,LCC,DEL-CCU,DEL,CCU,Mon,12,Winter,Evening (15-19),30.7,True,False
2025-04-27,Metro Express,LCC,MAA-CCU,MAA,CCU,Sun,4,Spring,Early Morning (05-08),3.7,False,False
2025-09-25,Coastal Wings,Regional/turboprop,DEL-PNQ,DEL,PNQ,Thu,9,Monsoon,Early Morning (05-08),12.7,False,False
2025-01-23,IndiFly,LCC,BLR-COK,BLR,COK,Sat,1,Winter,Afternoon (11-15),1.5,False,False
2025-05-02,IndiFly,LCC,DEL-BOM,DEL,BOM,Mon,5,Summer,Evening (15-19),12.5,False,False
2025-12-07,Skyline National,Full-service,DEL-CCU,DEL,CCU,Wed,12,Winter,Evening (15-19),0.0,False,True
2025-04-06,Skyline National,Full-service,MAA-CCU,MAA,CCU,Wed,4,Spring,Evening (15-19),8.9,False,False
2025-07-06,Metro Express,LCC,DEL-AMD,DEL,AMD,Wed,7,Monsoon,Early Morning (05-08),23.0,True,False
2025-10-12,IndiFly,LCC,DEL-HYD,DEL,HYD,Sat,10,Post-Monsoon,Morning (08-11),7.0,False,False
2025-01-04,Skyline National,Full-service,BOM-GOI,BOM,GOI,Sat,1,Winter,Evening (15-19),6.5,False,False
2025-12-18,Metro Express,LCC,DEL-GOI,DEL,GOI,Thu,12,Winter,Evening (15-19),17.3,True,False
2025-01-06,Metro Express,LCC,DEL-BLR,DEL,BLR,Tue,1,Winter,Early Morning (05-08),31.1,True,False
2025-11-01,BlueSky Air,Full-service,DEL-BOM,DEL,BOM,Wed,11,Post-Monsoon,Evening (15-19),3.7,False,False
2025-08-11,IndiFly,LCC,BOM-BLR,BOM,BLR,Sun,8,Monsoon,Morning (08-11),6.6,False,False
2025-08-02,IndiFly,LCC,DEL-GOI,DEL,GOI,Tue,8,Monsoon,Evening (15-19),0.0,False,True
2025-01-21,BlueSky Air,Full-service,DEL-BLR,DEL,BLR,Thu,1,Winter,Morning (08-11),14.9,False,False
2025-08-06,BlueSky Air,Full-service,DEL-BOM,DEL,BOM,Thu,8,Monsoon,Early Morning (05-08),7.6,False,False
2025-10-01,BlueSky Air,Full-service,DEL-CCU,DEL,CCU,Mon,10,Post-Monsoon,Night (19-23),7.7,False,False
2025-02-27,IndiFly,LCC,BLR-HYD,BLR,HYD,Tue,2,Winter,Morning (08-11),4.7,False,False
2025-10-02,IndiFly,LCC,COK-BOM,COK,BOM,Wed,10,Post-Monsoon,Early Morning (05-08),3.7,False,False
2025-05-28,BlueSky Air,Full-service,BOM-COK,BOM,COK,Thu,5,Summer,Night (19-23),11.9,False,False
2025-08-19,IndiFly,LCC,BOM-BLR,BOM,BLR,Thu,8,Monsoon,Night (19-23),9.8,False,False
2025-05-27,IndiFly,LCC,COK-BOM,COK,BOM,Mon,5,Summer,Afternoon (11-15),9.2,False,False
2025-09-04,IndiFly,LCC,HYD-MAA,HYD,MAA,Fri,9,Monsoon,Early Morning (05-08),2.2,False,False
2025-12-14,IndiFly,LCC,COK-BOM,COK,BOM,Thu,12,Winter,Evening (15-19),5.9,False,False
2025-05-19,BlueSky Air,Full-service,BOM-BLR,BOM,BLR,Thu,5,Summer,Evening (15-19),5.4,False,False
2025-01-05,Metro Express,LCC,DEL-GOI,DEL,GOI,Tue,1,Winter,Evening (15-19),17.3,True,False
2025-04-24,Metro Express,LCC,DEL-BOM,DEL,BOM,Tue,4,Spring,Early Morning (05-08),10.6,False,False
2025-04-12,BlueSky Air,Full-service,BOM-GOI,BOM,GOI,Sat,4,Spring,Afternoon (11-15),2.8,False,False
2025-04-21,BlueSky Air,Full-service,BLR-COK,BLR,COK,Sat,4,Spring,Morning (08-11),4.3,False,False
2025-10-08,BlueSky Air,Full-service,DEL-BLR,DEL,BLR,Fri,10,Post-Monsoon,Afternoon (11-15),8.6,False,False
2025-05-18,Metro Express,LCC,BLR-HYD,BLR,HYD,Wed,5,Summer,Morning (08-11),10.7,False,False
2025-11-12,Metro Express,LCC,BLR-HYD,BLR,HYD,Tue,11,Post-Monsoon,Evening (15-19),11.2,False,False
2025-03-16,BlueSky Air,Full-service,DEL-HYD,DEL,HYD,Tue,3,Spring,Morning (08-11),0.0,False,True
2025-02-14,Metro Express,LCC,DEL-BLR,DEL,BLR,Thu,2,Winter,Early Morning (05-08),4.5,False,False
2025-12-11,Metro Express,LCC,DEL-BLR,DEL,BLR,Tue,12,Winter,Night (19-23),34.1,True,False
2025-08-02,Skyline National,Full-service,DEL-BLR,DEL,BLR,Wed,8,Monsoon,Morning (08-11),5.5,False,False
2025-05-07,Skyline National,Full-service,BOM-COK,BOM,COK,Wed,5,Summer,Night (19-23),3.1,False,False
2025-06-16,IndiFly,LCC,HYD-MAA,HYD,MAA,Sat,6,Summer,Morning (08-11),6.3,False,False
2025-04-17,BlueSky Air,Full-service,BOM-BLR,BOM,BLR,Mon,4,Spring,Night (19-23),2.8,False,False
2025-08-21,Skyline National,Full-service,BOM-BLR,BOM,BLR,Fri,8,Monsoon,Early Morning (05-08),3.9,False,False
2025-08-06,BlueSky Air,Full-service,BOM-GOI,BOM,GOI,Wed,8,Monsoon,Afternoon (11-15),14.9,False,False
2025-06-26,Skyline National,Full-service,DEL-BOM,DEL,BOM,Mon,6,Summer,Morning (08-11),5.4,False,False
2025-06-15,BlueSky Air,Full-service,DEL-BLR,DEL,BLR,Sun,6,Summer,Night (19-23),3.8,False,False
2025-02-05,IndiFly,LCC,BLR-HYD,BLR,HYD,Wed,2,Winter,Afternoon (11-15),3.8,False,False
2025-07-06,Metro Express,LCC,DEL-AMD,DEL,AMD,Wed,7,Monsoon,Morning (08-11),2.6,False,False
2025-07-14,IndiFly,LCC,DEL-HYD,DEL,HYD,Sat,7,Monsoon,Evening (15-19),6.4,False,False
2025-04-24,Skyline National,Full-service,BOM-COK,BOM,COK,Thu,4,Spring,Night (19-23),12.2,False,False
2025-08-20,Skyline National,Full-service,DEL-BOM,DEL,BOM,Sat,8,Monsoon,Evening (15-19),4.1,False,False
2025-02-06,Metro Express,LCC,DEL-BOM,DEL,BOM,Wed,2,Winter,Early Morning (05-08),8.8,False,False
2025-09-08,Skyline National,Full-service,BLR-COK,BLR,COK,Sat,9,Monsoon,Early Morning (05-08),21.1,True,False
2025-10-13,Metro Express,LCC,MAA-CCU,MAA,CCU,Sun,10,Post-Monsoon,Morning (08-11),8.7,False,False
2025-01-02,Metro Express,LCC,BOM-BLR,BOM,BLR,Sat,1,Winter,Early Morning (05-08),2.8,False,False
2025-04-27,Metro Express,LCC,BOM-COK,BOM,COK,Thu,4,Spring,Early Morning (05-08),11.1,False,False
2025-06-06,BlueSky Air,Full-service,BOM-BLR,BOM,BLR,Fri,6,Summer,Evening (15-19),18.0,True,False
2025-06-22,BlueSky Air,Full-service,BOM-GOI,BOM,GOI,Thu,6,Summer,Evening (15-19),11.0,False,False
2025-06-16,BlueSky Air,Full-service,DEL-BOM,DEL,BOM,Thu,6,Summer,Afternoon (11-15),9.2,False,False
2025-07-01,Skyline National,Full-service,DEL-HYD,DEL,HYD,Thu,7,Monsoon,Morning (08-11),8.8,False,False
2025-05-27,Metro Express,LCC,BOM-BLR,BOM,BLR,Sun,5,Summer,Morning (08-11),2.7,False,False
2025-03-17,Metro Express,LCC,DEL-BOM,DEL,BOM,Wed,3,Spring,Evening (15-19),13.9,False,False
2025-10-14,Metro Express,LCC,DEL-BOM,DEL,BOM,Tue,10,Post-Monsoon,Morning (08-11),12.5,False,False
2025-02-26,Skyline National,Full-service,BOM-BLR,BOM,BLR,Tue,2,Winter,Early Morning (05-08),2.8,False,False
2025-11-10,BlueSky Air,Full-service,DEL-HYD,DEL,HYD,Mon,11,Post-Monsoon,Afternoon (11-15),4.1,False,False
2025-11-08,Metro Express,LCC,DEL-PNQ,DEL,PNQ,Wed,11,Post-Monsoon,Afternoon (11-15),4.5,False,False
2025-12-19,IndiFly,LCC,BLR-HYD,BLR,HYD,Wed,12,Winter,Early Morning (05-08),4.6,False,False
2025-06-15,Coastal Wings,Regional/turboprop,BLR-HYD,BLR,HYD,Tue,6,Summer,Afternoon (11-15),16.8,True,False
2025-03-06,BlueSky Air,Full-service,BOM-BLR,BOM,BLR,Wed,3,Spring,Night (19-23),13.4,False,False
2025-01-03,Skyline National,Full-service,MAA-CCU,MAA,CCU,Sat,1,Winter,Afternoon (11-15),4.5,False,False
2025-03-20,Metro Express,LCC,BLR-HYD,BLR,HYD,Wed,3,Spring,Afternoon (11-15),16.3,True,False
2025-07-16,IndiFly,LCC,DEL-PNQ,DEL,PNQ,Wed,7,Monsoon,Evening (15-19),9.5,False,False
2025-11-17,IndiFly,LCC,DEL-PNQ,DEL,PNQ,Wed,11,Post-Monsoon,Morning (08-11),5.5,False,False
2025-02-05,IndiFly,LCC,DEL-CCU,DEL,CCU,Wed,2,Winter,Early Morning (05-08),6.7,False,False
2025-06-03,IndiFly,LCC,DEL-AMD,DEL,AMD,Sat,6,Summer,Night (19-23),13.6,False,False
2025-10-10,BlueSky Air,Full-service,BOM-BLR,BOM,BLR,Thu,10,Post-Monsoon,Early Morning (05-08),2.7,False,False
2025-03-01,IndiFly,LCC,BOM-GOI,BOM,GOI,Thu,3,Spring,Evening (15-19),3.7,False,False
2025-08-07,Metro Express,LCC,BOM-GOI,BOM,GOI,Thu,8,Monsoon,Early Morning (05-08),8.4,False,False
2025-01-10,BlueSky Air,Full-service,DEL-AMD,DEL,AMD,Mon,1,Winter,Evening (15-19),34.1,True,False
2025-12-26,IndiFly,LCC,HYD-MAA,HYD,MAA,Sat,12,Winter,Morning (08-11),5.6,False,False
2025-07-21,Metro Express,LCC,BOM-BLR,BOM,BLR,Sun,7,Monsoon,Night (19-23),2.9,False,False
2025-04-16,BlueSky Air,Full-service,DEL-BLR,DEL,BLR,Fri,4,Spring,Afternoon (11-15),10.4,False,False
2025-08-24,BlueSky Air,Full-service,DEL-GOI,DEL,GOI,Sat,8,Monsoon,Night (19-23),14.5,False,False
2025-05-12,Skyline National,Full-service,BOM-GOI,BOM,GOI,Wed,5,Summer,Morning (08-11),8.7,False,False
2025-06-26,Coastal Wings,Regional/turboprop,DEL-BOM,DEL,BOM,Sun,6,Summer,Evening (15-19),5.7,False,False
2025-07-20,IndiFly,LCC,DEL-BOM,DEL,BOM,Tue,7,Monsoon,Afternoon (11-15),6.3,False,False
2025-04-23,BlueSky Air,Full-service,BLR-HYD,BLR,HYD,Tue,4,Spring,Early Morning (05-08),3.2,False,False
2025-06-24,Coastal Wings,Regional/turboprop,BOM-GOI,BOM,GOI,Sun,6,Summer,Early Morning (05-08),8.8,False,False
2025-05-10,Coastal Wings,Regional/turboprop,BLR-HYD,BLR,HYD,Sun,5,Summer,Afternoon (11-15),6.7,False,False
2025-09-08,Coastal Wings,Regional/turboprop,BLR-COK,BLR,COK,Sat,9,Monsoon,Night (19-23),46.6,True,False
2025-01-14,IndiFly,LCC,DEL-CCU,DEL,CCU,Fri,1,Winter,Morning (08-11),11.1,False,False
2025-08-25,Metro Express,LCC,DEL-BLR,DEL,BLR,Mon,8,Monsoon,Early Morning (05-08),7.9,False,False
2025-02-19,Skyline National,Full-service,BOM-COK,BOM,COK,Sat,2,Winter,Night (19-23),17.3,True,False
2025-07-22,BlueSky Air,Full-service,BLR-COK,BLR,COK,Sat,7,Monsoon,Morning (08-11),19.6,True,False
2025-05-14,Metro Express,LCC,HYD-MAA,HYD,MAA,Wed,5,Summer,Evening (15-19),0.0,False,True
2025-03-10,IndiFly,LCC,BLR-COK,BLR,COK,Sun,3,Spring,Early Morning (05-08),5.5,False,False
2025-02-17,IndiFly,LCC,COK-BOM,COK,BOM,Fri,2,Winter,Afternoon (11-15),6.4,False,False
2025-07-15,IndiFly,LCC,DEL-AMD,DEL,AMD,Mon,7,Monsoon,Evening (15-19),10.3,False,False
2025-06-02,IndiFly,LCC,BOM-COK,BOM,COK,Sat,6,Summer,Early Morning (05-08),7.0,False,False
2025-05-23,Skyline National,Full-service,BOM-GOI,BOM,GOI,Sun,5,Summer,Afternoon (11-15),2.7,False,False
2025-11-24,Metro Express,LCC,BOM-COK,BOM,COK,Mon,11,Post-Monsoon,Morning (08-11),4.1,False,False
2025-03-23,Metro Express,LCC,BOM-BLR,BOM,BLR,Fri,3,Spring,Evening (15-19),14.2,False,False
2025-11-17,BlueSky Air,Full-service,DEL-HYD,DEL,HYD,Wed,11,Post-Monsoon,Night (19-23),6.2,False,False
2025-12-15,Metro Express,LCC,BOM-BLR,BOM,BLR,Mon,12,Winter,Evening (15-19),6.6,False,False
2025-10-10,Skyline National,Full-service,DEL-HYD,DEL,HYD,Mon,10,Post-Monsoon,Afternoon (11-15),6.7,False,False
2025-10-12,Metro Express,LCC,DEL-BOM,DEL,BOM,Wed,10,Post-Monsoon,Early Morning (05-08),6.7,False,False
2025-04-06,IndiFly,LCC,BOM-BLR,BOM,BLR,Tue,4,Spring,Morning (08-11),4.8,False,False
2025-10-05,Metro Express,LCC,DEL-HYD,DEL,HYD,Mon,10,Post-Monsoon,Night (19-23),15.2,True,False
2025-09-27,Skyline National,Full-service,COK-BOM,COK,BOM,Sun,9,Monsoon,Evening (15-19),10.8,False,False
2025-07-24,Metro Express,LCC,BOM-COK,BOM,COK,Tue,7,Monsoon,Early Morning (05-08),10.7,False,False
2025-03-06,BlueSky Air,Full-service,DEL-HYD,DEL,HYD,Sun,3,Spring,Morning (08-11),6.3,False,False
2025-03-16,IndiFly,LCC,DEL-GOI,DEL,GOI,Wed,3,Spring,Afternoon (11-15),3.4,False,False
2025-09-28,BlueSky Air,Full-service,DEL-BOM,DEL,BOM,Thu,9,Monsoon,Morning (08-11),0.0,False,True
2025-01-14,Skyline National,Full-service,DEL-BLR,DEL,BLR,Tue,1,Winter,Morning (08-11),14.2,False,False
2025-10-17,BlueSky Air,Full-service,DEL-BLR,DEL,BLR,Wed,10,Post-Monsoon,Night (19-23),2.5,False,False
2025-12-06,Coastal Wings,Regional/turboprop,DEL-BOM,DEL,BOM,Thu,12,Winter,Morning (08-11),14.6,False,False
2025-03-22,IndiFly,LCC,DEL-PNQ,DEL,PNQ,Sat,3,Spring,Morning (08-11),4.6,False,False
2025-01-08,Metro Express,LCC,BLR-HYD,BLR,HYD,Sun,1,Winter,Night (19-23),1.5,False,False
2025-06-17,BlueSky Air,Full-service,BLR-HYD,BLR,HYD,Sat,6,Summer,Night (19-23),7.3,False,False
2025-02-04,BlueSky Air,Full-service,DEL-BOM,DEL,BOM,Sat,2,Winter,Night (19-23),8.0,False,False
2025-04-21,BlueSky Air,Full-service,DEL-PNQ,DEL,PNQ,Thu,4,Spring,Afternoon (11-15),4.6,False,False
2025-09-03,BlueSky Air,Full-service,BOM-GOI,BOM,GOI,Sat,9,Monsoon,Morning (08-11),0.0,False,True
2025-10-02,IndiFly,LCC,DEL-AMD,DEL,AMD,Sat,10,Post-Monsoon,Early Morning (05-08),8.5,False,False
2025-04-12,Skyline National,Full-service,BOM-GOI,BOM,GOI,Sat,4,Spring,Evening (15-19),3.9,False,False
2025-12-11,IndiFly,LCC,DEL-AMD,DEL,AMD,Thu,12,Winter,Afternoon (11-15),4.6,False,False
2025-09-15,IndiFly,LCC,DEL-HYD,DEL,HYD,Fri,9,Monsoon,Early Morning (05-08),3.4,False,False
2025-09-12,Skyline National,Full-service,BOM-COK,BOM,COK,Tue,9,Monsoon,Evening (15-19),18.8,True,False
2025-02-09,Skyline National,Full-service,DEL-BOM,DEL,BOM,Fri,2,Winter,Afternoon (11-15),8.6,False,False
2025-06-15,Metro Express,LCC,DEL-BOM,DEL,BOM,Thu,6,Summer,Night (19-23),5.0,False,False
2025-07-04,IndiFly,LCC,DEL-GOI,DEL,GOI,Sun,7,Monsoon,Afternoon (11-15),5.8,False,False
2025-10-25,Metro Express,LCC,MAA-CCU,MAA,CCU,Wed,10,Post-Monsoon,Early Morning (05-08),20.1,True,False
2025-07-28,Metro Express,LCC,BOM-GOI,BOM,GOI,Thu,7,Monsoon,Early Morning (05-08),33.4,True,False
2025-01-23,IndiFly,LCC,BLR-HYD,BLR,HYD,Fri,1,Winter,Night (19-23),13.9,False,False
2025-03-07,BlueSky Air,Full-service,BOM-GOI,BOM,GOI,Fri,3,Spring,Evening (15-19),4.5,False,False
2025-02-19,IndiFly,LCC,DEL-PNQ,DEL,PNQ,Sun,2,Winter,Morning (08-11),3.2,False,False
2025-11-08,IndiFly,LCC,BLR-HYD,BLR,HYD,Thu,11,Post-Monsoon,Early Morning (05-08),5.5,False,False
2025-03-01,Metro Express,LCC,DEL-BOM,DEL,BOM,Sun,3,Spring,Night (19-23),12.6,False,False
2025-10-20,IndiFly,LCC,BLR-HYD,BLR,HYD,Thu,10,Post-Monsoon,Morning (08-11),5.3,False,False
2025-08-08,Coastal Wings,Regional/turboprop,DEL-BLR,DEL,BLR,Wed,8,Monsoon,Evening (15-19),10.1,False,False
2025-11-04,Metro Express,LCC,DEL-BOM,DEL,BOM,Fri,11,Post-Monsoon,Evening (15-19),3.2,False,False
2025-04-19,Metro Express,LCC,BOM-BLR,BOM,BLR,Thu,4,Spring,Afternoon (11-15),2.5,False,False
2025-07-09,IndiFly,LCC,DEL-BLR,DEL,BLR,Sat,7,Monsoon,Afternoon (11-15),8.8,False,False
2025-11-18,Coastal Wings,Regional/turboprop,COK-BOM,COK,BOM,Thu,11,Post-Monsoon,Evening (15-19),4.8,False,False
2025-09-04,Metro Express,LCC,BOM-GOI,BOM,GOI,Mon,9,Monsoon,Night (19-23),8.7,False,False
2025-06-09,Skyline National,Full-service,DEL-HYD,DEL,HYD,Thu,6,Summer,Evening (15-19),10.4,False,False
2025-07-04,Skyline National,Full-service,BLR-HYD,BLR,HYD,Sun,7,Monsoon,Morning (08-11),14.9,False,False
2025-11-02,IndiFly,LCC,COK-BOM,COK,BOM,Mon,11,Post-Monsoon,Afternoon (11-15),6.8,False,False
2025-04-21,Metro Express,LCC,BLR-HYD,BLR,HYD,Wed,4,Spring,Evening (15-19),4.8,False,False
2025-01-18,IndiFly,LCC,DEL-CCU,DEL,CCU,Fri,1,Winter,Morning (08-11),10.3,False,False
2025-04-01,Metro Express,LCC,DEL-BOM,DEL,BOM,Wed,4,Spring,Morning (08-11),5.4,False,False
2025-10-21,BlueSky Air,Full-service,DEL-BOM,DEL,BOM,Mon,10,Post-Monsoon,Early Morning (05-08),4.9,False,False
2025-10-10,BlueSky Air,Full-service,DEL-BLR,DEL,BLR,Mon,10,Post-Monsoon,Night (19-23),5.1,False,False
2025-11-08,Skyline National,Full-service,DEL-BOM,DEL,BOM,Sun,11,Post-Monsoon,Evening (15-19),5.8,False,False
2025-07-02,Metro Express,LCC,BOM-GOI,BOM,GOI,Sat,7,Monsoon,Morning (08-11),13.1,False,False
2025-05-01,IndiFly,LCC,DEL-BLR,DEL,BLR,Sat,5,Summer,Morning (08-11),8.4,False,False
2025-11-23,Metro Express,LCC,BOM-BLR,BOM,BLR,Sat,11,Post-Monsoon,Early Morning (05-08),7.2,False,False
2025-11-07,IndiFly,LCC,BLR-HYD,BLR,HYD,Sat,11,Post-Monsoon,Evening (15-19),11.7,False,False
2025-09-06,Metro Express,LCC,DEL-HYD,DEL,HYD,Mon,9,Monsoon,Afternoon (11-15),6.1,False,False
2025-02-03,Metro Express,LCC,DEL-BLR,DEL,BLR,Sun,2,Winter,Afternoon (11-15),7.0,False,False
2025-02-19,Metro Express,LCC,BOM-GOI,BOM,GOI,Tue,2,Winter,Night (19-23),23.9,True,False
2025-04-02,BlueSky Air,Full-service,BLR-HYD,BLR,HYD,Tue,4,Spring,Afternoon (11-15),3.7,False,False
2025-04-14,IndiFly,LCC,MAA-CCU,MAA,CCU,Mon,4,Spring,Morning (08-11),5.4,False,False
2025-10-16,BlueSky Air,Full-service,BOM-BLR,BOM,BLR,Sat,10,Post-Monsoon,Night (19-23),5.4,False,False
2025-05-19,IndiFly,LCC,DEL-GOI,DEL,GOI,Sun,5,Summer,Afternoon (11-15),3.3,False,False
2025-06-15,Metro Express,LCC,BLR-HYD,BLR,HYD,Sat,6,Summer,Morning (08-11),17.5,True,False
2025-06-05,Metro Express,LCC,DEL-BLR,DEL,BLR,Sat,6,Summer,Afternoon (11-15),3.5,False,False
2025-04-26,Metro Express,LCC,DEL-HYD,DEL,HYD,Tue,4,Spring,Afternoon (11-15),6.0,False,False
2025-01-21,BlueSky Air,Full-service,BOM-GOI,BOM,GOI,Wed,1,Winter,Early Morning (05-08),3.9,False,False
2025-04-17,IndiFly,LCC,BOM-COK,BOM,COK,Sat,4,Spring,Morning (08-11),2.3,False,False
2025-08-11,Metro Express,LCC,DEL-BOM,DEL,BOM,Fri,8,Monsoon,Night (19-23),4.0,False,False
2025-04-23,BlueSky Air,Full-service,BOM-BLR,BOM,BLR,Tue,4,Spring,Night (19-23),15.1,True,False
2025-03-09,BlueSky Air,Full-service,COK-BOM,COK,BOM,Sun,3,Spring,Morning (08-11),15.2,True,False
2025-11-05,Skyline National,Full-service,DEL-GOI,DEL,GOI,Thu,11,Post-Monsoon,Early Morning (05-08),7.4,False,False
2025-11-24,IndiFly,LCC,BOM-BLR,BOM,BLR,Sun,11,Post-Monsoon,Night (19-23),7.9,False,False
2025-03-23,BlueSky Air,Full-service,DEL-HYD,DEL,HYD,Sat,3,Spring,Afternoon (11-15),8.0,False,False
2025-12-26,BlueSky Air,Full-service,BOM-GOI,BOM,GOI,Tue,12,Winter,Night (19-23),2.0,False,False
2025-08-25,Coastal Wings,Regional/turboprop,BOM-GOI,BOM,GOI,Sun,8,Monsoon,Evening (15-19),9.6,False,False
2025-12-06,BlueSky Air,Full-service,BOM-BLR,BOM,BLR,Sat,12,Winter,Morning (08-11),5.3,False,False
2025-03-12,Skyline National,Full-service,MAA-CCU,MAA,CCU,Tue,3,Spring,Evening (15-19),4.1,False,False
2025-05-03,Metro Express,LCC,BOM-BLR,BOM,BLR,Sun,5,Summer,Afternoon (11-15),3.8,False,False
2025-05-25,Coastal Wings,Regional/turboprop,DEL-BLR,DEL,BLR,Mon,5,Summer,Early Morning (05-08),4.4,False,False
2025-03-14,Skyline National,Full-service,DEL-BLR,DEL,BLR,Thu,3,Spring,Early Morning (05-08),9.9,False,False
2025-09-13,Coastal Wings,Regional/turboprop,DEL-CCU,DEL,CCU,Wed,9,Monsoon,Afternoon (11-15),7.2,False,False
2025-04-05,Metro Express,LCC,DEL-BOM,DEL,BOM,Sun,4,Spring,Evening (15-19),7.7,False,False
2025-06-13,Metro Express,LCC,COK-BOM,COK,BOM,Wed,6,Summer,Night (19-23),5.7,False,False
2025-01-19,Coastal Wings,Regional/turboprop,DEL-BLR,DEL,BLR,Tue,1,Winter,Night (19-23),26.3,True,False
2025-04-13,Metro Express,LCC,COK-BOM,COK,BOM,Tue,4,Spring,Early Morning (05-08),7.3,False,False
2025-03-17,IndiFly,LCC,DEL-HYD,DEL,HYD,Sun,3,Spring,Early Morning (05-08),5.2,False,False
2025-11-16,Skyline National,Full-service,DEL-PNQ,DEL,PNQ,Wed,11,Post-Monsoon,Afternoon (11-15),10.5,False,False
2025-04-28,IndiFly,LCC,BOM-COK,BOM,COK,Sat,4,Spring,Early Morning (05-08),4.6,False,False
2025-09-09,Coastal Wings,Regional/turboprop,BLR-COK,BLR,COK,Wed,9,Monsoon,Night (19-23),6.1,False,False
2025-07-05,Skyline National,Full-service,MAA-CCU,MAA,CCU,Tue,7,Monsoon,Night (19-23),6.0,False,False
2025-07-03,IndiFly,LCC,BOM-BLR,BOM,BLR,Mon,7,Monsoon,Morning (08-11),2.5,False,False
2025-05-14,Skyline National,Full-service,COK-BOM,COK,BOM,Fri,5,Summer,Early Morning (05-08),2.5,False,False
2025-10-04,IndiFly,LCC,DEL-PNQ,DEL,PNQ,Sun,10,Post-Monsoon,Evening (15-19),5.1,False,False
2025-09-10,Metro Express,LCC,BOM-GOI,BOM,GOI,Wed,9,Monsoon,Night (19-23),36.3,True,False
2025-04-25,BlueSky Air,Full-service,DEL-BLR,DEL,BLR,Fri,4,Spring,Afternoon (11-15),4.6,False,False
2025-02-21,IndiFly,LCC,DEL-BOM,DEL,BOM,Mon,2,Winter,Evening (15-19),16.9,True,False
2025-01-12,IndiFly,LCC,DEL-AMD,DEL,AMD,Sat,1,Winter,Night (19-23),11.9,False,False
2025-02-16,Coastal Wings,Regional/turboprop,DEL-AMD,DEL,AMD,Sun,2,Winter,Early Morning (05-08),6.5,False,False
2025-10-26,BlueSky Air,Full-service,DEL-BOM,DEL,BOM,Sun,10,Post-Monsoon,Afternoon (11-15),4.2,False,False
2025-03-17,IndiFly,LCC,DEL-PNQ,DEL,PNQ,Sat,3,Spring,Night (19-23),3.0,False,False
2025-11-12,Metro Express,LCC,MAA-CCU,MAA,CCU,Tue,11,Post-Monsoon,Early Morning (05-08),0.0,False,True
2025-10-14,Coastal Wings,Regional/turboprop,DEL-BLR,DEL,BLR,Tue,10,Post-Monsoon,Morning (08-11),3.0,False,False
2025-03-09,BlueSky Air,Full-service,HYD-MAA,HYD,MAA,Sat,3,Spring,Night (19-23),2.0,False,False
2025-12-25,IndiFly,LCC,DEL-PNQ,DEL,PNQ,Tue,12,Winter,Morning (08-11),7.6,False,False
2025-01-25,Metro Express,LCC,BOM-BLR,BOM,BLR,Sat,1,Winter,Night (19-23),9.7,False,False
2025-03-27,BlueSky Air,Full-service,DEL-CCU,DEL,CCU,Sat,3,Spring,Afternoon (11-15),4.3,False,False
2025-11-09,Coastal Wings,Regional/turboprop,DEL-CCU,DEL,CCU,Sun,11,Post-Monsoon,Early Morning (05-08),8.2,False,False
2025-06-26,BlueSky Air,Full-service,DEL-BOM,DEL,BOM,Mon,6,Summer,Morning (08-11),3.5,False,False
2025-02-11,Metro Express,LCC,BOM-GOI,BOM,GOI,Fri,2,Winter,Early Morning (05-08),4.3,False,False
2025-01-20,Metro Express,LCC,DEL-BLR,DEL,BLR,Mon,1,Winter,Afternoon (11-15),23.2,True,False
2025-05-28,Metro Express,LCC,BOM-GOI,BOM,GOI,Sat,5,Summer,Early Morning (05-08),3.3,False,False
2025-05-17,BlueSky Air,Full-service,BOM-GOI,BOM,GOI,Thu,5,Summer,Morning (08-11),4.7,False,False
2025-08-05,Metro Express,LCC,DEL-GOI,DEL,GOI,Tue,8,Monsoon,Morning (08-11),39.8,True,False
2025-09-01,IndiFly,LCC,DEL-CCU,DEL,CCU,Tue,9,Monsoon,Afternoon (11-15),8.6,False,False
2025-09-22,Skyline National,Full-service,DEL-BOM,DEL,BOM,Fri,9,Monsoon,Evening (15-19),5.8,False,False
2025-12-11,IndiFly,LCC,BOM-COK,BOM,COK,Thu,12,Winter,Night (19-23),6.0,False,False
2025-01-07,BlueSky Air,Full-service,DEL-GOI,DEL,GOI,Sat,1,Winter,Evening (15-19),17.2,True,False
2025-04-11,Skyline National,Full-service,DEL-CCU,DEL,CCU,Tue,4,Spring,Afternoon (11-15),21.4,True,False
2025-10-25,BlueSky Air,Full-service,DEL-BOM,DEL,BOM,Wed,10,Post-Monsoon,Morning (08-11),5.2,False,False
2025-09-12,Metro Express,LCC,DEL-CCU,DEL,CCU,Tue,9,Monsoon,Early Morning (05-08),16.5,True,False
2025-02-03,IndiFly,LCC,MAA-CCU,MAA,CCU,Wed,2,Winter,Evening (15-19),9.2,False,False
2025-08-07,Coastal Wings,Regional/turboprop,BOM-BLR,BOM,BLR,Sat,8,Monsoon,Night (19-23),9.5,False,False
2025-10-14,BlueSky Air,Full-service,BOM-COK,BOM,COK,Thu,10,Post-Monsoon,Afternoon (11-15),6.7,False,False
2025-08-15,Coastal Wings,Regional/turboprop,BOM-BLR,BOM,BLR,Tue,8,Monsoon,Evening (15-19),3.4,False,False
2025-06-16,Skyline National,Full-service,DEL-BLR,DEL,BLR,Tue,6,Summer,Night (19-23),7.9,False,False
2025-12-01,IndiFly,LCC,DEL-BOM,DEL,BOM,Wed,12,Winter,Night (19-23),31.4,True,False
2025-02-22,Skyline National,Full-service,COK-BOM,COK,BOM,Fri,2,Winter,Evening (15-19),8.3,False,False
2025-10-19,BlueSky Air,Full-service,DEL-HYD,DEL,HYD,Mon,10,Post-Monsoon,Morning (08-11),5.6,False,False
2025-01-09,Metro Express,LCC,DEL-BOM,DEL,BOM,Fri,1,Winter,Night (19-23),28.8,True,False
2025-08-23,Coastal Wings,Regional/turboprop,DEL-HYD,DEL,HYD,Tue,8,Monsoon,Afternoon (11-15),3.3,False,False
2025-08-25,BlueSky Air,Full-service,DEL-BOM,DEL,BOM,Fri,8,Monsoon,Evening (15-19),8.5,False,False
2025-09-10,Skyline National,Full-service,DEL-BOM,DEL,BOM,Mon,9,Monsoon,Evening (15-19),7.1,False,False
2025-12-08,Skyline National,Full-service,DEL-BLR,DEL,BLR,Mon,12,Winter,Evening (15-19),14.2,False,False
2025-01-16,BlueSky Air,Full-service,BLR-COK,BLR,COK,Sun,1,Winter,Early Morning (05-08),8.1,False,False
2025-05-24,BlueSky Air,Full-service,MAA-CCU,MAA,CCU,Wed,5,Summer,Early Morning (05-08),1.7,False,False
2025-03-08,Metro Express,LCC,DEL-HYD,DEL,HYD,Sun,3,Spring,Night (19-23),4.2,False,False
2025-10-16,Skyline National,Full-service,DEL-HYD,DEL,HYD,Tue,10,Post-Monsoon,Afternoon (11-15),8.4,False,False
2025-12-26,Metro Express,LCC,COK-BOM,COK,BOM,Wed,12,Winter,Early Morning (05-08),3.8,False,False
2025-06-04,Skyline National,Full-service,BOM-COK,BOM,COK,Sun,6,Summer,Night (19-23),15.7,True,False
2025-09-27,Metro Express,LCC,DEL-GOI,DEL,GOI,Thu,9,Monsoon,Night (19-23),31.1,True,False
2025-10-24,Skyline National,Full-service,BOM-BLR,BOM,BLR,Sat,10,Post-Monsoon,Early Morning (05-08),9.1,False,False
2025-02-18,BlueSky Air,Full-service,BOM-GOI,BOM,GOI,Wed,2,Winter,Early Morning (05-08),3.8,False,False
2025-01-09,IndiFly,LCC,DEL-BLR,DEL,BLR,Mon,1,Winter,Night (19-23),7.3,False,False
2025-06-05,Metro Express,LCC,BOM-GOI,BOM,GOI,Thu,6,Summer,Evening (15-19),10.9,False,False
2025-05-06,Coastal Wings,Regional/turboprop,DEL-BOM,DEL,BOM,Sat,5,Summer,Afternoon (11-15),11.2,False,False
2025-11-04,IndiFly,LCC,BOM-GOI,BOM,GOI,Thu,11,Post-Monsoon,Night (19-23),6.5,False,False
2025-01-05,IndiFly,LCC,COK-BOM,COK,BOM,Sat,1,Winter,Morning (08-11),8.3,False,False
2025-07-09,Metro Express,LCC,BOM-BLR,BOM,BLR,Thu,7,Monsoon,Early Morning (05-08),5.7,False,False
2025-03-21,Metro Express,LCC,COK-BOM,COK,BOM,Mon,3,Spring,Evening (15-19),7.5,False,False
2025-12-12,IndiFly,LCC,DEL-AMD,DEL,AMD,Mon,12,Winter,Evening (15-19),18.6,True,False
2025-11-02,Skyline National,Full-service,DEL-BLR,DEL,BLR,Sun,11,Post-Monsoon,Night (19-23),8.4,False,False
2025-06-08,Metro Express,LCC,BOM-COK,BOM,COK,Sat,6,Summer,Evening (15-19),17.3,True,False
2025-04-23,BlueSky Air,Full-service,DEL-BLR,DEL,BLR,Tue,4,Spring,Night (19-23),7.3,False,False
2025-09-03,BlueSky Air,Full-service,DEL-BOM,DEL,BOM,Tue,9,Monsoon,Night (19-23),8.3,False,False
2025-08-28,IndiFly,LCC,DEL-BLR,DEL,BLR,Fri,8,Monsoon,Evening (15-19),5.3,False,False
2025-01-15,Metro Express,LCC,BOM-BLR,BOM,BLR,Mon,1,Winter,Night (19-23),7.0,False,False
2025-10-12,Metro Express,LCC,BLR-COK,BLR,COK,Mon,10,Post-Monsoon,Afternoon (11-15),8.0,False,False
2025-06-22,IndiFly,LCC,BLR-HYD,BLR,HYD,Fri,6,Summer,Afternoon (11-15),7.8,False,False
2025-03-28,Metro Express,LCC,DEL-HYD,DEL,HYD,Thu,3,Spring,Morning (08-11),6.6,False,False
2025-06-03,Metro Express,LCC,BOM-BLR,BOM,BLR,Thu,6,Summer,Night (19-23),8.9,False,False
2025-09-09,BlueSky Air,Full-service,BOM-GOI,BOM,GOI,Fri,9,Monsoon,Morning (08-11),9.2,False,False
2025-09-21,IndiFly,LCC,MAA-CCU,MAA,CCU,Mon,9,Monsoon,Evening (15-19),9.8,False,False
2025-07-25,IndiFly,LCC,DEL-GOI,DEL,GOI,Mon,7,Monsoon,Morning (08-11),7.3,False,False
2025-08-02,BlueSky Air,Full-service,BOM-BLR,BOM,BLR,Sat,8,Monsoon,Evening (15-19),2.8,False,False
2025-10-24,Metro Express,LCC,DEL-BOM,DEL,BOM,Thu,10,Post-Monsoon,Early Morning (05-08),8.8,False,False
2025-11-09,BlueSky Air,Full-service,COK-BOM,COK,BOM,Tue,11,Post-Monsoon,Afternoon (11-15),7.9,False,False
2025-03-13,Skyline National,Full-service,COK-BOM,COK,BOM,Fri,3,Spring,Early Morning (05-08),12.2,False,False
2025-06-17,IndiFly,LCC,MAA-CCU,MAA,CCU,Fri,6,Summer,Night (19-23),27.3,True,False
2025-04-07,BlueSky Air,Full-service,BOM-BLR,BOM,BLR,Wed,4,Spring,Evening (15-19),2.3,False,False
2025-01-11,BlueSky Air,Full-service,DEL-AMD,DEL,AMD,Thu,1,Winter,Night (19-23),27.4,True,False
2025-01-21,Skyline National,Full-service,DEL-CCU,DEL,CCU,Tue,1,Winter,Night (19-23),24.8,True,False
2025-11-03,Metro Express,LCC,COK-BOM,COK,BOM,Tue,11,Post-Monsoon,Night (19-23),40.7,True,False
2025-03-17,Skyline National,Full-service,BLR-HYD,BLR,HYD,Mon,3,Spring,Early Morning (05-08),9.4,False,False
2025-03-02,Skyline National,Full-service,DEL-HYD,DEL,HYD,Thu,3,Spring,Night (19-23),5.8,False,False
2025-12-24,Skyline National,Full-service,DEL-CCU,DEL,CCU,Wed,12,Winter,Afternoon (11-15),30.7,True,False
2025-07-13,BlueSky Air,Full-service,MAA-CCU,MAA,CCU,Wed,7,Monsoon,Afternoon (11-15),2.0,False,False
2025-12-19,Metro Express,LCC,COK-BOM,COK,BOM,Wed,12,Winter,Early Morning (05-08),26.9,True,False
2025-03-14,Metro Express,LCC,DEL-BLR,DEL,BLR,Mon,3,Spring,Night (19-23),16.5,True,False
2025-05-11,Coastal Wings,Regional/turboprop,BOM-BLR,BOM,BLR,Fri,5,Summer,Morning (08-11),7.8,False,False
2025-05-02,Metro Express,LCC,DEL-CCU,DEL,CCU,Fri,5,Summer,Morning (08-11),4.5,False,False
2025-09-17,IndiFly,LCC,BOM-COK,BOM,COK,Wed,9,Monsoon,Afternoon (11-15),8.9,False,False
2025-07-26,Metro Express,LCC,COK-BOM,COK,BOM,Tue,7,Monsoon,Night (19-23),12.0,False,False
2025-05-04,IndiFly,LCC,BOM-BLR,BOM,BLR,Fri,5,Summer,Morning (08-11),11.6,False,False
2025-08-27,Coastal Wings,Regional/turboprop,BOM-COK,BOM,COK,Fri,8,Monsoon,Night (19-23),33.1,True,False
2025-11-25,IndiFly,LCC,BLR-HYD,BLR,HYD,Fri,11,Post-Monsoon,Morning (08-11),5.0,False,False
2025-11-10,IndiFly,LCC,HYD-MAA,HYD,MAA,Sat,11,Post-Monsoon,Morning (08-11),2.0,False,False
2025-09-14,IndiFly,LCC,DEL-AMD,DEL,AMD,Sun,9,Monsoon,Evening (15-19),6.6,False,False
2025-11-16,IndiFly,LCC,DEL-HYD,DEL,HYD,Sat,11,Post-Monsoon,Morning (08-11),6.4,False,False
2025-11-28,BlueSky Air,Full-service,DEL-BOM,DEL,BOM,Mon,11,Post-Monsoon,Morning (08-11),6.8,False,False
2025-07-01,Metro Express,LCC,DEL-CCU,DEL,CCU,Sun,7,Monsoon,Early Morning (05-08),7.5,False,False
2025-04-07,BlueSky Air,Full-service,BOM-BLR,BOM,BLR,Sun,4,Spring,Night (19-23),4.8,False,False
2025-06-25,IndiFly,LCC,BOM-BLR,BOM,BLR,Thu,6,Summer,Afternoon (11-15),14.5,False,False
2025-03-04,Metro Express,LCC,BOM-BLR,BOM,BLR,Sat,3,Spring,Night (19-23),10.8,False,False
2025-05-14,Coastal Wings,Regional/turboprop,BOM-BLR,BOM,BLR,Mon,5,Summer,Morning (08-11),5.9,False,False
2025-08-18,Metro Express,LCC,BLR-HYD,BLR,HYD,Sun,8,Monsoon,Afternoon (11-15),4.4,False,False
2025-08-11,BlueSky Air,Full-service,DEL-AMD,DEL,AMD,Sat,8,Monsoon,Evening (15-19),3.8,False,False
2025-01-13,Metro Express,LCC,BLR-HYD,BLR,HYD,Fri,1,Winter,Evening (15-19),16.3,True,False
2025-11-21,Metro Express,LCC,DEL-BLR,DEL,BLR,Mon,11,Post-Monsoon,Early Morning (05-08),5.9,False,False
2025-05-14,BlueSky Air,Full-service,BOM-GOI,BOM,GOI,Sat,5,Summer,Night (19-23),9.5,False,False
2025-09-26,Metro Express,LCC,BLR-HYD,BLR,HYD,Thu,9,Monsoon,Morning (08-11),5.4,False,False
2025-12-10,Skyline National,Full-service,BOM-BLR,BOM,BLR,Sun,12,Winter,Evening (15-19),15.3,True,False
2025-11-02,IndiFly,LCC,BOM-COK,BOM,COK,Mon,11,Post-Monsoon,Evening (15-19),6.7,False,False
2025-09-26,IndiFly,LCC,DEL-AMD,DEL,AMD,Fri,9,Monsoon,Morning (08-11),7.3,False,False
2025-03-01,BlueSky Air,Full-service,DEL-PNQ,DEL,PNQ,Mon,3,Spring,Afternoon (11-15),2.3,False,False
2025-10-02,Skyline National,Full-service,DEL-AMD,DEL,AMD,Thu,10,Post-Monsoon,Early Morning (05-08),2.8,False,False
2025-01-19,IndiFly,LCC,MAA-CCU,MAA,CCU,Sat,1,Winter,Morning (08-11),2.1,False,False
2025-01-01,Skyline National,Full-service,DEL-AMD,DEL,AMD,Sat,1,Winter,Morning (08-11),10.4,False,False
2025-12-23,Skyline National,Full-service,BOM-BLR,BOM,BLR,Fri,12,Winter,Night (19-23),7.9,False,False
2025-01-12,IndiFly,LCC,BOM-GOI,BOM,GOI,Mon,1,Winter,Afternoon (11-15),8.1,False,False
2025-05-07,IndiFly,LCC,DEL-BLR,DEL,BLR,Sun,5,Summer,Night (19-23),6.1,False,False
2025-08-15,BlueSky Air,Full-service,DEL-AMD,DEL,AMD,Tue,8,Monsoon,Morning (08-11),8.7,False,False
2025-08-11,Skyline National,Full-service,BOM-BLR,BOM,BLR,Mon,8,Monsoon,Morning (08-11),2.7,False,False
2025-01-16,Metro Express,LCC,DEL-BOM,DEL,BOM,Thu,1,Winter,Early Morning (05-08),12.9,False,False
2025-07-20,Metro Express,LCC,DEL-AMD,DEL,AMD,Sun,7,Monsoon,Afternoon (11-15),12.5,False,False
2025-08-04,Skyline National,Full-service,BLR-HYD,BLR,HYD,Sun,8,Monsoon,Night (19-23),5.1,False,False
2025-12-02,Metro Express,LCC,DEL-PNQ,DEL,PNQ,Tue,12,Winter,Early Morning (05-08),23.7,True,False
2025-07-16,Metro Express,LCC,BLR-HYD,BLR,HYD,Tue,7,Monsoon,Morning (08-11),1.5,False,False
2025-03-17,BlueSky Air,Full-service,DEL-AMD,DEL,AMD,Sat,3,Spring,Morning (08-11),6.3,False,False
2025-12-22,IndiFly,LCC,BLR-HYD,BLR,HYD,Mon,12,Winter,Early Morning (05-08),3.9,False,False
2025-07-22,Skyline National,Full-service,DEL-BLR,DEL,BLR,Tue,7,Monsoon,Early Morning (05-08),7.9,False,False
2025-05-09,Metro Express,LCC,DEL-HYD,DEL,HYD,Tue,5,Summer,Afternoon (11-15),17.5,True,False
2025-07-07,BlueSky Air,Full-service,BOM-BLR,BOM,BLR,Mon,7,Monsoon,Early Morning (05-08),4.1,False,False
2025-06-22,IndiFly,LCC,HYD-MAA,HYD,MAA,Mon,6,Summer,Morning (08-11),1.8,False,False
2025-11-02,Coastal Wings,Regional/turboprop,DEL-PNQ,DEL,PNQ,Sun,11,Post-Monsoon,Morning (08-11),4.0,False,False
2025-12-24,Skyline National,Full-service,DEL-BLR,DEL,BLR,Thu,12,Winter,Evening (15-19),15.3,True,False
2025-10-24,Skyline National,Full-service,BOM-COK,BOM,COK,Fri,10,Post-Monsoon,Morning (08-11),6.0,False,False
2025-12-25,IndiFly,LCC,DEL-CCU,DEL,CCU,Mon,12,Winter,Afternoon (11-15),21.2,True,False
2025-01-22,Skyline National,Full-service,BOM-GOI,BOM,GOI,Tue,1,Winter,Afternoon (11-15),3.7,False,False
2025-10-07,Coastal Wings,Regional/turboprop,DEL-HYD,DEL,HYD,Thu,10,Post-Monsoon,Night (19-23),9.2,False,False
2025-05-03,BlueSky Air,Full-service,MAA-CCU,MAA,CCU,Wed,5,Summer,Afternoon (11-15),6.5,False,False
2025-02-24,BlueSky Air,Full-service,BOM-COK,BOM,COK,Fri,2,Winter,Morning (08-11),4.1,False,False
2025-09-20,Coastal Wings,Regional/turboprop,DEL-HYD,DEL,HYD,Tue,9,Monsoon,Early Morning (05-08),12.1,False,False
2025-11-01,BlueSky Air,Full-service,DEL-CCU,DEL,CCU,Sun,11,Post-Monsoon,Night (19-23),10.5,False,False
2025-04-26,Skyline National,Full-service,DEL-BLR,DEL,BLR,Tue,4,Spring,Morning (08-11),3.6,False,False
2025-04-12,Metro Express,LCC,DEL-HYD,DEL,HYD,Sun,4,Spring,Night (19-23),15.5,True,False
2025-12-16,Metro Express,LCC,DEL-AMD,DEL,AMD,Wed,12,Winter,Afternoon (11-15),22.4,True,False
2025-02-18,IndiFly,LCC,DEL-BOM,DEL,BOM,Wed,2,Winter,Evening (15-19),3.7,False,False
2025-05-27,Metro Express,LCC,DEL-HYD,DEL,HYD,Wed,5,Summer,Evening (15-19),19.0,True,False
2025-02-01,IndiFly,LCC,DEL-CCU,DEL,CCU,Fri,2,Winter,Night (19-23),9.8,False,False
2025-05-09,BlueSky Air,Full-service,DEL-PNQ,DEL,PNQ,Thu,5,Summer,Afternoon (11-15),6.9,False,False
2025-07-07,BlueSky Air,Full-service,BLR-COK,BLR,COK,Sun,7,Monsoon,Morning (08-11),11.2,False,False
2025-12-19,Skyline National,Full-service,DEL-HYD,DEL,HYD,Thu,12,Winter,Night (19-23),29.8,True,False
2025-10-03,Skyline National,Full-service,BOM-GOI,BOM,GOI,Wed,10,Post-Monsoon,Early Morning (05-08),3.3,False,False
2025-06-02,BlueSky Air,Full-service,DEL-BLR,DEL,BLR,Wed,6,Summer,Night (19-23),3.4,False,False
2025-03-25,BlueSky Air,Full-service,DEL-BLR,DEL,BLR,Thu,3,Spring,Early Morning (05-08),5.1,False,False
2025-06-19,IndiFly,LCC,DEL-BOM,DEL,BOM,Thu,6,Summer,Afternoon (11-15),3.3,False,False
2025-09-03,Metro Express,LCC,DEL-BOM,DEL,BOM,Thu,9,Monsoon,Evening (15-19),9.8,False,False
2025-11-17,Metro Express,LCC,BOM-COK,BOM,COK,Fri,11,Post-Monsoon,Morning (08-11),6.2,False,False
2025-11-28,BlueSky Air,Full-service,BOM-BLR,BOM,BLR,Wed,11,Post-Monsoon,Afternoon (11-15),3.6,False,False
2025-12-20,IndiFly,LCC,BOM-BLR,BOM,BLR,Thu,12,Winter,Early Morning (05-08),5.1,False,False
2025-08-16,Metro Express,LCC,DEL-BLR,DEL,BLR,Wed,8,Monsoon,Morning (08-11),10.7,False,False
2025-06-13,IndiFly,LCC,BOM-GOI,BOM,GOI,Sun,6,Summer,Early Morning (05-08),17.1,True,False
2025-01-21,BlueSky Air,Full-service,DEL-PNQ,DEL,PNQ,Sun,1,Winter,Early Morning (05-08),11.2,False,False
2025-06-10,IndiFly,LCC,BOM-BLR,BOM,BLR,Mon,6,Summer,Morning (08-11),7.3,False,False
2025-03-28,Coastal Wings,Regional/turboprop,BOM-BLR,BOM,BLR,Sat,3,Spring,Evening (15-19),9.0,False,False
2025-01-25,IndiFly,LCC,DEL-GOI,DEL,GOI,Sun,1,Winter,Afternoon (11-15),29.0,True,False
2025-10-22,Coastal Wings,Regional/turboprop,BOM-BLR,BOM,BLR,Fri,10,Post-Monsoon,Early Morning (05-08),5.7,False,False
2025-07-01,BlueSky Air,Full-service,DEL-BOM,DEL,BOM,Fri,7,Monsoon,Afternoon (11-15),6.6,False,False
2025-03-25,Metro Express,LCC,MAA-CCU,MAA,CCU,Sat,3,Spring,Evening (15-19),10.7,False,False
2025-04-28,BlueSky Air,Full-service,BOM-GOI,BOM,GOI,Thu,4,Spring,Night (19-23),5.4,False,False
2025-06-11,Coastal Wings,Regional/turboprop,BOM-GOI,BOM,GOI,Mon,6,Summer,Evening (15-19),24.5,True,False
2025-07-06,Metro Express,LCC,DEL-BOM,DEL,BOM,Fri,7,Monsoon,Night (19-23),20.8,True,False
2025-08-20,BlueSky Air,Full-service,DEL-BOM,DEL,BOM,Tue,8,Monsoon,Evening (15-19),5.8,False,False
2025-06-20,IndiFly,LCC,DEL-BLR,DEL,BLR,Wed,6,Summer,Evening (15-19),15.2,True,False
2025-10-18,Metro Express,LCC,BOM-BLR,BOM,BLR,Sun,10,Post-Monsoon,Evening (15-19),17.2,True,False
2025-02-23,Skyline National,Full-service,BOM-BLR,BOM,BLR,Fri,2,Winter,Evening (15-19),2.6,False,False
2025-06-25,IndiFly,LCC,BOM-BLR,BOM,BLR,Tue,6,Summer,Evening (15-19),15.0,True,False
2025-10-12,IndiFly,LCC,DEL-CCU,DEL,CCU,Mon,10,Post-Monsoon,Evening (15-19),15.0,False,False
2025-07-20,Skyline National,Full-service,MAA-CCU,MAA,CCU,Thu,7,Monsoon,Afternoon (11-15),2.4,False,False
2025-03-16,Metro Express,LCC,DEL-BOM,DEL,BOM,Sun,3,Spring,Night (19-23),13.2,False,False
2025-12-19,IndiFly,LCC,BLR-COK,BLR,COK,Tue,12,Winter,Morning (08-11),2.9,False,False
2025-04-19,Skyline National,Full-service,DEL-HYD,DEL,HYD,Mon,4,Spring,Night (19-23),10.6,False,False
2025-09-07,BlueSky Air,Full-service,DEL-AMD,DEL,AMD,Sun,9,Monsoon,Afternoon (11-15),2.9,False,False
2025-07-02,Metro Express,LCC,BOM-BLR,BOM,BLR,Thu,7,Monsoon,Afternoon (11-15),6.0,False,False
2025-06-10,Metro Express,LCC,DEL-BLR,DEL,BLR,Mon,6,Summer,Night (19-23),6.9,False,False
2025-11-05,Skyline National,Full-service,BOM-GOI,BOM,GOI,Wed,11,Post-Monsoon,Night (19-23),5.5,False,False
2025-10-24,Skyline National,Full-service,DEL-CCU,DEL,CCU,Fri,10,Post-Monsoon,Afternoon (11-15),2.4,False,False
2025-04-11,Metro Express,LCC,DEL-HYD,DEL,HYD,Thu,4,Spring,Afternoon (11-15),17.1,True,False
2025-05-04,IndiFly,LCC,DEL-BOM,DEL,BOM,Mon,5,Summer,Evening (15-19),8.2,False,False
2025-07-01,BlueSky Air,Full-service,DEL-BOM,DEL,BOM,Fri,7,Monsoon,Evening (15-19),6.5,False,False
2025-07-14,Metro Express,LCC,DEL-HYD,DEL,HYD,Mon,7,Monsoon,Morning (08-11),5.0,False,False
2025-01-28,BlueSky Air,Full-service,DEL-BOM,DEL,BOM,Sun,1,Winter,Morning (08-11),22.3,True,False
2025-10-20,Metro Express,LCC,DEL-HYD,DEL,HYD,Sat,10,Post-Monsoon,Early Morning (05-08),10.1,False,False
2025-11-12,BlueSky Air,Full-service,BOM-BLR,BOM,BLR,Sat,11,Post-Monsoon,Evening (15-19),3.7,False,False
2025-03-28,IndiFly,LCC,BOM-BLR,BOM,BLR,Tue,3,Spring,Morning (08-11),4.4,False,False
2025-04-08,Metro Express,LCC,DEL-CCU,DEL,CCU,Wed,4,Spring,Early Morning (05-08),9.5,False,False
2025-11-27,BlueSky Air,Full-service,DEL-PNQ,DEL,PNQ,Sat,11,Post-Monsoon,Afternoon (11-15),9.2,False,False
2025-06-07,IndiFly,LCC,DEL-BOM,DEL,BOM,Fri,6,Summer,Night (19-23),15.8,True,False
2025-12-14,Skyline National,Full-service,DEL-CCU,DEL,CCU,Thu,12,Winter,Evening (15-19),5.2,False,False
2025-02-16,Metro Express,LCC,DEL-HYD,DEL,HYD,Sun,2,Winter,Early Morning (05-08),8.7,False,False
2025-09-04,Coastal Wings,Regional/turboprop,BLR-COK,BLR,COK,Tue,9,Monsoon,Night (19-23),9.2,False,False
2025-02-13,BlueSky Air,Full-service,DEL-HYD,DEL,HYD,Wed,2,Winter,Morning (08-11),3.3,False,False
2025-02-05,Skyline National,Full-service,DEL-BLR,DEL,BLR,Thu,2,Winter,Afternoon (11-15),8.0,False,False
2025-10-12,IndiFly,LCC,BLR-HYD,BLR,HYD,Thu,10,Post-Monsoon,Evening (15-19),10.2,False,False
2025-11-19,Metro Express,LCC,DEL-CCU,DEL,CCU,Sat,11,Post-Monsoon,Afternoon (11-15),3.1,False,False
2025-05-06,Coastal Wings,Regional/turboprop,DEL-BOM,DEL,BOM,Thu,5,Summer,Night (19-23),4.5,False,False
2025-06-06,IndiFly,LCC,BLR-HYD,BLR,HYD,Thu,6,Summer,Morning (08-11),5.6,False,False
2025-05-24,Skyline National,Full-service,BLR-HYD,BLR,HYD,Wed,5,Summer,Morning (08-11),9.5,False,False
2025-12-27,IndiFly,LCC,DEL-BLR,DEL,BLR,Thu,12,Winter,Afternoon (11-15),18.5,True,False
2025-06-24,Metro Express,LCC,BOM-COK,BOM,COK,Tue,6,Summer,Morning (08-11),9.6,False,False
2025-07-09,BlueSky Air,Full-service,DEL-BOM,DEL,BOM,Sun,7,Monsoon,Evening (15-19),5.1,False,False
2025-05-05,IndiFly,LCC,BOM-BLR,BOM,BLR,Wed,5,Summer,Morning (08-11),5.0,False,False
2025-02-07,Coastal Wings,Regional/turboprop,BLR-HYD,BLR,HYD,Fri,2,Winter,Morning (08-11),2.6,False,False
2025-06-09,Skyline National,Full-service,DEL-CCU,DEL,CCU,Tue,6,Summer,Night (19-23),13.3,False,False
2025-09-17,Metro Express,LCC,DEL-HYD,DEL,HYD,Sat,9,Monsoon,Early Morning (05-08),7.5,False,False
2025-07-07,IndiFly,LCC,DEL-BOM,DEL,BOM,Tue,7,Monsoon,Morning (08-11),11.0,False,False
2025-12-26,Metro Express,LCC,DEL-GOI,DEL,GOI,Tue,12,Winter,Early Morning (05-08),13.7,False,False
2025-08-10,Metro Express,LCC,BLR-HYD,BLR,HYD,Thu,8,Monsoon,Night (19-23),6.1,False,False
2025-05-25,IndiFly,LCC,BOM-COK,BOM,COK,Thu,5,Summer,Afternoon (11-15),5.8,False,False
2025-10-10,BlueSky Air,Full-service,DEL-BLR,DEL,BLR,Wed,10,Post-Monsoon,Evening (15-19),5.7,False,False
2025-12-25,IndiFly,LCC,MAA-CCU,MAA,CCU,Thu,12,Winter,Afternoon (11-15),3.5,False,False
2025-04-13,IndiFly,LCC,DEL-AMD,DEL,AMD,Sat,4,Spring,Afternoon (11-15),6.0,False,False
2025-02-23,IndiFly,LCC,DEL-BOM,DEL,BOM,Sat,2,Winter,Evening (15-19),10.8,False,False
2025-09-08,Skyline National,Full-service,DEL-CCU,DEL,CCU,Tue,9,Monsoon,Early Morning (05-08),9.2,False,False
2025-01-04,Skyline National,Full-service,DEL-BOM,DEL,BOM,Thu,1,Winter,Afternoon (11-15),14.9,False,False
2025-09-17,IndiFly,LCC,BOM-COK,BOM,COK,Sun,9,Monsoon,Evening (15-19),7.3,False,False
2025-09-04,Skyline National,Full-service,DEL-CCU,DEL,CCU,Wed,9,Monsoon,Afternoon (11-15),4.5,False,False
2025-07-25,Skyline National,Full-service,DEL-BOM,DEL,BOM,Thu,7,Monsoon,Early Morning (05-08),6.5,False,False
2025-01-05,Metro Express,LCC,BOM-BLR,BOM,BLR,Thu,1,Winter,Night (19-23),15.4,True,False
2025-10-05,Coastal Wings,Regional/turboprop,DEL-CCU,DEL,CCU,Tue,10,Post-Monsoon,Night (19-23),26.0,True,False
2025-11-04,Coastal Wings,Regional/turboprop,DEL-HYD,DEL,HYD,Sun,11,Post-Monsoon,Evening (15-19),6.9,False,False
2025-02-11,IndiFly,LCC,BOM-BLR,BOM,BLR,Sun,2,Winter,Afternoon (11-15),9.0,False,False
2025-10-17,IndiFly,LCC,DEL-BOM,DEL,BOM,Mon,10,Post-Monsoon,Early Morning (05-08),5.5,False,False
2025-01-18,Metro Express,LCC,DEL-GOI,DEL,GOI,Tue,1,Winter,Afternoon (11-15),7.4,False,False
2025-01-17,IndiFly,LCC,HYD-MAA,HYD,MAA,Sat,1,Winter,Night (19-23),2.4,False,False
2025-10-05,IndiFly,LCC,BOM-COK,BOM,COK,Mon,10,Post-Monsoon,Night (19-23),5.6,False,False
2025-08-01,IndiFly,LCC,DEL-PNQ,DEL,PNQ,Sat,8,Monsoon,Early Morning (05-08),8.2,False,False
2025-08-20,Skyline National,Full-service,COK-BOM,COK,BOM,Fri,8,Monsoon,Evening (15-19),9.2,False,False
2025-10-15,Skyline National,Full-service,DEL-BLR,DEL,BLR,Sat,10,Post-Monsoon,Evening (15-19),2.9,False,False
2025-05-16,BlueSky Air,Full-service,DEL-CCU,DEL,CCU,Sun,5,Summer,Night (19-23),4.5,False,False
2025-10-09,Metro Express,LCC,BOM-BLR,BOM,BLR,Thu,10,Post-Monsoon,Afternoon (11-15),2.8,False,False
2025-05-25,BlueSky Air,Full-service,BLR-HYD,BLR,HYD,Thu,5,Summer,Morning (08-11),3.7,False,False
2025-11-21,Metro Express,LCC,BOM-BLR,BOM,BLR,Wed,11,Post-Monsoon,Evening (15-19),5.4,False,False
2025-01-28,Metro Express,LCC,BOM-BLR,BOM,BLR,Sat,1,Winter,Afternoon (11-15),7.4,False,False
2025-03-04,BlueSky Air,Full-service,DEL-BOM,DEL,BOM,Sat,3,Spring,Night (19-23),17.2,True,False
2025-04-07,BlueSky Air,Full-service,DEL-BOM,DEL,BOM,Tue,4,Spring,Early Morning (05-08),10.1,False,False
2025-02-10,IndiFly,LCC,DEL-BOM,DEL,BOM,Thu,2,Winter,Early Morning (05-08),4.2,False,False
2025-07-24,BlueSky Air,Full-service,DEL-BOM,DEL,BOM,Wed,7,Monsoon,Early Morning (05-08),5.1,False,False
2025-01-18,IndiFly,LCC,DEL-BOM,DEL,BOM,Tue,1,Winter,Early Morning (05-08),26.4,True,False
2025-12-09,IndiFly,LCC,BOM-GOI,BOM,GOI,Mon,12,Winter,Morning (08-11),2.5,False,False
2025-12-01,IndiFly,LCC,DEL-BOM,DEL,BOM,Mon,12,Winter,Night (19-23),25.2,True,False
2025-06-03,Coastal Wings,Regional/turboprop,DEL-HYD,DEL,HYD,Thu,6,Summer,Evening (15-19),5.5,False,False
2025-12-06,BlueSky Air,Full-service,DEL-BOM,DEL,BOM,Sun,12,Winter,Night (19-23),18.7,True,False
2025-03-10,Metro Express,LCC,DEL-HYD,DEL,HYD,Fri,3,Spring,Early Morning (05-08),4.0,False,False
2025-10-02,IndiFly,LCC,DEL-AMD,DEL,AMD,Wed,10,Post-Monsoon,Afternoon (11-15),6.9,False,False
2025-10-28,Metro Express,LCC,DEL-AMD,DEL,AMD,Sun,10,Post-Monsoon,Afternoon (11-15),19.3,True,False
2025-08-17,Coastal Wings,Regional/turboprop,BOM-BLR,BOM,BLR,Fri,8,Monsoon,Evening (15-19),5.3,False,False
2025-02-09,Skyline National,Full-service,DEL-BOM,DEL,BOM,Tue,2,Winter,Evening (15-19),4.4,False,False
2025-05-14,Metro Express,LCC,BOM-BLR,BOM,BLR,Thu,5,Summer,Morning (08-11),6.4,False,False
2025-02-19,Skyline National,Full-service,DEL-AMD,DEL,AMD,Mon,2,Winter,Evening (15-19),6.8,False,False
2025-06-16,Metro Express,LCC,DEL-BOM,DEL,BOM,Sat,6,Summer,Night (19-23),4.8,False,False
2025-02-15,Metro Express,LCC,COK-BOM,COK,BOM,Mon,2,Winter,Morning (08-11),3.5,False,False
2025-09-08,BlueSky Air,Full-service,BOM-GOI,BOM,GOI,Sun,9,Monsoon,Early Morning (05-08),7.1,False,False
2025-07-09,BlueSky Air,Full-service,BOM-BLR,BOM,BLR,Mon,7,Monsoon,Early Morning (05-08),5.6,False,False
2025-05-28,Coastal Wings,Regional/turboprop,COK-BOM,COK,BOM,Tue,5,Summer,Evening (15-19),17.9,True,False
2025-05-03,BlueSky Air,Full-service,BLR-COK,BLR,COK,Mon,5,Summer,Afternoon (11-15),3.1,False,False
2025-02-27,Metro Express,LCC,DEL-AMD,DEL,AMD,Mon,2,Winter,Morning (08-11),4.7,False,False
2025-03-05,IndiFly,LCC,BLR-HYD,BLR,HYD,Tue,3,Spring,Night (19-23),2.2,False,False
2025-02-14,IndiFly,LCC,BLR-HYD,BLR,HYD,Fri,2,Winter,Morning (08-11),1.8,False,False
2025-11-23,BlueSky Air,Full-service,BOM-BLR,BOM,BLR,Wed,11,Post-Monsoon,Evening (15-19),3.8,False,False
2025-08-10,Metro Express,LCC,DEL-BOM,DEL,BOM,Thu,8,Monsoon,Morning (08-11),4.8,False,False
2025-10-26,Metro Express,LCC,MAA-CCU,MAA,CCU,Wed,10,Post-Monsoon,Early Morning (05-08),1.7,False,False
2025-04-16,IndiFly,LCC,DEL-AMD,DEL,AMD,Sat,4,Spring,Early Morning (05-08),3.5,False,False
2025-11-04,BlueSky Air,Full-service,DEL-PNQ,DEL,PNQ,Sun,11,Post-Monsoon,Evening (15-19),6.1,False,False
2025-07-02,BlueSky Air,Full-service,BOM-GOI,BOM,GOI,Mon,7,Monsoon,Afternoon (11-15),15.9,True,False
2025-11-27,IndiFly,LCC,DEL-BLR,DEL,BLR,Sat,11,Post-Monsoon,Night (19-23),8.3,False,False
2025-09-25,IndiFly,LCC,DEL-AMD,DEL,AMD,Wed,9,Monsoon,Early Morning (05-08),2.6,False,False
2025-05-01,Skyline National,Full-service,BOM-BLR,BOM,BLR,Sun,5,Summer,Afternoon (11-15),7.2,False,False
2025-09-19,Metro Express,LCC,BOM-COK,BOM,COK,Sat,9,Monsoon,Afternoon (11-15),16.7,True,False
2025-01-20,Skyline National,Full-service,DEL-GOI,DEL,GOI,Wed,1,Winter,Afternoon (11-15),21.0,True,False
2025-04-24,Metro Express,LCC,DEL-BOM,DEL,BOM,Fri,4,Spring,Evening (15-19),8.7,False,False
2025-12-24,Metro Express,LCC,BOM-BLR,BOM,BLR,Sat,12,Winter,Night (19-23),14.6,False,False
2025-10-01,BlueSky Air,Full-service,BOM-GOI,BOM,GOI,Fri,10,Post-Monsoon,Night (19-23),2.3,False,False
2025-11-27,Skyline National,Full-service,DEL-BLR,DEL,BLR,Mon,11,Post-Monsoon,Afternoon (11-15),9.6,False,False
2025-03-07,IndiFly,LCC,DEL-PNQ,DEL,PNQ,Tue,3,Spring,Night (19-23),4.1,False,False
2025-12-27,Metro Express,LCC,DEL-PNQ,DEL,PNQ,Tue,12,Winter,Afternoon (11-15),14.7,False,False
2025-05-03,BlueSky Air,Full-service,BLR-COK,BLR,COK,Tue,5,Summer,Morning (08-11),2.3,False,False
2025-08-08,IndiFly,LCC,BOM-BLR,BOM,BLR,Sat,8,Monsoon,Afternoon (11-15),4.1,False,False
2025-01-20,Skyline National,Full-service,BLR-HYD,BLR,HYD,Wed,1,Winter,Early Morning (05-08),5.0,False,False
2025-08-03,IndiFly,LCC,BOM-COK,BOM,COK,Fri,8,Monsoon,Evening (15-19),8.0,False,False
2025-10-12,Skyline National,Full-service,MAA-CCU,MAA,CCU,Wed,10,Post-Monsoon,Evening (15-19),16.1,True,False
2025-04-13,Skyline National,Full-service,DEL-AMD,DEL,AMD,Wed,4,Spring,Evening (15-19),4.1,False,False
2025-12-21,Metro Express,LCC,DEL-BLR,DEL,BLR,Mon,12,Winter,Afternoon (11-15),16.6,True,False
2025-11-03,IndiFly,LCC,DEL-AMD,DEL,AMD,Tue,11,Post-Monsoon,Evening (15-19),5.3,False,False
2025-07-19,IndiFly,LCC,MAA-CCU,MAA,CCU,Wed,7,Monsoon,Night (19-23),24.3,True,False
2025-03-27,Skyline National,Full-service,DEL-BLR,DEL,BLR,Sat,3,Spring,Early Morning (05-08),4.1,False,False
2025-06-23,Metro Express,LCC,DEL-BLR,DEL,BLR,Sun,6,Summer,Night (19-23),3.4,False,False
2025-02-08,BlueSky Air,Full-service,DEL-BLR,DEL,BLR,Thu,2,Winter,Early Morning (05-08),5.5,False,False
2025-10-06,Coastal Wings,Regional/turboprop,DEL-BLR,DEL,BLR,Mon,10,Post-Monsoon,Morning (08-11),3.8,False,False
2025-04-15,BlueSky Air,Full-service,DEL-PNQ,DEL,PNQ,Mon,4,Spring,Morning (08-11),6.8,False,False
2025-10-18,BlueSky Air,Full-service,BOM-BLR,BOM,BLR,Fri,10,Post-Monsoon,Evening (15-19),15.0,False,False
2025-08-24,BlueSky Air,Full-service,HYD-MAA,HYD,MAA,Sun,8,Monsoon,Morning (08-11),2.1,False,False
2025-05-13,IndiFly,LCC,DEL-BLR,DEL,BLR,Tue,5,Summer,Morning (08-11),5.1,False,False
2025-01-11,Metro Express,LCC,HYD-MAA,HYD,MAA,Tue,1,Winter,Night (19-23),5.9,False,False
2025-09-24,Skyline National,Full-service,DEL-GOI,DEL,GOI,Mon,9,Monsoon,Evening (15-19),22.4,True,False
2025-12-18,IndiFly,LCC,DEL-GOI,DEL,GOI,Wed,12,Winter,Afternoon (11-15),12.8,False,False
2025-06-14,Metro Express,LCC,BOM-GOI,BOM,GOI,Sun,6,Summer,Morning (08-11),5.5,False,False
2025-01-21,Metro Express,LCC,COK-BOM,COK,BOM,Sat,1,Winter,Evening (15-19),4.3,False,False
2025-12-14,BlueSky Air,Full-service,HYD-MAA,HYD,MAA,Sat,12,Winter,Early Morning (05-08),1.9,False,False
2025-04-16,BlueSky Air,Full-service,DEL-BOM,DEL,BOM,Tue,4,Spring,Evening (15-19),3.6,False,False
2025-04-16,Coastal Wings,Regional/turboprop,DEL-BOM,DEL,BOM,Fri,4,Spring,Evening (15-19),5.8,False,False
2025-01-10,BlueSky Air,Full-service,COK-BOM,COK,BOM,Wed,1,Winter,Afternoon (11-15),2.4,False,False
2025-05-14,Coastal Wings,Regional/turboprop,BOM-BLR,BOM,BLR,Fri,5,Summer,Morning (08-11),7.3,False,False
2025-07-11,Coastal Wings,Regional/turboprop,DEL-BOM,DEL,BOM,Sun,7,Monsoon,Early Morning (05-08),13.7,False,False
2025-02-05,Coastal Wings,Regional/turboprop,BOM-COK,BOM,COK,Mon,2,Winter,Night (19-23),7.0,False,False
2025-06-23,BlueSky Air,Full-service,MAA-CCU,MAA,CCU,Sat,6,Summer,Morning (08-11),5.3,False,False
2025-12-09,Skyline National,Full-service,DEL-CCU,DEL,CCU,Wed,12,Winter,Morning (08-11),24.2,True,False
2025-03-02,Metro Express,LCC,BOM-BLR,BOM,BLR,Wed,3,Spring,Morning (08-11),32.8,True,False
2025-07-16,Coastal Wings,Regional/turboprop,DEL-AMD,DEL,AMD,Sun,7,Monsoon,Night (19-23),2.3,False,False
2025-06-20,BlueSky Air,Full-service,BOM-COK,BOM,COK,Sat,6,Summer,Afternoon (11-15),3.9,False,False
2025-01-12,BlueSky Air,Full-service,BOM-BLR,BOM,BLR,Sat,1,Winter,Evening (15-19),2.5,False,False
2025-05-14,IndiFly,LCC,DEL-BLR,DEL,BLR,Wed,5,Summer,Morning (08-11),4.3,False,False
2025-05-23,Skyline National,Full-service,DEL-BOM,DEL,BOM,Thu,5,Summer,Morning (08-11),6.2,False,False
2025-09-26,Skyline National,Full-service,BOM-BLR,BOM,BLR,Thu,9,Monsoon,Morning (08-11),8.8,False,False
2025-01-03,IndiFly,LCC,DEL-HYD,DEL,HYD,Tue,1,Winter,Afternoon (11-15),22.7,True,False
2025-03-22,Skyline National,Full-service,DEL-HYD,DEL,HYD,Sat,3,Spring,Morning (08-11),8.2,False,False
2025-02-11,BlueSky Air,Full-service,BOM-BLR,BOM,BLR,Mon,2,Winter,Afternoon (11-15),15.3,True,False
2025-11-09,IndiFly,LCC,BOM-COK,BOM,COK,Thu,11,Post-Monsoon,Night (19-23),7.9,False,False
2025-02-21,Metro Express,LCC,DEL-BLR,DEL,BLR,Mon,2,Winter,Evening (15-19),4.3,False,False
2025-06-10,Metro Express,LCC,DEL-BOM,DEL,BOM,Thu,6,Summer,Early Morning (05-08),8.0,False,False
2025-11-17,BlueSky Air,Full-service,BOM-BLR,BOM,BLR,Fri,11,Post-Monsoon,Night (19-23),3.6,False,False
2025-09-25,BlueSky Air,Full-service,DEL-BLR,DEL,BLR,Mon,9,Monsoon,Night (19-23),22.3,True,False
2025-12-22,BlueSky Air,Full-service,BOM-BLR,BOM,BLR,Sat,12,Winter,Morning (08-11),5.2,False,False
2025-12-23,IndiFly,LCC,DEL-CCU,DEL,CCU,Wed,12,Winter,Night (19-23),14.8,False,False
2025-11-10,IndiFly,LCC,DEL-BOM,DEL,BOM,Thu,11,Post-Monsoon,Morning (08-11),13.5,False,False
2025-10-05,IndiFly,LCC,BLR-COK,BLR,COK,Sat,10,Post-Monsoon,Evening (15-19),8.2,False,False
2025-08-25,BlueSky Air,Full-service,BOM-COK,BOM,COK,Tue,8,Monsoon,Afternoon (11-15),15.5,True,False
2025-09-02,Metro Express,LCC,DEL-BLR,DEL,BLR,Wed,9,Monsoon,Morning (08-11),8.8,False,False
2025-10-15,Metro Express,LCC,MAA-CCU,MAA,CCU,Wed,10,Post-Monsoon,Afternoon (11-15),12.8,False,False
2025-10-07,BlueSky Air,Full-service,DEL-CCU,DEL,CCU,Wed,10,Post-Monsoon,Early Morning (05-08),5.7,False,False
2025-08-28,Metro Express,LCC,MAA-CCU,MAA,CCU,Sun,8,Monsoon,Early Morning (05-08),2.3,False,False
2025-12-19,Metro Express,LCC,DEL-PNQ,DEL,PNQ,Sat,12,Winter,Evening (15-19),38.1,True,False
2025-01-12,Skyline National,Full-service,DEL-BOM,DEL,BOM,Sun,1,Winter,Afternoon (11-15),26.4,True,False
2025-06-12,BlueSky Air,Full-service,DEL-AMD,DEL,AMD,Wed,6,Summer,Morning (08-11),3.6,False,False
2025-06-15,BlueSky Air,Full-service,COK-BOM,COK,BOM,Sun,6,Summer,Morning (08-11),7.2,False,False
2025-06-11,Coastal Wings,Regional/turboprop,DEL-CCU,DEL,CCU,Sat,6,Summer,Morning (08-11),11.9,False,False
2025-04-08,Coastal Wings,Regional/turboprop,DEL-AMD,DEL,AMD,Sun,4,Spring,Morning (08-11),4.7,False,False
2025-10-11,Coastal Wings,Regional/turboprop,DEL-BOM,DEL,BOM,Tue,10,Post-Monsoon,Evening (15-19),17.2,True,False
2025-12-23,Metro Express,LCC,DEL-CCU,DEL,CCU,Sun,12,Winter,Early Morning (05-08),19.7,True,False
2025-05-27,BlueSky Air,Full-service,DEL-CCU,DEL,CCU,Sun,5,Summer,Early Morning (05-08),15.8,True,False
2025-07-26,IndiFly,LCC,DEL-HYD,DEL,HYD,Fri,7,Monsoon,Afternoon (11-15),6.7,False,False
2025-10-27,BlueSky Air,Full-service,BOM-COK,BOM,COK,Sun,10,Post-Monsoon,Night (19-23),3.3,False,False
2025-02-14,Metro Express,LCC,DEL-PNQ,DEL,PNQ,Wed,2,Winter,Morning (08-11),7.2,False,False
2025-02-14,IndiFly,LCC,BOM-BLR,BOM,BLR,Wed,2,Winter,Afternoon (11-15),3.6,False,False
2025-08-26,IndiFly,LCC,MAA-CCU,MAA,CCU,Tue,8,Monsoon,Morning (08-11),4.3,False,False
2025-10-17,Metro Express,LCC,DEL-BOM,DEL,BOM,Tue,10,Post-Monsoon,Morning (08-11),8.0,False,False
2025-12-10,IndiFly,LCC,BLR-HYD,BLR,HYD,Sun,12,Winter,Evening (15-19),1.6,False,False
2025-07-19,IndiFly,LCC,DEL-BLR,DEL,BLR,Sun,7,Monsoon,Evening (15-19),5.1,False,False
2025-06-20,Metro Express,LCC,DEL-CCU,DEL,CCU,Fri,6,Summer,Early Morning (05-08),9.6,False,False
2025-04-03,Metro Express,LCC,BOM-BLR,BOM,BLR,Mon,4,Spring,Afternoon (11-15),9.2,False,False
2025-10-12,IndiFly,LCC,COK-BOM,COK,BOM,Mon,10,Post-Monsoon,Night (19-23),3.8,False,False
2025-06-20,BlueSky Air,Full-service,DEL-BOM,DEL,BOM,Thu,6,Summer,Night (19-23),11.9,False,False
2025-05-27,IndiFly,LCC,DEL-GOI,DEL,GOI,Tue,5,Summer,Afternoon (11-15),4.1,False,False
2025-05-06,BlueSky Air,Full-service,COK-BOM,COK,BOM,Fri,5,Summer,Afternoon (11-15),4.2,False,False
2025-06-02,Metro Express,LCC,DEL-CCU,DEL,CCU,Sat,6,Summer,Morning (08-11),19.0,True,False
2025-02-15,Metro Express,LCC,DEL-BOM,DEL,BOM,Fri,2,Winter,Morning (08-11),3.6,False,False
2025-10-05,IndiFly,LCC,DEL-HYD,DEL,HYD,Wed,10,Post-Monsoon,Night (19-23),13.1,False,False
2025-03-13,Metro Express,LCC,DEL-AMD,DEL,AMD,Fri,3,Spring,Evening (15-19),19.7,True,False
2025-09-19,BlueSky Air,Full-service,COK-BOM,COK,BOM,Sun,9,Monsoon,Morning (08-11),32.4,True,False
2025-08-26,Metro Express,LCC,BOM-GOI,BOM,GOI,Fri,8,Monsoon,Morning (08-11),9.9,False,False
2025-10-26,Skyline National,Full-service,BOM-COK,BOM,COK,Thu,10,Post-Monsoon,Morning (08-11),12.9,False,False
2025-05-01,Metro Express,LCC,DEL-BOM,DEL,BOM,Wed,5,Summer,Early Morning (05-08),9.5,False,False
2025-03-14,BlueSky Air,Full-service,BOM-GOI,BOM,GOI,Wed,3,Spring,Afternoon (11-15),4.3,False,False
2025-04-03,IndiFly,LCC,DEL-BLR,DEL,BLR,Sat,4,Spring,Early Morning (05-08),6.3,False,False
2025-04-16,IndiFly,LCC,COK-BOM,COK,BOM,Mon,4,Spring,Evening (15-19),13.8,False,False
2025-04-03,BlueSky Air,Full-service,BOM-BLR,BOM,BLR,Thu,4,Spring,Morning (08-11),8.2,False,False
2025-10-16,IndiFly,LCC,DEL-BLR,DEL,BLR,Sun,10,Post-Monsoon,Evening (15-19),2.9,False,False
2025-05-19,IndiFly,LCC,COK-BOM,COK,BOM,Tue,5,Summer,Afternoon (11-15),2.4,False,False
2025-03-24,Skyline National,Full-service,DEL-GOI,DEL,GOI,Sat,3,Spring,Night (19-23),3.5,False,False
2025-07-02,Skyline National,Full-service,DEL-CCU,DEL,CCU,Tue,7,Monsoon,Night (19-23),6.1,False,False
2025-01-27,IndiFly,LCC,DEL-CCU,DEL,CCU,Wed,1,Winter,Night (19-23),27.3,True,False
2025-04-03,IndiFly,LCC,BOM-BLR,BOM,BLR,Sat,4,Spring,Early Morning (05-08),4.9,False,False
2025-08-16,BlueSky Air,Full-service,BOM-BLR,BOM,BLR,Fri,8,Monsoon,Afternoon (11-15),2.4,False,False
2025-03-11,Skyline National,Full-service,BOM-BLR,BOM,BLR,Thu,3,Spring,Morning (08-11),4.6,False,False
2025-11-24,Metro Express,LCC,COK-BOM,COK,BOM,Sat,11,Post-Monsoon,Afternoon (11-15),16.4,True,False
2025-02-24,Metro Express,LCC,DEL-BLR,DEL,BLR,Fri,2,Winter,Early Morning (05-08),3.4,False,False
2025-09-01,IndiFly,LCC,DEL-BOM,DEL,BOM,Mon,9,Monsoon,Afternoon (11-15),11.6,False,False
2025-07-16,Metro Express,LCC,DEL-CCU,DEL,CCU,Sat,7,Monsoon,Afternoon (11-15),2.7,False,False
2025-05-24,Skyline National,Full-service,COK-BOM,COK,BOM,Tue,5,Summer,Evening (15-19),17.1,True,False
2025-06-28,Metro Express,LCC,DEL-BOM,DEL,BOM,Mon,6,Summer,Early Morning (05-08),11.3,False,False
2025-05-20,Skyline National,Full-service,DEL-HYD,DEL,HYD,Thu,5,Summer,Early Morning (05-08),11.7,False,False
2025-01-15,IndiFly,LCC,COK-BOM,COK,BOM,Thu,1,Winter,Evening (15-19),2.6,False,False
2025-04-14,Metro Express,LCC,COK-BOM,COK,BOM,Wed,4,Spring,Afternoon (11-15),3.3,False,False
2025-07-24,BlueSky Air,Full-service,BOM-GOI,BOM,GOI,Mon,7,Monsoon,Evening (15-19),11.2,False,False
2025-02-23,Skyline National,Full-service,DEL-HYD,DEL,HYD,Sun,2,Winter,Night (19-23),7.0,False,False
2025-08-16,Metro Express,LCC,DEL-BOM,DEL,BOM,Fri,8,Monsoon,Morning (08-11),8.5,False,False
2025-07-16,Metro Express,LCC,DEL-CCU,DEL,CCU,Thu,7,Monsoon,Evening (15-19),7.8,False,False
2025-03-18,BlueSky Air,Full-service,DEL-BLR,DEL,BLR,Sun,3,Spring,Morning (08-11),6.6,False,False
2025-03-04,Coastal Wings,Regional/turboprop,DEL-CCU,DEL,CCU,Wed,3,Spring,Early Morning (05-08),9.6,False,False
2025-05-26,Coastal Wings,Regional/turboprop,BOM-GOI,BOM,GOI,Sat,5,Summer,Early Morning (05-08),7.2,False,False
2025-10-26,Skyline National,Full-service,BOM-BLR,BOM,BLR,Wed,10,Post-Monsoon,Night (19-23),16.0,True,False
2025-09-01,BlueSky Air,Full-service,MAA-CCU,MAA,CCU,Mon,9,Monsoon,Early Morning (05-08),3.5,False,False
2025-09-18,Metro Express,LCC,BLR-HYD,BLR,HYD,Mon,9,Monsoon,Early Morning (05-08),5.9,False,False
2025-03-23,Skyline National,Full-service,MAA-CCU,MAA,CCU,Mon,3,Spring,Evening (15-19),6.1,False,False
2025-10-12,Skyline National,Full-service,DEL-GOI,DEL,GOI,Fri,10,Post-Monsoon,Early Morning (05-08),3.4,False,False
2025-03-19,IndiFly,LCC,DEL-AMD,DEL,AMD,Thu,3,Spring,Night (19-23),6.7,False,False
2025-06-08,Skyline National,Full-service,DEL-BOM,DEL,BOM,Sun,6,Summer,Morning (08-11),7.8,False,False
2025-05-12,BlueSky Air,Full-service,DEL-BLR,DEL,BLR,Mon,5,Summer,Night (19-23),5.8,False,False
2025-04-27,BlueSky Air,Full-service,DEL-GOI,DEL,GOI,Sat,4,Spring,Night (19-23),7.3,False,False
2025-05-04,Skyline National,Full-service,BOM-COK,BOM,COK,Sun,5,Summer,Early Morning (05-08),4.8,False,False
2025-04-28,Coastal Wings,Regional/turboprop,BLR-COK,BLR,COK,Sat,4,Spring,Evening (15-19),7.5,False,False
2025-01-23,Skyline National,Full-service,DEL-AMD,DEL,AMD,Fri,1,Winter,Evening (15-19),15.4,True,False
2025-10-02,IndiFly,LCC,BOM-GOI,BOM,GOI,Sat,10,Post-Monsoon,Night (19-23),5.2,False,False
2025-08-21,IndiFly,LCC,DEL-BOM,DEL,BOM,Fri,8,Monsoon,Afternoon (11-15),4.4,False,False
2025-11-25,IndiFly,LCC,DEL-BLR,DEL,BLR,Mon,11,Post-Monsoon,Morning (08-11),19.3,True,False
2025-06-10,Coastal Wings,Regional/turboprop,COK-BOM,COK,BOM,Thu,6,Summer,Morning (08-11),17.1,True,False
2025-09-11,Metro Express,LCC,BOM-GOI,BOM,GOI,Sun,9,Monsoon,Early Morning (05-08),6.0,False,False
2025-06-02,Metro Express,LCC,DEL-BOM,DEL,BOM,Mon,6,Summer,Early Morning (05-08),4.4,False,False
2025-11-25,Metro Express,LCC,BOM-GOI,BOM,GOI,Sun,11,Post-Monsoon,Morning (08-11),11.6,False,False
2025-12-03,IndiFly,LCC,DEL-BOM,DEL,BOM,Sun,12,Winter,Morning (08-11),9.7,False,False
2025-06-14,BlueSky Air,Full-service,DEL-HYD,DEL,HYD,Fri,6,Summer,Evening (15-19),13.5,False,False
2025-09-19,IndiFly,LCC,BLR-HYD,BLR,HYD,Fri,9,Monsoon,Morning (08-11),3.0,False,False
2025-11-12,IndiFly,LCC,DEL-GOI,DEL,GOI,Tue,11,Post-Monsoon,Night (19-23),11.4,False,False
2025-01-15,Metro Express,LCC,DEL-HYD,DEL,HYD,Mon,1,Winter,Early Morning (05-08),24.8,True,False
2025-06-18,BlueSky Air,Full-service,DEL-BOM,DEL,BOM,Sun,6,Summer,Early Morning (05-08),4.2,False,False
2025-04-14,Skyline National,Full-service,DEL-HYD,DEL,HYD,Wed,4,Spring,Evening (15-19),4.6,False,False
2025-10-26,Coastal Wings,Regional/turboprop,DEL-AMD,DEL,AMD,Wed,10,Post-Monsoon,Morning (08-11),6.5,False,False
2025-02-10,BlueSky Air,Full-service,DEL-CCU,DEL,CCU,Thu,2,Winter,Evening (15-19),14.1,False,False
2025-08-14,Metro Express,LCC,DEL-CCU,DEL,CCU,Sun,8,Monsoon,Morning (08-11),3.5,False,False
2025-11-25,IndiFly,LCC,BOM-GOI,BOM,GOI,Tue,11,Post-Monsoon,Early Morning (05-08),9.8,False,False
2025-05-08,IndiFly,LCC,DEL-BOM,DEL,BOM,Sun,5,Summer,Night (19-23),8.3,False,False
2025-01-24,Metro Express,LCC,DEL-BLR,DEL,BLR,Tue,1,Winter,Afternoon (11-15),16.8,True,False
2025-08-07,IndiFly,LCC,DEL-BLR,DEL,BLR,Fri,8,Monsoon,Early Morning (05-08),6.9,False,False
2025-01-19,IndiFly,LCC,COK-BOM,COK,BOM,Thu,1,Winter,Early Morning (05-08),7.1,False,False
2025-11-22,IndiFly,LCC,BOM-GOI,BOM,GOI,Thu,11,Post-Monsoon,Morning (08-11),6.2,False,False
2025-11-26,IndiFly,LCC,BOM-GOI,BOM,GOI,Sat,11,Post-Monsoon,Night (19-23),6.6,False,False
2025-09-21,Coastal Wings,Regional/turboprop,DEL-AMD,DEL,AMD,Sat,9,Monsoon,Early Morning (05-08),6.1,False,False
2025-07-28,IndiFly,LCC,BLR-HYD,BLR,HYD,Sun,7,Monsoon,Afternoon (11-15),1.8,False,False
2025-07-11,IndiFly,LCC,DEL-AMD,DEL,AMD,Fri,7,Monsoon,Night (19-23),7.1,False,False
2025-05-04,BlueSky Air,Full-service,DEL-BLR,DEL,BLR,Sat,5,Summer,Evening (15-19),14.2,False,False
2025-01-17,IndiFly,LCC,DEL-BOM,DEL,BOM,Tue,1,Winter,Morning (08-11),31.8,True,False
2025-05-18,Metro Express,LCC,DEL-CCU,DEL,CCU,Tue,5,Summer,Early Morning (05-08),5.7,False,False
2025-12-21,Skyline National,Full-service,BOM-GOI,BOM,GOI,Tue,12,Winter,Morning (08-11),3.2,False,False
2025-12-14,Metro Express,LCC,DEL-BOM,DEL,BOM,Sat,12,Winter,Evening (15-19),22.1,True,False
2025-01-17,BlueSky Air,Full-service,DEL-BLR,DEL,BLR,Thu,1,Winter,Evening (15-19),12.0,False,False
2025-04-15,Skyline National,Full-service,DEL-AMD,DEL,AMD,Mon,4,Spring,Early Morning (05-08),11.7,False,False
2025-02-11,IndiFly,LCC,HYD-MAA,HYD,MAA,Sun,2,Winter,Night (19-23),7.6,False,False
2025-12-03,BlueSky Air,Full-service,DEL-HYD,DEL,HYD,Wed,12,Winter,Night (19-23),20.6,True,False
2025-08-18,IndiFly,LCC,MAA-CCU,MAA,CCU,Tue,8,Monsoon,Afternoon (11-15),9.2,False,False
2025-01-15,IndiFly,LCC,DEL-CCU,DEL,CCU,Fri,1,Winter,Morning (08-11),19.4,True,False
2025-11-05,Metro Express,LCC,DEL-HYD,DEL,HYD,Wed,11,Post-Monsoon,Night (19-23),16.3,True,False
2025-08-06,BlueSky Air,Full-service,DEL-HYD,DEL,HYD,Fri,8,Monsoon,Early Morning (05-08),6.4,False,False
2025-10-09,Coastal Wings,Regional/turboprop,DEL-HYD,DEL,HYD,Mon,10,Post-Monsoon,Afternoon (11-15),2.8,False,False
2025-08-23,IndiFly,LCC,BOM-GOI,BOM,GOI,Tue,8,Monsoon,Afternoon (11-15),30.8,True,False
2025-03-12,BlueSky Air,Full-service,DEL-HYD,DEL,HYD,Sat,3,Spring,Night (19-23),6.2,False,False
2025-02-02,BlueSky Air,Full-service,COK-BOM,COK,BOM,Tue,2,Winter,Morning (08-11),3.8,False,False
2025-08-21,BlueSky Air,Full-service,BOM-BLR,BOM,BLR,Mon,8,Monsoon,Evening (15-19),5.3,False,False
2025-01-24,IndiFly,LCC,DEL-HYD,DEL,HYD,Mon,1,Winter,Early Morning (05-08),47.7,True,False
2025-10-26,Skyline National,Full-service,DEL-BOM,DEL,BOM,Mon,10,Post-Monsoon,Afternoon (11-15),10.7,False,False
2025-05-11,BlueSky Air,Full-service,MAA-CCU,MAA,CCU,Wed,5,Summer,Night (19-23),5.9,False,False
2025-08-24,Metro Express,LCC,BOM-COK,BOM,COK,Wed,8,Monsoon,Night (19-23),37.4,True,False
2025-11-22,Skyline National,Full-service,DEL-BOM,DEL,BOM,Fri,11,Post-Monsoon,Afternoon (11-15),8.6,False,False
2025-07-19,Metro Express,LCC,DEL-HYD,DEL,HYD,Mon,7,Monsoon,Early Morning (05-08),6.4,False,False
2025-02-27,Metro Express,LCC,COK-BOM,COK,BOM,Thu,2,Winter,Early Morning (05-08),9.9,False,False
2025-07-09,Metro Express,LCC,BLR-COK,BLR,COK,Tue,7,Monsoon,Early Morning (05-08),29.0,True,False
2025-07-22,Metro Express,LCC,DEL-BOM,DEL,BOM,Sat,7,Monsoon,Night (19-23),4.1,False,False
2025-05-03,Metro Express,LCC,BOM-GOI,BOM,GOI,Mon,5,Summer,Night (19-23),2.0,False,False
2025-09-18,Skyline National,Full-service,DEL-BLR,DEL,BLR,Sat,9,Monsoon,Afternoon (11-15),5.9,False,False
2025-12-06,Coastal Wings,Regional/turboprop,DEL-CCU,DEL,CCU,Mon,12,Winter,Morning (08-11),9.7,False,False
2025-03-25,BlueSky Air,Full-service,MAA-CCU,MAA,CCU,Tue,3,Spring,Early Morning (05-08),1.5,False,False
2025-08-15,Coastal Wings,Regional/turboprop,BOM-COK,BOM,COK,Sat,8,Monsoon,Morning (08-11),14.2,False,False
2025-08-17,BlueSky Air,Full-service,BOM-BLR,BOM,BLR,Thu,8,Monsoon,Night (19-23),12.8,False,False
2025-08-05,Coastal Wings,Regional/turboprop,COK-BOM,COK,BOM,Wed,8,Monsoon,Evening (15-19),40.3,True,False
2025-02-19,IndiFly,LCC,BLR-HYD,BLR,HYD,Sun,2,Winter,Early Morning (05-08),4.6,False,False
2025-10-15,IndiFly,LCC,DEL-BOM,DEL,BOM,Fri,10,Post-Monsoon,Morning (08-11),4.3,False,False
2025-03-17,BlueSky Air,Full-service,DEL-BOM,DEL,BOM,Tue,3,Spring,Afternoon (11-15),6.8,False,False
2025-03-10,Skyline National,Full-service,BLR-COK,BLR,COK,Fri,3,Spring,Afternoon (11-15),1.4,False,False
2025-09-24,BlueSky Air,Full-service,DEL-BOM,DEL,BOM,Wed,9,Monsoon,Morning (08-11),8.8,False,False
2025-04-10,Coastal Wings,Regional/turboprop,BOM-COK,BOM,COK,Tue,4,Spring,Night (19-23),5.8,False,False
2025-07-28,IndiFly,LCC,BLR-HYD,BLR,HYD,Sat,7,Monsoon,Morning (08-11),3.8,False,False
2025-11-09,Coastal Wings,Regional/turboprop,DEL-CCU,DEL,CCU,Sun,11,Post-Monsoon,Morning (08-11),2.4,False,False
2025-09-06,BlueSky Air,Full-service,DEL-BOM,DEL,BOM,Mon,9,Monsoon,Evening (15-19),5.4,False,False
2025-05-25,Metro Express,LCC,BOM-BLR,BOM,BLR,Thu,5,Summer,Night (19-23),10.3,False,False
2025-01-12,Coastal Wings,Regional/turboprop,DEL-BOM,DEL,BOM,Sun,1,Winter,Early Morning (05-08),14.4,False,False
2025-05-23,IndiFly,LCC,DEL-HYD,DEL,HYD,Sat,5,Summer,Night (19-23),0.0,False,True
2025-01-09,Skyline National,Full-service,BOM-COK,BOM,COK,Sat,1,Winter,Afternoon (11-15),6.9,False,False
2025-10-17,Skyline National,Full-service,DEL-BLR,DEL,BLR,Thu,10,Post-Monsoon,Afternoon (11-15),5.6,False,False
2025-04-13,BlueSky Air,Full-service,BOM-COK,BOM,COK,Fri,4,Spring,Night (19-23),4.0,False,False
2025-09-12,BlueSky Air,Full-service,DEL-AMD,DEL,AMD,Thu,9,Monsoon,Night (19-23),3.4,False,False
2025-06-04,IndiFly,LCC,DEL-HYD,DEL,HYD,Wed,6,Summer,Evening (15-19),9.6,False,False
2025-12-16,Metro Express,LCC,DEL-PNQ,DEL,PNQ,Mon,12,Winter,Morning (08-11),20.8,True,False
2025-11-10,IndiFly,LCC,DEL-AMD,DEL,AMD,Sun,11,Post-Monsoon,Afternoon (11-15),9.1,False,False
2025-01-05,Metro Express,LCC,BOM-BLR,BOM,BLR,Mon,1,Winter,Night (19-23),26.4,True,False
2025-10-25,Metro Express,LCC,BOM-BLR,BOM,BLR,Fri,10,Post-Monsoon,Morning (08-11),6.7,False,False
2025-04-17,BlueSky Air,Full-service,DEL-GOI,DEL,GOI,Sat,4,Spring,Early Morning (05-08),7.0,False,False
2025-04-16,BlueSky Air,Full-service,BOM-BLR,BOM,BLR,Sun,4,Spring,Night (19-23),12.7,False,False
2025-08-10,Skyline National,Full-service,DEL-BLR,DEL,BLR,Sat,8,Monsoon,Night (19-23),7.6,False,False
2025-06-07,Metro Express,LCC,BOM-COK,BOM,COK,Mon,6,Summer,Early Morning (05-08),12.7,False,False
2025-04-24,Metro Express,LCC,DEL-HYD,DEL,HYD,Mon,4,Spring,Morning (08-11),11.0,False,False
2025-10-23,Skyline National,Full-service,DEL-PNQ,DEL,PNQ,Fri,10,Post-Monsoon,Morning (08-11),4.3,False,False
2025-07-06,Coastal Wings,Regional/turboprop,BLR-HYD,BLR,HYD,Sat,7,Monsoon,Morning (08-11),3.3,False,False
2025-03-25,Coastal Wings,Regional/turboprop,DEL-AMD,DEL,AMD,Thu,3,Spring,Afternoon (11-15),13.2,False,False
2025-07-17,Coastal Wings,Regional/turboprop,DEL-AMD,DEL,AMD,Wed,7,Monsoon,Early Morning (05-08),6.3,False,False
2025-11-04,BlueSky Air,Full-service,BOM-BLR,BOM,BLR,Sun,11,Post-Monsoon,Early Morning (05-08),3.0,False,False
2025-06-19,IndiFly,LCC,DEL-BOM,DEL,BOM,Mon,6,Summer,Morning (08-11),6.5,False,False
2025-11-13,Skyline National,Full-service,BLR-HYD,BLR,HYD,Sun,11,Post-Monsoon,Early Morning (05-08),2.1,False,False
2025-02-01,IndiFly,LCC,HYD-MAA,HYD,MAA,Tue,2,Winter,Morning (08-11),4.2,False,False
2025-11-28,Metro Express,LCC,DEL-HYD,DEL,HYD,Sun,11,Post-Monsoon,Night (19-23),8.2,False,False
2025-08-16,BlueSky Air,Full-service,DEL-CCU,DEL,CCU,Wed,8,Monsoon,Early Morning (05-08),5.1,False,False
2025-04-02,Skyline National,Full-service,DEL-BLR,DEL,BLR,Fri,4,Spring,Evening (15-19),15.2,True,False
2025-06-08,Skyline National,Full-service,MAA-CCU,MAA,CCU,Sun,6,Summer,Night (19-23),8.0,False,False
2025-05-06,Metro Express,LCC,BLR-HYD,BLR,HYD,Fri,5,Summer,Afternoon (11-15),2.2,False,False
2025-10-26,BlueSky Air,Full-service,DEL-BOM,DEL,BOM,Sat,10,Post-Monsoon,Morning (08-11),5.1,False,False
2025-02-13,Skyline National,Full-service,DEL-HYD,DEL,HYD,Fri,2,Winter,Early Morning (05-08),5.9,False,False
2025-02-15,BlueSky Air,Full-service,BOM-BLR,BOM,BLR,Sat,2,Winter,Night (19-23),9.7,False,False
2025-10-19,Metro Express,LCC,DEL-BLR,DEL,BLR,Wed,10,Post-Monsoon,Afternoon (11-15),2.9,False,False
2025-10-14,IndiFly,LCC,BOM-GOI,BOM,GOI,Sun,10,Post-Monsoon,Early Morning (05-08),2.7,False,False
2025-08-18,IndiFly,LCC,BOM-GOI,BOM,GOI,Fri,8,Monsoon,Morning (08-11),14.4,False,False
2025-10-13,Skyline National,Full-service,BOM-GOI,BOM,GOI,Fri,10,Post-Monsoon,Evening (15-19),9.0,False,False
2025-03-23,Coastal Wings,Regional/turboprop,DEL-GOI,DEL,GOI,Tue,3,Spring,Early Morning (05-08),5.3,False,False
2025-04-28,Coastal Wings,Regional/turboprop,DEL-BOM,DEL,BOM,Sun,4,Spring,Night (19-23),6.3,False,False
2025-06-13,BlueSky Air,Full-service,DEL-BOM,DEL,BOM,Thu,6,Summer,Evening (15-19),7.7,False,False
2025-05-25,IndiFly,LCC,DEL-CCU,DEL,CCU,Sun,5,Summer,Afternoon (11-15),19.1,True,False
2025-06-02,IndiFly,LCC,DEL-BOM,DEL,BOM,Fri,6,Summer,Morning (08-11),9.7,False,False
2025-10-14,BlueSky Air,Full-service,DEL-HYD,DEL,HYD,Sat,10,Post-Monsoon,Morning (08-11),3.6,False,False
2025-12-03,IndiFly,LCC,DEL-BOM,DEL,BOM,Sat,12,Winter,Morning (08-11),17.2,True,False
2025-05-20,Metro Express,LCC,BLR-HYD,BLR,HYD,Wed,5,Summer,Early Morning (05-08),4.2,False,False
2025-10-09,IndiFly,LCC,BLR-HYD,BLR,HYD,Tue,10,Post-Monsoon,Afternoon (11-15),7.3,False,False
2025-11-06,BlueSky Air,Full-service,DEL-BOM,DEL,BOM,Thu,11,Post-Monsoon,Evening (15-19),7.9,False,False
2025-11-02,Skyline National,Full-service,DEL-HYD,DEL,HYD,Sat,11,Post-Monsoon,Afternoon (11-15),11.1,False,False
2025-11-05,IndiFly,LCC,BLR-HYD,BLR,HYD,Sun,11,Post-Monsoon,Evening (15-19),8.1,False,False
2025-03-09,BlueSky Air,Full-service,BOM-BLR,BOM,BLR,Sat,3,Spring,Early Morning (05-08),6.3,False,False
2025-12-16,BlueSky Air,Full-service,DEL-AMD,DEL,AMD,Tue,12,Winter,Morning (08-11),6.7,False,False
2025-08-12,Metro Express,LCC,DEL-HYD,DEL,HYD,Fri,8,Monsoon,Afternoon (11-15),7.3,False,False
2025-08-14,BlueSky Air,Full-service,BOM-COK,BOM,COK,Wed,8,Monsoon,Evening (15-19),10.6,False,False
2025-02-01,IndiFly,LCC,DEL-CCU,DEL,CCU,Tue,2,Winter,Night (19-23),4.9,False,False
2025-08-23,IndiFly,LCC,DEL-GOI,DEL,GOI,Sun,8,Monsoon,Afternoon (11-15),15.9,True,False
2025-04-23,Metro Express,LCC,DEL-HYD,DEL,HYD,Wed,4,Spring,Morning (08-11),8.0,False,False
2025-07-20,BlueSky Air,Full-service,BOM-BLR,BOM,BLR,Wed,7,Monsoon,Evening (15-19),9.5,False,False
2025-06-12,IndiFly,LCC,DEL-CCU,DEL,CCU,Sun,6,Summer,Night (19-23),3.8,False,False
2025-10-16,IndiFly,LCC,BLR-HYD,BLR,HYD,Tue,10,Post-Monsoon,Early Morning (05-08),3.5,False,False
2025-03-09,BlueSky Air,Full-service,DEL-AMD,DEL,AMD,Tue,3,Spring,Morning (08-11),2.9,False,False
2025-10-14,Skyline National,Full-service,BOM-GOI,BOM,GOI,Wed,10,Post-Monsoon,Night (19-23),4.2,False,False
2025-12-11,Metro Express,LCC,DEL-BLR,DEL,BLR,Sun,12,Winter,Morning (08-11),14.5,False,False
2025-11-18,IndiFly,LCC,BOM-GOI,BOM,GOI,Tue,11,Post-Monsoon,Afternoon (11-15),3.2,False,False
2025-12-24,BlueSky Air,Full-service,DEL-CCU,DEL,CCU,Thu,12,Winter,Early Morning (05-08),23.9,True,False
2025-01-17,Metro Express,LCC,DEL-BLR,DEL,BLR,Mon,1,Winter,Morning (08-11),11.8,False,False
2025-07-15,BlueSky Air,Full-service,DEL-BOM,DEL,BOM,Wed,7,Monsoon,Night (19-23),3.7,False,False
2025-01-25,BlueSky Air,Full-service,BOM-GOI,BOM,GOI,Tue,1,Winter,Night (19-23),14.2,False,False
2025-06-25,Coastal Wings,Regional/turboprop,DEL-HYD,DEL,HYD,Thu,6,Summer,Night (19-23),12.5,False,False
2025-08-19,BlueSky Air,Full-service,DEL-BOM,DEL,BOM,Fri,8,Monsoon,Afternoon (11-15),14.4,False,False
2025-10-18,Metro Express,LCC,DEL-CCU,DEL,CCU,Sat,10,Post-Monsoon,Night (19-23),26.0,True,False
2025-10-13,Skyline National,Full-service,HYD-MAA,HYD,MAA,Sun,10,Post-Monsoon,Night (19-23),7.8,False,False
2025-07-09,BlueSky Air,Full-service,BOM-GOI,BOM,GOI,Sun,7,Monsoon,Morning (08-11),21.5,True,False
2025-03-19,BlueSky Air,Full-service,DEL-PNQ,DEL,PNQ,Fri,3,Spring,Evening (15-19),5.0,False,False
2025-07-02,IndiFly,LCC,DEL-AMD,DEL,AMD,Sat,7,Monsoon,Afternoon (11-15),8.5,False,False
2025-07-22,IndiFly,LCC,DEL-BOM,DEL,BOM,Sun,7,Monsoon,Afternoon (11-15),8.2,False,False
2025-09-24,Metro Express,LCC,BLR-COK,BLR,COK,Thu,9,Monsoon,Early Morning (05-08),16.0,True,False
2025-11-07,BlueSky Air,Full-service,DEL-BLR,DEL,BLR,Sat,11,Post-Monsoon,Early Morning (05-08),4.3,False,False
2025-06-21,BlueSky Air,Full-service,COK-BOM,COK,BOM,Mon,6,Summer,Evening (15-19),7.0,False,False
2025-01-22,BlueSky Air,Full-service,DEL-CCU,DEL,CCU,Fri,1,Winter,Night (19-23),22.2,True,False
2025-02-10,Skyline National,Full-service,DEL-BOM,DEL,BOM,Fri,2,Winter,Evening (15-19),7.8,False,False
2025-06-18,Metro Express,LCC,BOM-GOI,BOM,GOI,Sat,6,Summer,Afternoon (11-15),7.6,False,False
2025-07-28,IndiFly,LCC,DEL-BLR,DEL,BLR,Sun,7,Monsoon,Evening (15-19),8.0,False,False
2025-04-25,Skyline National,Full-service,DEL-PNQ,DEL,PNQ,Mon,4,Spring,Evening (15-19),3.0,False,False
2025-05-23,Metro Express,LCC,BOM-GOI,BOM,GOI,Tue,5,Summer,Early Morning (05-08),8.0,False,False
2025-09-23,Metro Express,LCC,BLR-HYD,BLR,HYD,Sun,9,Monsoon,Morning (08-11),17.8,True,False
2025-12-23,Metro Express,LCC,BOM-COK,BOM,COK,Tue,12,Winter,Early Morning (05-08),3.0,False,False
2025-04-02,Metro Express,LCC,DEL-HYD,DEL,HYD,Tue,4,Spring,Evening (15-19),10.1,False,False
2025-03-16,Metro Express,LCC,DEL-AMD,DEL,AMD,Sun,3,Spring,Morning (08-11),8.1,False,False
2025-01-14,Metro Express,LCC,DEL-PNQ,DEL,PNQ,Tue,1,Winter,Early Morning (05-08),8.5,False,False
2025-02-01,IndiFly,LCC,COK-BOM,COK,BOM,Fri,2,Winter,Morning (08-11),5.4,False,False
2025-11-06,Metro Express,LCC,DEL-BLR,DEL,BLR,Tue,11,Post-Monsoon,Early Morning (05-08),10.4,False,False
2025-09-28,Skyline National,Full-service,BOM-COK,BOM,COK,Mon,9,Monsoon,Night (19-23),16.7,True,False
2025-08-16,Skyline National,Full-service,DEL-BOM,DEL,BOM,Tue,8,Monsoon,Night (19-23),5.1,False,False
2025-09-01,IndiFly,LCC,DEL-AMD,DEL,AMD,Thu,9,Monsoon,Evening (15-19),4.4,False,False
2025-07-05,Coastal Wings,Regional/turboprop,DEL-AMD,DEL,AMD,Wed,7,Monsoon,Night (19-23),2.7,False,False
2025-04-02,Metro Express,LCC,DEL-BOM,DEL,BOM,Wed,4,Spring,Evening (15-19),25.3,True,False
2025-10-13,IndiFly,LCC,DEL-BOM,DEL,BOM,Thu,10,Post-Monsoon,Morning (08-11),21.2,True,False
2025-01-16,Skyline National,Full-service,DEL-BLR,DEL,BLR,Wed,1,Winter,Early Morning (05-08),18.3,True,False
2025-09-12,Skyline National,Full-service,DEL-BLR,DEL,BLR,Thu,9,Monsoon,Morning (08-11),4.2,False,False
2025-01-26,Metro Express,LCC,DEL-AMD,DEL,AMD,Fri,1,Winter,Morning (08-11),16.3,True,False
2025-02-09,Metro Express,LCC,DEL-BLR,DEL,BLR,Thu,2,Winter,Morning (08-11),4.4,False,False
2025-06-17,Coastal Wings,Regional/turboprop,MAA-CCU,MAA,CCU,Sat,6,Summer,Evening (15-19),17.3,True,False
2025-02-17,IndiFly,LCC,DEL-BLR,DEL,BLR,Mon,2,Winter,Evening (15-19),6.2,False,False
2025-07-24,BlueSky Air,Full-service,BOM-COK,BOM,COK,Mon,7,Monsoon,Night (19-23),7.9,False,False
2025-03-13,Skyline National,Full-service,BLR-HYD,BLR,HYD,Sun,3,Spring,Night (19-23),8.2,False,False
2025-11-06,Metro Express,LCC,COK-BOM,COK,BOM,Sat,11,Post-Monsoon,Early Morning (05-08),9.1,False,False
2025-11-14,Coastal Wings,Regional/turboprop,BLR-HYD,BLR,HYD,Wed,11,Post-Monsoon,Afternoon (11-15),9.2,False,False
2025-01-09,Coastal Wings,Regional/turboprop,DEL-BOM,DEL,BOM,Sun,1,Winter,Night (19-23),53.0,True,False
2025-08-13,BlueSky Air,Full-service,DEL-BLR,DEL,BLR,Sun,8,Monsoon,Morning (08-11),3.8,False,False
2025-02-22,BlueSky Air,Full-service,BLR-HYD,BLR,HYD,Fri,2,Winter,Night (19-23),2.0,False,False
2025-01-02,Metro Express,LCC,BLR-COK,BLR,COK,Tue,1,Winter,Evening (15-19),40.5,True,False
2025-06-14,Metro Express,LCC,BOM-GOI,BOM,GOI,Wed,6,Summer,Early Morning (05-08),9.6,False,False
2025-10-17,Coastal Wings,Regional/turboprop,BOM-COK,BOM,COK,Tue,10,Post-Monsoon,Morning (08-11),2.4,False,False
2025-01-05,Metro Express,LCC,BOM-BLR,BOM,BLR,Sun,1,Winter,Early Morning (05-08),2.2,False,False
2025-03-12,Skyline National,Full-service,DEL-BOM,DEL,BOM,Tue,3,Spring,Morning (08-11),11.2,False,False
2025-03-18,Metro Express,LCC,DEL-BLR,DEL,BLR,Mon,3,Spring,Night (19-23),7.3,False,False
2025-07-08,IndiFly,LCC,DEL-BOM,DEL,BOM,Thu,7,Monsoon,Evening (15-19),6.6,False,False
2025-10-07,BlueSky Air,Full-service,DEL-HYD,DEL,HYD,Tue,10,Post-Monsoon,Evening (15-19),8.5,False,False
2025-09-06,IndiFly,LCC,BLR-HYD,BLR,HYD,Sun,9,Monsoon,Afternoon (11-15),9.3,False,False
2025-07-10,IndiFly,LCC,DEL-PNQ,DEL,PNQ,Thu,7,Monsoon,Morning (08-11),5.2,False,False
2025-06-13,IndiFly,LCC,DEL-CCU,DEL,CCU,Tue,6,Summer,Morning (08-11),2.5,False,False
2025-05-08,BlueSky Air,Full-service,DEL-BOM,DEL,BOM,Sun,5,Summer,Night (19-23),4.4,False,False
2025-09-14,BlueSky Air,Full-service,COK-BOM,COK,BOM,Mon,9,Monsoon,Early Morning (05-08),8.4,False,False
2025-04-06,BlueSky Air,Full-service,DEL-BOM,DEL,BOM,Sat,4,Spring,Night (19-23),8.7,False,False
2025-02-28,IndiFly,LCC,BLR-HYD,BLR,HYD,Sun,2,Winter,Afternoon (11-15),4.3,False,False
2025-01-28,BlueSky Air,Full-service,HYD-MAA,HYD,MAA,Sun,1,Winter,Morning (08-11),1.5,False,False
2025-04-26,IndiFly,LCC,DEL-AMD,DEL,AMD,Mon,4,Spring,Morning (08-11),2.9,False,False
2025-12-23,Skyline National,Full-service,DEL-CCU,DEL,CCU,Sun,12,Winter,Early Morning (05-08),18.9,True,False
2025-05-12,IndiFly,LCC,COK-BOM,COK,BOM,Sat,5,Summer,Morning (08-11),4.0,False,False
2025-05-08,Metro Express,LCC,DEL-CCU,DEL,CCU,Mon,5,Summer,Evening (15-19),7.6,False,False
2025-03-24,BlueSky Air,Full-service,DEL-CCU,DEL,CCU,Thu,3,Spring,Morning (08-11),8.6,False,False
2025-01-07,Coastal Wings,Regional/turboprop,BOM-GOI,BOM,GOI,Sat,1,Winter,Night (19-23),14.4,False,False
2025-06-22,Metro Express,LCC,DEL-HYD,DEL,HYD,Sun,6,Summer,Night (19-23),17.4,True,False
2025-04-05,Metro Express,LCC,BOM-GOI,BOM,GOI,Fri,4,Spring,Evening (15-19),7.6,False,False
2025-01-12,BlueSky Air,Full-service,BLR-HYD,BLR,HYD,Sun,1,Winter,Evening (15-19),3.3,False,False
2025-11-07,IndiFly,LCC,DEL-BLR,DEL,BLR,Thu,11,Post-Monsoon,Morning (08-11),2.8,False,False
2025-02-07,Coastal Wings,Regional/turboprop,DEL-BLR,DEL,BLR,Wed,2,Winter,Night (19-23),10.7,False,False
2025-02-04,BlueSky Air,Full-service,DEL-HYD,DEL,HYD,Sat,2,Winter,Night (19-23),6.7,False,False
2025-09-16,Metro Express,LCC,DEL-BLR,DEL,BLR,Sun,9,Monsoon,Evening (15-19),18.0,True,False
2025-07-28,Coastal Wings,Regional/turboprop,DEL-GOI,DEL,GOI,Wed,7,Monsoon,Afternoon (11-15),21.3,True,False
2025-12-01,Metro Express,LCC,BOM-GOI,BOM,GOI,Mon,12,Winter,Afternoon (11-15),11.4,False,False
2025-05-18,BlueSky Air,Full-service,DEL-BOM,DEL,BOM,Sat,5,Summer,Morning (08-11),6.3,False,False
2025-09-17,Metro Express,LCC,DEL-HYD,DEL,HYD,Mon,9,Monsoon,Night (19-23),3.5,False,False
2025-05-13,Coastal Wings,Regional/turboprop,DEL-BOM,DEL,BOM,Sun,5,Summer,Evening (15-19),12.2,False,False
2025-07-02,Metro Express,LCC,BOM-BLR,BOM,BLR,Sun,7,Monsoon,Afternoon (11-15),4.3,False,False
2025-12-03,IndiFly,LCC,DEL-CCU,DEL,CCU,Fri,12,Winter,Early Morning (05-08),10.1,False,False
2025-01-21,Coastal Wings,Regional/turboprop,BOM-BLR,BOM,BLR,Tue,1,Winter,Early Morning (05-08),4.6,False,False
2025-12-14,BlueSky Air,Full-service,DEL-BLR,DEL,BLR,Fri,12,Winter,Night (19-23),24.0,True,False
2025-12-25,IndiFly,LCC,BOM-GOI,BOM,GOI,Fri,12,Winter,Early Morning (05-08),2.3,False,False
2025-09-18,BlueSky Air,Full-service,DEL-HYD,DEL,HYD,Tue,9,Monsoon,Early Morning (05-08),3.3,False,False
2025-04-17,Metro Express,LCC,BOM-COK,BOM,COK,Wed,4,Spring,Early Morning (05-08),11.9,False,False
2025-05-20,IndiFly,LCC,BOM-GOI,BOM,GOI,Mon,5,Summer,Afternoon (11-15),5.4,False,False
2025-12-01,Metro Express,LCC,DEL-BOM,DEL,BOM,Tue,12,Winter,Afternoon (11-15),11.8,False,False
2025-11-18,BlueSky Air,Full-service,DEL-BLR,DEL,BLR,Wed,11,Post-Monsoon,Night (19-23),8.4,False,False
2025-03-26,Skyline National,Full-service,COK-BOM,COK,BOM,Thu,3,Spring,Evening (15-19),8.6,False,False
2025-07-19,IndiFly,LCC,BOM-BLR,BOM,BLR,Fri,7,Monsoon,Evening (15-19),4.4,False,False
2025-09-14,Metro Express,LCC,BOM-COK,BOM,COK,Mon,9,Monsoon,Night (19-23),35.6,True,False
2025-12-13,IndiFly,LCC,HYD-MAA,HYD,MAA,Thu,12,Winter,Afternoon (11-15),2.0,False,False
2025-12-03,IndiFly,LCC,DEL-BOM,DEL,BOM,Sun,12,Winter,Early Morning (05-08),6.9,False,False
2025-05-17,IndiFly,LCC,DEL-CCU,DEL,CCU,Wed,5,Summer,Afternoon (11-15),3.8,False,False
2025-08-08,BlueSky Air,Full-service,DEL-AMD,DEL,AMD,Sun,8,Monsoon,Night (19-23),5.7,False,False
2025-11-11,IndiFly,LCC,COK-BOM,COK,BOM,Sat,11,Post-Monsoon,Early Morning (05-08),3.3,False,False
2025-08-10,IndiFly,LCC,BOM-BLR,BOM,BLR,Mon,8,Monsoon,Evening (15-19),9.7,False,False
2025-12-08,Skyline National,Full-service,DEL-HYD,DEL,HYD,Sat,12,Winter,Morning (08-11),22.2,True,False
2025-08-15,IndiFly,LCC,DEL-BLR,DEL,BLR,Thu,8,Monsoon,Evening (15-19),3.8,False,False
2025-09-22,Metro Express,LCC,DEL-HYD,DEL,HYD,Sun,9,Monsoon,Afternoon (11-15),14.0,False,False
2025-04-25,Skyline National,Full-service,COK-BOM,COK,BOM,Fri,4,Spring,Night (19-23),6.7,False,False
2025-07-16,Metro Express,LCC,DEL-BLR,DEL,BLR,Sat,7,Monsoon,Early Morning (05-08),3.4,False,False
2025-10-18,BlueSky Air,Full-service,DEL-PNQ,DEL,PNQ,Fri,10,Post-Monsoon,Night (19-23),12.4,False,False
2025-10-10,Metro Express,LCC,BLR-HYD,BLR,HYD,Mon,10,Post-Monsoon,Morning (08-11),16.4,True,False
2025-05-03,IndiFly,LCC,DEL-BLR,DEL,BLR,Sat,5,Summer,Early Morning (05-08),7.8,False,False
2025-06-28,Metro Express,LCC,DEL-HYD,DEL,HYD,Mon,6,Summer,Early Morning (05-08),6.0,False,False
2025-01-28,BlueSky Air,Full-service,DEL-GOI,DEL,GOI,Thu,1,Winter,Night (19-23),21.5,True,False
2025-10-10,BlueSky Air,Full-service,DEL-PNQ,DEL,PNQ,Tue,10,Post-Monsoon,Morning (08-11),2.4,False,False
2025-08-10,Metro Express,LCC,DEL-HYD,DEL,HYD,Fri,8,Monsoon,Morning (08-11),10.5,False,False
2025-11-24,BlueSky Air,Full-service,DEL-AMD,DEL,AMD,Sun,11,Post-Monsoon,Early Morning (05-08),3.8,False,False
2025-09-23,Coastal Wings,Regional/turboprop,BOM-GOI,BOM,GOI,Sat,9,Monsoon,Evening (15-19),8.0,False,False
2025-11-11,Skyline National,Full-service,MAA-CCU,MAA,CCU,Tue,11,Post-Monsoon,Night (19-23),7.5,False,False
2025-06-13,IndiFly,LCC,BOM-BLR,BOM,BLR,Fri,6,Summer,Afternoon (11-15),8.5,False,False
2025-07-28,IndiFly,LCC,DEL-AMD,DEL,AMD,Fri,7,Monsoon,Night (19-23),5.8,False,False
2025-07-18,IndiFly,LCC,DEL-PNQ,DEL,PNQ,Tue,7,Monsoon,Morning (08-11),4.9,False,False
2025-10-23,IndiFly,LCC,BOM-COK,BOM,COK,Fri,10,Post-Monsoon,Night (19-23),10.3,False,False
2025-12-27,BlueSky Air,Full-service,MAA-CCU,MAA,CCU,Sat,12,Winter,Early Morning (05-08),3.9,False,False
2025-01-07,IndiFly,LCC,BOM-BLR,BOM,BLR,Thu,1,Winter,Night (19-23),4.9,False,False
2025-04-28,Metro Express,LCC,COK-BOM,COK,BOM,Thu,4,Spring,Evening (15-19),18.0,True,False
2025-05-07,BlueSky Air,Full-service,DEL-AMD,DEL,AMD,Mon,5,Summer,Evening (15-19),2.7,False,False
2025-08-20,BlueSky Air,Full-service,BOM-BLR,BOM,BLR,Fri,8,Monsoon,Afternoon (11-15),4.2,False,False
2025-04-02,BlueSky Air,Full-service,BOM-GOI,BOM,GOI,Thu,4,Spring,Evening (15-19),19.9,True,False
2025-02-26,IndiFly,LCC,DEL-AMD,DEL,AMD,Mon,2,Winter,Morning (08-11),3.7,False,False
2025-06-26,Metro Express,LCC,BOM-GOI,BOM,GOI,Fri,6,Summer,Evening (15-19),16.3,True,False
2025-10-04,Metro Express,LCC,BLR-HYD,BLR,HYD,Sun,10,Post-Monsoon,Early Morning (05-08),2.7,False,False
2025-09-24,IndiFly,LCC,BOM-BLR,BOM,BLR,Fri,9,Monsoon,Early Morning (05-08),6.8,False,False
2025-09-17,Metro Express,LCC,BOM-GOI,BOM,GOI,Thu,9,Monsoon,Night (19-23),30.8,True,False
2025-05-04,Skyline National,Full-service,HYD-MAA,HYD,MAA,Fri,5,Summer,Evening (15-19),15.3,True,False
2025-05-15,BlueSky Air,Full-service,DEL-PNQ,DEL,PNQ,Wed,5,Summer,Early Morning (05-08),3.5,False,False
2025-10-11,BlueSky Air,Full-service,DEL-BOM,DEL,BOM,Wed,10,Post-Monsoon,Afternoon (11-15),9.0,False,False
2025-02-28,IndiFly,LCC,BOM-BLR,BOM,BLR,Fri,2,Winter,Morning (08-11),3.0,False,False
2025-09-01,IndiFly,LCC,DEL-CCU,DEL,CCU,Tue,9,Monsoon,Morning (08-11),6.6,False,False
2025-11-21,BlueSky Air,Full-service,DEL-BOM,DEL,BOM,Wed,11,Post-Monsoon,Afternoon (11-15),10.7,False,False
2025-04-27,BlueSky Air,Full-service,DEL-AMD,DEL,AMD,Sun,4,Spring,Evening (15-19),3.3,False,False
2025-08-23,Metro Express,LCC,BOM-COK,BOM,COK,Sun,8,Monsoon,Morning (08-11),14.8,False,False
2025-03-14,Metro Express,LCC,BOM-GOI,BOM,GOI,Thu,3,Spring,Evening (15-19),17.5,True,False
2025-04-25,Metro Express,LCC,DEL-BLR,DEL,BLR,Fri,4,Spring,Morning (08-11),14.5,False,False
2025-05-01,Skyline National,Full-service,BOM-GOI,BOM,GOI,Fri,5,Summer,Morning (08-11),5.2,False,False
2025-06-08,Metro Express,LCC,DEL-BOM,DEL,BOM,Thu,6,Summer,Morning (08-11),20.1,True,False
2025-11-15,IndiFly,LCC,DEL-BOM,DEL,BOM,Thu,11,Post-Monsoon,Early Morning (05-08),3.3,False,False
2025-07-11,IndiFly,LCC,DEL-BLR,DEL,BLR,Mon,7,Monsoon,Morning (08-11),5.0,False,False
2025-02-20,BlueSky Air,Full-service,DEL-BOM,DEL,BOM,Tue,2,Winter,Night (19-23),4.7,False,False
2025-05-04,Skyline National,Full-service,DEL-BOM,DEL,BOM,Wed,5,Summer,Evening (15-19),6.8,False,False
2025-07-28,IndiFly,LCC,DEL-HYD,DEL,HYD,Mon,7,Monsoon,Evening (15-19),4.1,False,False
2025-04-26,Coastal Wings,Regional/turboprop,DEL-CCU,DEL,CCU,Tue,4,Spring,Morning (08-11),4.6,False,False
2025-12-22,Coastal Wings,Regional/turboprop,DEL-BOM,DEL,BOM,Tue,12,Winter,Night (19-23),44.4,True,False
2025-11-16,Metro Express,LCC,DEL-BOM,DEL,BOM,Tue,11,Post-Monsoon,Evening (15-19),14.2,False,False
2025-06-23,IndiFly,LCC,HYD-MAA,HYD,MAA,Wed,6,Summer,Morning (08-11),11.8,False,False
2025-07-09,Metro Express,LCC,DEL-AMD,DEL,AMD,Wed,7,Monsoon,Evening (15-19),3.1,False,False
2025-09-20,Metro Express,LCC,DEL-BLR,DEL,BLR,Mon,9,Monsoon,Night (19-23),17.1,True,False
2025-05-27,Metro Express,LCC,DEL-PNQ,DEL,PNQ,Tue,5,Summer,Morning (08-11),12.9,False,False
2025-07-26,Coastal Wings,Regional/turboprop,DEL-AMD,DEL,AMD,Sat,7,Monsoon,Evening (15-19),9.6,False,False
2025-09-10,BlueSky Air,Full-service,DEL-PNQ,DEL,PNQ,Sat,9,Monsoon,Afternoon (11-15),4.2,False,False
2025-11-09,IndiFly,LCC,DEL-BOM,DEL,BOM,Fri,11,Post-Monsoon,Early Morning (05-08),5.6,False,False
2025-06-22,IndiFly,LCC,BOM-BLR,BOM,BLR,Wed,6,Summer,Evening (15-19),6.4,False,False
2025-11-21,Metro Express,LCC,DEL-BOM,DEL,BOM,Thu,11,Post-Monsoon,Early Morning (05-08),10.1,False,False
2025-08-05,BlueSky Air,Full-service,DEL-BLR,DEL,BLR,Wed,8,Monsoon,Morning (08-11),5.9,False,False
2025-05-27,Skyline National,Full-service,DEL-PNQ,DEL,PNQ,Sun,5,Summer,Early Morning (05-08),2.3,False,False
2025-12-25,IndiFly,LCC,HYD-MAA,HYD,MAA,Tue,12,Winter,Early Morning (05-08),3.7,False,False
2025-06-22,BlueSky Air,Full-service,DEL-BLR,DEL,BLR,Tue,6,Summer,Afternoon (11-15),4.1,False,False
2025-03-13,Coastal Wings,Regional/turboprop,BLR-HYD,BLR,HYD,Tue,3,Spring,Early Morning (05-08),4.3,False,False
2025-12-13,BlueSky Air,Full-service,DEL-GOI,DEL,GOI,Sun,12,Winter,Early Morning (05-08),15.4,True,False
2025-04-20,Metro Express,LCC,DEL-AMD,DEL,AMD,Tue,4,Spring,Evening (15-19),2.5,False,False
2025-08-18,Metro Express,LCC,BOM-GOI,BOM,GOI,Thu,8,Monsoon,Afternoon (11-15),6.5,False,False
2025-01-22,BlueSky Air,Full-service,BOM-GOI,BOM,GOI,Sun,1,Winter,Early Morning (05-08),5.7,False,False
2025-11-17,BlueSky Air,Full-service,MAA-CCU,MAA,CCU,Wed,11,Post-Monsoon,Afternoon (11-15),11.8,False,False
2025-07-06,Metro Express,LCC,BOM-BLR,BOM,BLR,Sat,7,Monsoon,Morning (08-11),0.0,False,True
2025-02-18,IndiFly,LCC,DEL-BLR,DEL,BLR,Sun,2,Winter,Evening (15-19),7.2,False,False
2025-01-22,IndiFly,LCC,DEL-CCU,DEL,CCU,Tue,1,Winter,Early Morning (05-08),15.3,True,False
2025-04-19,Skyline National,Full-service,HYD-MAA,HYD,MAA,Mon,4,Spring,Evening (15-19),23.5,True,False
2025-03-02,Coastal Wings,Regional/turboprop,DEL-BLR,DEL,BLR,Tue,3,Spring,Morning (08-11),18.8,True,False
2025-11-04,IndiFly,LCC,BOM-GOI,BOM,GOI,Fri,11,Post-Monsoon,Afternoon (11-15),3.3,False,False
2025-02-24,BlueSky Air,Full-service,BLR-COK,BLR,COK,Thu,2,Winter,Evening (15-19),7.8,False,False
2025-07-14,IndiFly,LCC,BOM-COK,BOM,COK,Sat,7,Monsoon,Afternoon (11-15),14.0,False,False
2025-03-23,Metro Express,LCC,DEL-HYD,DEL,HYD,Sat,3,Spring,Early Morning (05-08),4.4,False,False
2025-11-01,Skyline National,Full-service,DEL-BLR,DEL,BLR,Mon,11,Post-Monsoon,Evening (15-19),3.4,False,False
2025-10-02,IndiFly,LCC,DEL-BLR,DEL,BLR,Mon,10,Post-Monsoon,Night (19-23),8.7,False,False
2025-05-07,Skyline National,Full-service,DEL-AMD,DEL,AMD,Mon,5,Summer,Afternoon (11-15),2.4,False,False
2025-08-05,BlueSky Air,Full-service,DEL-BOM,DEL,BOM,Tue,8,Monsoon,Early Morning (05-08),9.6,False,False
2025-07-02,IndiFly,LCC,DEL-BOM,DEL,BOM,Thu,7,Monsoon,Afternoon (11-15),10.8,False,False
2025-02-09,Metro Express,LCC,BOM-COK,BOM,COK,Mon,2,Winter,Afternoon (11-15),2.2,False,False
2025-08-20,IndiFly,LCC,DEL-AMD,DEL,AMD,Sun,8,Monsoon,Night (19-23),9.3,False,False
2025-06-25,IndiFly,LCC,DEL-BOM,DEL,BOM,Thu,6,Summer,Morning (08-11),9.7,False,False
2025-06-15,Metro Express,LCC,DEL-HYD,DEL,HYD,Fri,6,Summer,Early Morning (05-08),4.2,False,False
2025-11-19,Metro Express,LCC,BLR-HYD,BLR,HYD,Sun,11,Post-Monsoon,Evening (15-19),4.7,False,False
2025-10-25,IndiFly,LCC,BLR-COK,BLR,COK,Fri,10,Post-Monsoon,Evening (15-19),8.7,False,False
2025-09-23,Coastal Wings,Regional/turboprop,DEL-CCU,DEL,CCU,Sun,9,Monsoon,Afternoon (11-15),3.9,False,False
2025-04-09,IndiFly,LCC,MAA-CCU,MAA,CCU,Tue,4,Spring,Early Morning (05-08),6.8,False,False
2025-01-05,Metro Express,LCC,DEL-BOM,DEL,BOM,Thu,1,Winter,Night (19-23),19.9,True,False
2025-12-03,BlueSky Air,Full-service,DEL-PNQ,DEL,PNQ,Thu,12,Winter,Morning (08-11),32.6,True,False
2025-03-03,Skyline National,Full-service,BOM-BLR,BOM,BLR,Thu,3,Spring,Night (19-23),4.3,False,False
2025-01-26,IndiFly,LCC,DEL-BOM,DEL,BOM,Sat,1,Winter,Night (19-23),0.0,False,True
2025-07-23,Skyline National,Full-service,BOM-GOI,BOM,GOI,Mon,7,Monsoon,Early Morning (05-08),17.6,True,False
2025-08-16,Metro Express,LCC,BOM-BLR,BOM,BLR,Tue,8,Monsoon,Early Morning (05-08),5.5,False,False
2025-11-28,Skyline National,Full-service,BLR-COK,BLR,COK,Thu,11,Post-Monsoon,Night (19-23),43.6,True,False
2025-07-16,IndiFly,LCC,BOM-BLR,BOM,BLR,Tue,7,Monsoon,Night (19-23),7.6,False,False
2025-07-17,IndiFly,LCC,DEL-HYD,DEL,HYD,Sat,7,Monsoon,Afternoon (11-15),6.1,False,False
2025-06-28,IndiFly,LCC,COK-BOM,COK,BOM,Fri,6,Summer,Night (19-23),9.9,False,False
2025-08-13,Metro Express,LCC,BOM-BLR,BOM,BLR,Fri,8,Monsoon,Afternoon (11-15),9.6,False,False
2025-10-12,Skyline National,Full-service,DEL-BLR,DEL,BLR,Mon,10,Post-Monsoon,Morning (08-11),12.8,False,False
2025-01-04,BlueSky Air,Full-service,BLR-HYD,BLR,HYD,Wed,1,Winter,Evening (15-19),1.6,False,False
2025-11-26,Coastal Wings,Regional/turboprop,DEL-AMD,DEL,AMD,Mon,11,Post-Monsoon,Morning (08-11),10.1,False,False
2025-01-21,BlueSky Air,Full-service,DEL-BOM,DEL,BOM,Wed,1,Winter,Afternoon (11-15),20.2,True,False
2025-12-12,BlueSky Air,Full-service,BOM-COK,BOM,COK,Sat,12,Winter,Evening (15-19),13.1,False,False
2025-11-27,IndiFly,LCC,BLR-HYD,BLR,HYD,Fri,11,Post-Monsoon,Evening (15-19),6.0,False,False
2025-12-14,IndiFly,LCC,BLR-HYD,BLR,HYD,Thu,12,Winter,Early Morning (05-08),14.4,False,False
2025-06-03,Coastal Wings,Regional/turboprop,DEL-CCU,DEL,CCU,Sat,6,Summer,Afternoon (11-15),5.0,False,False
2025-07-17,IndiFly,LCC,DEL-BLR,DEL,BLR,Mon,7,Monsoon,Evening (15-19),10.6,False,False
2025-05-23,IndiFly,LCC,BOM-GOI,BOM,GOI,Wed,5,Summer,Early Morning (05-08),4.7,False,False
2025-04-01,Metro Express,LCC,BLR-HYD,BLR,HYD,Fri,4,Spring,Afternoon (11-15),7.4,False,False
2025-12-10,IndiFly,LCC,DEL-CCU,DEL,CCU,Fri,12,Winter,Afternoon (11-15),12.9,False,False
2025-10-02,BlueSky Air,Full-service,DEL-CCU,DEL,CCU,Fri,10,Post-Monsoon,Morning (08-11),3.5,False,False
2025-04-04,Metro Express,LCC,COK-BOM,COK,BOM,Sun,4,Spring,Night (19-23),6.5,False,False
2025-08-13,Coastal Wings,Regional/turboprop,DEL-CCU,DEL,CCU,Thu,8,Monsoon,Morning (08-11),2.2,False,False
2025-05-15,Coastal Wings,Regional/turboprop,BLR-HYD,BLR,HYD,Thu,5,Summer,Morning (08-11),3.1,False,False
2025-06-25,Skyline National,Full-service,DEL-HYD,DEL,HYD,Mon,6,Summer,Afternoon (11-15),4.1,False,False
2025-11-05,IndiFly,LCC,DEL-HYD,DEL,HYD,Sat,11,Post-Monsoon,Afternoon (11-15),5.2,False,False
2025-11-01,BlueSky Air,Full-service,BOM-BLR,BOM,BLR,Wed,11,Post-Monsoon,Night (19-23),6.1,False,False
2025-07-10,Coastal Wings,Regional/turboprop,BOM-GOI,BOM,GOI,Fri,7,Monsoon,Afternoon (11-15),17.8,True,False
2025-04-07,IndiFly,LCC,DEL-CCU,DEL,CCU,Wed,4,Spring,Evening (15-19),8.5,False,False
2025-03-10,IndiFly,LCC,DEL-BLR,DEL,BLR,Sun,3,Spring,Night (19-23),18.3,True,False
2025-06-26,IndiFly,LCC,DEL-BLR,DEL,BLR,Tue,6,Summer,Morning (08-11),6.4,False,False
2025-02-04,Metro Express,LCC,DEL-PNQ,DEL,PNQ,Sat,2,Winter,Evening (15-19),3.3,False,False
2025-11-03,IndiFly,LCC,BOM-COK,BOM,COK,Sat,11,Post-Monsoon,Early Morning (05-08),6.5,False,False
2025-05-18,Skyline National,Full-service,BOM-GOI,BOM,GOI,Sat,5,Summer,Early Morning (05-08),2.5,False,False
2025-12-04,Skyline National,Full-service,HYD-MAA,HYD,MAA,Wed,12,Winter,Morning (08-11),6.2,False,False
2025-02-22,BlueSky Air,Full-service,DEL-PNQ,DEL,PNQ,Thu,2,Winter,Morning (08-11),5.1,False,False
2025-04-01,Skyline National,Full-service,DEL-BOM,DEL,BOM,Sun,4,Spring,Night (19-23),14.6,False,False
2025-07-11,IndiFly,LCC,BOM-COK,BOM,COK,Fri,7,Monsoon,Evening (15-19),5.9,False,False
2025-09-15,Skyline National,Full-service,BOM-COK,BOM,COK,Tue,9,Monsoon,Afternoon (11-15),8.9,False,False
2025-09-17,IndiFly,LCC,DEL-CCU,DEL,CCU,Mon,9,Monsoon,Early Morning (05-08),3.1,False,False
2025-12-21,BlueSky Air,Full-service,BOM-COK,BOM,COK,Sun,12,Winter,Evening (15-19),2.2,False,False
2025-09-03,Metro Express,LCC,DEL-BOM,DEL,BOM,Sun,9,Monsoon,Afternoon (11-15),16.7,True,False
2025-11-13,BlueSky Air,Full-service,BOM-GOI,BOM,GOI,Tue,11,Post-Monsoon,Early Morning (05-08),3.0,False,False
2025-09-02,IndiFly,LCC,DEL-CCU,DEL,CCU,Thu,9,Monsoon,Early Morning (05-08),12.2,False,False
2025-12-20,IndiFly,LCC,DEL-AMD,DEL,AMD,Wed,12,Winter,Night (19-23),20.2,True,False
2025-11-27,BlueSky Air,Full-service,BLR-HYD,BLR,HYD,Fri,11,Post-Monsoon,Afternoon (11-15),7.4,False,False
2025-12-08,IndiFly,LCC,BOM-COK,BOM,COK,Tue,12,Winter,Morning (08-11),5.4,False,False
2025-11-07,BlueSky Air,Full-service,BOM-BLR,BOM,BLR,Sat,11,Post-Monsoon,Afternoon (11-15),7.2,False,False
2025-09-16,BlueSky Air,Full-service,BOM-BLR,BOM,BLR,Wed,9,Monsoon,Morning (08-11),4.4,False,False
2025-11-28,BlueSky Air,Full-service,DEL-BOM,DEL,BOM,Sun,11,Post-Monsoon,Night (19-23),5.6,False,False
2025-01-06,BlueSky Air,Full-service,DEL-BLR,DEL,BLR,Thu,1,Winter,Afternoon (11-15),16.5,True,False
2025-11-06,BlueSky Air,Full-service,DEL-BOM,DEL,BOM,Fri,11,Post-Monsoon,Morning (08-11),4.5,False,False
2025-09-13,IndiFly,LCC,DEL-BLR,DEL,BLR,Wed,9,Monsoon,Evening (15-19),23.3,True,False
2025-01-18,IndiFly,LCC,DEL-BOM,DEL,BOM,Sat,1,Winter,Evening (15-19),9.0,False,False
2025-11-11,IndiFly,LCC,BLR-HYD,BLR,HYD,Thu,11,Post-Monsoon,Morning (08-11),2.4,False,False
2025-12-25,Metro Express,LCC,DEL-PNQ,DEL,PNQ,Wed,12,Winter,Night (19-23),26.0,True,False
2025-06-23,BlueSky Air,Full-service,DEL-BOM,DEL,BOM,Sat,6,Summer,Afternoon (11-15),3.9,False,False
2025-10-21,IndiFly,LCC,DEL-BLR,DEL,BLR,Sat,10,Post-Monsoon,Morning (08-11),6.4,False,False
2025-12-02,Skyline National,Full-service,DEL-BOM,DEL,BOM,Thu,12,Winter,Night (19-23),27.4,True,False
2025-08-23,Coastal Wings,Regional/turboprop,DEL-PNQ,DEL,PNQ,Thu,8,Monsoon,Night (19-23),10.4,False,False
2025-11-18,Skyline National,Full-service,DEL-BOM,DEL,BOM,Tue,11,Post-Monsoon,Morning (08-11),4.2,False,False
2025-11-02,BlueSky Air,Full-service,MAA-CCU,MAA,CCU,Mon,11,Post-Monsoon,Evening (15-19),8.1,False,False
2025-05-25,IndiFly,LCC,DEL-BOM,DEL,BOM,Tue,5,Summer,Early Morning (05-08),4.1,False,False
2025-06-15,Skyline National,Full-service,BOM-GOI,BOM,GOI,Tue,6,Summer,Morning (08-11),23.9,True,False
2025-06-15,Metro Express,LCC,BOM-GOI,BOM,GOI,Wed,6,Summer,Evening (15-19),12.3,False,False
2025-07-25,BlueSky Air,Full-service,DEL-BOM,DEL,BOM,Thu,7,Monsoon,Morning (08-11),4.0,False,False
2025-01-02,Metro Express,LCC,DEL-BOM,DEL,BOM,Mon,1,Winter,Early Morning (05-08),13.5,False,False
2025-03-19,Metro Express,LCC,BOM-GOI,BOM,GOI,Wed,3,Spring,Evening (15-19),7.8,False,False
2025-06-22,BlueSky Air,Full-service,DEL-HYD,DEL,HYD,Sat,6,Summer,Morning (08-11),10.4,False,False
2025-02-17,Skyline National,Full-service,BOM-COK,BOM,COK,Mon,2,Winter,Afternoon (11-15),10.7,False,False
2025-10-12,Skyline National,Full-service,BOM-BLR,BOM,BLR,Wed,10,Post-Monsoon,Afternoon (11-15),3.6,False,False
2025-11-05,BlueSky Air,Full-service,DEL-BLR,DEL,BLR,Wed,11,Post-Monsoon,Early Morning (05-08),7.3,False,False
2025-09-01,Metro Express,LCC,DEL-BOM,DEL,BOM,Sun,9,Monsoon,Early Morning (05-08),12.1,False,False
2025-07-02,IndiFly,LCC,DEL-PNQ,DEL,PNQ,Sun,7,Monsoon,Morning (08-11),7.7,False,False
2025-11-14,IndiFly,LCC,DEL-BLR,DEL,BLR,Fri,11,Post-Monsoon,Evening (15-19),7.6,False,False
2025-07-23,BlueSky Air,Full-service,BLR-HYD,BLR,HYD,Fri,7,Monsoon,Afternoon (11-15),2.7,False,False
2025-09-22,BlueSky Air,Full-service,DEL-BOM,DEL,BOM,Thu,9,Monsoon,Night (19-23),6.5,False,False
2025-04-03,BlueSky Air,Full-service,DEL-CCU,DEL,CCU,Sun,4,Spring,Evening (15-19),8.6,False,False
2025-12-02,BlueSky Air,Full-service,MAA-CCU,MAA,CCU,Sat,12,Winter,Evening (15-19),1.9,False,False
2025-05-02,Metro Express,LCC,MAA-CCU,MAA,CCU,Tue,5,Summer,Night (19-23),13.3,False,False
2025-06-19,Metro Express,LCC,DEL-CCU,DEL,CCU,Sun,6,Summer,Night (19-23),14.8,False,False
2025-08-28,IndiFly,LCC,BOM-GOI,BOM,GOI,Tue,8,Monsoon,Early Morning (05-08),11.0,False,False
2025-05-11,BlueSky Air,Full-service,BLR-HYD,BLR,HYD,Fri,5,Summer,Evening (15-19),2.8,False,False
2025-05-12,IndiFly,LCC,BLR-HYD,BLR,HYD,Wed,5,Summer,Night (19-23),5.8,False,False
2025-02-26,IndiFly,LCC,DEL-BLR,DEL,BLR,Wed,2,Winter,Afternoon (11-15),7.5,False,False
2025-02-15,BlueSky Air,Full-service,DEL-BLR,DEL,BLR,Wed,2,Winter,Evening (15-19),5.3,False,False
2025-05-07,Metro Express,LCC,DEL-PNQ,DEL,PNQ,Tue,5,Summer,Morning (08-11),6.1,False,False
2025-04-08,Skyline National,Full-service,DEL-HYD,DEL,HYD,Sat,4,Spring,Morning (08-11),4.7,False,False
2025-08-02,BlueSky Air,Full-service,DEL-CCU,DEL,CCU,Sun,8,Monsoon,Early Morning (05-08),2.8,False,False
2025-12-08,IndiFly,LCC,DEL-AMD,DEL,AMD,Wed,12,Winter,Night (19-23),15.2,True,False
2025-06-06,Skyline National,Full-service,BOM-BLR,BOM,BLR,Thu,6,Summer,Early Morning (05-08),11.3,False,False
2025-05-02,Metro Express,LCC,COK-BOM,COK,BOM,Wed,5,Summer,Night (19-23),7.7,False,False
2025-05-12,IndiFly,LCC,DEL-BOM,DEL,BOM,Sat,5,Summer,Afternoon (11-15),9.8,False,False
2025-09-16,IndiFly,LCC,BOM-BLR,BOM,BLR,Mon,9,Monsoon,Evening (15-19),6.4,False,False
2025-06-12,BlueSky Air,Full-service,DEL-BLR,DEL,BLR,Thu,6,Summer,Morning (08-11),4.5,False,False
2025-04-20,IndiFly,LCC,BOM-BLR,BOM,BLR,Fri,4,Spring,Evening (15-19),4.9,False,False
2025-12-12,IndiFly,LCC,MAA-CCU,MAA,CCU,Thu,12,Winter,Evening (15-19),3.4,False,False
2025-12-05,Metro Express,LCC,BOM-GOI,BOM,GOI,Thu,12,Winter,Evening (15-19),1.8,False,False
2025-06-01,IndiFly,LCC,COK-BOM,COK,BOM,Mon,6,Summer,Afternoon (11-15),17.6,True,False
2025-11-24,Metro Express,LCC,BLR-HYD,BLR,HYD,Mon,11,Post-Monsoon,Evening (15-19),5.3,False,False
2025-12-23,Metro Express,LCC,DEL-PNQ,DEL,PNQ,Tue,12,Winter,Early Morning (05-08),14.3,False,False
2025-10-16,Skyline National,Full-service,DEL-PNQ,DEL,PNQ,Sun,10,Post-Monsoon,Night (19-23),3.2,False,False
2025-03-27,Skyline National,Full-service,HYD-MAA,HYD,MAA,Mon,3,Spring,Night (19-23),3.3,False,False
2025-07-22,IndiFly,LCC,DEL-BLR,DEL,BLR,Sun,7,Monsoon,Night (19-23),5.6,False,False
2025-03-10,IndiFly,LCC,BOM-COK,BOM,COK,Tue,3,Spring,Early Morning (05-08),3.2,False,False
2025-03-15,IndiFly,LCC,DEL-BOM,DEL,BOM,Fri,3,Spring,Night (19-23),5.0,False,False
2025-11-19,BlueSky Air,Full-service,BOM-BLR,BOM,BLR,Sun,11,Post-Monsoon,Afternoon (11-15),2.7,False,False
2025-07-04,BlueSky Air,Full-service,BOM-COK,BOM,COK,Sat,7,Monsoon,Night (19-23),12.5,False,False
2025-09-25,Metro Express,LCC,DEL-BOM,DEL,BOM,Sun,9,Monsoon,Afternoon (11-15),8.3,False,False
2025-01-18,Metro Express,LCC,COK-BOM,COK,BOM,Tue,1,Winter,Early Morning (05-08),5.9,False,False
2025-01-05,Skyline National,Full-service,DEL-BLR,DEL,BLR,Thu,1,Winter,Night (19-23),26.4,True,False
2025-07-06,Coastal Wings,Regional/turboprop,BLR-HYD,BLR,HYD,Fri,7,Monsoon,Early Morning (05-08),4.2,False,False
2025-08-07,Metro Express,LCC,BOM-GOI,BOM,GOI,Fri,8,Monsoon,Evening (15-19),8.1,False,False
2025-09-28,IndiFly,LCC,DEL-BLR,DEL,BLR,Tue,9,Monsoon,Early Morning (05-08),6.2,False,False
2025-01-13,IndiFly,LCC,BOM-BLR,BOM,BLR,Tue,1,Winter,Afternoon (11-15),2.4,False,False
2025-01-24,Skyline National,Full-service,DEL-PNQ,DEL,PNQ,Sat,1,Winter,Early Morning (05-08),12.7,False,False
2025-06-13,Coastal Wings,Regional/turboprop,DEL-BLR,DEL,BLR,Thu,6,Summer,Evening (15-19),10.6,False,False
2025-12-21,BlueSky Air,Full-service,DEL-BLR,DEL,BLR,Wed,12,Winter,Early Morning (05-08),10.5,False,False
2025-06-18,Metro Express,LCC,DEL-BLR,DEL,BLR,Sun,6,Summer,Night (19-23),5.2,False,False
2025-10-03,Coastal Wings,Regional/turboprop,DEL-HYD,DEL,HYD,Sat,10,Post-Monsoon,Night (19-23),16.1,True,False
2025-09-23,Metro Express,LCC,BOM-BLR,BOM,BLR,Tue,9,Monsoon,Morning (08-11),3.7,False,False
2025-07-28,IndiFly,LCC,DEL-BOM,DEL,BOM,Mon,7,Monsoon,Afternoon (11-15),9.8,False,False
2025-08-24,Metro Express,LCC,BOM-GOI,BOM,GOI,Sat,8,Monsoon,Evening (15-19),7.8,False,False
2025-01-18,BlueSky Air,Full-service,MAA-CCU,MAA,CCU,Sat,1,Winter,Evening (15-19),6.7,False,False
2025-11-01,Skyline National,Full-service,MAA-CCU,MAA,CCU,Sat,11,Post-Monsoon,Early Morning (05-08),15.6,True,False
2025-05-21,Skyline National,Full-service,DEL-AMD,DEL,AMD,Mon,5,Summer,Evening (15-19),17.5,True,False
2025-02-05,IndiFly,LCC,BOM-BLR,BOM,BLR,Thu,2,Winter,Evening (15-19),6.8,False,False
2025-05-02,Skyline National,Full-service,DEL-GOI,DEL,GOI,Sat,5,Summer,Morning (08-11),5.9,False,False
2025-05-27,Metro Express,LCC,BOM-BLR,BOM,BLR,Sun,5,Summer,Morning (08-11),3.8,False,False
2025-12-08,Metro Express,LCC,MAA-CCU,MAA,CCU,Tue,12,Winter,Night (19-23),13.8,False,False
2025-04-16,Skyline National,Full-service,DEL-AMD,DEL,AMD,Mon,4,Spring,Morning (08-11),3.6,False,False
2025-07-18,Metro Express,LCC,MAA-CCU,MAA,CCU,Tue,7,Monsoon,Evening (15-19),1.9,False,False
2025-02-24,IndiFly,LCC,BLR-COK,BLR,COK,Tue,2,Winter,Early Morning (05-08),3.8,False,False
2025-08-18,IndiFly,LCC,DEL-HYD,DEL,HYD,Thu,8,Monsoon,Early Morning (05-08),5.5,False,False
2025-11-28,IndiFly,LCC,BOM-GOI,BOM,GOI,Tue,11,Post-Monsoon,Early Morning (05-08),5.1,False,False
2025-03-10,IndiFly,LCC,DEL-BOM,DEL,BOM,Sun,3,Spring,Night (19-23),10.1,False,False
2025-02-04,BlueSky Air,Full-service,DEL-GOI,DEL,GOI,Sat,2,Winter,Afternoon (11-15),4.3,False,False
2025-01-22,IndiFly,LCC,DEL-CCU,DEL,CCU,Sun,1,Winter,Evening (15-19),24.4,True,False
2025-01-10,Skyline National,Full-service,DEL-BLR,DEL,BLR,Fri,1,Winter,Evening (15-19),8.9,False,False
2025-11-28,IndiFly,LCC,BOM-GOI,BOM,GOI,Wed,11,Post-Monsoon,Evening (15-19),5.2,False,False
2025-08-18,Metro Express,LCC,DEL-CCU,DEL,CCU,Wed,8,Monsoon,Early Morning (05-08),5.7,False,False
2025-05-04,Skyline National,Full-service,BOM-COK,BOM,COK,Wed,5,Summer,Afternoon (11-15),5.1,False,False
2025-12-05,BlueSky Air,Full-service,DEL-BOM,DEL,BOM,Thu,12,Winter,Afternoon (11-15),15.9,True,False
2025-03-28,IndiFly,LCC,DEL-AMD,DEL,AMD,Sat,3,Spring,Afternoon (11-15),2.9,False,False
2025-07-04,IndiFly,LCC,DEL-BOM,DEL,BOM,Sat,7,Monsoon,Night (19-23),5.9,False,False
2025-02-28,Coastal Wings,Regional/turboprop,BOM-BLR,BOM,BLR,Sat,2,Winter,Early Morning (05-08),3.8,False,False
2025-12-02,IndiFly,LCC,DEL-BOM,DEL,BOM,Fri,12,Winter,Evening (15-19),0.0,False,True
2025-01-24,Metro Express,LCC,BLR-HYD,BLR,HYD,Fri,1,Winter,Afternoon (11-15),9.5,False,False
2025-02-22,Skyline National,Full-service,DEL-HYD,DEL,HYD,Mon,2,Winter,Night (19-23),12.1,False,False
2025-10-04,Skyline National,Full-service,DEL-PNQ,DEL,PNQ,Sun,10,Post-Monsoon,Evening (15-19),22.6,True,False
2025-10-15,IndiFly,LCC,BLR-HYD,BLR,HYD,Sat,10,Post-Monsoon,Early Morning (05-08),8.7,False,False
2025-05-24,Metro Express,LCC,MAA-CCU,MAA,CCU,Mon,5,Summer,Morning (08-11),8.4,False,False
2025-04-10,Skyline National,Full-service,BOM-BLR,BOM,BLR,Sat,4,Spring,Morning (08-11),2.5,False,False
2025-12-14,IndiFly,LCC,DEL-BLR,DEL,BLR,Sat,12,Winter,Afternoon (11-15),11.8,False,False
2025-03-19,Metro Express,LCC,BLR-COK,BLR,COK,Sat,3,Spring,Evening (15-19),15.1,True,False
2025-08-16,IndiFly,LCC,BLR-HYD,BLR,HYD,Thu,8,Monsoon,Evening (15-19),3.6,False,False
2025-09-23,IndiFly,LCC,BOM-GOI,BOM,GOI,Tue,9,Monsoon,Morning (08-11),5.6,False,False
2025-12-25,Skyline National,Full-service,DEL-BLR,DEL,BLR,Mon,12,Winter,Night (19-23),21.5,True,False
2025-07-21,Metro Express,LCC,DEL-PNQ,DEL,PNQ,Tue,7,Monsoon,Early Morning (05-08),6.0,False,False
2025-02-22,Skyline National,Full-service,BOM-BLR,BOM,BLR,Tue,2,Winter,Morning (08-11),22.7,True,False
2025-01-18,IndiFly,LCC,DEL-BOM,DEL,BOM,Wed,1,Winter,Early Morning (05-08),29.7,True,False
2025-01-25,Metro Express,LCC,BLR-HYD,BLR,HYD,Fri,1,Winter,Afternoon (11-15),20.8,True,False
2025-07-21,IndiFly,LCC,DEL-HYD,DEL,HYD,Thu,7,Monsoon,Afternoon (11-15),2.7,False,False
2025-11-20,Metro Express,LCC,DEL-GOI,DEL,GOI,Mon,11,Post-Monsoon,Afternoon (11-15),3.0,False,False
2025-09-27,IndiFly,LCC,DEL-AMD,DEL,AMD,Mon,9,Monsoon,Morning (08-11),5.4,False,False
2025-02-28,BlueSky Air,Full-service,BLR-HYD,BLR,HYD,Tue,2,Winter,Morning (08-11),3.8,False,False
2025-10-20,BlueSky Air,Full-service,BOM-COK,BOM,COK,Mon,10,Post-Monsoon,Afternoon (11-15),7.2,False,False
2025-04-14,Metro Express,LCC,COK-BOM,COK,BOM,Thu,4,Spring,Afternoon (11-15),10.3,False,False
2025-10-27,IndiFly,LCC,DEL-HYD,DEL,HYD,Sat,10,Post-Monsoon,Early Morning (05-08),3.2,False,False
2025-11-26,Metro Express,LCC,BLR-COK,BLR,COK,Mon,11,Post-Monsoon,Morning (08-11),2.4,False,False
2025-03-20,Coastal Wings,Regional/turboprop,MAA-CCU,MAA,CCU,Wed,3,Spring,Early Morning (05-08),7.1,False,False
2025-01-07,Skyline National,Full-service,DEL-GOI,DEL,GOI,Thu,1,Winter,Afternoon (11-15),16.6,True,False
2025-06-03,Skyline National,Full-service,BLR-HYD,BLR,HYD,Wed,6,Summer,Morning (08-11),9.5,False,False
2025-08-01,IndiFly,LCC,DEL-GOI,DEL,GOI,Fri,8,Monsoon,Early Morning (05-08),20.4,True,False
2025-02-01,Metro Express,LCC,MAA-CCU,MAA,CCU,Tue,2,Winter,Evening (15-19),3.2,False,False
2025-10-22,Skyline National,Full-service,DEL-HYD,DEL,HYD,Fri,10,Post-Monsoon,Early Morning (05-08),6.3,False,False
2025-07-13,Skyline National,Full-service,BOM-BLR,BOM,BLR,Mon,7,Monsoon,Afternoon (11-15),7.6,False,False
2025-04-26,Skyline National,Full-service,DEL-BOM,DEL,BOM,Fri,4,Spring,Morning (08-11),11.6,False,False
2025-03-05,IndiFly,LCC,BLR-COK,BLR,COK,Sat,3,Spring,Early Morning (05-08),4.8,False,False
2025-05-25,Metro Express,LCC,DEL-BOM,DEL,BOM,Sat,5,Summer,Evening (15-19),7.9,False,False
2025-07-12,BlueSky Air,Full-service,MAA-CCU,MAA,CCU,Sat,7,Monsoon,Morning (08-11),4.8,False,False
2025-10-19,Skyline National,Full-service,COK-BOM,COK,BOM,Tue,10,Post-Monsoon,Night (19-23),14.7,False,False
2025-02-18,IndiFly,LCC,BOM-COK,BOM,COK,Mon,2,Winter,Early Morning (05-08),6.0,False,False
2025-05-08,Skyline National,Full-service,BOM-BLR,BOM,BLR,Sat,5,Summer,Evening (15-19),4.5,False,False
2025-11-02,IndiFly,LCC,BLR-HYD,BLR,HYD,Fri,11,Post-Monsoon,Night (19-23),2.2,False,False
2025-05-15,Skyline National,Full-service,BOM-GOI,BOM,GOI,Thu,5,Summer,Evening (15-19),2.9,False,False
2025-01-06,IndiFly,LCC,DEL-CCU,DEL,CCU,Wed,1,Winter,Night (19-23),23.6,True,False
2025-03-04,Skyline National,Full-service,COK-BOM,COK,BOM,Sun,3,Spring,Night (19-23),9.0,False,False
2025-02-01,Coastal Wings,Regional/turboprop,DEL-HYD,DEL,HYD,Thu,2,Winter,Night (19-23),9.4,False,False
2025-12-10,Metro Express,LCC,DEL-AMD,DEL,AMD,Tue,12,Winter,Evening (15-19),16.1,True,False
2025-05-24,Skyline National,Full-service,BOM-COK,BOM,COK,Wed,5,Summer,Evening (15-19),2.0,False,False
2025-04-24,Metro Express,LCC,DEL-CCU,DEL,CCU,Wed,4,Spring,Morning (08-11),14.8,False,False
2025-01-05,IndiFly,LCC,DEL-CCU,DEL,CCU,Fri,1,Winter,Evening (15-19),22.7,True,False
2025-04-01,Skyline National,Full-service,BOM-BLR,BOM,BLR,Thu,4,Spring,Early Morning (05-08),4.2,False,False
2025-06-02,Metro Express,LCC,DEL-BOM,DEL,BOM,Fri,6,Summer,Evening (15-19),14.1,False,False
2025-06-03,Coastal Wings,Regional/turboprop,BOM-BLR,BOM,BLR,Tue,6,Summer,Evening (15-19),4.0,False,False
2025-09-07,Metro Express,LCC,BLR-HYD,BLR,HYD,Tue,9,Monsoon,Evening (15-19),9.9,False,False
2025-03-12,BlueSky Air,Full-service,DEL-AMD,DEL,AMD,Mon,3,Spring,Afternoon (11-15),3.3,False,False
2025-08-17,BlueSky Air,Full-service,DEL-PNQ,DEL,PNQ,Thu,8,Monsoon,Afternoon (11-15),2.4,False,False
2025-11-21,Metro Express,LCC,DEL-PNQ,DEL,PNQ,Sun,11,Post-Monsoon,Morning (08-11),2.7,False,False
2025-02-09,IndiFly,LCC,HYD-MAA,HYD,MAA,Tue,2,Winter,Night (19-23),7.3,False,False
2025-12-08,Skyline National,Full-service,DEL-PNQ,DEL,PNQ,Tue,12,Winter,Evening (15-19),22.9,True,False
2025-12-09,Skyline National,Full-service,DEL-BLR,DEL,BLR,Sat,12,Winter,Morning (08-11),14.3,False,False
2025-04-02,Metro Express,LCC,BOM-GOI,BOM,GOI,Sun,4,Spring,Morning (08-11),4.0,False,False
2025-02-20,Metro Express,LCC,DEL-BLR,DEL,BLR,Thu,2,Winter,Morning (08-11),5.4,False,False
2025-10-21,Skyline National,Full-service,DEL-AMD,DEL,AMD,Thu,10,Post-Monsoon,Night (19-23),8.3,False,False
2025-07-11,BlueSky Air,Full-service,BOM-GOI,BOM,GOI,Wed,7,Monsoon,Early Morning (05-08),10.2,False,False
2025-11-01,Skyline National,Full-service,BOM-GOI,BOM,GOI,Sun,11,Post-Monsoon,Early Morning (05-08),8.7,False,False
2025-07-11,Skyline National,Full-service,BOM-COK,BOM,COK,Tue,7,Monsoon,Afternoon (11-15),10.8,False,False
2025-05-19,IndiFly,LCC,DEL-BLR,DEL,BLR,Sat,5,Summer,Night (19-23),18.2,True,False
2025-06-08,Metro Express,LCC,BOM-COK,BOM,COK,Thu,6,Summer,Evening (15-19),25.9,True,False
2025-05-16,IndiFly,LCC,DEL-BLR,DEL,BLR,Sun,5,Summer,Morning (08-11),6.7,False,False
2025-01-03,BlueSky Air,Full-service,BLR-HYD,BLR,HYD,Fri,1,Winter,Evening (15-19),5.2,False,False
2025-05-28,IndiFly,LCC,DEL-HYD,DEL,HYD,Tue,5,Summer,Afternoon (11-15),5.2,False,False
2025-06-25,Metro Express,LCC,DEL-BOM,DEL,BOM,Sat,6,Summer,Afternoon (11-15),5.9,False,False
2025-10-20,IndiFly,LCC,DEL-BOM,DEL,BOM,Sat,10,Post-Monsoon,Evening (15-19),6.2,False,False
2025-10-25,Skyline National,Full-service,DEL-BOM,DEL,BOM,Wed,10,Post-Monsoon,Night (19-23),11.5,False,False
2025-12-21,Metro Express,LCC,DEL-HYD,DEL,HYD,Fri,12,Winter,Evening (15-19),22.8,True,False
2025-11-06,Skyline National,Full-service,DEL-BLR,DEL,BLR,Thu,11,Post-Monsoon,Early Morning (05-08),6.0,False,False
2025-08-26,Metro Express,LCC,BOM-GOI,BOM,GOI,Fri,8,Monsoon,Early Morning (05-08),0.0,False,True
2025-02-19,BlueSky Air,Full-service,DEL-BLR,DEL,BLR,Sat,2,Winter,Night (19-23),5.9,False,False
2025-12-22,IndiFly,LCC,DEL-BLR,DEL,BLR,Sat,12,Winter,Morning (08-11),24.5,True,False
2025-12-03,Coastal Wings,Regional/turboprop,DEL-BLR,DEL,BLR,Fri,12,Winter,Early Morning (05-08),24.6,True,False
2025-09-14,Metro Express,LCC,BLR-COK,BLR,COK,Thu,9,Monsoon,Early Morning (05-08),8.9,False,False
2025-04-11,Metro Express,LCC,DEL-AMD,DEL,AMD,Tue,4,Spring,Afternoon (11-15),2.7,False,False
2025-04-25,IndiFly,LCC,BLR-HYD,BLR,HYD,Thu,4,Spring,Morning (08-11),3.9,False,False
2025-02-03,Skyline National,Full-service,DEL-PNQ,DEL,PNQ,Wed,2,Winter,Night (19-23),9.9,False,False
2025-10-11,IndiFly,LCC,DEL-BOM,DEL,BOM,Mon,10,Post-Monsoon,Afternoon (11-15),16.3,True,False
2025-11-14,IndiFly,LCC,BOM-GOI,BOM,GOI,Sat,11,Post-Monsoon,Evening (15-19),2.7,False,False
2025-04-07,IndiFly,LCC,DEL-BLR,DEL,BLR,Thu,4,Spring,Night (19-23),4.2,False,False
2025-04-23,IndiFly,LCC,BOM-BLR,BOM,BLR,Sat,4,Spring,Evening (15-19),5.4,False,False
2025-02-10,Metro Express,LCC,MAA-CCU,MAA,CCU,Fri,2,Winter,Afternoon (11-15),9.8,False,False
2025-04-04,BlueSky Air,Full-service,BOM-GOI,BOM,GOI,Sat,4,Spring,Night (19-23),1.8,False,False
2025-03-02,IndiFly,LCC,DEL-CCU,DEL,CCU,Mon,3,Spring,Night (19-23),5.5,False,False
2025-08-20,IndiFly,LCC,DEL-HYD,DEL,HYD,Fri,8,Monsoon,Afternoon (11-15),17.0,True,False
2025-05-22,Metro Express,LCC,DEL-HYD,DEL,HYD,Wed,5,Summer,Evening (15-19),3.9,False,False
2025-07-28,IndiFly,LCC,DEL-BOM,DEL,BOM,Thu,7,Monsoon,Evening (15-19),10.0,False,False
2025-03-28,BlueSky Air,Full-service,DEL-BOM,DEL,BOM,Fri,3,Spring,Morning (08-11),7.7,False,False
2025-05-15,IndiFly,LCC,DEL-PNQ,DEL,PNQ,Wed,5,Summer,Night (19-23),12.3,False,False
2025-09-06,Metro Express,LCC,DEL-AMD,DEL,AMD,Mon,9,Monsoon,Afternoon (11-15),15.7,True,False
2025-01-07,IndiFly,LCC,DEL-BOM,DEL,BOM,Fri,1,Winter,Early Morning (05-08),25.7,True,False
2025-06-01,Skyline National,Full-service,DEL-BOM,DEL,BOM,Sun,6,Summer,Evening (15-19),20.7,True,False
2025-07-03,Coastal Wings,Regional/turboprop,BOM-GOI,BOM,GOI,Thu,7,Monsoon,Afternoon (11-15),0.0,False,True
2025-12-09,Coastal Wings,Regional/turboprop,DEL-AMD,DEL,AMD,Sun,12,Winter,Afternoon (11-15),6.9,False,False
2025-05-19,IndiFly,LCC,HYD-MAA,HYD,MAA,Wed,5,Summer,Evening (15-19),14.2,False,False
2025-10-24,IndiFly,LCC,DEL-AMD,DEL,AMD,Mon,10,Post-Monsoon,Afternoon (11-15),20.1,True,False
2025-02-08,BlueSky Air,Full-service,BOM-COK,BOM,COK,Thu,2,Winter,Morning (08-11),4.8,False,False
2025-06-19,BlueSky Air,Full-service,DEL-BOM,DEL,BOM,Wed,6,Summer,Afternoon (11-15),4.4,False,False
2025-02-14,Coastal Wings,Regional/turboprop,COK-BOM,COK,BOM,Sun,2,Winter,Afternoon (11-15),4.1,False,False
2025-05-12,Metro Express,LCC,DEL-BLR,DEL,BLR,Sat,5,Summer,Night (19-23),5.1,False,False
2025-10-14,IndiFly,LCC,DEL-BOM,DEL,BOM,Mon,10,Post-Monsoon,Night (19-23),7.4,False,False
2025-06-08,Coastal Wings,Regional/turboprop,DEL-PNQ,DEL,PNQ,Tue,6,Summer,Evening (15-19),6.6,False,False
2025-09-18,Metro Express,LCC,HYD-MAA,HYD,MAA,Sat,9,Monsoon,Night (19-23),14.4,False,False
2025-10-16,IndiFly,LCC,DEL-PNQ,DEL,PNQ,Mon,10,Post-Monsoon,Morning (08-11),4.0,False,False
2025-11-13,Metro Express,LCC,HYD-MAA,HYD,MAA,Fri,11,Post-Monsoon,Evening (15-19),3.3,False,False
2025-08-25,Skyline National,Full-service,BOM-COK,BOM,COK,Sun,8,Monsoon,Evening (15-19),17.3,True,False
2025-07-16,BlueSky Air,Full-service,DEL-AMD,DEL,AMD,Thu,7,Monsoon,Evening (15-19),8.4,False,False
2025-06-22,IndiFly,LCC,BOM-GOI,BOM,GOI,Fri,6,Summer,Night (19-23),7.1,False,False
2025-01-26,IndiFly,LCC,DEL-CCU,DEL,CCU,Fri,1,Winter,Evening (15-19),15.2,True,False
2025-04-20,BlueSky Air,Full-service,BOM-GOI,BOM,GOI,Sat,4,Spring,Night (19-23),7.3,False,False
2025-02-05,Metro Express,LCC,DEL-BLR,DEL,BLR,Mon,2,Winter,Morning (08-11),8.6,False,False
2025-04-23,BlueSky Air,Full-service,BOM-GOI,BOM,GOI,Mon,4,Spring,Afternoon (11-15),5.6,False,False
2025-12-19,IndiFly,LCC,BLR-COK,BLR,COK,Wed,12,Winter,Evening (15-19),2.5,False,False
2025-04-23,BlueSky Air,Full-service,DEL-CCU,DEL,CCU,Sun,4,Spring,Evening (15-19),0.0,False,True
2025-06-10,Coastal Wings,Regional/turboprop,BOM-GOI,BOM,GOI,Sat,6,Summer,Evening (15-19),34.2,True,False
2025-12-19,Metro Express,LCC,DEL-BOM,DEL,BOM,Wed,12,Winter,Evening (15-19),10.5,False,False
2025-05-09,Skyline National,Full-service,DEL-HYD,DEL,HYD,Mon,5,Summer,Night (19-23),15.1,True,False
2025-08-02,BlueSky Air,Full-service,DEL-CCU,DEL,CCU,Mon,8,Monsoon,Night (19-23),2.6,False,False
2025-02-16,Metro Express,LCC,DEL-CCU,DEL,CCU,Sun,2,Winter,Afternoon (11-15),3.3,False,False
2025-12-02,Coastal Wings,Regional/turboprop,DEL-BLR,DEL,BLR,Fri,12,Winter,Afternoon (11-15),8.6,False,False
2025-05-17,Metro Express,LCC,DEL-AMD,DEL,AMD,Mon,5,Summer,Night (19-23),3.2,False,False
2025-07-15,Coastal Wings,Regional/turboprop,DEL-BOM,DEL,BOM,Fri,7,Monsoon,Night (19-23),8.3,False,False
2025-03-08,BlueSky Air,Full-service,COK-BOM,COK,BOM,Fri,3,Spring,Evening (15-19),14.3,False,False
2025-05-10,Metro Express,LCC,BOM-BLR,BOM,BLR,Thu,5,Summer,Night (19-23),4.5,False,False
2025-01-11,IndiFly,LCC,BOM-COK,BOM,COK,Tue,1,Winter,Afternoon (11-15),12.3,False,False
2025-05-06,Skyline National,Full-service,BLR-HYD,BLR,HYD,Fri,5,Summer,Evening (15-19),6.7,False,False
2025-02-01,Coastal Wings,Regional/turboprop,BOM-GOI,BOM,GOI,Sat,2,Winter,Afternoon (11-15),3.8,False,False
2025-06-19,Coastal Wings,Regional/turboprop,DEL-PNQ,DEL,PNQ,Mon,6,Summer,Night (19-23),22.6,True,False
2025-05-19,Metro Express,LCC,DEL-BOM,DEL,BOM,Wed,5,Summer,Evening (15-19),8.7,False,False
2025-03-18,IndiFly,LCC,BOM-GOI,BOM,GOI,Wed,3,Spring,Early Morning (05-08),11.8,False,False
2025-11-06,IndiFly,LCC,DEL-CCU,DEL,CCU,Mon,11,Post-Monsoon,Night (19-23),11.5,False,False
2025-02-21,IndiFly,LCC,BOM-BLR,BOM,BLR,Sat,2,Winter,Morning (08-11),8.3,False,False
2025-02-10,IndiFly,LCC,HYD-MAA,HYD,MAA,Wed,2,Winter,Night (19-23),5.7,False,False
2025-04-01,IndiFly,LCC,MAA-CCU,MAA,CCU,Mon,4,Spring,Early Morning (05-08),2.7,False,False
2025-04-15,Metro Express,LCC,DEL-BOM,DEL,BOM,Sat,4,Spring,Afternoon (11-15),13.9,False,False
2025-10-05,Metro Express,LCC,DEL-AMD,DEL,AMD,Sat,10,Post-Monsoon,Early Morning (05-08),6.5,False,False
2025-05-19,IndiFly,LCC,DEL-BOM,DEL,BOM,Thu,5,Summer,Morning (08-11),8.6,False,False
2025-11-19,BlueSky Air,Full-service,BOM-BLR,BOM,BLR,Thu,11,Post-Monsoon,Evening (15-19),4.3,False,False
2025-05-20,Skyline National,Full-service,DEL-AMD,DEL,AMD,Fri,5,Summer,Morning (08-11),3.4,False,False
2025-01-02,IndiFly,LCC,DEL-HYD,DEL,HYD,Thu,1,Winter,Early Morning (05-08),17.2,True,False
2025-01-04,Metro Express,LCC,DEL-BLR,DEL,BLR,Mon,1,Winter,Early Morning (05-08),55.3,True,False
2025-06-19,IndiFly,LCC,BLR-COK,BLR,COK,Sat,6,Summer,Morning (08-11),11.4,False,False
2025-02-14,IndiFly,LCC,DEL-BOM,DEL,BOM,Thu,2,Winter,Evening (15-19),11.5,False,False
2025-10-16,Metro Express,LCC,COK-BOM,COK,BOM,Mon,10,Post-Monsoon,Afternoon (11-15),2.9,False,False
2025-02-04,BlueSky Air,Full-service,COK-BOM,COK,BOM,Wed,2,Winter,Afternoon (11-15),6.4,False,False
2025-09-13,Metro Express,LCC,DEL-HYD,DEL,HYD,Mon,9,Monsoon,Early Morning (05-08),4.9,False,False
2025-09-18,BlueSky Air,Full-service,BOM-BLR,BOM,BLR,Sat,9,Monsoon,Night (19-23),12.0,False,False
2025-08-21,Metro Express,LCC,DEL-PNQ,DEL,PNQ,Fri,8,Monsoon,Afternoon (11-15),2.4,False,False
2025-08-17,IndiFly,LCC,COK-BOM,COK,BOM,Wed,8,Monsoon,Evening (15-19),32.6,True,False
2025-10-27,Metro Express,LCC,DEL-BLR,DEL,BLR,Tue,10,Post-Monsoon,Afternoon (11-15),7.2,False,False
2025-12-15,BlueSky Air,Full-service,DEL-PNQ,DEL,PNQ,Mon,12,Winter,Early Morning (05-08),20.1,True,False
2025-08-15,BlueSky Air,Full-service,BOM-BLR,BOM,BLR,Wed,8,Monsoon,Afternoon (11-15),5.0,False,False
2025-04-23,BlueSky Air,Full-service,BOM-GOI,BOM,GOI,Tue,4,Spring,Evening (15-19),8.4,False,False
2025-07-16,Skyline National,Full-service,DEL-BOM,DEL,BOM,Wed,7,Monsoon,Night (19-23),4.7,False,False
2025-06-11,BlueSky Air,Full-service,MAA-CCU,MAA,CCU,Sat,6,Summer,Afternoon (11-15),4.5,False,False
2025-08-15,BlueSky Air,Full-service,BLR-HYD,BLR,HYD,Sat,8,Monsoon,Early Morning (05-08),2.9,False,False
2025-02-16,IndiFly,LCC,HYD-MAA,HYD,MAA,Tue,2,Winter,Early Morning (05-08),4.8,False,False
2025-11-18,IndiFly,LCC,DEL-BLR,DEL,BLR,Wed,11,Post-Monsoon,Morning (08-11),10.3,False,False
2025-11-06,Metro Express,LCC,BOM-COK,BOM,COK,Wed,11,Post-Monsoon,Night (19-23),3.2,False,False
2025-11-13,Metro Express,LCC,BOM-BLR,BOM,BLR,Wed,11,Post-Monsoon,Night (19-23),22.1,True,False
2025-03-26,Metro Express,LCC,BOM-GOI,BOM,GOI,Tue,3,Spring,Early Morning (05-08),0.0,False,True
2025-01-15,IndiFly,LCC,DEL-CCU,DEL,CCU,Tue,1,Winter,Morning (08-11),36.2,True,False
2025-04-15,BlueSky Air,Full-service,BOM-GOI,BOM,GOI,Tue,4,Spring,Morning (08-11),2.1,False,False
2025-07-24,IndiFly,LCC,DEL-CCU,DEL,CCU,Sun,7,Monsoon,Night (19-23),4.2,False,False
2025-01-13,IndiFly,LCC,BLR-HYD,BLR,HYD,Fri,1,Winter,Morning (08-11),7.7,False,False
2025-05-09,Metro Express,LCC,DEL-CCU,DEL,CCU,Sat,5,Summer,Morning (08-11),4.0,False,False
2025-01-26,IndiFly,LCC,COK-BOM,COK,BOM,Mon,1,Winter,Evening (15-19),8.8,False,False
2025-07-05,IndiFly,LCC,DEL-GOI,DEL,GOI,Tue,7,Monsoon,Night (19-23),17.6,True,False
2025-03-19,BlueSky Air,Full-service,BOM-GOI,BOM,GOI,Thu,3,Spring,Early Morning (05-08),4.8,False,False
2025-05-06,IndiFly,LCC,DEL-PNQ,DEL,PNQ,Tue,5,Summer,Early Morning (05-08),15.0,False,False
2025-08-15,Skyline National,Full-service,DEL-BOM,DEL,BOM,Tue,8,Monsoon,Early Morning (05-08),8.4,False,False
2025-09-19,BlueSky Air,Full-service,BOM-BLR,BOM,BLR,Tue,9,Monsoon,Evening (15-19),6.1,False,False
2025-07-23,Metro Express,LCC,DEL-BOM,DEL,BOM,Sat,7,Monsoon,Afternoon (11-15),5.3,False,False
2025-04-02,IndiFly,LCC,DEL-BOM,DEL,BOM,Sat,4,Spring,Morning (08-11),10.9,False,False
2025-03-05,Metro Express,LCC,BOM-BLR,BOM,BLR,Tue,3,Spring,Afternoon (11-15),5.6,False,False
2025-04-21,Skyline National,Full-service,DEL-HYD,DEL,HYD,Tue,4,Spring,Morning (08-11),8.1,False,False
2025-02-23,Metro Express,LCC,BOM-BLR,BOM,BLR,Tue,2,Winter,Afternoon (11-15),6.4,False,False
2025-04-07,Metro Express,LCC,BOM-GOI,BOM,GOI,Sat,4,Spring,Afternoon (11-15),7.2,False,False
2025-12-13,IndiFly,LCC,DEL-HYD,DEL,HYD,Fri,12,Winter,Night (19-23),13.1,False,False
2025-10-24,Metro Express,LCC,BOM-BLR,BOM,BLR,Mon,10,Post-Monsoon,Evening (15-19),5.2,False,False
2025-08-02,IndiFly,LCC,DEL-AMD,DEL,AMD,Wed,8,Monsoon,Early Morning (05-08),4.2,False,False
2025-03-25,IndiFly,LCC,BOM-GOI,BOM,GOI,Wed,3,Spring,Morning (08-11),3.6,False,False
2025-06-28,Metro Express,LCC,BOM-BLR,BOM,BLR,Mon,6,Summer,Early Morning (05-08),8.4,False,False
2025-03-22,Metro Express,LCC,DEL-BLR,DEL,BLR,Thu,3,Spring,Afternoon (11-15),3.6,False,False
2025-10-03,BlueSky Air,Full-service,DEL-BLR,DEL,BLR,Thu,10,Post-Monsoon,Afternoon (11-15),3.3,False,False
2025-02-18,Metro Express,LCC,DEL-CCU,DEL,CCU,Thu,2,Winter,Morning (08-11),24.1,True,False
2025-08-06,Metro Express,LCC,DEL-HYD,DEL,HYD,Tue,8,Monsoon,Evening (15-19),32.5,True,False
2025-04-14,Skyline National,Full-service,BOM-GOI,BOM,GOI,Thu,4,Spring,Early Morning (05-08),7.4,False,False
2025-12-27,IndiFly,LCC,BOM-GOI,BOM,GOI,Sun,12,Winter,Early Morning (05-08),5.6,False,False
2025-03-28,Metro Express,LCC,BOM-COK,BOM,COK,Thu,3,Spring,Afternoon (11-15),6.2,False,False
2025-06-14,Coastal Wings,Regional/turboprop,BOM-GOI,BOM,GOI,Wed,6,Summer,Morning (08-11),3.6,False,False
2025-01-20,Skyline National,Full-service,BOM-BLR,BOM,BLR,Tue,1,Winter,Afternoon (11-15),4.3,False,False
2025-04-26,IndiFly,LCC,DEL-AMD,DEL,AMD,Thu,4,Spring,Morning (08-11),7.3,False,False
2025-12-17,BlueSky Air,Full-service,HYD-MAA,HYD,MAA,Fri,12,Winter,Morning (08-11),5.3,False,False
2025-10-08,Metro Express,LCC,COK-BOM,COK,BOM,Sat,10,Post-Monsoon,Evening (15-19),4.7,False,False
2025-05-01,Coastal Wings,Regional/turboprop,DEL-BLR,DEL,BLR,Sat,5,Summer,Afternoon (11-15),21.6,True,False
2025-09-04,BlueSky Air,Full-service,BOM-BLR,BOM,BLR,Sat,9,Monsoon,Night (19-23),5.8,False,False
2025-01-20,BlueSky Air,Full-service,BOM-GOI,BOM,GOI,Fri,1,Winter,Afternoon (11-15),3.0,False,False
2025-05-11,IndiFly,LCC,BOM-BLR,BOM,BLR,Sun,5,Summer,Early Morning (05-08),5.7,False,False
2025-12-23,Metro Express,LCC,DEL-PNQ,DEL,PNQ,Sat,12,Winter,Evening (15-19),7.0,False,False
2025-02-13,IndiFly,LCC,DEL-BOM,DEL,BOM,Fri,2,Winter,Night (19-23),5.2,False,False
2025-02-03,Skyline National,Full-service,DEL-BLR,DEL,BLR,Sat,2,Winter,Evening (15-19),6.2,False,False
2025-07-06,IndiFly,LCC,DEL-BOM,DEL,BOM,Sun,7,Monsoon,Night (19-23),26.2,True,False
2025-07-27,IndiFly,LCC,DEL-CCU,DEL,CCU,Sat,7,Monsoon,Early Morning (05-08),10.5,False,False
2025-07-13,Skyline National,Full-service,BOM-COK,BOM,COK,Sat,7,Monsoon,Morning (08-11),13.7,False,False
2025-10-04,Metro Express,LCC,DEL-BLR,DEL,BLR,Fri,10,Post-Monsoon,Evening (15-19),10.4,False,False
2025-07-07,Metro Express,LCC,DEL-BOM,DEL,BOM,Thu,7,Monsoon,Afternoon (11-15),13.4,False,False
2025-08-24,Skyline National,Full-service,BLR-COK,BLR,COK,Sun,8,Monsoon,Afternoon (11-15),10.9,False,False
2025-07-02,Skyline National,Full-service,DEL-CCU,DEL,CCU,Sat,7,Monsoon,Early Morning (05-08),3.5,False,False
2025-06-22,BlueSky Air,Full-service,DEL-PNQ,DEL,PNQ,Mon,6,Summer,Night (19-23),4.0,False,False
2025-03-10,IndiFly,LCC,DEL-AMD,DEL,AMD,Fri,3,Spring,Early Morning (05-08),5.0,False,False
2025-12-09,Metro Express,LCC,BLR-HYD,BLR,HYD,Tue,12,Winter,Early Morning (05-08),2.2,False,False
2025-12-26,Coastal Wings,Regional/turboprop,DEL-BOM,DEL,BOM,Fri,12,Winter,Night (19-23),22.6,True,False
2025-08-07,IndiFly,LCC,DEL-BLR,DEL,BLR,Mon,8,Monsoon,Afternoon (11-15),3.3,False,False
2025-09-11,Metro Express,LCC,DEL-BLR,DEL,BLR,Mon,9,Monsoon,Afternoon (11-15),4.5,False,False
2025-06-03,IndiFly,LCC,DEL-BLR,DEL,BLR,Tue,6,Summer,Morning (08-11),5.7,False,False
2025-12-15,IndiFly,LCC,DEL-BLR,DEL,BLR,Mon,12,Winter,Evening (15-19),8.3,False,False
2025-11-21,Coastal Wings,Regional/turboprop,DEL-BLR,DEL,BLR,Fri,11,Post-Monsoon,Night (19-23),4.9,False,False
2025-03-23,Metro Express,LCC,DEL-CCU,DEL,CCU,Sat,3,Spring,Early Morning (05-08),5.5,False,False
2025-05-11,BlueSky Air,Full-service,COK-BOM,COK,BOM,Sun,5,Summer,Afternoon (11-15),2.1,False,False
2025-09-14,Metro Express,LCC,DEL-BOM,DEL,BOM,Fri,9,Monsoon,Night (19-23),17.0,True,False
2025-05-20,BlueSky Air,Full-service,DEL-HYD,DEL,HYD,Fri,5,Summer,Early Morning (05-08),8.6,False,False
2025-02-26,Coastal Wings,Regional/turboprop,BLR-COK,BLR,COK,Tue,2,Winter,Afternoon (11-15),13.7,False,False
2025-06-09,IndiFly,LCC,DEL-PNQ,DEL,PNQ,Tue,6,Summer,Morning (08-11),9.7,False,False
2025-08-03,BlueSky Air,Full-service,DEL-BLR,DEL,BLR,Tue,8,Monsoon,Afternoon (11-15),7.5,False,False
2025-02-15,IndiFly,LCC,DEL-BOM,DEL,BOM,Sun,2,Winter,Afternoon (11-15),3.2,False,False
2025-07-15,Metro Express,LCC,HYD-MAA,HYD,MAA,Tue,7,Monsoon,Night (19-23),5.1,False,False
2025-02-21,IndiFly,LCC,BOM-COK,BOM,COK,Thu,2,Winter,Night (19-23),9.4,False,False
2025-07-23,BlueSky Air,Full-service,DEL-GOI,DEL,GOI,Wed,7,Monsoon,Afternoon (11-15),6.4,False,False
2025-06-26,IndiFly,LCC,BLR-COK,BLR,COK,Mon,6,Summer,Morning (08-11),28.7,True,False
2025-03-28,IndiFly,LCC,MAA-CCU,MAA,CCU,Thu,3,Spring,Afternoon (11-15),3.7,False,False
2025-02-09,BlueSky Air,Full-service,DEL-CCU,DEL,CCU,Tue,2,Winter,Morning (08-11),4.0,False,False
2025-11-11,IndiFly,LCC,BOM-GOI,BOM,GOI,Tue,11,Post-Monsoon,Afternoon (11-15),6.9,False,False
2025-07-16,IndiFly,LCC,BOM-COK,BOM,COK,Fri,7,Monsoon,Morning (08-11),19.3,True,False
2025-09-12,Skyline National,Full-service,DEL-HYD,DEL,HYD,Fri,9,Monsoon,Night (19-23),17.1,True,False
2025-05-08,Metro Express,LCC,BOM-COK,BOM,COK,Thu,5,Summer,Evening (15-19),4.1,False,False
2025-02-26,IndiFly,LCC,BOM-GOI,BOM,GOI,Thu,2,Winter,Morning (08-11),3.2,False,False
2025-10-09,Metro Express,LCC,BLR-COK,BLR,COK,Wed,10,Post-Monsoon,Night (19-23),7.7,False,False
2025-10-09,Metro Express,LCC,DEL-AMD,DEL,AMD,Fri,10,Post-Monsoon,Afternoon (11-15),9.7,False,False
2025-05-04,Metro Express,LCC,DEL-AMD,DEL,AMD,Thu,5,Summer,Afternoon (11-15),13.8,False,False
2025-10-23,IndiFly,LCC,BOM-BLR,BOM,BLR,Mon,10,Post-Monsoon,Morning (08-11),4.3,False,False
2025-07-05,BlueSky Air,Full-service,BOM-GOI,BOM,GOI,Wed,7,Monsoon,Night (19-23),0.0,False,True
2025-11-23,Skyline National,Full-service,DEL-BLR,DEL,BLR,Thu,11,Post-Monsoon,Evening (15-19),8.2,False,False
2025-07-13,Metro Express,LCC,DEL-GOI,DEL,GOI,Sun,7,Monsoon,Evening (15-19),24.7,True,False
2025-02-22,Skyline National,Full-service,BOM-GOI,BOM,GOI,Sat,2,Winter,Early Morning (05-08),2.0,False,False
2025-10-28,Skyline National,Full-service,COK-BOM,COK,BOM,Wed,10,Post-Monsoon,Early Morning (05-08),3.0,False,False
2025-06-24,Coastal Wings,Regional/turboprop,DEL-HYD,DEL,HYD,Mon,6,Summer,Morning (08-11),3.8,False,False
2025-03-19,IndiFly,LCC,DEL-BOM,DEL,BOM,Sat,3,Spring,Morning (08-11),3.6,False,False
2025-08-06,IndiFly,LCC,DEL-AMD,DEL,AMD,Fri,8,Monsoon,Afternoon (11-15),11.7,False,False
2025-12-20,IndiFly,LCC,BOM-GOI,BOM,GOI,Mon,12,Winter,Morning (08-11),5.7,False,False
2025-03-27,Coastal Wings,Regional/turboprop,BOM-BLR,BOM,BLR,Thu,3,Spring,Morning (08-11),4.1,False,False
2025-05-24,Skyline National,Full-service,DEL-CCU,DEL,CCU,Sun,5,Summer,Afternoon (11-15),2.8,False,False
2025-01-18,IndiFly,LCC,DEL-BLR,DEL,BLR,Tue,1,Winter,Morning (08-11),28.9,True,False
2025-05-26,IndiFly,LCC,MAA-CCU,MAA,CCU,Fri,5,Summer,Early Morning (05-08),3.8,False,False
2025-02-16,Coastal Wings,Regional/turboprop,DEL-GOI,DEL,GOI,Sat,2,Winter,Afternoon (11-15),34.6,True,False
2025-12-21,BlueSky Air,Full-service,BOM-COK,BOM,COK,Mon,12,Winter,Night (19-23),11.3,False,False
2025-02-21,BlueSky Air,Full-service,DEL-PNQ,DEL,PNQ,Sun,2,Winter,Afternoon (11-15),2.7,False,False
2025-03-08,Metro Express,LCC,DEL-BLR,DEL,BLR,Mon,3,Spring,Afternoon (11-15),6.5,False,False
2025-01-18,IndiFly,LCC,DEL-BOM,DEL,BOM,Sun,1,Winter,Night (19-23),9.1,False,False
2025-08-01,Metro Express,LCC,DEL-CCU,DEL,CCU,Sun,8,Monsoon,Evening (15-19),22.9,True,False
2025-06-14,BlueSky Air,Full-service,BOM-BLR,BOM,BLR,Wed,6,Summer,Morning (08-11),7.3,False,False
2025-09-13,Skyline National,Full-service,DEL-AMD,DEL,AMD,Tue,9,Monsoon,Afternoon (11-15),8.9,False,False
2025-09-23,IndiFly,LCC,DEL-BLR,DEL,BLR,Wed,9,Monsoon,Night (19-23),4.0,False,False
2025-06-01,Metro Express,LCC,DEL-BOM,DEL,BOM,Fri,6,Summer,Early Morning (05-08),10.6,False,False
2025-09-13,Metro Express,LCC,BOM-GOI,BOM,GOI,Fri,9,Monsoon,Morning (08-11),16.6,True,False
2025-08-08,IndiFly,LCC,MAA-CCU,MAA,CCU,Tue,8,Monsoon,Morning (08-11),5.8,False,False
2025-05-18,Metro Express,LCC,DEL-BLR,DEL,BLR,Sat,5,Summer,Early Morning (05-08),3.8,False,False
2025-03-08,Metro Express,LCC,DEL-CCU,DEL,CCU,Fri,3,Spring,Morning (08-11),5.2,False,False
2025-02-21,IndiFly,LCC,DEL-AMD,DEL,AMD,Sat,2,Winter,Night (19-23),14.4,False,False
2025-09-28,Metro Express,LCC,BLR-HYD,BLR,HYD,Wed,9,Monsoon,Afternoon (11-15),2.8,False,False
2025-12-18,IndiFly,LCC,BLR-HYD,BLR,HYD,Sun,12,Winter,Night (19-23),12.0,False,False
2025-05-24,IndiFly,LCC,BOM-BLR,BOM,BLR,Sat,5,Summer,Afternoon (11-15),2.8,False,False
2025-12-02,IndiFly,LCC,BOM-BLR,BOM,BLR,Tue,12,Winter,Evening (15-19),3.4,False,False
2025-10-15,IndiFly,LCC,BLR-HYD,BLR,HYD,Tue,10,Post-Monsoon,Afternoon (11-15),2.3,False,False
2025-10-14,BlueSky Air,Full-service,BOM-GOI,BOM,GOI,Sun,10,Post-Monsoon,Night (19-23),9.8,False,False
2025-02-15,Skyline National,Full-service,DEL-BLR,DEL,BLR,Thu,2,Winter,Afternoon (11-15),4.1,False,False
2025-04-07,Metro Express,LCC,DEL-BOM,DEL,BOM,Wed,4,Spring,Morning (08-11),4.7,False,False
2025-03-03,Metro Express,LCC,BOM-BLR,BOM,BLR,Fri,3,Spring,Night (19-23),13.1,False,False
2025-10-10,IndiFly,LCC,COK-BOM,COK,BOM,Sun,10,Post-Monsoon,Morning (08-11),11.7,False,False
2025-04-25,Skyline National,Full-service,DEL-HYD,DEL,HYD,Thu,4,Spring,Evening (15-19),41.6,True,False
2025-09-12,Coastal Wings,Regional/turboprop,DEL-GOI,DEL,GOI,Fri,9,Monsoon,Afternoon (11-15),12.3,False,False
2025-01-11,BlueSky Air,Full-service,BOM-GOI,BOM,GOI,Mon,1,Winter,Afternoon (11-15),17.0,True,False
2025-10-14,Metro Express,LCC,BLR-HYD,BLR,HYD,Wed,10,Post-Monsoon,Night (19-23),2.4,False,False
2025-06-14,Metro Express,LCC,DEL-BOM,DEL,BOM,Fri,6,Summer,Afternoon (11-15),6.3,False,False
2025-06-02,Coastal Wings,Regional/turboprop,BOM-GOI,BOM,GOI,Sun,6,Summer,Evening (15-19),0.0,False,True
2025-09-23,Coastal Wings,Regional/turboprop,DEL-HYD,DEL,HYD,Sun,9,Monsoon,Night (19-23),5.1,False,False
2025-08-11,IndiFly,LCC,DEL-BOM,DEL,BOM,Mon,8,Monsoon,Night (19-23),13.0,False,False
2025-02-06,IndiFly,LCC,BOM-BLR,BOM,BLR,Sun,2,Winter,Evening (15-19),9.4,False,False
2025-03-16,BlueSky Air,Full-service,DEL-HYD,DEL,HYD,Thu,3,Spring,Morning (08-11),3.8,False,False
2025-11-20,Metro Express,LCC,DEL-BOM,DEL,BOM,Wed,11,Post-Monsoon,Morning (08-11),15.7,True,False
2025-11-28,Coastal Wings,Regional/turboprop,BOM-BLR,BOM,BLR,Tue,11,Post-Monsoon,Morning (08-11),10.1,False,False
2025-10-12,Skyline National,Full-service,DEL-BOM,DEL,BOM,Tue,10,Post-Monsoon,Night (19-23),13.4,False,False
2025-06-03,BlueSky Air,Full-service,BOM-COK,BOM,COK,Tue,6,Summer,Night (19-23),16.9,True,False
2025-02-04,BlueSky Air,Full-service,DEL-BLR,DEL,BLR,Mon,2,Winter,Morning (08-11),6.9,False,False
2025-12-04,IndiFly,LCC,DEL-CCU,DEL,CCU,Sun,12,Winter,Early Morning (05-08),36.6,True,False
2025-05-02,BlueSky Air,Full-service,COK-BOM,COK,BOM,Mon,5,Summer,Night (19-23),4.8,False,False
2025-05-12,IndiFly,LCC,COK-BOM,COK,BOM,Fri,5,Summer,Evening (15-19),7.5,False,False
2025-07-11,Metro Express,LCC,DEL-CCU,DEL,CCU,Wed,7,Monsoon,Afternoon (11-15),3.8,False,False
2025-02-20,Metro Express,LCC,BOM-BLR,BOM,BLR,Mon,2,Winter,Afternoon (11-15),7.3,False,False
2025-08-27,Coastal Wings,Regional/turboprop,HYD-MAA,HYD,MAA,Sun,8,Monsoon,Afternoon (11-15),5.8,False,False
2025-11-14,BlueSky Air,Full-service,DEL-BOM,DEL,BOM,Fri,11,Post-Monsoon,Morning (08-11),4.3,False,False
2025-09-07,Skyline National,Full-service,BOM-BLR,BOM,BLR,Thu,9,Monsoon,Night (19-23),6.1,False,False
2025-03-16,Skyline National,Full-service,DEL-CCU,DEL,CCU,Thu,3,Spring,Evening (15-19),14.4,False,False
2025-11-04,Skyline National,Full-service,DEL-HYD,DEL,HYD,Sun,11,Post-Monsoon,Morning (08-11),8.3,False,False
2025-09-21,IndiFly,LCC,COK-BOM,COK,BOM,Tue,9,Monsoon,Afternoon (11-15),13.0,False,False
2025-10-23,Skyline National,Full-service,DEL-BLR,DEL,BLR,Sun,10,Post-Monsoon,Morning (08-11),3.4,False,False
2025-04-18,BlueSky Air,Full-service,BOM-COK,BOM,COK,Wed,4,Spring,Night (19-23),9.9,False,False
2025-12-09,BlueSky Air,Full-service,BOM-GOI,BOM,GOI,Fri,12,Winter,Evening (15-19),3.5,False,False
2025-01-04,BlueSky Air,Full-service,BOM-GOI,BOM,GOI,Fri,1,Winter,Afternoon (11-15),7.2,False,False
2025-04-08,BlueSky Air,Full-service,DEL-BOM,DEL,BOM,Sun,4,Spring,Afternoon (11-15),5.2,False,False
2025-03-09,IndiFly,LCC,BOM-BLR,BOM,BLR,Mon,3,Spring,Evening (15-19),6.8,False,False
2025-09-16,Skyline National,Full-service,DEL-BOM,DEL,BOM,Sun,9,Monsoon,Evening (15-19),5.7,False,False
2025-09-24,Skyline National,Full-service,BOM-COK,BOM,COK,Mon,9,Monsoon,Early Morning (05-08),4.5,False,False
2025-12-08,Metro Express,LCC,DEL-AMD,DEL,AMD,Sun,12,Winter,Morning (08-11),18.1,True,False
2025-05-05,IndiFly,LCC,BLR-HYD,BLR,HYD,Sat,5,Summer,Night (19-23),1.6,False,False
2025-05-25,Metro Express,LCC,DEL-BLR,DEL,BLR,Mon,5,Summer,Afternoon (11-15),14.4,False,False
2025-11-26,Skyline National,Full-service,HYD-MAA,HYD,MAA,Mon,11,Post-Monsoon,Morning (08-11),6.1,False,False
2025-01-27,IndiFly,LCC,COK-BOM,COK,BOM,Wed,1,Winter,Evening (15-19),6.9,False,False
2025-04-08,BlueSky Air,Full-service,BOM-GOI,BOM,GOI,Wed,4,Spring,Afternoon (11-15),3.1,False,False
2025-06-28,IndiFly,LCC,BOM-COK,BOM,COK,Tue,6,Summer,Evening (15-19),10.4,False,False
2025-01-14,Coastal Wings,Regional/turboprop,DEL-BOM,DEL,BOM,Tue,1,Winter,Early Morning (05-08),27.1,True,False
2025-02-25,IndiFly,LCC,DEL-CCU,DEL,CCU,Sat,2,Winter,Morning (08-11),4.0,False,False
2025-10-11,Skyline National,Full-service,BLR-COK,BLR,COK,Mon,10,Post-Monsoon,Afternoon (11-15),3.8,False,False
2025-08-05,BlueSky Air,Full-service,BLR-HYD,BLR,HYD,Wed,8,Monsoon,Morning (08-11),2.7,False,False
2025-06-14,BlueSky Air,Full-service,DEL-HYD,DEL,HYD,Tue,6,Summer,Afternoon (11-15),7.2,False,False
2025-05-09,Metro Express,LCC,MAA-CCU,MAA,CCU,Wed,5,Summer,Afternoon (11-15),7.7,False,False
2025-09-25,IndiFly,LCC,DEL-BOM,DEL,BOM,Fri,9,Monsoon,Afternoon (11-15),8.9,False,False
2025-09-10,IndiFly,LCC,DEL-BOM,DEL,BOM,Tue,9,Monsoon,Early Morning (05-08),13.2,False,False
2025-04-20,Metro Express,LCC,BOM-BLR,BOM,BLR,Tue,4,Spring,Afternoon (11-15),7.8,False,False
2025-06-09,Coastal Wings,Regional/turboprop,BLR-HYD,BLR,HYD,Sun,6,Summer,Early Morning (05-08),3.6,False,False
2025-12-07,Skyline National,Full-service,DEL-PNQ,DEL,PNQ,Sun,12,Winter,Afternoon (11-15),8.4,False,False
2025-03-02,Coastal Wings,Regional/turboprop,MAA-CCU,MAA,CCU,Thu,3,Spring,Morning (08-11),2.1,False,False
2025-01-28,Metro Express,LCC,DEL-GOI,DEL,GOI,Thu,1,Winter,Morning (08-11),18.5,True,False
2025-04-12,Metro Express,LCC,BOM-GOI,BOM,GOI,Tue,4,Spring,Early Morning (05-08),1.8,False,False
2025-06-22,Coastal Wings,Regional/turboprop,BOM-GOI,BOM,GOI,Fri,6,Summer,Night (19-23),27.7,True,False
2025-02-24,Skyline National,Full-service,DEL-HYD,DEL,HYD,Mon,2,Winter,Afternoon (11-15),5.8,False,False
2025-11-03,BlueSky Air,Full-service,BLR-COK,BLR,COK,Fri,11,Post-Monsoon,Early Morning (05-08),1.9,False,False
2025-12-18,IndiFly,LCC,DEL-BOM,DEL,BOM,Tue,12,Winter,Morning (08-11),9.3,False,False
2025-02-25,BlueSky Air,Full-service,BOM-GOI,BOM,GOI,Fri,2,Winter,Afternoon (11-15),7.1,False,False
2025-04-06,Skyline National,Full-service,DEL-AMD,DEL,AMD,Wed,4,Spring,Early Morning (05-08),13.6,False,False
2025-01-20,Skyline National,Full-service,DEL-BOM,DEL,BOM,Sat,1,Winter,Early Morning (05-08),19.5,True,False
2025-11-17,IndiFly,LCC,DEL-BLR,DEL,BLR,Sat,11,Post-Monsoon,Evening (15-19),8.0,False,False
2025-10-24,Metro Express,LCC,DEL-BLR,DEL,BLR,Mon,10,Post-Monsoon,Night (19-23),10.4,False,False
2025-02-02,Metro Express,LCC,BOM-COK,BOM,COK,Tue,2,Winter,Morning (08-11),2.8,False,False
2025-03-09,BlueSky Air,Full-service,BOM-GOI,BOM,GOI,Wed,3,Spring,Evening (15-19),4.4,False,False
2025-02-12,BlueSky Air,Full-service,BOM-COK,BOM,COK,Tue,2,Winter,Night (19-23),7.2,False,False
2025-10-12,BlueSky Air,Full-service,BOM-GOI,BOM,GOI,Mon,10,Post-Monsoon,Afternoon (11-15),4.0,False,False
2025-06-09,Skyline National,Full-service,DEL-BOM,DEL,BOM,Wed,6,Summer,Night (19-23),20.9,True,False
2025-04-04,IndiFly,LCC,MAA-CCU,MAA,CCU,Thu,4,Spring,Early Morning (05-08),2.7,False,False
2025-04-19,Metro Express,LCC,MAA-CCU,MAA,CCU,Sun,4,Spring,Night (19-23),8.8,False,False
2025-11-27,Skyline National,Full-service,BOM-GOI,BOM,GOI,Sun,11,Post-Monsoon,Early Morning (05-08),10.0,False,False
2025-04-28,Metro Express,LCC,MAA-CCU,MAA,CCU,Mon,4,Spring,Night (19-23),2.9,False,False
2025-08-05,IndiFly,LCC,DEL-HYD,DEL,HYD,Wed,8,Monsoon,Night (19-23),3.5,False,False
2025-12-03,IndiFly,LCC,MAA-CCU,MAA,CCU,Mon,12,Winter,Early Morning (05-08),2.4,False,False
2025-05-18,Metro Express,LCC,BOM-GOI,BOM,GOI,Sat,5,Summer,Night (19-23),16.2,True,False
2025-07-11,BlueSky Air,Full-service,BOM-BLR,BOM,BLR,Sun,7,Monsoon,Evening (15-19),9.5,False,False
2025-05-12,IndiFly,LCC,BOM-COK,BOM,COK,Wed,5,Summer,Night (19-23),6.2,False,False
2025-03-27,Coastal Wings,Regional/turboprop,COK-BOM,COK,BOM,Tue,3,Spring,Afternoon (11-15),6.8,False,False
2025-12-16,IndiFly,LCC,DEL-HYD,DEL,HYD,Thu,12,Winter,Early Morning (05-08),5.3,False,False
2025-03-10,Metro Express,LCC,DEL-BLR,DEL,BLR,Sat,3,Spring,Evening (15-19),15.8,True,False
2025-06-10,IndiFly,LCC,HYD-MAA,HYD,MAA,Fri,6,Summer,Afternoon (11-15),1.9,False,False
2025-11-13,BlueSky Air,Full-service,DEL-GOI,DEL,GOI,Mon,11,Post-Monsoon,Evening (15-19),3.8,False,False
2025-04-03,BlueSky Air,Full-service,COK-BOM,COK,BOM,Mon,4,Spring,Afternoon (11-15),2.5,False,False
2025-06-06,Skyline National,Full-service,DEL-CCU,DEL,CCU,Mon,6,Summer,Early Morning (05-08),12.0,False,False
2025-01-03,IndiFly,LCC,DEL-BLR,DEL,BLR,Wed,1,Winter,Early Morning (05-08),40.1,True,False
2025-09-08,BlueSky Air,Full-service,DEL-CCU,DEL,CCU,Wed,9,Monsoon,Afternoon (11-15),10.6,False,False
2025-07-09,BlueSky Air,Full-service,BLR-COK,BLR,COK,Wed,7,Monsoon,Morning (08-11),16.1,True,False
2025-06-24,BlueSky Air,Full-service,DEL-BLR,DEL,BLR,Wed,6,Summer,Night (19-23),9.9,False,False
2025-07-17,Skyline National,Full-service,BOM-BLR,BOM,BLR,Tue,7,Monsoon,Evening (15-19),5.7,False,False
2025-06-02,Metro Express,LCC,DEL-AMD,DEL,AMD,Sun,6,Summer,Evening (15-19),13.2,False,False
2025-04-02,Coastal Wings,Regional/turboprop,BLR-HYD,BLR,HYD,Sun,4,Spring,Afternoon (11-15),28.3,True,False
2025-05-12,Skyline National,Full-service,COK-BOM,COK,BOM,Mon,5,Summer,Early Morning (05-08),3.4,False,False
2025-11-23,IndiFly,LCC,BOM-GOI,BOM,GOI,Sat,11,Post-Monsoon,Afternoon (11-15),8.2,False,False
2025-01-24,Metro Express,LCC,DEL-BOM,DEL,BOM,Tue,1,Winter,Evening (15-19),18.0,True,False
2025-01-12,Skyline National,Full-service,BOM-BLR,BOM,BLR,Tue,1,Winter,Night (19-23),2.7,False,False
2025-02-10,IndiFly,LCC,BOM-COK,BOM,COK,Wed,2,Winter,Night (19-23),4.7,False,False
2025-11-10,Metro Express,LCC,DEL-AMD,DEL,AMD,Mon,11,Post-Monsoon,Evening (15-19),4.6,False,False
2025-12-08,IndiFly,LCC,DEL-CCU,DEL,CCU,Tue,12,Winter,Evening (15-19),19.2,True,False
2025-01-20,IndiFly,LCC,DEL-AMD,DEL,AMD,Thu,1,Winter,Early Morning (05-08),21.4,True,False
2025-11-04,BlueSky Air,Full-service,BOM-GOI,BOM,GOI,Thu,11,Post-Monsoon,Night (19-23),8.6,False,False
2025-07-21,IndiFly,LCC,DEL-BOM,DEL,BOM,Fri,7,Monsoon,Night (19-23),3.8,False,False
2025-06-21,IndiFly,LCC,DEL-BLR,DEL,BLR,Sat,6,Summer,Evening (15-19),6.5,False,False
2025-09-11,IndiFly,LCC,DEL-BOM,DEL,BOM,Sun,9,Monsoon,Morning (08-11),6.7,False,False
2025-03-25,IndiFly,LCC,DEL-BOM,DEL,BOM,Tue,3,Spring,Early Morning (05-08),3.9,False,False
2025-10-02,IndiFly,LCC,BLR-COK,BLR,COK,Wed,10,Post-Monsoon,Early Morning (05-08),1.9,False,False
2025-01-26,IndiFly,LCC,DEL-CCU,DEL,CCU,Thu,1,Winter,Night (19-23),17.6,True,False
2025-02-03,IndiFly,LCC,BOM-COK,BOM,COK,Sun,2,Winter,Night (19-23),19.0,True,False
2025-06-04,BlueSky Air,Full-service,BLR-HYD,BLR,HYD,Fri,6,Summer,Morning (08-11),9.6,False,False
2025-07-04,Coastal Wings,Regional/turboprop,BOM-GOI,BOM,GOI,Thu,7,Monsoon,Afternoon (11-15),10.6,False,False
2025-10-13,Metro Express,LCC,MAA-CCU,MAA,CCU,Wed,10,Post-Monsoon,Morning (08-11),12.2,False,False
2025-05-21,Skyline National,Full-service,COK-BOM,COK,BOM,Fri,5,Summer,Early Morning (05-08),10.0,False,False
2025-03-10,Coastal Wings,Regional/turboprop,DEL-BOM,DEL,BOM,Tue,3,Spring,Night (19-23),17.4,True,False
2025-02-22,Coastal Wings,Regional/turboprop,DEL-BLR,DEL,BLR,Thu,2,Winter,Evening (15-19),6.1,False,False
2025-03-01,Skyline National,Full-service,BLR-COK,BLR,COK,Tue,3,Spring,Early Morning (05-08),2.1,False,False
2025-09-14,IndiFly,LCC,DEL-BLR,DEL,BLR,Thu,9,Monsoon,Afternoon (11-15),13.0,False,False
2025-09-24,Metro Express,LCC,DEL-BLR,DEL,BLR,Thu,9,Monsoon,Afternoon (11-15),8.4,False,False
2025-10-14,Coastal Wings,Regional/turboprop,COK-BOM,COK,BOM,Tue,10,Post-Monsoon,Early Morning (05-08),8.2,False,False
2025-03-19,Metro Express,LCC,MAA-CCU,MAA,CCU,Thu,3,Spring,Early Morning (05-08),2.6,False,False
2025-10-20,Metro Express,LCC,BOM-COK,BOM,COK,Mon,10,Post-Monsoon,Night (19-23),14.3,False,False
2025-10-11,IndiFly,LCC,DEL-HYD,DEL,HYD,Sun,10,Post-Monsoon,Morning (08-11),6.6,False,False
2025-12-04,Metro Express,LCC,BOM-GOI,BOM,GOI,Tue,12,Winter,Evening (15-19),6.0,False,False
2025-03-17,BlueSky Air,Full-service,DEL-BLR,DEL,BLR,Sun,3,Spring,Afternoon (11-15),3.7,False,False
2025-07-11,Skyline National,Full-service,BLR-HYD,BLR,HYD,Wed,7,Monsoon,Evening (15-19),8.6,False,False
2025-05-14,Metro Express,LCC,BOM-COK,BOM,COK,Sat,5,Summer,Morning (08-11),9.6,False,False
2025-03-21,BlueSky Air,Full-service,BLR-HYD,BLR,HYD,Mon,3,Spring,Night (19-23),3.3,False,False
2025-06-07,Skyline National,Full-service,DEL-CCU,DEL,CCU,Fri,6,Summer,Night (19-23),4.2,False,False
2025-06-24,IndiFly,LCC,DEL-PNQ,DEL,PNQ,Tue,6,Summer,Morning (08-11),5.0,False,False
2025-10-24,IndiFly,LCC,BLR-HYD,BLR,HYD,Sun,10,Post-Monsoon,Afternoon (11-15),4.5,False,False
2025-11-01,BlueSky Air,Full-service,BOM-COK,BOM,COK,Sun,11,Post-Monsoon,Night (19-23),5.2,False,False
2025-01-04,Metro Express,LCC,BOM-GOI,BOM,GOI,Wed,1,Winter,Night (19-23),20.9,True,False
2025-06-08,Skyline National,Full-service,DEL-BLR,DEL,BLR,Fri,6,Summer,Morning (08-11),8.0,False,False
2025-06-02,Skyline National,Full-service,DEL-GOI,DEL,GOI,Fri,6,Summer,Evening (15-19),0.0,False,True
2025-10-25,Skyline National,Full-service,DEL-PNQ,DEL,PNQ,Sun,10,Post-Monsoon,Evening (15-19),3.4,False,False
2025-02-02,BlueSky Air,Full-service,BOM-COK,BOM,COK,Mon,2,Winter,Evening (15-19),5.8,False,False
2025-05-05,Metro Express,LCC,DEL-HYD,DEL,HYD,Thu,5,Summer,Evening (15-19),13.1,False,False
2025-04-06,Metro Express,LCC,DEL-HYD,DEL,HYD,Sun,4,Spring,Morning (08-11),6.8,False,False
2025-02-24,IndiFly,LCC,BOM-BLR,BOM,BLR,Mon,2,Winter,Afternoon (11-15),3.9,False,False
2025-02-09,Skyline National,Full-service,BOM-GOI,BOM,GOI,Mon,2,Winter,Morning (08-11),11.9,False,False
2025-05-24,IndiFly,LCC,DEL-HYD,DEL,HYD,Thu,5,Summer,Night (19-23),5.5,False,False
2025-12-03,Skyline National,Full-service,BLR-HYD,BLR,HYD,Thu,12,Winter,Afternoon (11-15),7.6,False,False
2025-09-10,Metro Express,LCC,DEL-BOM,DEL,BOM,Sat,9,Monsoon,Afternoon (11-15),5.6,False,False
2025-09-19,Skyline National,Full-service,DEL-BOM,DEL,BOM,Thu,9,Monsoon,Night (19-23),5.2,False,False
2025-10-18,Metro Express,LCC,DEL-CCU,DEL,CCU,Tue,10,Post-Monsoon,Early Morning (05-08),9.8,False,False
2025-10-20,IndiFly,LCC,BOM-BLR,BOM,BLR,Thu,10,Post-Monsoon,Early Morning (05-08),11.5,False,False
2025-04-19,Metro Express,LCC,BOM-BLR,BOM,BLR,Sat,4,Spring,Night (19-23),2.6,False,False
2025-03-24,BlueSky Air,Full-service,DEL-HYD,DEL,HYD,Thu,3,Spring,Afternoon (11-15),6.9,False,False
2025-12-22,BlueSky Air,Full-service,DEL-BOM,DEL,BOM,Sat,12,Winter,Night (19-23),26.6,True,False
2025-12-07,Skyline National,Full-service,BOM-GOI,BOM,GOI,Mon,12,Winter,Early Morning (05-08),4.5,False,False
2025-02-08,Skyline National,Full-service,DEL-PNQ,DEL,PNQ,Mon,2,Winter,Evening (15-19),3.4,False,False
2025-09-07,IndiFly,LCC,DEL-BLR,DEL,BLR,Thu,9,Monsoon,Early Morning (05-08),4.3,False,False
2025-10-10,Metro Express,LCC,BOM-BLR,BOM,BLR,Wed,10,Post-Monsoon,Morning (08-11),7.2,False,False
2025-11-20,Coastal Wings,Regional/turboprop,DEL-BLR,DEL,BLR,Tue,11,Post-Monsoon,Morning (08-11),13.3,False,False
2025-05-18,Skyline National,Full-service,COK-BOM,COK,BOM,Sun,5,Summer,Evening (15-19),3.6,False,False
2025-05-07,Metro Express,LCC,BOM-COK,BOM,COK,Sat,5,Summer,Evening (15-19),11.4,False,False
2025-12-16,BlueSky Air,Full-service,DEL-AMD,DEL,AMD,Fri,12,Winter,Morning (08-11),14.5,False,False
2025-12-19,Metro Express,LCC,DEL-BOM,DEL,BOM,Thu,12,Winter,Night (19-23),35.9,True,False
2025-12-13,Coastal Wings,Regional/turboprop,DEL-CCU,DEL,CCU,Fri,12,Winter,Morning (08-11),11.7,False,False
2025-11-23,IndiFly,LCC,DEL-HYD,DEL,HYD,Fri,11,Post-Monsoon,Morning (08-11),6.9,False,False
2025-07-08,Skyline National,Full-service,DEL-AMD,DEL,AMD,Tue,7,Monsoon,Morning (08-11),5.2,False,False
2025-02-14,IndiFly,LCC,BOM-COK,BOM,COK,Sun,2,Winter,Morning (08-11),2.4,False,False
2025-10-17,Metro Express,LCC,DEL-PNQ,DEL,PNQ,Thu,10,Post-Monsoon,Early Morning (05-08),10.3,False,False
2025-04-01,Coastal Wings,Regional/turboprop,BOM-BLR,BOM,BLR,Mon,4,Spring,Afternoon (11-15),5.3,False,False
2025-08-16,Skyline National,Full-service,BOM-GOI,BOM,GOI,Wed,8,Monsoon,Early Morning (05-08),35.8,True,False
2025-03-12,IndiFly,LCC,DEL-BLR,DEL,BLR,Tue,3,Spring,Night (19-23),7.7,False,False
2025-07-13,Metro Express,LCC,DEL-AMD,DEL,AMD,Sun,7,Monsoon,Early Morning (05-08),6.2,False,False
2025-11-22,IndiFly,LCC,DEL-HYD,DEL,HYD,Wed,11,Post-Monsoon,Early Morning (05-08),5.4,False,False
2025-12-07,BlueSky Air,Full-service,DEL-HYD,DEL,HYD,Tue,12,Winter,Morning (08-11),9.7,False,False
2025-05-17,IndiFly,LCC,DEL-HYD,DEL,HYD,Sun,5,Summer,Morning (08-11),7.9,False,False
2025-11-22,IndiFly,LCC,DEL-BOM,DEL,BOM,Tue,11,Post-Monsoon,Early Morning (05-08),7.1,False,False
2025-10-07,Metro Express,LCC,DEL-CCU,DEL,CCU,Sat,10,Post-Monsoon,Evening (15-19),12.8,False,False
2025-04-18,IndiFly,LCC,DEL-CCU,DEL,CCU,Sun,4,Spring,Night (19-23),27.1,True,False
2025-01-04,Metro Express,LCC,DEL-HYD,DEL,HYD,Fri,1,Winter,Early Morning (05-08),30.1,True,False
2025-02-11,Metro Express,LCC,BOM-BLR,BOM,BLR,Tue,2,Winter,Evening (15-19),12.3,False,False
2025-07-11,Skyline National,Full-service,MAA-CCU,MAA,CCU,Sun,7,Monsoon,Evening (15-19),7.6,False,False
2025-08-10,IndiFly,LCC,BOM-COK,BOM,COK,Fri,8,Monsoon,Morning (08-11),16.6,True,False
2025-04-16,Skyline National,Full-service,BOM-BLR,BOM,BLR,Thu,4,Spring,Evening (15-19),2.9,False,False
2025-07-21,Metro Express,LCC,BLR-HYD,BLR,HYD,Sun,7,Monsoon,Morning (08-11),5.0,False,False
2025-05-18,Metro Express,LCC,BLR-HYD,BLR,HYD,Sat,5,Summer,Early Morning (05-08),12.0,False,False
2025-04-07,IndiFly,LCC,BOM-BLR,BOM,BLR,Wed,4,Spring,Afternoon (11-15),11.9,False,False
2025-08-11,Skyline National,Full-service,BLR-COK,BLR,COK,Thu,8,Monsoon,Morning (08-11),17.3,True,False
2025-08-07,IndiFly,LCC,MAA-CCU,MAA,CCU,Fri,8,Monsoon,Night (19-23),12.3,False,False
2025-09-16,Metro Express,LCC,BOM-BLR,BOM,BLR,Thu,9,Monsoon,Morning (08-11),2.5,False,False
2025-04-10,Skyline National,Full-service,BOM-BLR,BOM,BLR,Sun,4,Spring,Evening (15-19),6.4,False,False
2025-10-14,Metro Express,LCC,DEL-HYD,DEL,HYD,Sat,10,Post-Monsoon,Evening (15-19),10.6,False,False
2025-05-03,Skyline National,Full-service,DEL-BOM,DEL,BOM,Tue,5,Summer,Morning (08-11),5.1,False,False
2025-04-09,Coastal Wings,Regional/turboprop,BLR-HYD,BLR,HYD,Sun,4,Spring,Night (19-23),1.9,False,False
2025-12-20,Skyline National,Full-service,BOM-COK,BOM,COK,Thu,12,Winter,Afternoon (11-15),5.5,False,False
2025-07-27,BlueSky Air,Full-service,DEL-BOM,DEL,BOM,Thu,7,Monsoon,Evening (15-19),21.7,True,False
2025-11-16,Coastal Wings,Regional/turboprop,DEL-HYD,DEL,HYD,Thu,11,Post-Monsoon,Morning (08-11),15.0,True,False
2025-02-24,IndiFly,LCC,BOM-GOI,BOM,GOI,Sun,2,Winter,Evening (15-19),7.7,False,False
2025-05-02,IndiFly,LCC,DEL-AMD,DEL,AMD,Fri,5,Summer,Evening (15-19),5.4,False,False
2025-08-07,BlueSky Air,Full-service,DEL-BOM,DEL,BOM,Sat,8,Monsoon,Evening (15-19),4.1,False,False
2025-07-13,IndiFly,LCC,DEL-BOM,DEL,BOM,Wed,7,Monsoon,Night (19-23),9.1,False,False
2025-09-18,Skyline National,Full-service,BOM-COK,BOM,COK,Fri,9,Monsoon,Night (19-23),20.7,True,False
2025-08-03,Metro Express,LCC,DEL-AMD,DEL,AMD,Mon,8,Monsoon,Morning (08-11),9.2,False,False
2025-11-28,Skyline National,Full-service,DEL-HYD,DEL,HYD,Fri,11,Post-Monsoon,Early Morning (05-08),5.3,False,False
2025-10-26,Skyline National,Full-service,BOM-COK,BOM,COK,Wed,10,Post-Monsoon,Early Morning (05-08),6.6,False,False
2025-03-25,Skyline National,Full-service,COK-BOM,COK,BOM,Thu,3,Spring,Evening (15-19),12.7,False,False
2025-03-13,IndiFly,LCC,DEL-BOM,DEL,BOM,Sun,3,Spring,Morning (08-11),9.7,False,False
2025-02-09,Skyline National,Full-service,BOM-BLR,BOM,BLR,Sun,2,Winter,Early Morning (05-08),11.7,False,False
2025-04-11,IndiFly,LCC,DEL-PNQ,DEL,PNQ,Tue,4,Spring,Night (19-23),5.2,False,False
2025-10-14,IndiFly,LCC,HYD-MAA,HYD,MAA,Sun,10,Post-Monsoon,Evening (15-19),17.1,True,False
2025-08-02,IndiFly,LCC,DEL-AMD,DEL,AMD,Wed,8,Monsoon,Evening (15-19),4.0,False,False
2025-10-15,Metro Express,LCC,DEL-BOM,DEL,BOM,Thu,10,Post-Monsoon,Afternoon (11-15),4.7,False,False
2025-06-13,IndiFly,LCC,BOM-BLR,BOM,BLR,Sun,6,Summer,Early Morning (05-08),3.9,False,False
2025-11-17,Metro Express,LCC,DEL-BLR,DEL,BLR,Sat,11,Post-Monsoon,Early Morning (05-08),8.6,False,False
2025-01-02,Coastal Wings,Regional/turboprop,DEL-BLR,DEL,BLR,Fri,1,Winter,Evening (15-19),13.8,False,False
2025-08-02,IndiFly,LCC,BLR-COK,BLR,COK,Tue,8,Monsoon,Afternoon (11-15),23.6,True,False
2025-03-10,IndiFly,LCC,DEL-PNQ,DEL,PNQ,Mon,3,Spring,Morning (08-11),8.4,False,False
2025-07-06,Skyline National,Full-service,MAA-CCU,MAA,CCU,Sun,7,Monsoon,Early Morning (05-08),5.4,False,False
2025-12-10,Coastal Wings,Regional/turboprop,DEL-PNQ,DEL,PNQ,Sat,12,Winter,Early Morning (05-08),16.8,True,False
2025-06-03,Skyline National,Full-service,DEL-BOM,DEL,BOM,Thu,6,Summer,Evening (15-19),9.4,False,False
2025-01-22,IndiFly,LCC,BOM-BLR,BOM,BLR,Sun,1,Winter,Evening (15-19),4.7,False,False
2025-11-11,Skyline National,Full-service,DEL-AMD,DEL,AMD,Mon,11,Post-Monsoon,Evening (15-19),6.7,False,False
2025-06-23,Metro Express,LCC,HYD-MAA,HYD,MAA,Fri,6,Summer,Night (19-23),7.9,False,False
2025-08-17,Skyline National,Full-service,MAA-CCU,MAA,CCU,Wed,8,Monsoon,Evening (15-19),6.9,False,False
2025-10-19,Metro Express,LCC,DEL-BLR,DEL,BLR,Fri,10,Post-Monsoon,Night (19-23),13.7,False,False
2025-08-21,BlueSky Air,Full-service,DEL-BOM,DEL,BOM,Mon,8,Monsoon,Early Morning (05-08),4.0,False,False
2025-05-11,Skyline National,Full-service,BLR-HYD,BLR,HYD,Tue,5,Summer,Afternoon (11-15),3.2,False,False
2025-11-25,BlueSky Air,Full-service,BOM-GOI,BOM,GOI,Mon,11,Post-Monsoon,Afternoon (11-15),6.1,False,False
2025-09-21,Skyline National,Full-service,DEL-CCU,DEL,CCU,Sat,9,Monsoon,Night (19-23),6.0,False,False
2025-12-06,IndiFly,LCC,DEL-AMD,DEL,AMD,Mon,12,Winter,Morning (08-11),19.8,True,False
2025-08-12,IndiFly,LCC,DEL-AMD,DEL,AMD,Wed,8,Monsoon,Night (19-23),16.7,True,False
2025-12-23,Skyline National,Full-service,BOM-BLR,BOM,BLR,Thu,12,Winter,Night (19-23),4.8,False,False
2025-01-17,Coastal Wings,Regional/turboprop,BOM-BLR,BOM,BLR,Mon,1,Winter,Morning (08-11),3.5,False,False
2025-03-14,IndiFly,LCC,DEL-BOM,DEL,BOM,Thu,3,Spring,Morning (08-11),4.8,False,False
2025-06-12,IndiFly,LCC,BOM-BLR,BOM,BLR,Sat,6,Summer,Evening (15-19),6.8,False,False
2025-07-06,IndiFly,LCC,BLR-COK,BLR,COK,Tue,7,Monsoon,Night (19-23),4.3,False,False
2025-08-03,BlueSky Air,Full-service,BOM-GOI,BOM,GOI,Mon,8,Monsoon,Early Morning (05-08),20.2,True,False
2025-10-27,BlueSky Air,Full-service,DEL-BLR,DEL,BLR,Thu,10,Post-Monsoon,Evening (15-19),8.3,False,False
2025-10-25,Skyline National,Full-service,DEL-BLR,DEL,BLR,Tue,10,Post-Monsoon,Morning (08-11),4.0,False,False
2025-09-24,Metro Express,LCC,BOM-GOI,BOM,GOI,Sun,9,Monsoon,Morning (08-11),13.7,False,False
2025-09-04,BlueSky Air,Full-service,BLR-HYD,BLR,HYD,Thu,9,Monsoon,Morning (08-11),1.6,False,False
2025-04-16,Skyline National,Full-service,BOM-COK,BOM,COK,Fri,4,Spring,Night (19-23),4.6,False,False
2025-07-17,BlueSky Air,Full-service,DEL-CCU,DEL,CCU,Wed,7,Monsoon,Night (19-23),3.7,False,False
2025-10-24,BlueSky Air,Full-service,MAA-CCU,MAA,CCU,Wed,10,Post-Monsoon,Early Morning (05-08),3.4,False,False
2025-03-18,Metro Express,LCC,BOM-COK,BOM,COK,Mon,3,Spring,Night (19-23),8.6,False,False
2025-07-15,Metro Express,LCC,BLR-HYD,BLR,HYD,Sat,7,Monsoon,Evening (15-19),15.2,True,False
2025-06-21,IndiFly,LCC,BOM-COK,BOM,COK,Fri,6,Summer,Afternoon (11-15),18.6,True,False
2025-03-13,Metro Express,LCC,BLR-COK,BLR,COK,Mon,3,Spring,Early Morning (05-08),3.2,False,False
2025-07-12,BlueSky Air,Full-service,BOM-GOI,BOM,GOI,Mon,7,Monsoon,Afternoon (11-15),14.4,False,False
2025-05-01,IndiFly,LCC,DEL-BOM,DEL,BOM,Thu,5,Summer,Morning (08-11),5.8,False,False
2025-09-12,Metro Express,LCC,DEL-BLR,DEL,BLR,Thu,9,Monsoon,Evening (15-19),24.3,True,False
2025-09-22,IndiFly,LCC,BOM-GOI,BOM,GOI,Sat,9,Monsoon,Morning (08-11),17.2,True,False
2025-10-17,IndiFly,LCC,DEL-CCU,DEL,CCU,Thu,10,Post-Monsoon,Afternoon (11-15),11.0,False,False
2025-06-23,BlueSky Air,Full-service,BOM-BLR,BOM,BLR,Mon,6,Summer,Night (19-23),2.7,False,False
2025-04-12,Metro Express,LCC,BOM-GOI,BOM,GOI,Sat,4,Spring,Evening (15-19),6.4,False,False
2025-07-27,Skyline National,Full-service,DEL-BLR,DEL,BLR,Wed,7,Monsoon,Evening (15-19),7.0,False,False
2025-11-15,BlueSky Air,Full-service,DEL-CCU,DEL,CCU,Thu,11,Post-Monsoon,Early Morning (05-08),2.9,False,False
2025-02-25,Skyline National,Full-service,BLR-HYD,BLR,HYD,Wed,2,Winter,Night (19-23),7.9,False,False
2025-10-16,Skyline National,Full-service,MAA-CCU,MAA,CCU,Sun,10,Post-Monsoon,Night (19-23),7.5,False,False
2025-02-09,BlueSky Air,Full-service,COK-BOM,COK,BOM,Wed,2,Winter,Morning (08-11),5.5,False,False
2025-02-05,IndiFly,LCC,DEL-HYD,DEL,HYD,Sun,2,Winter,Night (19-23),2.9,False,False
2025-10-22,IndiFly,LCC,BOM-COK,BOM,COK,Mon,10,Post-Monsoon,Night (19-23),5.9,False,False
2025-11-06,BlueSky Air,Full-service,MAA-CCU,MAA,CCU,Sun,11,Post-Monsoon,Early Morning (05-08),2.6,False,False
2025-03-04,Metro Express,LCC,DEL-BLR,DEL,BLR,Wed,3,Spring,Evening (15-19),10.3,False,False
2025-10-19,IndiFly,LCC,BOM-COK,BOM,COK,Wed,10,Post-Monsoon,Evening (15-19),9.5,False,False
2025-10-11,BlueSky Air,Full-service,BOM-BLR,BOM,BLR,Fri,10,Post-Monsoon,Night (19-23),6.7,False,False
2025-12-03,Skyline National,Full-service,BOM-COK,BOM,COK,Mon,12,Winter,Night (19-23),16.5,True,False
2025-01-22,Metro Express,LCC,DEL-BLR,DEL,BLR,Thu,1,Winter,Afternoon (11-15),14.3,False,False
2025-09-19,Metro Express,LCC,HYD-MAA,HYD,MAA,Fri,9,Monsoon,Evening (15-19),8.5,False,False
2025-05-02,Skyline National,Full-service,DEL-BLR,DEL,BLR,Wed,5,Summer,Early Morning (05-08),6.8,False,False
2025-12-04,IndiFly,LCC,DEL-GOI,DEL,GOI,Fri,12,Winter,Early Morning (05-08),37.0,True,False
2025-02-18,IndiFly,LCC,DEL-GOI,DEL,GOI,Wed,2,Winter,Morning (08-11),2.6,False,False
2025-05-15,Coastal Wings,Regional/turboprop,DEL-HYD,DEL,HYD,Mon,5,Summer,Evening (15-19),4.8,False,False
2025-05-17,IndiFly,LCC,BLR-COK,BLR,COK,Thu,5,Summer,Morning (08-11),5.2,False,False
2025-12-02,IndiFly,LCC,MAA-CCU,MAA,CCU,Sun,12,Winter,Morning (08-11),4.3,False,False
2025-11-25,IndiFly,LCC,MAA-CCU,MAA,CCU,Sat,11,Post-Monsoon,Morning (08-11),3.8,False,False
2025-01-28,Skyline National,Full-service,DEL-HYD,DEL,HYD,Sun,1,Winter,Morning (08-11),35.2,True,False
2025-04-27,Metro Express,LCC,COK-BOM,COK,BOM,Sun,4,Spring,Afternoon (11-15),13.4,False,False
2025-04-15,BlueSky Air,Full-service,BOM-GOI,BOM,GOI,Tue,4,Spring,Night (19-23),3.3,False,False
2025-12-13,Skyline National,Full-service,BLR-HYD,BLR,HYD,Sun,12,Winter,Night (19-23),7.8,False,False
2025-05-06,IndiFly,LCC,BLR-HYD,BLR,HYD,Wed,5,Summer,Evening (15-19),2.2,False,False
2025-11-05,Metro Express,LCC,DEL-HYD,DEL,HYD,Tue,11,Post-Monsoon,Afternoon (11-15),4.4,False,False
2025-04-01,Skyline National,Full-service,BLR-COK,BLR,COK,Fri,4,Spring,Night (19-23),9.7,False,False
2025-09-25,Coastal Wings,Regional/turboprop,DEL-BLR,DEL,BLR,Sun,9,Monsoon,Early Morning (05-08),5.1,False,False
2025-05-21,Skyline National,Full-service,BOM-GOI,BOM,GOI,Tue,5,Summer,Night (19-23),7.4,False,False
2025-09-02,BlueSky Air,Full-service,DEL-HYD,DEL,HYD,Sat,9,Monsoon,Evening (15-19),4.9,False,False
2025-10-22,BlueSky Air,Full-service,COK-BOM,COK,BOM,Wed,10,Post-Monsoon,Night (19-23),11.2,False,False
2025-01-03,Metro Express,LCC,DEL-HYD,DEL,HYD,Sun,1,Winter,Morning (08-11),22.0,True,False
2025-01-16,BlueSky Air,Full-service,DEL-CCU,DEL,CCU,Thu,1,Winter,Evening (15-19),11.2,False,False
2025-06-22,Metro Express,LCC,DEL-PNQ,DEL,PNQ,Sun,6,Summer,Night (19-23),8.1,False,False
2025-02-02,Metro Express,LCC,DEL-BOM,DEL,BOM,Mon,2,Winter,Night (19-23),9.1,False,False
2025-09-18,Skyline National,Full-service,DEL-HYD,DEL,HYD,Wed,9,Monsoon,Morning (08-11),15.7,True,False
2025-04-16,Skyline National,Full-service,DEL-AMD,DEL,AMD,Sun,4,Spring,Afternoon (11-15),6.6,False,False
2025-11-08,BlueSky Air,Full-service,DEL-BOM,DEL,BOM,Wed,11,Post-Monsoon,Morning (08-11),5.3,False,False
2025-09-21,Metro Express,LCC,BOM-COK,BOM,COK,Thu,9,Monsoon,Early Morning (05-08),13.4,False,False
2025-06-25,Metro Express,LCC,DEL-BOM,DEL,BOM,Tue,6,Summer,Morning (08-11),4.9,False,False
2025-08-01,Metro Express,LCC,DEL-PNQ,DEL,PNQ,Tue,8,Monsoon,Afternoon (11-15),5.0,False,False
2025-04-15,Coastal Wings,Regional/turboprop,DEL-CCU,DEL,CCU,Tue,4,Spring,Evening (15-19),5.0,False,False
2025-02-20,IndiFly,LCC,BLR-HYD,BLR,HYD,Sat,2,Winter,Night (19-23),6.2,False,False
2025-09-27,Metro Express,LCC,BOM-BLR,BOM,BLR,Wed,9,Monsoon,Evening (15-19),3.6,False,False
2025-05-01,BlueSky Air,Full-service,DEL-AMD,DEL,AMD,Fri,5,Summer,Afternoon (11-15),5.1,False,False
2025-11-14,BlueSky Air,Full-service,DEL-BLR,DEL,BLR,Mon,11,Post-Monsoon,Evening (15-19),5.0,False,False
2025-07-04,BlueSky Air,Full-service,MAA-CCU,MAA,CCU,Fri,7,Monsoon,Night (19-23),4.2,False,False
2025-02-19,Metro Express,LCC,BOM-BLR,BOM,BLR,Sat,2,Winter,Early Morning (05-08),3.0,False,False
2025-05-01,Metro Express,LCC,BOM-BLR,BOM,BLR,Mon,5,Summer,Night (19-23),9.0,False,False
2025-02-10,Metro Express,LCC,BOM-COK,BOM,COK,Wed,2,Winter,Morning (08-11),2.0,False,False
2025-11-04,IndiFly,LCC,DEL-HYD,DEL,HYD,Thu,11,Post-Monsoon,Evening (15-19),5.3,False,False
2025-09-09,IndiFly,LCC,BOM-GOI,BOM,GOI,Mon,9,Monsoon,Evening (15-19),0.0,False,True
2025-06-16,IndiFly,LCC,DEL-BOM,DEL,BOM,Sat,6,Summer,Early Morning (05-08),3.8,False,False
2025-06-11,BlueSky Air,Full-service,DEL-AMD,DEL,AMD,Fri,6,Summer,Evening (15-19),6.9,False,False
2025-03-20,IndiFly,LCC,MAA-CCU,MAA,CCU,Thu,3,Spring,Afternoon (11-15),2.1,False,False
2025-09-03,IndiFly,LCC,COK-BOM,COK,BOM,Thu,9,Monsoon,Night (19-23),12.5,False,False
2025-10-02,Skyline National,Full-service,DEL-PNQ,DEL,PNQ,Thu,10,Post-Monsoon,Night (19-23),23.0,True,False
2025-01-22,IndiFly,LCC,DEL-BOM,DEL,BOM,Mon,1,Winter,Morning (08-11),22.8,True,False
2025-08-08,Metro Express,LCC,MAA-CCU,MAA,CCU,Tue,8,Monsoon,Early Morning (05-08),2.8,False,False
2025-08-06,BlueSky Air,Full-service,DEL-BOM,DEL,BOM,Tue,8,Monsoon,Morning (08-11),6.2,False,False
2025-04-05,Metro Express,LCC,BOM-BLR,BOM,BLR,Sat,4,Spring,Morning (08-11),2.6,False,False
2025-03-06,IndiFly,LCC,DEL-BLR,DEL,BLR,Thu,3,Spring,Evening (15-19),11.8,False,False
2025-06-28,IndiFly,LCC,DEL-PNQ,DEL,PNQ,Tue,6,Summer,Night (19-23),10.0,False,False
2025-11-22,Skyline National,Full-service,DEL-BOM,DEL,BOM,Wed,11,Post-Monsoon,Night (19-23),13.0,False,False
2025-12-01,BlueSky Air,Full-service,DEL-PNQ,DEL,PNQ,Fri,12,Winter,Afternoon (11-15),28.7,True,False
2025-07-10,BlueSky Air,Full-service,DEL-HYD,DEL,HYD,Sat,7,Monsoon,Early Morning (05-08),6.9,False,False
2025-03-14,Coastal Wings,Regional/turboprop,COK-BOM,COK,BOM,Mon,3,Spring,Early Morning (05-08),2.9,False,False
2025-05-07,IndiFly,LCC,DEL-BLR,DEL,BLR,Wed,5,Summer,Night (19-23),11.6,False,False
2025-05-12,BlueSky Air,Full-service,DEL-GOI,DEL,GOI,Fri,5,Summer,Afternoon (11-15),5.8,False,False
2025-08-12,BlueSky Air,Full-service,BOM-COK,BOM,COK,Thu,8,Monsoon,Morning (08-11),20.9,True,False
2025-04-18,BlueSky Air,Full-service,HYD-MAA,HYD,MAA,Tue,4,Spring,Afternoon (11-15),4.1,False,False
2025-02-06,IndiFly,LCC,BLR-HYD,BLR,HYD,Tue,2,Winter,Evening (15-19),3.7,False,False
2025-04-21,Coastal Wings,Regional/turboprop,BOM-GOI,BOM,GOI,Sun,4,Spring,Evening (15-19),5.4,False,False
2025-06-25,Metro Express,LCC,DEL-AMD,DEL,AMD,Sun,6,Summer,Afternoon (11-15),9.4,False,False
2025-04-18,BlueSky Air,Full-service,COK-BOM,COK,BOM,Sat,4,Spring,Early Morning (05-08),2.5,False,False
2025-06-23,BlueSky Air,Full-service,DEL-BLR,DEL,BLR,Tue,6,Summer,Night (19-23),5.3,False,False
2025-05-26,Metro Express,LCC,DEL-AMD,DEL,AMD,Thu,5,Summer,Afternoon (11-15),25.6,True,False
2025-10-26,Metro Express,LCC,DEL-CCU,DEL,CCU,Sat,10,Post-Monsoon,Evening (15-19),3.9,False,False
2025-06-14,Coastal Wings,Regional/turboprop,BOM-GOI,BOM,GOI,Mon,6,Summer,Early Morning (05-08),0.0,False,True
2025-03-07,IndiFly,LCC,DEL-BOM,DEL,BOM,Fri,3,Spring,Morning (08-11),5.8,False,False
2025-03-07,Metro Express,LCC,BOM-GOI,BOM,GOI,Tue,3,Spring,Afternoon (11-15),6.2,False,False
2025-02-10,BlueSky Air,Full-service,BLR-HYD,BLR,HYD,Wed,2,Winter,Morning (08-11),6.4,False,False
2025-08-16,BlueSky Air,Full-service,BOM-GOI,BOM,GOI,Fri,8,Monsoon,Afternoon (11-15),3.5,False,False
2025-07-18,BlueSky Air,Full-service,DEL-BLR,DEL,BLR,Wed,7,Monsoon,Early Morning (05-08),4.4,False,False
2025-04-07,Metro Express,LCC,DEL-AMD,DEL,AMD,Sat,4,Spring,Morning (08-11),13.8,False,False
2025-08-03,Skyline National,Full-service,MAA-CCU,MAA,CCU,Fri,8,Monsoon,Afternoon (11-15),3.0,False,False
2025-08-18,IndiFly,LCC,BOM-BLR,BOM,BLR,Sat,8,Monsoon,Afternoon (11-15),9.6,False,False
2025-06-14,Skyline National,Full-service,COK-BOM,COK,BOM,Wed,6,Summer,Early Morning (05-08),20.7,True,False
2025-10-24,Metro Express,LCC,BLR-COK,BLR,COK,Wed,10,Post-Monsoon,Early Morning (05-08),10.4,False,False
2025-10-19,Coastal Wings,Regional/turboprop,DEL-CCU,DEL,CCU,Tue,10,Post-Monsoon,Evening (15-19),11.3,False,False
2025-04-22,IndiFly,LCC,DEL-BOM,DEL,BOM,Mon,4,Spring,Afternoon (11-15),5.5,False,False
2025-07-07,Skyline National,Full-service,BOM-BLR,BOM,BLR,Thu,7,Monsoon,Morning (08-11),3.7,False,False
2025-10-20,IndiFly,LCC,BLR-HYD,BLR,HYD,Thu,10,Post-Monsoon,Afternoon (11-15),5.3,False,False
2025-12-09,Metro Express,LCC,DEL-PNQ,DEL,PNQ,Tue,12,Winter,Early Morning (05-08),7.9,False,False
2025-05-23,Skyline National,Full-service,BLR-HYD,BLR,HYD,Fri,5,Summer,Morning (08-11),5.6,False,False
2025-05-24,BlueSky Air,Full-service,DEL-AMD,DEL,AMD,Tue,5,Summer,Early Morning (05-08),3.8,False,False
2025-01-22,IndiFly,LCC,DEL-BLR,DEL,BLR,Sun,1,Winter,Early Morning (05-08),20.8,True,False
2025-10-15,Skyline National,Full-service,DEL-CCU,DEL,CCU,Fri,10,Post-Monsoon,Early Morning (05-08),4.6,False,False
2025-05-19,Skyline National,Full-service,DEL-BLR,DEL,BLR,Wed,5,Summer,Evening (15-19),6.3,False,False
2025-11-25,Metro Express,LCC,DEL-HYD,DEL,HYD,Mon,11,Post-Monsoon,Evening (15-19),3.1,False,False
2025-12-27,Skyline National,Full-service,BLR-HYD,BLR,HYD,Fri,12,Winter,Afternoon (11-15),4.4,False,False
2025-01-18,IndiFly,LCC,DEL-BOM,DEL,BOM,Wed,1,Winter,Early Morning (05-08),11.2,False,False
2025-04-26,Coastal Wings,Regional/turboprop,DEL-AMD,DEL,AMD,Thu,4,Spring,Morning (08-11),6.3,False,False
2025-10-24,IndiFly,LCC,DEL-BLR,DEL,BLR,Sun,10,Post-Monsoon,Early Morning (05-08),4.7,False,False
2025-05-01,IndiFly,LCC,BOM-BLR,BOM,BLR,Fri,5,Summer,Night (19-23),7.7,False,False
2025-10-23,Metro Express,LCC,DEL-BLR,DEL,BLR,Sat,10,Post-Monsoon,Night (19-23),15.7,True,False
2025-07-17,Skyline National,Full-service,DEL-GOI,DEL,GOI,Sun,7,Monsoon,Early Morning (05-08),16.9,True,False
2025-02-09,Coastal Wings,Regional/turboprop,DEL-HYD,DEL,HYD,Tue,2,Winter,Evening (15-19),11.0,False,False
2025-08-19,IndiFly,LCC,BOM-COK,BOM,COK,Sat,8,Monsoon,Early Morning (05-08),6.3,False,False
2025-03-22,IndiFly,LCC,DEL-HYD,DEL,HYD,Sun,3,Spring,Morning (08-11),3.9,False,False
2025-11-08,Metro Express,LCC,DEL-BOM,DEL,BOM,Thu,11,Post-Monsoon,Evening (15-19),5.3,False,False
2025-02-11,Metro Express,LCC,DEL-BOM,DEL,BOM,Tue,2,Winter,Morning (08-11),3.4,False,False
2025-07-09,Metro Express,LCC,DEL-HYD,DEL,HYD,Thu,7,Monsoon,Evening (15-19),12.0,False,False
2025-12-10,Coastal Wings,Regional/turboprop,BLR-HYD,BLR,HYD,Tue,12,Winter,Early Morning (05-08),9.8,False,False
2025-10-01,Skyline National,Full-service,DEL-BOM,DEL,BOM,Tue,10,Post-Monsoon,Evening (15-19),13.8,False,False
2025-07-21,IndiFly,LCC,BOM-BLR,BOM,BLR,Wed,7,Monsoon,Early Morning (05-08),5.8,False,False
2025-06-03,Skyline National,Full-service,DEL-AMD,DEL,AMD,Sat,6,Summer,Night (19-23),6.3,False,False
2025-06-22,IndiFly,LCC,DEL-BOM,DEL,BOM,Tue,6,Summer,Night (19-23),9.8,False,False
2025-10-19,BlueSky Air,Full-service,DEL-HYD,DEL,HYD,Tue,10,Post-Monsoon,Evening (15-19),8.2,False,False
2025-11-08,Metro Express,LCC,DEL-CCU,DEL,CCU,Wed,11,Post-Monsoon,Early Morning (05-08),10.3,False,False
2025-07-10,Metro Express,LCC,DEL-BOM,DEL,BOM,Mon,7,Monsoon,Early Morning (05-08),5.4,False,False
2025-08-11,Metro Express,LCC,DEL-BLR,DEL,BLR,Mon,8,Monsoon,Early Morning (05-08),4.0,False,False
2025-02-09,IndiFly,LCC,BOM-BLR,BOM,BLR,Mon,2,Winter,Night (19-23),4.3,False,False
2025-12-03,IndiFly,LCC,DEL-GOI,DEL,GOI,Tue,12,Winter,Night (19-23),24.7,True,False
2025-08-20,Metro Express,LCC,BOM-GOI,BOM,GOI,Thu,8,Monsoon,Afternoon (11-15),15.3,True,False
2025-04-07,Skyline National,Full-service,DEL-BOM,DEL,BOM,Tue,4,Spring,Early Morning (05-08),9.4,False,False
2025-02-27,BlueSky Air,Full-service,BLR-COK,BLR,COK,Thu,2,Winter,Early Morning (05-08),5.8,False,False
2025-02-10,IndiFly,LCC,DEL-CCU,DEL,CCU,Sun,2,Winter,Evening (15-19),10.5,False,False
2025-07-04,Metro Express,LCC,BOM-GOI,BOM,GOI,Thu,7,Monsoon,Evening (15-19),32.4,True,False
2025-09-06,Metro Express,LCC,DEL-PNQ,DEL,PNQ,Sun,9,Monsoon,Early Morning (05-08),6.8,False,False
2025-01-19,IndiFly,LCC,BLR-HYD,BLR,HYD,Thu,1,Winter,Morning (08-11),8.7,False,False
2025-06-15,Skyline National,Full-service,DEL-BLR,DEL,BLR,Fri,6,Summer,Afternoon (11-15),9.3,False,False
2025-12-24,Skyline National,Full-service,DEL-BLR,DEL,BLR,Thu,12,Winter,Evening (15-19),0.0,False,True
2025-04-28,Skyline National,Full-service,DEL-BOM,DEL,BOM,Fri,4,Spring,Evening (15-19),26.1,True,False
2025-11-05,BlueSky Air,Full-service,DEL-BOM,DEL,BOM,Mon,11,Post-Monsoon,Afternoon (11-15),4.4,False,False
2025-10-22,IndiFly,LCC,DEL-CCU,DEL,CCU,Wed,10,Post-Monsoon,Early Morning (05-08),9.4,False,False
2025-12-16,Coastal Wings,Regional/turboprop,DEL-CCU,DEL,CCU,Sun,12,Winter,Morning (08-11),13.6,False,False
2025-01-21,Skyline National,Full-service,DEL-BLR,DEL,BLR,Fri,1,Winter,Evening (15-19),12.5,False,False
2025-05-22,Metro Express,LCC,DEL-BOM,DEL,BOM,Wed,5,Summer,Evening (15-19),7.9,False,False
2025-01-13,Skyline National,Full-service,DEL-BLR,DEL,BLR,Fri,1,Winter,Early Morning (05-08),26.3,True,False
2025-12-15,BlueSky Air,Full-service,DEL-CCU,DEL,CCU,Tue,12,Winter,Early Morning (05-08),6.2,False,False
2025-02-23,BlueSky Air,Full-service,DEL-BOM,DEL,BOM,Sat,2,Winter,Afternoon (11-15),5.8,False,False
2025-08-25,Metro Express,LCC,DEL-BOM,DEL,BOM,Wed,8,Monsoon,Afternoon (11-15),6.7,False,False
2025-02-27,Skyline National,Full-service,DEL-BLR,DEL,BLR,Sun,2,Winter,Afternoon (11-15),9.3,False,False
2025-11-09,IndiFly,LCC,BOM-GOI,BOM,GOI,Sun,11,Post-Monsoon,Night (19-23),13.2,False,False
2025-05-27,Coastal Wings,Regional/turboprop,DEL-PNQ,DEL,PNQ,Mon,5,Summer,Afternoon (11-15),9.1,False,False
2025-07-08,Coastal Wings,Regional/turboprop,BOM-COK,BOM,COK,Tue,7,Monsoon,Morning (08-11),10.4,False,False
2025-03-06,IndiFly,LCC,DEL-HYD,DEL,HYD,Thu,3,Spring,Night (19-23),6.2,False,False
2025-09-07,IndiFly,LCC,DEL-GOI,DEL,GOI,Fri,9,Monsoon,Morning (08-11),26.8,True,False
2025-09-09,IndiFly,LCC,DEL-HYD,DEL,HYD,Sun,9,Monsoon,Afternoon (11-15),10.2,False,False
2025-06-22,Skyline National,Full-service,MAA-CCU,MAA,CCU,Mon,6,Summer,Night (19-23),10.1,False,False
2025-05-13,Skyline National,Full-service,DEL-BOM,DEL,BOM,Mon,5,Summer,Early Morning (05-08),8.9,False,False
2025-05-02,BlueSky Air,Full-service,DEL-BOM,DEL,BOM,Fri,5,Summer,Early Morning (05-08),3.8,False,False
2025-07-13,Skyline National,Full-service,DEL-HYD,DEL,HYD,Mon,7,Monsoon,Early Morning (05-08),3.2,False,False
2025-09-09,Metro Express,LCC,BOM-COK,BOM,COK,Sun,9,Monsoon,Afternoon (11-15),25.4,True,False
2025-11-27,Metro Express,LCC,DEL-BOM,DEL,BOM,Sun,11,Post-Monsoon,Evening (15-19),0.0,False,True
2025-09-06,BlueSky Air,Full-service,DEL-BOM,DEL,BOM,Mon,9,Monsoon,Morning (08-11),9.3,False,False
2025-02-27,IndiFly,LCC,BOM-COK,BOM,COK,Sat,2,Winter,Morning (08-11),3.4,False,False
2025-11-19,Metro Express,LCC,BOM-GOI,BOM,GOI,Wed,11,Post-Monsoon,Early Morning (05-08),4.4,False,False
2025-01-03,Coastal Wings,Regional/turboprop,BLR-HYD,BLR,HYD,Fri,1,Winter,Afternoon (11-15),8.4,False,False
2025-05-04,IndiFly,LCC,DEL-BOM,DEL,BOM,Fri,5,Summer,Morning (08-11),10.3,False,False
2025-07-03,IndiFly,LCC,BLR-HYD,BLR,HYD,Thu,7,Monsoon,Early Morning (05-08),8.3,False,False
2025-12-18,Skyline National,Full-service,BOM-BLR,BOM,BLR,Sat,12,Winter,Night (19-23),23.8,True,False
2025-05-25,Metro Express,LCC,DEL-BOM,DEL,BOM,Fri,5,Summer,Night (19-23),12.1,False,False
2025-05-02,IndiFly,LCC,BOM-BLR,BOM,BLR,Wed,5,Summer,Morning (08-11),3.1,False,False
2025-04-25,Metro Express,LCC,DEL-BOM,DEL,BOM,Fri,4,Spring,Afternoon (11-15),5.1,False,False
2025-07-01,BlueSky Air,Full-service,DEL-CCU,DEL,CCU,Sat,7,Monsoon,Night (19-23),8.4,False,False
2025-04-03,Metro Express,LCC,DEL-AMD,DEL,AMD,Fri,4,Spring,Early Morning (05-08),6.0,False,False
2025-07-08,Coastal Wings,Regional/turboprop,DEL-CCU,DEL,CCU,Sun,7,Monsoon,Afternoon (11-15),3.2,False,False
2025-06-17,BlueSky Air,Full-service,DEL-BLR,DEL,BLR,Wed,6,Summer,Evening (15-19),2.8,False,False
2025-03-27,Metro Express,LCC,DEL-PNQ,DEL,PNQ,Thu,3,Spring,Morning (08-11),11.6,False,False
2025-02-03,Metro Express,LCC,BOM-BLR,BOM,BLR,Sun,2,Winter,Early Morning (05-08),2.5,False,False
2025-06-21,BlueSky Air,Full-service,DEL-BOM,DEL,BOM,Fri,6,Summer,Evening (15-19),4.5,False,False
2025-07-06,BlueSky Air,Full-service,DEL-PNQ,DEL,PNQ,Wed,7,Monsoon,Evening (15-19),4.6,False,False
2025-04-07,Metro Express,LCC,DEL-AMD,DEL,AMD,Wed,4,Spring,Night (19-23),13.5,False,False
2025-07-03,Metro Express,LCC,MAA-CCU,MAA,CCU,Fri,7,Monsoon,Afternoon (11-15),16.3,True,False
2025-05-07,Coastal Wings,Regional/turboprop,BLR-HYD,BLR,HYD,Wed,5,Summer,Night (19-23),3.8,False,False
2025-03-27,Metro Express,LCC,DEL-HYD,DEL,HYD,Sun,3,Spring,Early Morning (05-08),4.3,False,False
2025-01-09,Skyline National,Full-service,DEL-BOM,DEL,BOM,Mon,1,Winter,Early Morning (05-08),18.8,True,False
2025-11-27,Skyline National,Full-service,DEL-AMD,DEL,AMD,Mon,11,Post-Monsoon,Early Morning (05-08),4.3,False,False
2025-06-15,BlueSky Air,Full-service,DEL-BLR,DEL,BLR,Fri,6,Summer,Afternoon (11-15),8.8,False,False
2025-03-22,BlueSky Air,Full-service,BOM-COK,BOM,COK,Thu,3,Spring,Evening (15-19),6.9,False,False
2025-10-25,BlueSky Air,Full-service,DEL-BOM,DEL,BOM,Fri,10,Post-Monsoon,Night (19-23),8.2,False,False
2025-09-07,Skyline National,Full-service,DEL-CCU,DEL,CCU,Thu,9,Monsoon,Early Morning (05-08),7.8,False,False
2025-08-22,BlueSky Air,Full-service,DEL-HYD,DEL,HYD,Thu,8,Monsoon,Night (19-23),6.6,False,False
2025-11-19,BlueSky Air,Full-service,DEL-AMD,DEL,AMD,Sat,11,Post-Monsoon,Morning (08-11),7.6,False,False
2025-12-18,IndiFly,LCC,MAA-CCU,MAA,CCU,Sat,12,Winter,Evening (15-19),2.3,False,False
2025-03-26,IndiFly,LCC,BOM-BLR,BOM,BLR,Thu,3,Spring,Evening (15-19),7.2,False,False
2025-06-02,Skyline National,Full-service,BOM-GOI,BOM,GOI,Wed,6,Summer,Afternoon (11-15),13.0,False,False
2025-09-18,Skyline National,Full-service,MAA-CCU,MAA,CCU,Sat,9,Monsoon,Night (19-23),6.5,False,False
2025-04-19,Metro Express,LCC,DEL-BOM,DEL,BOM,Mon,4,Spring,Night (19-23),5.9,False,False
2025-05-06,IndiFly,LCC,DEL-AMD,DEL,AMD,Mon,5,Summer,Early Morning (05-08),3.9,False,False
2025-09-24,Metro Express,LCC,BOM-BLR,BOM,BLR,Tue,9,Monsoon,Afternoon (11-15),6.3,False,False
2025-06-27,BlueSky Air,Full-service,DEL-BLR,DEL,BLR,Thu,6,Summer,Night (19-23),3.9,False,False
2025-09-22,Skyline National,Full-service,DEL-BLR,DEL,BLR,Fri,9,Monsoon,Early Morning (05-08),4.7,False,False
2025-04-25,BlueSky Air,Full-service,BOM-BLR,BOM,BLR,Tue,4,Spring,Night (19-23),2.5,False,False
2025-07-04,Coastal Wings,Regional/turboprop,DEL-HYD,DEL,HYD,Thu,7,Monsoon,Afternoon (11-15),20.2,True,False
2025-12-19,BlueSky Air,Full-service,DEL-BOM,DEL,BOM,Fri,12,Winter,Evening (15-19),21.7,True,False
2025-02-03,IndiFly,LCC,DEL-CCU,DEL,CCU,Sun,2,Winter,Early Morning (05-08),9.8,False,False
2025-07-05,IndiFly,LCC,BOM-GOI,BOM,GOI,Mon,7,Monsoon,Early Morning (05-08),7.2,False,False
2025-01-01,Coastal Wings,Regional/turboprop,BOM-BLR,BOM,BLR,Sun,1,Winter,Early Morning (05-08),4.3,False,False
2025-07-22,Skyline National,Full-service,MAA-CCU,MAA,CCU,Tue,7,Monsoon,Early Morning (05-08),4.9,False,False
2025-08-11,IndiFly,LCC,DEL-BLR,DEL,BLR,Fri,8,Monsoon,Afternoon (11-15),8.3,False,False
2025-11-16,IndiFly,LCC,BLR-HYD,BLR,HYD,Sat,11,Post-Monsoon,Morning (08-11),10.9,False,False
2025-04-05,IndiFly,LCC,DEL-AMD,DEL,AMD,Sat,4,Spring,Morning (08-11),5.8,False,False
2025-05-13,Metro Express,LCC,BOM-GOI,BOM,GOI,Thu,5,Summer,Night (19-23),6.3,False,False
2025-05-05,Coastal Wings,Regional/turboprop,BOM-BLR,BOM,BLR,Thu,5,Summer,Evening (15-19),11.3,False,False
2025-06-16,IndiFly,LCC,BOM-GOI,BOM,GOI,Sun,6,Summer,Evening (15-19),13.1,False,False
2025-06-03,Metro Express,LCC,DEL-PNQ,DEL,PNQ,Sun,6,Summer,Evening (15-19),4.2,False,False
2025-03-28,IndiFly,LCC,DEL-CCU,DEL,CCU,Sat,3,Spring,Evening (15-19),8.9,False,False
2025-08-07,IndiFly,LCC,DEL-AMD,DEL,AMD,Wed,8,Monsoon,Early Morning (05-08),6.5,False,False
2025-05-10,IndiFly,LCC,BOM-COK,BOM,COK,Fri,5,Summer,Night (19-23),12.8,False,False
2025-08-22,Metro Express,LCC,DEL-BLR,DEL,BLR,Sat,8,Monsoon,Early Morning (05-08),3.0,False,False
2025-03-16,Coastal Wings,Regional/turboprop,BLR-COK,BLR,COK,Thu,3,Spring,Night (19-23),10.3,False,False
2025-12-06,BlueSky Air,Full-service,DEL-PNQ,DEL,PNQ,Mon,12,Winter,Morning (08-11),13.0,False,False
2025-06-25,Metro Express,LCC,DEL-HYD,DEL,HYD,Mon,6,Summer,Morning (08-11),4.5,False,False
2025-10-02,Metro Express,LCC,MAA-CCU,MAA,CCU,Fri,10,Post-Monsoon,Evening (15-19),16.9,True,False
2025-05-14,Skyline National,Full-service,DEL-GOI,DEL,GOI,Sun,5,Summer,Afternoon (11-15),3.0,False,False
2025-10-08,Skyline National,Full-service,BLR-HYD,BLR,HYD,Fri,10,Post-Monsoon,Afternoon (11-15),1.8,False,False
2025-03-06,Metro Express,LCC,DEL-AMD,DEL,AMD,Thu,3,Spring,Morning (08-11),5.7,False,False
2025-10-12,BlueSky Air,Full-service,DEL-GOI,DEL,GOI,Sat,10,Post-Monsoon,Afternoon (11-15),5.5,False,False
2025-09-08,Skyline National,Full-service,DEL-BOM,DEL,BOM,Tue,9,Monsoon,Early Morning (05-08),3.8,False,False
2025-05-20,IndiFly,LCC,DEL-BOM,DEL,BOM,Fri,5,Summer,Early Morning (05-08),11.0,False,False
2025-06-12,Coastal Wings,Regional/turboprop,BOM-BLR,BOM,BLR,Thu,6,Summer,Evening (15-19),5.2,False,False
2025-10-03,BlueSky Air,Full-service,DEL-BLR,DEL,BLR,Tue,10,Post-Monsoon,Early Morning (05-08),7.2,False,False
2025-07-19,Skyline National,Full-service,DEL-BLR,DEL,BLR,Sun,7,Monsoon,Evening (15-19),5.3,False,False
2025-05-13,Metro Express,LCC,DEL-BOM,DEL,BOM,Fri,5,Summer,Afternoon (11-15),10.8,False,False
2025-07-05,Metro Express,LCC,BLR-HYD,BLR,HYD,Thu,7,Monsoon,Early Morning (05-08),9.0,False,False
2025-10-17,IndiFly,LCC,BOM-BLR,BOM,BLR,Wed,10,Post-Monsoon,Morning (08-11),6.8,False,False
2025-01-19,IndiFly,LCC,DEL-HYD,DEL,HYD,Wed,1,Winter,Afternoon (11-15),15.1,True,False
2025-10-19,Metro Express,LCC,DEL-CCU,DEL,CCU,Fri,10,Post-Monsoon,Afternoon (11-15),5.2,False,False
2025-11-09,IndiFly,LCC,BLR-HYD,BLR,HYD,Sun,11,Post-Monsoon,Early Morning (05-08),2.5,False,False
2025-09-03,BlueSky Air,Full-service,DEL-BOM,DEL,BOM,Sat,9,Monsoon,Early Morning (05-08),3.8,False,False
2025-03-21,Metro Express,LCC,DEL-BOM,DEL,BOM,Sat,3,Spring,Afternoon (11-15),4.0,False,False
2025-12-13,Metro Express,LCC,MAA-CCU,MAA,CCU,Sat,12,Winter,Morning (08-11),1.4,False,False
2025-10-02,Metro Express,LCC,DEL-HYD,DEL,HYD,Sun,10,Post-Monsoon,Early Morning (05-08),3.8,False,False
2025-08-17,Metro Express,LCC,BOM-BLR,BOM,BLR,Sat,8,Monsoon,Morning (08-11),3.5,False,False
2025-11-08,Metro Express,LCC,DEL-HYD,DEL,HYD,Mon,11,Post-Monsoon,Evening (15-19),25.4,True,False
2025-11-26,Coastal Wings,Regional/turboprop,DEL-CCU,DEL,CCU,Wed,11,Post-Monsoon,Night (19-23),5.6,False,False
2025-06-18,Metro Express,LCC,DEL-BOM,DEL,BOM,Wed,6,Summer,Afternoon (11-15),4.0,False,False
2025-10-14,Skyline National,Full-service,BOM-COK,BOM,COK,Fri,10,Post-Monsoon,Early Morning (05-08),3.7,False,False
2025-06-12,BlueSky Air,Full-service,DEL-BOM,DEL,BOM,Fri,6,Summer,Afternoon (11-15),7.0,False,False
2025-02-09,IndiFly,LCC,BOM-GOI,BOM,GOI,Mon,2,Winter,Early Morning (05-08),1.9,False,False
2025-12-22,Metro Express,LCC,DEL-PNQ,DEL,PNQ,Sat,12,Winter,Night (19-23),56.9,True,False
2025-11-20,Skyline National,Full-service,BOM-GOI,BOM,GOI,Thu,11,Post-Monsoon,Early Morning (05-08),3.4,False,False
2025-09-27,BlueSky Air,Full-service,DEL-HYD,DEL,HYD,Thu,9,Monsoon,Morning (08-11),8.0,False,False
2025-12-26,Skyline National,Full-service,BOM-BLR,BOM,BLR,Thu,12,Winter,Night (19-23),11.4,False,False
2025-12-04,IndiFly,LCC,BOM-GOI,BOM,GOI,Sun,12,Winter,Early Morning (05-08),6.5,False,False
2025-08-05,BlueSky Air,Full-service,BOM-GOI,BOM,GOI,Thu,8,Monsoon,Early Morning (05-08),7.9,False,False
2025-05-06,IndiFly,LCC,DEL-BLR,DEL,BLR,Mon,5,Summer,Evening (15-19),4.1,False,False
2025-09-01,IndiFly,LCC,MAA-CCU,MAA,CCU,Thu,9,Monsoon,Morning (08-11),3.6,False,False
2025-10-23,BlueSky Air,Full-service,DEL-PNQ,DEL,PNQ,Fri,10,Post-Monsoon,Early Morning (05-08),8.4,False,False
2025-05-08,Metro Express,LCC,BOM-COK,BOM,COK,Sat,5,Summer,Evening (15-19),16.1,True,False
2025-03-03,BlueSky Air,Full-service,DEL-PNQ,DEL,PNQ,Mon,3,Spring,Night (19-23),25.9,True,False
2025-01-18,BlueSky Air,Full-service,BLR-COK,BLR,COK,Sun,1,Winter,Early Morning (05-08),2.5,False,False
2025-06-13,BlueSky Air,Full-service,DEL-CCU,DEL,CCU,Sun,6,Summer,Early Morning (05-08),5.6,False,False
2025-01-28,IndiFly,LCC,DEL-HYD,DEL,HYD,Mon,1,Winter,Morning (08-11),18.2,True,False
2025-07-11,BlueSky Air,Full-service,DEL-PNQ,DEL,PNQ,Mon,7,Monsoon,Evening (15-19),6.5,False,False
2025-01-06,Metro Express,LCC,DEL-HYD,DEL,HYD,Thu,1,Winter,Night (19-23),10.4,False,False
2025-06-01,BlueSky Air,Full-service,COK-BOM,COK,BOM,Thu,6,Summer,Night (19-23),7.3,False,False
2025-02-22,IndiFly,LCC,COK-BOM,COK,BOM,Thu,2,Winter,Evening (15-19),4.2,False,False
2025-09-14,Metro Express,LCC,BOM-BLR,BOM,BLR,Thu,9,Monsoon,Afternoon (11-15),17.9,True,False
2025-02-09,IndiFly,LCC,BOM-COK,BOM,COK,Tue,2,Winter,Evening (15-19),15.7,True,False
2025-12-04,Metro Express,LCC,BOM-BLR,BOM,BLR,Mon,12,Winter,Evening (15-19),4.9,False,False
2025-12-22,IndiFly,LCC,BOM-BLR,BOM,BLR,Sat,12,Winter,Afternoon (11-15),3.9,False,False
2025-03-28,Skyline National,Full-service,BOM-COK,BOM,COK,Tue,3,Spring,Evening (15-19),5.6,False,False
2025-07-27,Metro Express,LCC,DEL-CCU,DEL,CCU,Thu,7,Monsoon,Early Morning (05-08),2.3,False,False
2025-07-06,Coastal Wings,Regional/turboprop,DEL-CCU,DEL,CCU,Sat,7,Monsoon,Evening (15-19),9.7,False,False
2025-05-17,BlueSky Air,Full-service,DEL-BLR,DEL,BLR,Sat,5,Summer,Afternoon (11-15),4.2,False,False
2025-04-03,BlueSky Air,Full-service,DEL-HYD,DEL,HYD,Wed,4,Spring,Night (19-23),5.4,False,False
2025-06-16,BlueSky Air,Full-service,BOM-GOI,BOM,GOI,Sun,6,Summer,Morning (08-11),6.8,False,False
2025-04-16,BlueSky Air,Full-service,DEL-CCU,DEL,CCU,Mon,4,Spring,Evening (15-19),6.8,False,False
2025-02-22,Coastal Wings,Regional/turboprop,BOM-BLR,BOM,BLR,Tue,2,Winter,Evening (15-19),3.3,False,False
2025-02-18,Skyline National,Full-service,BOM-BLR,BOM,BLR,Wed,2,Winter,Early Morning (05-08),3.7,False,False
2025-02-16,Coastal Wings,Regional/turboprop,BOM-GOI,BOM,GOI,Sun,2,Winter,Night (19-23),5.1,False,False
2025-04-13,IndiFly,LCC,DEL-HYD,DEL,HYD,Mon,4,Spring,Morning (08-11),14.3,False,False
2025-02-21,IndiFly,LCC,DEL-CCU,DEL,CCU,Mon,2,Winter,Afternoon (11-15),9.9,False,False
2025-10-23,Skyline National,Full-service,BLR-HYD,BLR,HYD,Fri,10,Post-Monsoon,Evening (15-19),6.6,False,False
2025-01-20,Metro Express,LCC,DEL-PNQ,DEL,PNQ,Wed,1,Winter,Morning (08-11),23.7,True,False
2025-06-17,BlueSky Air,Full-service,HYD-MAA,HYD,MAA,Thu,6,Summer,Morning (08-11),3.4,False,False
2025-04-23,Metro Express,LCC,DEL-BLR,DEL,BLR,Thu,4,Spring,Early Morning (05-08),9.6,False,False
2025-11-16,Metro Express,LCC,DEL-HYD,DEL,HYD,Wed,11,Post-Monsoon,Evening (15-19),10.6,False,False
2025-07-09,BlueSky Air,Full-service,DEL-PNQ,DEL,PNQ,Sat,7,Monsoon,Evening (15-19),3.3,False,False
2025-11-05,BlueSky Air,Full-service,BLR-HYD,BLR,HYD,Wed,11,Post-Monsoon,Evening (15-19),6.0,False,False
2025-01-22,Skyline National,Full-service,BOM-BLR,BOM,BLR,Sat,1,Winter,Evening (15-19),11.8,False,False
2025-01-17,IndiFly,LCC,DEL-BOM,DEL,BOM,Fri,1,Winter,Morning (08-11),7.3,False,False
2025-03-15,IndiFly,LCC,BLR-HYD,BLR,HYD,Sun,3,Spring,Night (19-23),9.8,False,False
2025-02-18,IndiFly,LCC,BLR-COK,BLR,COK,Mon,2,Winter,Morning (08-11),5.2,False,False
2025-04-10,BlueSky Air,Full-service,DEL-BOM,DEL,BOM,Mon,4,Spring,Early Morning (05-08),4.6,False,False
2025-02-17,IndiFly,LCC,BOM-COK,BOM,COK,Wed,2,Winter,Evening (15-19),1.8,False,False
2025-04-08,IndiFly,LCC,DEL-PNQ,DEL,PNQ,Mon,4,Spring,Night (19-23),14.1,False,False
2025-05-01,Skyline National,Full-service,DEL-CCU,DEL,CCU,Mon,5,Summer,Early Morning (05-08),14.2,False,False
2025-12-03,Metro Express,LCC,BOM-COK,BOM,COK,Fri,12,Winter,Early Morning (05-08),13.8,False,False
2025-07-10,IndiFly,LCC,BOM-GOI,BOM,GOI,Wed,7,Monsoon,Morning (08-11),15.6,True,False
2025-04-07,BlueSky Air,Full-service,DEL-CCU,DEL,CCU,Thu,4,Spring,Night (19-23),9.2,False,False
2025-10-04,IndiFly,LCC,HYD-MAA,HYD,MAA,Wed,10,Post-Monsoon,Afternoon (11-15),12.4,False,False
2025-01-28,BlueSky Air,Full-service,BOM-COK,BOM,COK,Fri,1,Winter,Evening (15-19),3.3,False,False
2025-02-19,BlueSky Air,Full-service,BOM-BLR,BOM,BLR,Thu,2,Winter,Afternoon (11-15),13.0,False,False
2025-07-22,IndiFly,LCC,DEL-HYD,DEL,HYD,Fri,7,Monsoon,Afternoon (11-15),5.8,False,False
2025-08-28,Skyline National,Full-service,BLR-HYD,BLR,HYD,Thu,8,Monsoon,Evening (15-19),12.9,False,False
2025-08-26,BlueSky Air,Full-service,DEL-HYD,DEL,HYD,Wed,8,Monsoon,Night (19-23),13.2,False,False
2025-10-15,Metro Express,LCC,BLR-COK,BLR,COK,Thu,10,Post-Monsoon,Afternoon (11-15),3.5,False,False
2025-08-11,Metro Express,LCC,DEL-BOM,DEL,BOM,Mon,8,Monsoon,Evening (15-19),8.4,False,False
2025-04-19,IndiFly,LCC,BOM-GOI,BOM,GOI,Tue,4,Spring,Morning (08-11),12.7,False,False
2025-09-17,BlueSky Air,Full-service,DEL-HYD,DEL,HYD,Thu,9,Monsoon,Night (19-23),6.6,False,False
2025-05-27,BlueSky Air,Full-service,DEL-GOI,DEL,GOI,Thu,5,Summer,Early Morning (05-08),9.0,False,False
2025-04-05,Metro Express,LCC,COK-BOM,COK,BOM,Mon,4,Spring,Morning (08-11),1.8,False,False
2025-11-17,BlueSky Air,Full-service,DEL-CCU,DEL,CCU,Fri,11,Post-Monsoon,Night (19-23),15.0,False,False
2025-08-13,Skyline National,Full-service,BOM-BLR,BOM,BLR,Fri,8,Monsoon,Evening (15-19),2.8,False,False
2025-10-24,Skyline National,Full-service,DEL-BOM,DEL,BOM,Fri,10,Post-Monsoon,Evening (15-19),26.1,True,False
2025-11-22,IndiFly,LCC,DEL-BOM,DEL,BOM,Sat,11,Post-Monsoon,Early Morning (05-08),5.1,False,False
2025-08-01,Metro Express,LCC,COK-BOM,COK,BOM,Sat,8,Monsoon,Afternoon (11-15),20.4,True,False
2025-10-13,BlueSky Air,Full-service,BOM-COK,BOM,COK,Tue,10,Post-Monsoon,Morning (08-11),4.2,False,False
2025-05-04,Skyline National,Full-service,BLR-COK,BLR,COK,Thu,5,Summer,Night (19-23),12.7,False,False
2025-01-17,Coastal Wings,Regional/turboprop,DEL-BLR,DEL,BLR,Fri,1,Winter,Morning (08-11),11.7,False,False
2025-07-14,IndiFly,LCC,MAA-CCU,MAA,CCU,Thu,7,Monsoon,Early Morning (05-08),8.1,False,False
2025-05-26,IndiFly,LCC,DEL-BOM,DEL,BOM,Wed,5,Summer,Evening (15-19),10.2,False,False
2025-09-28,IndiFly,LCC,DEL-PNQ,DEL,PNQ,Fri,9,Monsoon,Afternoon (11-15),3.5,False,False
2025-06-02,BlueSky Air,Full-service,DEL-HYD,DEL,HYD,Tue,6,Summer,Night (19-23),5.8,False,False
2025-08-23,Metro Express,LCC,BOM-BLR,BOM,BLR,Wed,8,Monsoon,Night (19-23),5.9,False,False
2025-03-08,Metro Express,LCC,DEL-BOM,DEL,BOM,Sun,3,Spring,Morning (08-11),3.9,False,False
2025-11-14,BlueSky Air,Full-service,DEL-BOM,DEL,BOM,Thu,11,Post-Monsoon,Early Morning (05-08),8.4,False,False
2025-07-11,Metro Express,LCC,BOM-BLR,BOM,BLR,Mon,7,Monsoon,Early Morning (05-08),4.7,False,False
2025-10-03,BlueSky Air,Full-service,DEL-BOM,DEL,BOM,Thu,10,Post-Monsoon,Morning (08-11),5.4,False,False
2025-11-25,BlueSky Air,Full-service,BOM-COK,BOM,COK,Sat,11,Post-Monsoon,Afternoon (11-15),5.4,False,False
2025-06-05,IndiFly,LCC,BOM-BLR,BOM,BLR,Wed,6,Summer,Night (19-23),5.1,False,False
2025-06-07,BlueSky Air,Full-service,DEL-AMD,DEL,AMD,Wed,6,Summer,Night (19-23),8.2,False,False
2025-09-09,Metro Express,LCC,BLR-HYD,BLR,HYD,Mon,9,Monsoon,Night (19-23),6.8,False,False
2025-07-12,BlueSky Air,Full-service,BOM-COK,BOM,COK,Mon,7,Monsoon,Evening (15-19),14.3,False,False
2025-05-25,Metro Express,LCC,BLR-COK,BLR,COK,Tue,5,Summer,Night (19-23),5.0,False,False
2025-03-21,BlueSky Air,Full-service,DEL-BOM,DEL,BOM,Mon,3,Spring,Morning (08-11),5.3,False,False
2025-04-27,BlueSky Air,Full-service,DEL-BLR,DEL,BLR,Sun,4,Spring,Morning (08-11),4.2,False,False
2025-12-26,BlueSky Air,Full-service,BOM-BLR,BOM,BLR,Mon,12,Winter,Early Morning (05-08),7.5,False,False
2025-02-05,IndiFly,LCC,DEL-CCU,DEL,CCU,Fri,2,Winter,Evening (15-19),3.2,False,False
2025-06-04,BlueSky Air,Full-service,DEL-BLR,DEL,BLR,Thu,6,Summer,Afternoon (11-15),3.0,False,False
2025-08-20,BlueSky Air,Full-service,DEL-HYD,DEL,HYD,Sun,8,Monsoon,Early Morning (05-08),5.0,False,False
2025-12-11,IndiFly,LCC,DEL-BLR,DEL,BLR,Fri,12,Winter,Early Morning (05-08),13.9,False,False
2025-08-24,IndiFly,LCC,BLR-HYD,BLR,HYD,Tue,8,Monsoon,Evening (15-19),10.1,False,False
2025-10-09,Coastal Wings,Regional/turboprop,DEL-AMD,DEL,AMD,Mon,10,Post-Monsoon,Morning (08-11),6.8,False,False
2025-11-20,Metro Express,LCC,DEL-BLR,DEL,BLR,Fri,11,Post-Monsoon,Early Morning (05-08),7.7,False,False
2025-02-13,BlueSky Air,Full-service,DEL-PNQ,DEL,PNQ,Tue,2,Winter,Morning (08-11),5.5,False,False
2025-11-21,Skyline National,Full-service,BLR-COK,BLR,COK,Sat,11,Post-Monsoon,Afternoon (11-15),3.5,False,False
2025-05-06,Skyline National,Full-service,BLR-COK,BLR,COK,Sun,5,Summer,Afternoon (11-15),6.1,False,False
2025-03-11,Metro Express,LCC,BLR-HYD,BLR,HYD,Wed,3,Spring,Early Morning (05-08),4.2,False,False
2025-05-16,Metro Express,LCC,DEL-PNQ,DEL,PNQ,Wed,5,Summer,Evening (15-19),5.4,False,False
2025-05-09,Metro Express,LCC,BOM-BLR,BOM,BLR,Mon,5,Summer,Early Morning (05-08),6.2,False,False
2025-06-07,Metro Express,LCC,BOM-BLR,BOM,BLR,Tue,6,Summer,Afternoon (11-15),11.3,False,False
2025-05-24,BlueSky Air,Full-service,BLR-HYD,BLR,HYD,Wed,5,Summer,Early Morning (05-08),6.0,False,False
2025-03-23,Coastal Wings,Regional/turboprop,BOM-BLR,BOM,BLR,Fri,3,Spring,Evening (15-19),19.7,True,False
2025-12-01,Metro Express,LCC,DEL-BLR,DEL,BLR,Mon,12,Winter,Evening (15-19),15.6,True,False
2025-08-06,Skyline National,Full-service,DEL-CCU,DEL,CCU,Wed,8,Monsoon,Afternoon (11-15),9.3,False,False
2025-11-22,IndiFly,LCC,BOM-GOI,BOM,GOI,Tue,11,Post-Monsoon,Early Morning (05-08),10.7,False,False
2025-01-17,Skyline National,Full-service,DEL-CCU,DEL,CCU,Tue,1,Winter,Early Morning (05-08),6.5,False,False
2025-03-12,IndiFly,LCC,DEL-BOM,DEL,BOM,Tue,3,Spring,Evening (15-19),3.2,False,False
2025-06-22,Skyline National,Full-service,DEL-BLR,DEL,BLR,Wed,6,Summer,Afternoon (11-15),3.9,False,False
2025-01-06,BlueSky Air,Full-service,BLR-COK,BLR,COK,Wed,1,Winter,Early Morning (05-08),1.5,False,False
2025-03-28,Metro Express,LCC,DEL-CCU,DEL,CCU,Wed,3,Spring,Night (19-23),12.2,False,False
2025-10-23,Skyline National,Full-service,DEL-BLR,DEL,BLR,Sun,10,Post-Monsoon,Evening (15-19),5.2,False,False
2025-03-10,IndiFly,LCC,DEL-BLR,DEL,BLR,Mon,3,Spring,Afternoon (11-15),7.0,False,False
2025-07-18,Skyline National,Full-service,DEL-BOM,DEL,BOM,Wed,7,Monsoon,Early Morning (05-08),6.1,False,False
2025-10-06,BlueSky Air,Full-service,DEL-CCU,DEL,CCU,Sat,10,Post-Monsoon,Early Morning (05-08),3.7,False,False
2025-09-14,IndiFly,LCC,BOM-COK,BOM,COK,Thu,9,Monsoon,Night (19-23),13.3,False,False
2025-02-25,BlueSky Air,Full-service,DEL-GOI,DEL,GOI,Thu,2,Winter,Early Morning (05-08),3.6,False,False
2025-03-23,BlueSky Air,Full-service,DEL-BLR,DEL,BLR,Wed,3,Spring,Evening (15-19),15.2,True,False
2025-07-17,IndiFly,LCC,BOM-COK,BOM,COK,Wed,7,Monsoon,Afternoon (11-15),17.5,True,False
2025-11-14,BlueSky Air,Full-service,DEL-CCU,DEL,CCU,Sat,11,Post-Monsoon,Afternoon (11-15),4.2,False,False
2025-12-27,Skyline National,Full-service,DEL-PNQ,DEL,PNQ,Fri,12,Winter,Evening (15-19),12.3,False,False
2025-10-26,IndiFly,LCC,HYD-MAA,HYD,MAA,Mon,10,Post-Monsoon,Evening (15-19),12.6,False,False
2025-04-12,IndiFly,LCC,DEL-HYD,DEL,HYD,Fri,4,Spring,Early Morning (05-08),8.1,False,False
2025-11-03,IndiFly,LCC,BOM-BLR,BOM,BLR,Wed,11,Post-Monsoon,Morning (08-11),8.8,False,False
2025-11-09,Coastal Wings,Regional/turboprop,HYD-MAA,HYD,MAA,Sat,11,Post-Monsoon,Morning (08-11),6.4,False,False
2025-02-04,Metro Express,LCC,MAA-CCU,MAA,CCU,Sun,2,Winter,Night (19-23),10.0,False,False
2025-02-20,BlueSky Air,Full-service,BOM-COK,BOM,COK,Tue,2,Winter,Evening (15-19),4.7,False,False
2025-11-13,Metro Express,LCC,DEL-BLR,DEL,BLR,Thu,11,Post-Monsoon,Morning (08-11),3.5,False,False
2025-12-01,Metro Express,LCC,BOM-BLR,BOM,BLR,Sat,12,Winter,Early Morning (05-08),7.5,False,False
2025-09-06,IndiFly,LCC,DEL-HYD,DEL,HYD,Tue,9,Monsoon,Morning (08-11),4.4,False,False
2025-12-11,IndiFly,LCC,DEL-GOI,DEL,GOI,Mon,12,Winter,Evening (15-19),13.5,False,False
2025-02-15,BlueSky Air,Full-service,MAA-CCU,MAA,CCU,Fri,2,Winter,Early Morning (05-08),2.8,False,False
2025-11-07,Skyline National,Full-service,DEL-BOM,DEL,BOM,Wed,11,Post-Monsoon,Morning (08-11),13.0,False,False
2025-10-09,IndiFly,LCC,HYD-MAA,HYD,MAA,Mon,10,Post-Monsoon,Afternoon (11-15),8.2,False,False
2025-10-18,Metro Express,LCC,BOM-BLR,BOM,BLR,Mon,10,Post-Monsoon,Evening (15-19),15.9,True,False
2025-08-19,Skyline National,Full-service,DEL-BOM,DEL,BOM,Sun,8,Monsoon,Early Morning (05-08),14.0,False,False
2025-06-19,IndiFly,LCC,BOM-BLR,BOM,BLR,Sun,6,Summer,Afternoon (11-15),2.4,False,False
2025-08-04,Metro Express,LCC,DEL-BOM,DEL,BOM,Mon,8,Monsoon,Afternoon (11-15),8.1,False,False
2025-10-06,Skyline National,Full-service,HYD-MAA,HYD,MAA,Sun,10,Post-Monsoon,Night (19-23),9.8,False,False
2025-12-12,IndiFly,LCC,BOM-BLR,BOM,BLR,Sat,12,Winter,Afternoon (11-15),8.6,False,False
2025-12-23,Skyline National,Full-service,DEL-HYD,DEL,HYD,Wed,12,Winter,Morning (08-11),56.9,True,False
2025-09-18,IndiFly,LCC,HYD-MAA,HYD,MAA,Fri,9,Monsoon,Evening (15-19),1.5,False,False
2025-12-21,BlueSky Air,Full-service,MAA-CCU,MAA,CCU,Sat,12,Winter,Morning (08-11),1.7,False,False
2025-11-25,Skyline National,Full-service,DEL-BOM,DEL,BOM,Fri,11,Post-Monsoon,Early Morning (05-08),5.7,False,False
2025-10-21,BlueSky Air,Full-service,DEL-AMD,DEL,AMD,Mon,10,Post-Monsoon,Early Morning (05-08),4.4,False,False
2025-08-17,Skyline National,Full-service,DEL-CCU,DEL,CCU,Sun,8,Monsoon,Morning (08-11),3.1,False,False
2025-01-09,BlueSky Air,Full-service,BLR-COK,BLR,COK,Sun,1,Winter,Evening (15-19),2.4,False,False
2025-02-06,Skyline National,Full-service,BOM-BLR,BOM,BLR,Wed,2,Winter,Morning (08-11),10.3,False,False
2025-10-01,Metro Express,LCC,DEL-BLR,DEL,BLR,Sun,10,Post-Monsoon,Early Morning (05-08),18.8,True,False
2025-06-10,Skyline National,Full-service,BLR-COK,BLR,COK,Sat,6,Summer,Morning (08-11),11.6,False,False
2025-08-27,BlueSky Air,Full-service,DEL-PNQ,DEL,PNQ,Sun,8,Monsoon,Night (19-23),13.2,False,False
2025-08-13,Skyline National,Full-service,DEL-AMD,DEL,AMD,Thu,8,Monsoon,Evening (15-19),8.3,False,False
2025-04-04,BlueSky Air,Full-service,DEL-BLR,DEL,BLR,Sun,4,Spring,Night (19-23),5.1,False,False
2025-09-03,Metro Express,LCC,COK-BOM,COK,BOM,Mon,9,Monsoon,Night (19-23),25.5,True,False
2025-10-14,IndiFly,LCC,DEL-BOM,DEL,BOM,Sat,10,Post-Monsoon,Afternoon (11-15),15.3,True,False
2025-04-12,Skyline National,Full-service,BOM-COK,BOM,COK,Tue,4,Spring,Night (19-23),1.8,False,False
2025-06-11,Metro Express,LCC,MAA-CCU,MAA,CCU,Fri,6,Summer,Early Morning (05-08),4.1,False,False
2025-01-03,Skyline National,Full-service,DEL-GOI,DEL,GOI,Sat,1,Winter,Night (19-23),36.4,True,False
2025-11-08,IndiFly,LCC,BOM-BLR,BOM,BLR,Mon,11,Post-Monsoon,Morning (08-11),5.9,False,False
2025-12-26,IndiFly,LCC,DEL-GOI,DEL,GOI,Wed,12,Winter,Morning (08-11),10.4,False,False
2025-08-11,Skyline National,Full-service,BLR-HYD,BLR,HYD,Tue,8,Monsoon,Evening (15-19),4.0,False,False
2025-10-14,Metro Express,LCC,DEL-PNQ,DEL,PNQ,Wed,10,Post-Monsoon,Morning (08-11),7.7,False,False
2025-12-02,IndiFly,LCC,BOM-COK,BOM,COK,Tue,12,Winter,Night (19-23),3.5,False,False
2025-08-01,BlueSky Air,Full-service,BOM-GOI,BOM,GOI,Mon,8,Monsoon,Afternoon (11-15),12.8,False,False
2025-06-04,Skyline National,Full-service,BLR-COK,BLR,COK,Tue,6,Summer,Early Morning (05-08),20.2,True,False
2025-02-19,IndiFly,LCC,DEL-CCU,DEL,CCU,Wed,2,Winter,Morning (08-11),10.1,False,False
2025-07-19,Metro Express,LCC,DEL-HYD,DEL,HYD,Sun,7,Monsoon,Evening (15-19),4.2,False,False
2025-12-05,IndiFly,LCC,BOM-GOI,BOM,GOI,Mon,12,Winter,Morning (08-11),5.6,False,False
2025-06-28,Coastal Wings,Regional/turboprop,BOM-BLR,BOM,BLR,Sun,6,Summer,Evening (15-19),2.2,False,False
2025-08-03,Coastal Wings,Regional/turboprop,DEL-BOM,DEL,BOM,Thu,8,Monsoon,Night (19-23),7.8,False,False
2025-12-12,IndiFly,LCC,DEL-PNQ,DEL,PNQ,Mon,12,Winter,Night (19-23),32.6,True,False
2025-10-06,Metro Express,LCC,BLR-COK,BLR,COK,Thu,10,Post-Monsoon,Evening (15-19),1.6,False,False
2025-01-14,BlueSky Air,Full-service,DEL-BLR,DEL,BLR,Sun,1,Winter,Afternoon (11-15),23.1,True,False
2025-12-28,BlueSky Air,Full-service,DEL-BOM,DEL,BOM,Tue,12,Winter,Early Morning (05-08),7.5,False,False
2025-06-06,Metro Express,LCC,DEL-BOM,DEL,BOM,Sat,6,Summer,Night (19-23),7.5,False,False
2025-12-12,Metro Express,LCC,DEL-PNQ,DEL,PNQ,Mon,12,Winter,Early Morning (05-08),13.7,False,False
2025-09-08,Metro Express,LCC,DEL-AMD,DEL,AMD,Sun,9,Monsoon,Afternoon (11-15),3.9,False,False
2025-05-17,Skyline National,Full-service,DEL-BLR,DEL,BLR,Fri,5,Summer,Afternoon (11-15),14.3,False,False
2025-04-19,Skyline National,Full-service,BOM-BLR,BOM,BLR,Wed,4,Spring,Night (19-23),3.4,False,False
2025-05-11,IndiFly,LCC,BOM-COK,BOM,COK,Sat,5,Summer,Morning (08-11),5.3,False,False
2025-02-13,Skyline National,Full-service,DEL-BOM,DEL,BOM,Mon,2,Winter,Evening (15-19),6.0,False,False
2025-03-06,Coastal Wings,Regional/turboprop,DEL-CCU,DEL,CCU,Tue,3,Spring,Evening (15-19),5.5,False,False
2025-11-26,IndiFly,LCC,BOM-GOI,BOM,GOI,Wed,11,Post-Monsoon,Afternoon (11-15),6.9,False,False
2025-05-10,BlueSky Air,Full-service,MAA-CCU,MAA,CCU,Wed,5,Summer,Early Morning (05-08),2.6,False,False
2025-02-09,IndiFly,LCC,BLR-HYD,BLR,HYD,Tue,2,Winter,Morning (08-11),2.8,False,False
2025-07-26,Skyline National,Full-service,DEL-BOM,DEL,BOM,Wed,7,Monsoon,Evening (15-19),4.4,False,False
2025-06-24,BlueSky Air,Full-service,BOM-BLR,BOM,BLR,Sat,6,Summer,Night (19-23),15.1,True,False
2025-07-26,Skyline National,Full-service,DEL-BOM,DEL,BOM,Thu,7,Monsoon,Afternoon (11-15),8.0,False,False
2025-07-18,BlueSky Air,Full-service,DEL-BLR,DEL,BLR,Thu,7,Monsoon,Early Morning (05-08),8.2,False,False
2025-10-03,IndiFly,LCC,DEL-BOM,DEL,BOM,Sun,10,Post-Monsoon,Evening (15-19),12.0,False,False
2025-10-27,IndiFly,LCC,DEL-GOI,DEL,GOI,Mon,10,Post-Monsoon,Afternoon (11-15),12.6,False,False
2025-09-10,IndiFly,LCC,DEL-BLR,DEL,BLR,Fri,9,Monsoon,Evening (15-19),2.9,False,False
2025-03-15,BlueSky Air,Full-service,BOM-BLR,BOM,BLR,Fri,3,Spring,Morning (08-11),10.2,False,False
2025-07-06,Metro Express,LCC,DEL-GOI,DEL,GOI,Sat,7,Monsoon,Afternoon (11-15),36.9,True,False
2025-07-28,Metro Express,LCC,MAA-CCU,MAA,CCU,Sun,7,Monsoon,Night (19-23),2.6,False,False
2025-11-02,BlueSky Air,Full-service,BOM-BLR,BOM,BLR,Mon,11,Post-Monsoon,Morning (08-11),4.3,False,False
2025-01-03,Metro Express,LCC,BOM-BLR,BOM,BLR,Tue,1,Winter,Evening (15-19),3.8,False,False
2025-09-10,Skyline National,Full-service,BOM-COK,BOM,COK,Fri,9,Monsoon,Early Morning (05-08),6.1,False,False
2025-10-23,BlueSky Air,Full-service,DEL-BOM,DEL,BOM,Tue,10,Post-Monsoon,Evening (15-19),4.5,False,False
2025-02-26,Coastal Wings,Regional/turboprop,BOM-BLR,BOM,BLR,Thu,2,Winter,Afternoon (11-15),2.7,False,False
2025-12-18,Metro Express,LCC,DEL-CCU,DEL,CCU,Tue,12,Winter,Afternoon (11-15),0.0,False,True
2025-11-16,IndiFly,LCC,DEL-GOI,DEL,GOI,Thu,11,Post-Monsoon,Morning (08-11),10.3,False,False
2025-10-12,IndiFly,LCC,DEL-AMD,DEL,AMD,Fri,10,Post-Monsoon,Early Morning (05-08),4.5,False,False
2025-11-07,IndiFly,LCC,DEL-BLR,DEL,BLR,Thu,11,Post-Monsoon,Evening (15-19),6.4,False,False
2025-07-10,Metro Express,LCC,BOM-COK,BOM,COK,Wed,7,Monsoon,Early Morning (05-08),11.7,False,False
2025-12-16,IndiFly,LCC,DEL-PNQ,DEL,PNQ,Tue,12,Winter,Early Morning (05-08),31.3,True,False
2025-06-11,Skyline National,Full-service,MAA-CCU,MAA,CCU,Mon,6,Summer,Early Morning (05-08),2.6,False,False
2025-10-05,Skyline National,Full-service,DEL-CCU,DEL,CCU,Sun,10,Post-Monsoon,Evening (15-19),9.2,False,False
2025-09-19,BlueSky Air,Full-service,COK-BOM,COK,BOM,Fri,9,Monsoon,Early Morning (05-08),7.1,False,False
2025-05-24,IndiFly,LCC,BOM-BLR,BOM,BLR,Tue,5,Summer,Early Morning (05-08),3.2,False,False
2025-02-14,IndiFly,LCC,DEL-BLR,DEL,BLR,Sun,2,Winter,Evening (15-19),2.7,False,False
2025-01-02,IndiFly,LCC,DEL-BOM,DEL,BOM,Sun,1,Winter,Night (19-23),0.0,False,True
2025-04-20,Coastal Wings,Regional/turboprop,DEL-CCU,DEL,CCU,Thu,4,Spring,Afternoon (11-15),9.9,False,False
2025-02-12,IndiFly,LCC,DEL-HYD,DEL,HYD,Sun,2,Winter,Afternoon (11-15),13.4,False,False
2025-08-17,Skyline National,Full-service,DEL-CCU,DEL,CCU,Wed,8,Monsoon,Evening (15-19),5.5,False,False
2025-09-28,IndiFly,LCC,DEL-BOM,DEL,BOM,Sun,9,Monsoon,Night (19-23),10.0,False,False
2025-06-23,Metro Express,LCC,DEL-PNQ,DEL,PNQ,Thu,6,Summer,Evening (15-19),3.5,False,False
2025-02-13,Skyline National,Full-service,DEL-BOM,DEL,BOM,Fri,2,Winter,Afternoon (11-15),12.9,False,False
2025-01-25,Metro Express,LCC,DEL-BLR,DEL,BLR,Fri,1,Winter,Evening (15-19),27.5,True,False
2025-09-10,Skyline National,Full-service,DEL-BLR,DEL,BLR,Tue,9,Monsoon,Afternoon (11-15),3.4,False,False
2025-07-25,IndiFly,LCC,DEL-HYD,DEL,HYD,Thu,7,Monsoon,Afternoon (11-15),6.4,False,False
2025-02-04,IndiFly,LCC,HYD-MAA,HYD,MAA,Thu,2,Winter,Night (19-23),5.6,False,False
2025-08-04,IndiFly,LCC,DEL-BOM,DEL,BOM,Thu,8,Monsoon,Afternoon (11-15),5.6,False,False
2025-12-07,BlueSky Air,Full-service,BOM-BLR,BOM,BLR,Tue,12,Winter,Morning (08-11),2.2,False,False
2025-09-17,BlueSky Air,Full-service,DEL-PNQ,DEL,PNQ,Tue,9,Monsoon,Evening (15-19),13.8,False,False
2025-02-24,IndiFly,LCC,DEL-BOM,DEL,BOM,Tue,2,Winter,Early Morning (05-08),3.7,False,False
2025-06-22,IndiFly,LCC,DEL-CCU,DEL,CCU,Thu,6,Summer,Afternoon (11-15),2.9,False,False
2025-09-02,Skyline National,Full-service,DEL-BLR,DEL,BLR,Tue,9,Monsoon,Evening (15-19),4.3,False,False
2025-08-24,IndiFly,LCC,MAA-CCU,MAA,CCU,Mon,8,Monsoon,Afternoon (11-15),1.7,False,False
2025-06-15,Metro Express,LCC,BOM-COK,BOM,COK,Wed,6,Summer,Evening (15-19),12.0,False,False
2025-07-20,Metro Express,LCC,DEL-GOI,DEL,GOI,Mon,7,Monsoon,Evening (15-19),32.3,True,False
2025-12-06,Coastal Wings,Regional/turboprop,DEL-BOM,DEL,BOM,Fri,12,Winter,Afternoon (11-15),9.8,False,False
2025-09-14,BlueSky Air,Full-service,BLR-COK,BLR,COK,Sat,9,Monsoon,Morning (08-11),18.3,True,False
2025-11-01,IndiFly,LCC,DEL-BLR,DEL,BLR,Sat,11,Post-Monsoon,Morning (08-11),6.8,False,False
2025-03-18,Skyline National,Full-service,BOM-GOI,BOM,GOI,Wed,3,Spring,Morning (08-11),6.8,False,False
2025-12-09,Metro Express,LCC,BLR-COK,BLR,COK,Fri,12,Winter,Night (19-23),2.9,False,False
2025-01-09,Skyline National,Full-service,BOM-GOI,BOM,GOI,Wed,1,Winter,Afternoon (11-15),2.6,False,False
2025-11-01,BlueSky Air,Full-service,DEL-HYD,DEL,HYD,Sun,11,Post-Monsoon,Evening (15-19),2.7,False,False
2025-03-01,IndiFly,LCC,DEL-AMD,DEL,AMD,Sat,3,Spring,Early Morning (05-08),8.9,False,False
2025-12-26,IndiFly,LCC,BOM-COK,BOM,COK,Fri,12,Winter,Early Morning (05-08),3.4,False,False
2025-03-06,IndiFly,LCC,DEL-BLR,DEL,BLR,Mon,3,Spring,Early Morning (05-08),6.8,False,False
2025-09-27,Skyline National,Full-service,BOM-BLR,BOM,BLR,Tue,9,Monsoon,Evening (15-19),3.7,False,False
2025-02-25,Metro Express,LCC,DEL-BOM,DEL,BOM,Thu,2,Winter,Night (19-23),11.6,False,False
2025-09-19,BlueSky Air,Full-service,DEL-BLR,DEL,BLR,Sat,9,Monsoon,Afternoon (11-15),6.5,False,False
2025-04-05,IndiFly,LCC,DEL-AMD,DEL,AMD,Tue,4,Spring,Afternoon (11-15),12.5,False,False
2025-10-15,Metro Express,LCC,BOM-COK,BOM,COK,Mon,10,Post-Monsoon,Early Morning (05-08),11.1,False,False
2025-02-08,IndiFly,LCC,COK-BOM,COK,BOM,Sat,2,Winter,Morning (08-11),10.4,False,False
2025-06-27,Skyline National,Full-service,BOM-BLR,BOM,BLR,Wed,6,Summer,Morning (08-11),3.2,False,False
2025-10-22,Skyline National,Full-service,HYD-MAA,HYD,MAA,Sat,10,Post-Monsoon,Evening (15-19),7.7,False,False
2025-10-22,Skyline National,Full-service,DEL-AMD,DEL,AMD,Sun,10,Post-Monsoon,Afternoon (11-15),2.5,False,False
2025-09-07,Skyline National,Full-service,BOM-COK,BOM,COK,Sun,9,Monsoon,Night (19-23),65.7,True,False
2025-09-08,BlueSky Air,Full-service,DEL-PNQ,DEL,PNQ,Mon,9,Monsoon,Evening (15-19),5.7,False,False
2025-06-17,BlueSky Air,Full-service,BOM-GOI,BOM,GOI,Wed,6,Summer,Afternoon (11-15),6.5,False,False
2025-04-11,Metro Express,LCC,DEL-BLR,DEL,BLR,Tue,4,Spring,Afternoon (11-15),8.4,False,False
2025-12-19,IndiFly,LCC,DEL-CCU,DEL,CCU,Wed,12,Winter,Evening (15-19),22.8,True,False
2025-03-15,Skyline National,Full-service,BLR-COK,BLR,COK,Sat,3,Spring,Night (19-23),2.9,False,False
2025-03-09,Metro Express,LCC,BOM-COK,BOM,COK,Fri,3,Spring,Early Morning (05-08),7.7,False,False
2025-08-11,IndiFly,LCC,DEL-BOM,DEL,BOM,Thu,8,Monsoon,Early Morning (05-08),6.3,False,False
2025-12-23,IndiFly,LCC,DEL-BOM,DEL,BOM,Sun,12,Winter,Night (19-23),19.3,True,False
2025-04-12,Metro Express,LCC,BOM-BLR,BOM,BLR,Mon,4,Spring,Early Morning (05-08),5.7,False,False
2025-10-26,IndiFly,LCC,BOM-COK,BOM,COK,Fri,10,Post-Monsoon,Afternoon (11-15),2.2,False,False
2025-08-17,BlueSky Air,Full-service,BOM-GOI,BOM,GOI,Sun,8,Monsoon,Evening (15-19),27.4,True,False
2025-11-22,BlueSky Air,Full-service,DEL-BOM,DEL,BOM,Sat,11,Post-Monsoon,Early Morning (05-08),4.2,False,False
2025-06-23,Skyline National,Full-service,DEL-BOM,DEL,BOM,Wed,6,Summer,Evening (15-19),3.4,False,False
2025-04-17,IndiFly,LCC,BLR-HYD,BLR,HYD,Sun,4,Spring,Night (19-23),3.5,False,False
2025-12-08,Skyline National,Full-service,DEL-BLR,DEL,BLR,Mon,12,Winter,Early Morning (05-08),34.6,True,False
2025-12-18,Skyline National,Full-service,BOM-COK,BOM,COK,Mon,12,Winter,Evening (15-19),9.1,False,False
2025-03-23,Coastal Wings,Regional/turboprop,BOM-GOI,BOM,GOI,Tue,3,Spring,Evening (15-19),3.5,False,False
2025-09-08,BlueSky Air,Full-service,DEL-BOM,DEL,BOM,Sun,9,Monsoon,Evening (15-19),8.5,False,False
2025-07-06,BlueSky Air,Full-service,BOM-COK,BOM,COK,Mon,7,Monsoon,Morning (08-11),10.6,False,False
2025-07-19,IndiFly,LCC,DEL-BOM,DEL,BOM,Mon,7,Monsoon,Night (19-23),18.8,True,False
2025-10-18,Metro Express,LCC,DEL-HYD,DEL,HYD,Sat,10,Post-Monsoon,Afternoon (11-15),3.7,False,False
2025-08-25,Metro Express,LCC,DEL-AMD,DEL,AMD,Tue,8,Monsoon,Morning (08-11),13.8,False,False
2025-09-10,Metro Express,LCC,DEL-BOM,DEL,BOM,Tue,9,Monsoon,Night (19-23),21.0,True,False
2025-06-06,IndiFly,LCC,DEL-AMD,DEL,AMD,Mon,6,Summer,Evening (15-19),17.3,True,False
2025-02-23,BlueSky Air,Full-service,DEL-BLR,DEL,BLR,Wed,2,Winter,Morning (08-11),2.8,False,False
2025-08-15,IndiFly,LCC,DEL-BLR,DEL,BLR,Sun,8,Monsoon,Morning (08-11),7.9,False,False
2025-12-09,IndiFly,LCC,DEL-CCU,DEL,CCU,Thu,12,Winter,Early Morning (05-08),12.4,False,False
2025-07-26,BlueSky Air,Full-service,DEL-BOM,DEL,BOM,Fri,7,Monsoon,Morning (08-11),9.0,False,False
2025-02-14,BlueSky Air,Full-service,BOM-GOI,BOM,GOI,Sat,2,Winter,Morning (08-11),6.3,False,False
2025-01-11,Metro Express,LCC,DEL-BLR,DEL,BLR,Tue,1,Winter,Evening (15-19),13.3,False,False
2025-09-27,IndiFly,LCC,COK-BOM,COK,BOM,Tue,9,Monsoon,Evening (15-19),5.1,False,False
2025-03-11,IndiFly,LCC,COK-BOM,COK,BOM,Mon,3,Spring,Evening (15-19),2.6,False,False
2025-05-21,IndiFly,LCC,BOM-GOI,BOM,GOI,Wed,5,Summer,Night (19-23),4.6,False,False
2025-08-06,IndiFly,LCC,BOM-BLR,BOM,BLR,Thu,8,Monsoon,Afternoon (11-15),6.8,False,False
2025-11-24,IndiFly,LCC,DEL-HYD,DEL,HYD,Sat,11,Post-Monsoon,Afternoon (11-15),2.7,False,False
2025-12-09,Metro Express,LCC,BLR-HYD,BLR,HYD,Tue,12,Winter,Night (19-23),16.1,True,False
2025-03-07,Metro Express,LCC,BLR-COK,BLR,COK,Thu,3,Spring,Morning (08-11),30.4,True,False
2025-08-19,BlueSky Air,Full-service,BOM-GOI,BOM,GOI,Mon,8,Monsoon,Evening (15-19),5.8,False,False
2025-12-26,Metro Express,LCC,BOM-BLR,BOM,BLR,Fri,12,Winter,Early Morning (05-08),5.9,False,False
2025-12-11,Skyline National,Full-service,DEL-BLR,DEL,BLR,Sun,12,Winter,Night (19-23),10.5,False,False
2025-04-16,Metro Express,LCC,BOM-BLR,BOM,BLR,Sat,4,Spring,Early Morning (05-08),7.4,False,False
2025-03-12,IndiFly,LCC,COK-BOM,COK,BOM,Sat,3,Spring,Early Morning (05-08),2.1,False,False
2025-09-25,Coastal Wings,Regional/turboprop,DEL-CCU,DEL,CCU,Sat,9,Monsoon,Early Morning (05-08),4.6,False,False
2025-11-15,Metro Express,LCC,COK-BOM,COK,BOM,Fri,11,Post-Monsoon,Morning (08-11),3.2,False,False
2025-08-12,BlueSky Air,Full-service,COK-BOM,COK,BOM,Mon,8,Monsoon,Morning (08-11),12.9,False,False
2025-12-20,Metro Express,LCC,BOM-COK,BOM,COK,Sat,12,Winter,Morning (08-11),8.1,False,False
2025-02-20,BlueSky Air,Full-service,DEL-PNQ,DEL,PNQ,Tue,2,Winter,Early Morning (05-08),8.1,False,False
2025-09-11,Metro Express,LCC,DEL-BLR,DEL,BLR,Mon,9,Monsoon,Night (19-23),6.0,False,False
2025-11-26,IndiFly,LCC,DEL-AMD,DEL,AMD,Fri,11,Post-Monsoon,Night (19-23),7.8,False,False
2025-10-16,BlueSky Air,Full-service,BLR-COK,BLR,COK,Tue,10,Post-Monsoon,Early Morning (05-08),9.2,False,False
2025-10-08,IndiFly,LCC,DEL-BLR,DEL,BLR,Sat,10,Post-Monsoon,Night (19-23),13.4,False,False
2025-05-22,Metro Express,LCC,DEL-HYD,DEL,HYD,Sun,5,Summer,Afternoon (11-15),6.3,False,False
2025-06-18,BlueSky Air,Full-service,BOM-GOI,BOM,GOI,Tue,6,Summer,Morning (08-11),17.1,True,False
2025-10-01,BlueSky Air,Full-service,BOM-GOI,BOM,GOI,Thu,10,Post-Monsoon,Morning (08-11),0.0,False,True
2025-08-20,Metro Express,LCC,DEL-HYD,DEL,HYD,Wed,8,Monsoon,Early Morning (05-08),11.4,False,False
2025-03-06,Metro Express,LCC,BOM-GOI,BOM,GOI,Fri,3,Spring,Night (19-23),3.3,False,False
2025-11-22,IndiFly,LCC,DEL-BOM,DEL,BOM,Sun,11,Post-Monsoon,Morning (08-11),4.9,False,False
2025-06-13,IndiFly,LCC,DEL-GOI,DEL,GOI,Wed,6,Summer,Early Morning (05-08),19.7,True,False
2025-03-18,IndiFly,LCC,DEL-BLR,DEL,BLR,Tue,3,Spring,Night (19-23),3.9,False,False
2025-11-16,Metro Express,LCC,DEL-BOM,DEL,BOM,Sun,11,Post-Monsoon,Morning (08-11),7.0,False,False
2025-09-09,BlueSky Air,Full-service,DEL-BOM,DEL,BOM,Thu,9,Monsoon,Night (19-23),7.6,False,False
2025-12-04,IndiFly,LCC,BOM-BLR,BOM,BLR,Thu,12,Winter,Morning (08-11),3.4,False,False
2025-01-18,Skyline National,Full-service,COK-BOM,COK,BOM,Sat,1,Winter,Night (19-23),5.9,False,False
2025-11-19,BlueSky Air,Full-service,DEL-BLR,DEL,BLR,Thu,11,Post-Monsoon,Early Morning (05-08),3.3,False,False
2025-06-11,BlueSky Air,Full-service,BOM-COK,BOM,COK,Fri,6,Summer,Night (19-23),13.9,False,False
2025-12-14,Metro Express,LCC,DEL-BOM,DEL,BOM,Fri,12,Winter,Evening (15-19),16.5,True,False
2025-11-10,Metro Express,LCC,DEL-HYD,DEL,HYD,Sat,11,Post-Monsoon,Afternoon (11-15),11.9,False,False
2025-08-22,IndiFly,LCC,BOM-GOI,BOM,GOI,Thu,8,Monsoon,Early Morning (05-08),22.0,True,False
2025-09-26,Metro Express,LCC,DEL-BLR,DEL,BLR,Wed,9,Monsoon,Night (19-23),6.3,False,False
2025-06-10,IndiFly,LCC,BOM-GOI,BOM,GOI,Mon,6,Summer,Night (19-23),9.1,False,False
2025-06-27,Skyline National,Full-service,DEL-GOI,DEL,GOI,Thu,6,Summer,Early Morning (05-08),15.1,True,False
2025-10-05,Metro Express,LCC,BOM-GOI,BOM,GOI,Mon,10,Post-Monsoon,Early Morning (05-08),4.4,False,False
2025-05-23,Metro Express,LCC,BLR-HYD,BLR,HYD,Thu,5,Summer,Early Morning (05-08),3.9,False,False
2025-12-27,IndiFly,LCC,BOM-BLR,BOM,BLR,Fri,12,Winter,Morning (08-11),6.5,False,False
2025-04-21,BlueSky Air,Full-service,BOM-BLR,BOM,BLR,Tue,4,Spring,Morning (08-11),3.6,False,False
2025-11-06,IndiFly,LCC,DEL-PNQ,DEL,PNQ,Sat,11,Post-Monsoon,Early Morning (05-08),5.1,False,False
2025-02-02,Metro Express,LCC,DEL-AMD,DEL,AMD,Fri,2,Winter,Early Morning (05-08),3.3,False,False
2025-03-24,IndiFly,LCC,DEL-BLR,DEL,BLR,Thu,3,Spring,Morning (08-11),2.6,False,False
2025-10-23,Skyline National,Full-service,BOM-BLR,BOM,BLR,Fri,10,Post-Monsoon,Night (19-23),7.3,False,False
2025-06-01,BlueSky Air,Full-service,BLR-HYD,BLR,HYD,Tue,6,Summer,Night (19-23),8.3,False,False
2025-03-05,Metro Express,LCC,BLR-HYD,BLR,HYD,Sun,3,Spring,Night (19-23),3.0,False,False
2025-03-16,Metro Express,LCC,HYD-MAA,HYD,MAA,Mon,3,Spring,Night (19-23),8.6,False,False
2025-03-20,IndiFly,LCC,DEL-BLR,DEL,BLR,Sun,3,Spring,Evening (15-19),15.9,True,False
2025-05-10,Metro Express,LCC,BLR-HYD,BLR,HYD,Thu,5,Summer,Early Morning (05-08),3.1,False,False
2025-12-11,IndiFly,LCC,DEL-BOM,DEL,BOM,Mon,12,Winter,Afternoon (11-15),17.7,True,False
2025-11-08,IndiFly,LCC,BOM-BLR,BOM,BLR,Wed,11,Post-Monsoon,Afternoon (11-15),5.3,False,False
2025-11-08,IndiFly,LCC,DEL-BOM,DEL,BOM,Thu,11,Post-Monsoon,Morning (08-11),5.3,False,False
2025-09-22,BlueSky Air,Full-service,DEL-AMD,DEL,AMD,Fri,9,Monsoon,Afternoon (11-15),9.6,False,False
2025-09-13,Coastal Wings,Regional/turboprop,DEL-BOM,DEL,BOM,Mon,9,Monsoon,Early Morning (05-08),8.6,False,False
2025-06-12,Skyline National,Full-service,DEL-HYD,DEL,HYD,Wed,6,Summer,Evening (15-19),3.2,False,False
2025-11-19,Skyline National,Full-service,BOM-BLR,BOM,BLR,Sat,11,Post-Monsoon,Afternoon (11-15),3.3,False,False
2025-01-03,BlueSky Air,Full-service,DEL-BLR,DEL,BLR,Sun,1,Winter,Afternoon (11-15),15.2,True,False
2025-06-22,Skyline National,Full-service,BLR-COK,BLR,COK,Sat,6,Summer,Afternoon (11-15),4.7,False,False
2025-11-15,BlueSky Air,Full-service,BOM-GOI,BOM,GOI,Mon,11,Post-Monsoon,Morning (08-11),9.1,False,False
2025-02-26,Coastal Wings,Regional/turboprop,DEL-BOM,DEL,BOM,Mon,2,Winter,Early Morning (05-08),6.9,False,False
2025-01-17,IndiFly,LCC,DEL-BOM,DEL,BOM,Wed,1,Winter,Afternoon (11-15),22.9,True,False
2025-03-06,BlueSky Air,Full-service,DEL-HYD,DEL,HYD,Tue,3,Spring,Evening (15-19),5.0,False,False
2025-04-23,BlueSky Air,Full-service,DEL-BOM,DEL,BOM,Sun,4,Spring,Night (19-23),6.8,False,False
2025-05-22,Coastal Wings,Regional/turboprop,DEL-PNQ,DEL,PNQ,Fri,5,Summer,Evening (15-19),3.9,False,False
2025-12-07,Coastal Wings,Regional/turboprop,HYD-MAA,HYD,MAA,Fri,12,Winter,Evening (15-19),11.1,False,False
2025-11-05,IndiFly,LCC,COK-BOM,COK,BOM,Mon,11,Post-Monsoon,Morning (08-11),5.7,False,False
2025-08-13,BlueSky Air,Full-service,DEL-AMD,DEL,AMD,Tue,8,Monsoon,Afternoon (11-15),3.6,False,False
2025-12-10,BlueSky Air,Full-service,BOM-GOI,BOM,GOI,Tue,12,Winter,Afternoon (11-15),2.7,False,False
2025-01-14,IndiFly,LCC,DEL-BOM,DEL,BOM,Sun,1,Winter,Evening (15-19),11.3,False,False
2025-01-03,Skyline National,Full-service,DEL-BLR,DEL,BLR,Wed,1,Winter,Night (19-23),0.0,False,True
2025-06-24,Metro Express,LCC,DEL-PNQ,DEL,PNQ,Wed,6,Summer,Night (19-23),3.3,False,False
2025-01-27,IndiFly,LCC,BOM-GOI,BOM,GOI,Mon,1,Winter,Evening (15-19),2.0,False,False
2025-10-18,IndiFly,LCC,BLR-HYD,BLR,HYD,Mon,10,Post-Monsoon,Night (19-23),9.9,False,False
2025-07-23,IndiFly,LCC,DEL-CCU,DEL,CCU,Mon,7,Monsoon,Early Morning (05-08),6.2,False,False
2025-07-12,Metro Express,LCC,DEL-AMD,DEL,AMD,Wed,7,Monsoon,Afternoon (11-15),5.2,False,False
2025-06-15,Metro Express,LCC,DEL-HYD,DEL,HYD,Wed,6,Summer,Morning (08-11),6.7,False,False
2025-08-16,Coastal Wings,Regional/turboprop,DEL-CCU,DEL,CCU,Wed,8,Monsoon,Early Morning (05-08),9.1,False,False
2025-05-20,BlueSky Air,Full-service,DEL-PNQ,DEL,PNQ,Wed,5,Summer,Early Morning (05-08),3.0,False,False
2025-06-06,Metro Express,LCC,BOM-COK,BOM,COK,Tue,6,Summer,Afternoon (11-15),11.9,False,False
2025-12-08,BlueSky Air,Full-service,BLR-HYD,BLR,HYD,Sat,12,Winter,Morning (08-11),2.5,False,False
2025-12-07,BlueSky Air,Full-service,BOM-GOI,BOM,GOI,Thu,12,Winter,Early Morning (05-08),4.5,False,False
2025-05-16,BlueSky Air,Full-service,DEL-BLR,DEL,BLR,Thu,5,Summer,Evening (15-19),4.0,False,False
2025-06-17,Metro Express,LCC,BLR-COK,BLR,COK,Tue,6,Summer,Afternoon (11-15),24.2,True,False
2025-10-03,Skyline National,Full-service,COK-BOM,COK,BOM,Wed,10,Post-Monsoon,Evening (15-19),4.4,False,False
2025-02-09,Metro Express,LCC,DEL-CCU,DEL,CCU,Sat,2,Winter,Evening (15-19),15.5,True,False
2025-12-07,IndiFly,LCC,DEL-CCU,DEL,CCU,Thu,12,Winter,Afternoon (11-15),15.5,True,False
2025-06-12,IndiFly,LCC,DEL-AMD,DEL,AMD,Sun,6,Summer,Early Morning (05-08),5.8,False,False
2025-07-26,BlueSky Air,Full-service,DEL-CCU,DEL,CCU,Sun,7,Monsoon,Evening (15-19),5.0,False,False
2025-08-03,Metro Express,LCC,DEL-BOM,DEL,BOM,Sat,8,Monsoon,Afternoon (11-15),16.2,True,False
2025-07-06,BlueSky Air,Full-service,BOM-BLR,BOM,BLR,Sat,7,Monsoon,Night (19-23),3.6,False,False
2025-02-13,Skyline National,Full-service,DEL-BOM,DEL,BOM,Fri,2,Winter,Evening (15-19),9.2,False,False
2025-07-18,IndiFly,LCC,BLR-HYD,BLR,HYD,Sun,7,Monsoon,Early Morning (05-08),0.0,False,True
2025-08-23,IndiFly,LCC,DEL-BLR,DEL,BLR,Mon,8,Monsoon,Early Morning (05-08),4.0,False,False
2025-03-08,BlueSky Air,Full-service,DEL-BOM,DEL,BOM,Sun,3,Spring,Early Morning (05-08),6.0,False,False
2025-05-26,IndiFly,LCC,DEL-HYD,DEL,HYD,Tue,5,Summer,Night (19-23),3.2,False,False
2025-02-26,Metro Express,LCC,BLR-HYD,BLR,HYD,Mon,2,Winter,Afternoon (11-15),5.5,False,False
2025-09-16,IndiFly,LCC,DEL-BOM,DEL,BOM,Fri,9,Monsoon,Night (19-23),6.7,False,False
2025-04-04,IndiFly,LCC,DEL-CCU,DEL,CCU,Tue,4,Spring,Morning (08-11),3.4,False,False
2025-06-09,BlueSky Air,Full-service,DEL-PNQ,DEL,PNQ,Sat,6,Summer,Early Morning (05-08),8.8,False,False
2025-03-21,Skyline National,Full-service,DEL-HYD,DEL,HYD,Fri,3,Spring,Morning (08-11),6.0,False,False
2025-04-25,IndiFly,LCC,BOM-BLR,BOM,BLR,Fri,4,Spring,Morning (08-11),8.9,False,False
2025-08-25,Skyline National,Full-service,DEL-PNQ,DEL,PNQ,Fri,8,Monsoon,Night (19-23),18.3,True,False
2025-01-06,IndiFly,LCC,DEL-CCU,DEL,CCU,Tue,1,Winter,Early Morning (05-08),32.8,True,False
2025-08-05,IndiFly,LCC,BLR-HYD,BLR,HYD,Wed,8,Monsoon,Early Morning (05-08),6.4,False,False
2025-06-04,IndiFly,LCC,COK-BOM,COK,BOM,Sat,6,Summer,Night (19-23),6.7,False,False
2025-09-07,IndiFly,LCC,BLR-HYD,BLR,HYD,Mon,9,Monsoon,Afternoon (11-15),11.6,False,False
2025-11-17,Metro Express,LCC,DEL-BOM,DEL,BOM,Wed,11,Post-Monsoon,Early Morning (05-08),7.1,False,False
2025-08-08,IndiFly,LCC,DEL-PNQ,DEL,PNQ,Wed,8,Monsoon,Morning (08-11),3.9,False,False
2025-09-20,Metro Express,LCC,DEL-CCU,DEL,CCU,Fri,9,Monsoon,Night (19-23),15.3,True,False
2025-04-11,IndiFly,LCC,COK-BOM,COK,BOM,Mon,4,Spring,Early Morning (05-08),4.9,False,False
2025-05-16,IndiFly,LCC,DEL-BLR,DEL,BLR,Sun,5,Summer,Early Morning (05-08),4.7,False,False
2025-03-06,BlueSky Air,Full-service,BLR-HYD,BLR,HYD,Tue,3,Spring,Evening (15-19),17.9,True,False
2025-01-24,Coastal Wings,Regional/turboprop,COK-BOM,COK,BOM,Wed,1,Winter,Early Morning (05-08),3.0,False,False
2025-04-08,Coastal Wings,Regional/turboprop,HYD-MAA,HYD,MAA,Sat,4,Spring,Night (19-23),9.5,False,False
2025-06-27,Skyline National,Full-service,MAA-CCU,MAA,CCU,Mon,6,Summer,Evening (15-19),2.8,False,False
2025-07-14,IndiFly,LCC,DEL-BLR,DEL,BLR,Fri,7,Monsoon,Morning (08-11),12.6,False,False
2025-05-20,Metro Express,LCC,BOM-COK,BOM,COK,Mon,5,Summer,Evening (15-19),8.3,False,False
2025-12-21,BlueSky Air,Full-service,MAA-CCU,MAA,CCU,Wed,12,Winter,Morning (08-11),3.1,False,False
2025-04-16,BlueSky Air,Full-service,BOM-GOI,BOM,GOI,Sun,4,Spring,Morning (08-11),3.4,False,False
2025-09-22,IndiFly,LCC,BOM-COK,BOM,COK,Thu,9,Monsoon,Early Morning (05-08),23.1,True,False
2025-02-13,IndiFly,LCC,DEL-BLR,DEL,BLR,Fri,2,Winter,Early Morning (05-08),0.0,False,True
2025-11-19,Metro Express,LCC,HYD-MAA,HYD,MAA,Mon,11,Post-Monsoon,Early Morning (05-08),9.7,False,False
2025-11-09,Coastal Wings,Regional/turboprop,DEL-HYD,DEL,HYD,Thu,11,Post-Monsoon,Morning (08-11),3.4,False,False
2025-11-24,Metro Express,LCC,BOM-COK,BOM,COK,Wed,11,Post-Monsoon,Night (19-23),4.4,False,False
2025-04-08,Metro Express,LCC,DEL-PNQ,DEL,PNQ,Wed,4,Spring,Evening (15-19),6.0,False,False
2025-12-07,BlueSky Air,Full-service,DEL-BLR,DEL,BLR,Sun,12,Winter,Early Morning (05-08),16.2,True,False
2025-02-06,Metro Express,LCC,BLR-HYD,BLR,HYD,Wed,2,Winter,Afternoon (11-15),8.4,False,False
2025-07-16,IndiFly,LCC,DEL-BOM,DEL,BOM,Sun,7,Monsoon,Afternoon (11-15),6.4,False,False
2025-11-06,Metro Express,LCC,DEL-BLR,DEL,BLR,Sun,11,Post-Monsoon,Evening (15-19),24.3,True,False
2025-06-21,Metro Express,LCC,DEL-BLR,DEL,BLR,Sat,6,Summer,Evening (15-19),12.6,False,False
2025-07-23,Skyline National,Full-service,DEL-BOM,DEL,BOM,Sat,7,Monsoon,Afternoon (11-15),7.8,False,False
2025-07-27,Skyline National,Full-service,BOM-GOI,BOM,GOI,Fri,7,Monsoon,Night (19-23),6.9,False,False
2025-08-22,IndiFly,LCC,BLR-HYD,BLR,HYD,Mon,8,Monsoon,Afternoon (11-15),13.4,False,False
2025-09-22,Metro Express,LCC,BLR-HYD,BLR,HYD,Thu,9,Monsoon,Morning (08-11),3.8,False,False
2025-05-23,Skyline National,Full-service,DEL-CCU,DEL,CCU,Sat,5,Summer,Evening (15-19),12.0,False,False
2025-03-13,IndiFly,LCC,BOM-GOI,BOM,GOI,Mon,3,Spring,Morning (08-11),2.8,False,False
2025-03-17,Metro Express,LCC,HYD-MAA,HYD,MAA,Sat,3,Spring,Morning (08-11),21.0,True,False
2025-08-01,Skyline National,Full-service,DEL-BLR,DEL,BLR,Fri,8,Monsoon,Early Morning (05-08),12.4,False,False
2025-10-04,IndiFly,LCC,DEL-BOM,DEL,BOM,Mon,10,Post-Monsoon,Early Morning (05-08),9.2,False,False
2025-02-28,Metro Express,LCC,MAA-CCU,MAA,CCU,Tue,2,Winter,Afternoon (11-15),5.2,False,False
2025-08-06,BlueSky Air,Full-service,BLR-COK,BLR,COK,Thu,8,Monsoon,Evening (15-19),12.3,False,False
2025-03-24,IndiFly,LCC,DEL-AMD,DEL,AMD,Fri,3,Spring,Morning (08-11),9.8,False,False
2025-07-09,Metro Express,LCC,DEL-AMD,DEL,AMD,Tue,7,Monsoon,Evening (15-19),9.8,False,False
2025-09-17,Skyline National,Full-service,BOM-BLR,BOM,BLR,Thu,9,Monsoon,Morning (08-11),9.2,False,False
2025-09-23,Metro Express,LCC,BLR-COK,BLR,COK,Wed,9,Monsoon,Early Morning (05-08),7.0,False,False
2025-08-02,Skyline National,Full-service,DEL-BLR,DEL,BLR,Sat,8,Monsoon,Morning (08-11),6.7,False,False
2025-04-13,IndiFly,LCC,BLR-COK,BLR,COK,Mon,4,Spring,Early Morning (05-08),15.8,True,False
2025-06-16,Metro Express,LCC,DEL-BOM,DEL,BOM,Mon,6,Summer,Night (19-23),9.7,False,False
2025-05-17,Metro Express,LCC,DEL-HYD,DEL,HYD,Thu,5,Summer,Night (19-23),8.9,False,False
2025-04-26,BlueSky Air,Full-service,BOM-BLR,BOM,BLR,Sun,4,Spring,Afternoon (11-15),6.4,False,False
2025-06-08,Skyline National,Full-service,DEL-CCU,DEL,CCU,Sat,6,Summer,Early Morning (05-08),8.4,False,False
2025-11-13,BlueSky Air,Full-service,DEL-BOM,DEL,BOM,Mon,11,Post-Monsoon,Night (19-23),9.2,False,False
2025-12-24,IndiFly,LCC,DEL-PNQ,DEL,PNQ,Thu,12,Winter,Night (19-23),48.9,True,False
2025-12-07,IndiFly,LCC,BLR-COK,BLR,COK,Sun,12,Winter,Morning (08-11),2.8,False,False
2025-02-18,IndiFly,LCC,DEL-BOM,DEL,BOM,Thu,2,Winter,Morning (08-11),5.2,False,False
2025-07-11,IndiFly,LCC,DEL-BLR,DEL,BLR,Wed,7,Monsoon,Morning (08-11),4.7,False,False
2025-04-23,BlueSky Air,Full-service,DEL-BLR,DEL,BLR,Fri,4,Spring,Evening (15-19),3.3,False,False
2025-03-07,BlueSky Air,Full-service,DEL-BOM,DEL,BOM,Sun,3,Spring,Early Morning (05-08),4.5,False,False
2025-10-18,IndiFly,LCC,BOM-COK,BOM,COK,Sun,10,Post-Monsoon,Early Morning (05-08),2.0,False,False
2025-08-24,Coastal Wings,Regional/turboprop,BLR-HYD,BLR,HYD,Mon,8,Monsoon,Night (19-23),2.8,False,False
2025-12-07,Metro Express,LCC,DEL-AMD,DEL,AMD,Sat,12,Winter,Afternoon (11-15),21.3,True,False
2025-03-20,BlueSky Air,Full-service,DEL-AMD,DEL,AMD,Tue,3,Spring,Night (19-23),2.7,False,False
2025-05-23,IndiFly,LCC,COK-BOM,COK,BOM,Mon,5,Summer,Evening (15-19),13.8,False,False
2025-02-08,BlueSky Air,Full-service,DEL-GOI,DEL,GOI,Fri,2,Winter,Early Morning (05-08),3.1,False,False
2025-04-18,Metro Express,LCC,BOM-BLR,BOM,BLR,Sun,4,Spring,Early Morning (05-08),5.9,False,False
2025-11-07,IndiFly,LCC,DEL-BOM,DEL,BOM,Tue,11,Post-Monsoon,Afternoon (11-15),20.0,True,False
2025-04-23,BlueSky Air,Full-service,MAA-CCU,MAA,CCU,Thu,4,Spring,Early Morning (05-08),4.2,False,False
2025-07-03,Skyline National,Full-service,COK-BOM,COK,BOM,Sat,7,Monsoon,Evening (15-19),23.1,True,False
2025-10-06,Skyline National,Full-service,DEL-PNQ,DEL,PNQ,Tue,10,Post-Monsoon,Night (19-23),3.0,False,False
2025-06-23,BlueSky Air,Full-service,COK-BOM,COK,BOM,Sat,6,Summer,Afternoon (11-15),26.3,True,False
2025-01-16,Skyline National,Full-service,DEL-AMD,DEL,AMD,Tue,1,Winter,Morning (08-11),31.5,True,False
2025-05-20,IndiFly,LCC,BOM-BLR,BOM,BLR,Sun,5,Summer,Morning (08-11),7.0,False,False
2025-09-22,IndiFly,LCC,DEL-CCU,DEL,CCU,Sat,9,Monsoon,Early Morning (05-08),5.2,False,False
2025-12-19,IndiFly,LCC,BOM-COK,BOM,COK,Thu,12,Winter,Evening (15-19),2.3,False,False
2025-03-14,IndiFly,LCC,DEL-GOI,DEL,GOI,Sun,3,Spring,Afternoon (11-15),8.0,False,False
2025-09-20,Metro Express,LCC,DEL-AMD,DEL,AMD,Thu,9,Monsoon,Early Morning (05-08),6.3,False,False
2025-07-05,BlueSky Air,Full-service,DEL-CCU,DEL,CCU,Sat,7,Monsoon,Night (19-23),4.6,False,False
2025-02-02,Skyline National,Full-service,DEL-CCU,DEL,CCU,Mon,2,Winter,Evening (15-19),15.9,True,False
2025-03-07,Metro Express,LCC,DEL-CCU,DEL,CCU,Mon,3,Spring,Morning (08-11),3.0,False,False
2025-02-11,Skyline National,Full-service,BOM-BLR,BOM,BLR,Tue,2,Winter,Night (19-23),11.2,False,False
2025-12-11,Metro Express,LCC,BOM-COK,BOM,COK,Sat,12,Winter,Night (19-23),9.2,False,False
2025-05-16,IndiFly,LCC,DEL-BOM,DEL,BOM,Tue,5,Summer,Night (19-23),10.9,False,False
2025-03-28,IndiFly,LCC,DEL-BLR,DEL,BLR,Sat,3,Spring,Afternoon (11-15),4.5,False,False
2025-01-28,IndiFly,LCC,DEL-CCU,DEL,CCU,Tue,1,Winter,Evening (15-19),6.4,False,False
2025-01-14,IndiFly,LCC,BOM-BLR,BOM,BLR,Tue,1,Winter,Afternoon (11-15),10.5,False,False
2025-09-28,Metro Express,LCC,COK-BOM,COK,BOM,Sun,9,Monsoon,Night (19-23),10.4,False,False
2025-05-08,IndiFly,LCC,DEL-BLR,DEL,BLR,Sun,5,Summer,Evening (15-19),9.8,False,False
2025-05-27,BlueSky Air,Full-service,DEL-CCU,DEL,CCU,Wed,5,Summer,Evening (15-19),5.7,False,False
2025-04-02,IndiFly,LCC,DEL-BLR,DEL,BLR,Wed,4,Spring,Night (19-23),4.8,False,False
2025-09-25,Skyline National,Full-service,DEL-AMD,DEL,AMD,Mon,9,Monsoon,Afternoon (11-15),5.6,False,False
2025-07-05,Metro Express,LCC,MAA-CCU,MAA,CCU,Fri,7,Monsoon,Early Morning (05-08),1.7,False,False
2025-10-21,IndiFly,LCC,DEL-BOM,DEL,BOM,Sun,10,Post-Monsoon,Evening (15-19),18.0,True,False
2025-10-28,IndiFly,LCC,DEL-BLR,DEL,BLR,Tue,10,Post-Monsoon,Evening (15-19),6.3,False,False
2025-11-02,Metro Express,LCC,DEL-CCU,DEL,CCU,Sun,11,Post-Monsoon,Early Morning (05-08),3.2,False,False
2025-08-27,IndiFly,LCC,DEL-AMD,DEL,AMD,Sat,8,Monsoon,Evening (15-19),9.7,False,False
2025-07-11,Coastal Wings,Regional/turboprop,BLR-HYD,BLR,HYD,Mon,7,Monsoon,Afternoon (11-15),13.3,False,False
2025-03-02,IndiFly,LCC,DEL-BOM,DEL,BOM,Mon,3,Spring,Evening (15-19),3.6,False,False
2025-01-15,Coastal Wings,Regional/turboprop,BOM-BLR,BOM,BLR,Sun,1,Winter,Afternoon (11-15),3.0,False,False
2025-09-24,IndiFly,LCC,BLR-HYD,BLR,HYD,Sun,9,Monsoon,Evening (15-19),16.4,True,False
2025-12-19,IndiFly,LCC,DEL-PNQ,DEL,PNQ,Thu,12,Winter,Morning (08-11),18.7,True,False
2025-04-04,Metro Express,LCC,DEL-GOI,DEL,GOI,Thu,4,Spring,Night (19-23),4.3,False,False
2025-11-06,Metro Express,LCC,DEL-PNQ,DEL,PNQ,Wed,11,Post-Monsoon,Night (19-23),12.3,False,False
2025-04-11,Skyline National,Full-service,DEL-BOM,DEL,BOM,Mon,4,Spring,Evening (15-19),5.2,False,False
2025-09-19,IndiFly,LCC,BLR-COK,BLR,COK,Thu,9,Monsoon,Morning (08-11),16.4,True,False
2025-09-22,IndiFly,LCC,DEL-BOM,DEL,BOM,Mon,9,Monsoon,Evening (15-19),4.7,False,False
2025-09-23,BlueSky Air,Full-service,DEL-CCU,DEL,CCU,Fri,9,Monsoon,Morning (08-11),4.3,False,False
2025-08-21,IndiFly,LCC,BOM-BLR,BOM,BLR,Fri,8,Monsoon,Night (19-23),8.2,False,False
2025-04-20,Skyline National,Full-service,BLR-HYD,BLR,HYD,Sat,4,Spring,Night (19-23),3.3,False,False
2025-12-21,Skyline National,Full-service,DEL-PNQ,DEL,PNQ,Thu,12,Winter,Early Morning (05-08),28.8,True,False
2025-05-18,IndiFly,LCC,DEL-BLR,DEL,BLR,Mon,5,Summer,Morning (08-11),7.6,False,False
2025-05-10,BlueSky Air,Full-service,BOM-GOI,BOM,GOI,Tue,5,Summer,Morning (08-11),4.8,False,False
2025-03-20,IndiFly,LCC,DEL-GOI,DEL,GOI,Mon,3,Spring,Morning (08-11),2.6,False,False
2025-02-03,Skyline National,Full-service,DEL-BLR,DEL,BLR,Mon,2,Winter,Evening (15-19),2.7,False,False
2025-03-03,Metro Express,LCC,DEL-PNQ,DEL,PNQ,Sun,3,Spring,Afternoon (11-15),4.2,False,False
2025-01-11,Coastal Wings,Regional/turboprop,DEL-BLR,DEL,BLR,Tue,1,Winter,Morning (08-11),48.1,True,False
2025-04-18,IndiFly,LCC,BOM-GOI,BOM,GOI,Tue,4,Spring,Afternoon (11-15),7.1,False,False
2025-02-19,IndiFly,LCC,BOM-GOI,BOM,GOI,Wed,2,Winter,Evening (15-19),8.0,False,False
2025-08-04,Skyline National,Full-service,DEL-PNQ,DEL,PNQ,Wed,8,Monsoon,Morning (08-11),5.0,False,False
2025-07-07,Metro Express,LCC,BOM-GOI,BOM,GOI,Sun,7,Monsoon,Night (19-23),27.4,True,False
2025-04-25,Skyline National,Full-service,DEL-BLR,DEL,BLR,Tue,4,Spring,Evening (15-19),8.5,False,False
2025-12-10,Skyline National,Full-service,DEL-BOM,DEL,BOM,Mon,12,Winter,Early Morning (05-08),24.7,True,False
2025-12-08,IndiFly,LCC,DEL-BLR,DEL,BLR,Mon,12,Winter,Early Morning (05-08),0.0,False,True
2025-02-09,Metro Express,LCC,DEL-AMD,DEL,AMD,Tue,2,Winter,Evening (15-19),9.6,False,False
2025-10-02,BlueSky Air,Full-service,MAA-CCU,MAA,CCU,Fri,10,Post-Monsoon,Afternoon (11-15),7.4,False,False
2025-02-24,Skyline National,Full-service,COK-BOM,COK,BOM,Tue,2,Winter,Night (19-23),3.6,False,False
2025-07-04,Skyline National,Full-service,BLR-HYD,BLR,HYD,Tue,7,Monsoon,Morning (08-11),3.5,False,False
2025-06-11,Metro Express,LCC,DEL-BLR,DEL,BLR,Wed,6,Summer,Evening (15-19),19.2,True,False
2025-02-28,BlueSky Air,Full-service,COK-BOM,COK,BOM,Sat,2,Winter,Morning (08-11),4.4,False,False
2025-04-20,BlueSky Air,Full-service,BOM-COK,BOM,COK,Sun,4,Spring,Afternoon (11-15),4.0,False,False
2025-10-01,IndiFly,LCC,DEL-BLR,DEL,BLR,Fri,10,Post-Monsoon,Evening (15-19),7.2,False,False
2025-10-21,Metro Express,LCC,BOM-BLR,BOM,BLR,Sun,10,Post-Monsoon,Evening (15-19),7.7,False,False
2025-07-10,Skyline National,Full-service,DEL-PNQ,DEL,PNQ,Sun,7,Monsoon,Evening (15-19),6.4,False,False
2025-04-02,IndiFly,LCC,BOM-BLR,BOM,BLR,Thu,4,Spring,Early Morning (05-08),4.2,False,False
2025-09-13,IndiFly,LCC,BLR-HYD,BLR,HYD,Tue,9,Monsoon,Early Morning (05-08),1.9,False,False
2025-05-16,Metro Express,LCC,HYD-MAA,HYD,MAA,Wed,5,Summer,Evening (15-19),11.2,False,False
2025-07-01,Metro Express,LCC,DEL-BOM,DEL,BOM,Fri,7,Monsoon,Morning (08-11),3.6,False,False
2025-01-20,Metro Express,LCC,BOM-BLR,BOM,BLR,Tue,1,Winter,Evening (15-19),15.1,True,False
2025-07-09,BlueSky Air,Full-service,COK-BOM,COK,BOM,Thu,7,Monsoon,Night (19-23),11.8,False,False
2025-02-24,Skyline National,Full-service,DEL-BLR,DEL,BLR,Wed,2,Winter,Morning (08-11),12.0,False,False
2025-09-18,Metro Express,LCC,DEL-BOM,DEL,BOM,Fri,9,Monsoon,Night (19-23),45.8,True,False
2025-02-19,IndiFly,LCC,DEL-BLR,DEL,BLR,Mon,2,Winter,Afternoon (11-15),6.4,False,False
2025-11-25,BlueSky Air,Full-service,BOM-COK,BOM,COK,Thu,11,Post-Monsoon,Night (19-23),8.2,False,False
2025-01-25,Metro Express,LCC,BLR-HYD,BLR,HYD,Wed,1,Winter,Morning (08-11),29.0,True,False
2025-08-20,Skyline National,Full-service,DEL-CCU,DEL,CCU,Mon,8,Monsoon,Evening (15-19),3.6,False,False
2025-11-02,IndiFly,LCC,DEL-CCU,DEL,CCU,Sun,11,Post-Monsoon,Afternoon (11-15),2.5,False,False
2025-12-07,Coastal Wings,Regional/turboprop,DEL-BLR,DEL,BLR,Sat,12,Winter,Evening (15-19),21.2,True,False
2025-07-08,BlueSky Air,Full-service,DEL-HYD,DEL,HYD,Fri,7,Monsoon,Early Morning (05-08),3.0,False,False
2025-03-13,BlueSky Air,Full-service,BLR-HYD,BLR,HYD,Sat,3,Spring,Night (19-23),7.5,False,False
2025-01-12,BlueSky Air,Full-service,DEL-BOM,DEL,BOM,Sun,1,Winter,Evening (15-19),21.4,True,False
2025-01-02,Metro Express,LCC,DEL-PNQ,DEL,PNQ,Fri,1,Winter,Morning (08-11),31.6,True,False
2025-07-25,BlueSky Air,Full-service,MAA-CCU,MAA,CCU,Sun,7,Monsoon,Evening (15-19),4.3,False,False
2025-01-18,BlueSky Air,Full-service,BLR-COK,BLR,COK,Thu,1,Winter,Afternoon (11-15),5.5,False,False
2025-12-16,Skyline National,Full-service,DEL-HYD,DEL,HYD,Thu,12,Winter,Night (19-23),10.4,False,False
2025-08-12,Metro Express,LCC,DEL-BOM,DEL,BOM,Wed,8,Monsoon,Early Morning (05-08),3.3,False,False
2025-09-19,IndiFly,LCC,BOM-GOI,BOM,GOI,Mon,9,Monsoon,Early Morning (05-08),0.0,False,True
2025-10-01,Coastal Wings,Regional/turboprop,BOM-COK,BOM,COK,Thu,10,Post-Monsoon,Afternoon (11-15),12.0,False,False
2025-02-17,BlueSky Air,Full-service,DEL-AMD,DEL,AMD,Tue,2,Winter,Morning (08-11),8.3,False,False
2025-01-05,Skyline National,Full-service,DEL-CCU,DEL,CCU,Fri,1,Winter,Early Morning (05-08),25.7,True,False
2025-06-03,IndiFly,LCC,DEL-AMD,DEL,AMD,Thu,6,Summer,Evening (15-19),5.7,False,False
2025-08-27,IndiFly,LCC,DEL-HYD,DEL,HYD,Mon,8,Monsoon,Morning (08-11),4.0,False,False
2025-11-24,BlueSky Air,Full-service,DEL-BLR,DEL,BLR,Fri,11,Post-Monsoon,Morning (08-11),7.1,False,False
2025-08-13,Metro Express,LCC,BOM-COK,BOM,COK,Sun,8,Monsoon,Morning (08-11),14.9,False,False
2025-11-22,Coastal Wings,Regional/turboprop,BLR-COK,BLR,COK,Sat,11,Post-Monsoon,Night (19-23),9.0,False,False
2025-10-05,IndiFly,LCC,DEL-BLR,DEL,BLR,Thu,10,Post-Monsoon,Morning (08-11),15.3,True,False
2025-08-04,BlueSky Air,Full-service,DEL-PNQ,DEL,PNQ,Fri,8,Monsoon,Evening (15-19),5.3,False,False
2025-01-01,BlueSky Air,Full-service,BLR-HYD,BLR,HYD,Mon,1,Winter,Night (19-23),7.4,False,False
2025-03-01,BlueSky Air,Full-service,DEL-BOM,DEL,BOM,Mon,3,Spring,Evening (15-19),4.9,False,False
2025-03-08,IndiFly,LCC,BOM-GOI,BOM,GOI,Wed,3,Spring,Morning (08-11),2.7,False,False
2025-11-23,Coastal Wings,Regional/turboprop,BLR-COK,BLR,COK,Thu,11,Post-Monsoon,Early Morning (05-08),9.0,False,False
2025-11-27,IndiFly,LCC,BOM-BLR,BOM,BLR,Mon,11,Post-Monsoon,Afternoon (11-15),3.0,False,False
2025-03-11,Metro Express,LCC,BOM-BLR,BOM,BLR,Sat,3,Spring,Morning (08-11),6.5,False,False
2025-05-28,BlueSky Air,Full-service,DEL-BLR,DEL,BLR,Fri,5,Summer,Night (19-23),2.7,False,False
2025-10-26,Metro Express,LCC,BOM-GOI,BOM,GOI,Thu,10,Post-Monsoon,Morning (08-11),3.4,False,False
2025-02-10,IndiFly,LCC,DEL-BOM,DEL,BOM,Tue,2,Winter,Night (19-23),9.8,False,False
2025-01-20,BlueSky Air,Full-service,BOM-BLR,BOM,BLR,Sat,1,Winter,Afternoon (11-15),6.7,False,False
2025-08-03,BlueSky Air,Full-service,DEL-BLR,DEL,BLR,Mon,8,Monsoon,Morning (08-11),6.5,False,False
2025-07-18,IndiFly,LCC,DEL-HYD,DEL,HYD,Fri,7,Monsoon,Early Morning (05-08),4.5,False,False
2025-08-26,IndiFly,LCC,BOM-COK,BOM,COK,Sun,8,Monsoon,Afternoon (11-15),20.4,True,False
2025-03-27,IndiFly,LCC,BLR-HYD,BLR,HYD,Fri,3,Spring,Afternoon (11-15),12.5,False,False
2025-09-01,Metro Express,LCC,DEL-BLR,DEL,BLR,Sun,9,Monsoon,Early Morning (05-08),10.2,False,False
2025-10-10,BlueSky Air,Full-service,BOM-COK,BOM,COK,Sat,10,Post-Monsoon,Morning (08-11),10.4,False,False
2025-01-02,Coastal Wings,Regional/turboprop,DEL-PNQ,DEL,PNQ,Sat,1,Winter,Night (19-23),24.5,True,False
2025-09-16,IndiFly,LCC,DEL-BLR,DEL,BLR,Fri,9,Monsoon,Early Morning (05-08),3.9,False,False
2025-11-10,IndiFly,LCC,BOM-BLR,BOM,BLR,Thu,11,Post-Monsoon,Afternoon (11-15),3.5,False,False
2025-07-03,IndiFly,LCC,BOM-BLR,BOM,BLR,Thu,7,Monsoon,Night (19-23),4.5,False,False
2025-08-26,BlueSky Air,Full-service,DEL-BLR,DEL,BLR,Sat,8,Monsoon,Evening (15-19),2.9,False,False
2025-06-13,BlueSky Air,Full-service,DEL-BOM,DEL,BOM,Fri,6,Summer,Night (19-23),4.2,False,False
2025-08-26,IndiFly,LCC,DEL-HYD,DEL,HYD,Wed,8,Monsoon,Morning (08-11),4.0,False,False
2025-11-04,BlueSky Air,Full-service,DEL-BOM,DEL,BOM,Sun,11,Post-Monsoon,Evening (15-19),5.5,False,False
2025-03-05,Coastal Wings,Regional/turboprop,BLR-HYD,BLR,HYD,Fri,3,Spring,Afternoon (11-15),2.3,False,False
2025-12-02,IndiFly,LCC,DEL-AMD,DEL,AMD,Tue,12,Winter,Evening (15-19),18.7,True,False
2025-04-25,Metro Express,LCC,BOM-GOI,BOM,GOI,Wed,4,Spring,Morning (08-11),3.0,False,False
2025-03-18,Metro Express,LCC,DEL-AMD,DEL,AMD,Sat,3,Spring,Morning (08-11),8.1,False,False
2025-01-21,IndiFly,LCC,COK-BOM,COK,BOM,Tue,1,Winter,Afternoon (11-15),5.5,False,False
2025-07-25,Metro Express,LCC,DEL-HYD,DEL,HYD,Wed,7,Monsoon,Evening (15-19),4.0,False,False
2025-06-11,Coastal Wings,Regional/turboprop,BOM-COK,BOM,COK,Sun,6,Summer,Evening (15-19),21.4,True,False
2025-08-23,Metro Express,LCC,DEL-PNQ,DEL,PNQ,Fri,8,Monsoon,Evening (15-19),12.2,False,False
2025-03-20,IndiFly,LCC,HYD-MAA,HYD,MAA,Tue,3,Spring,Evening (15-19),11.8,False,False
2025-11-22,IndiFly,LCC,DEL-BLR,DEL,BLR,Wed,11,Post-Monsoon,Evening (15-19),4.8,False,False
2025-06-02,Skyline National,Full-service,BOM-BLR,BOM,BLR,Sun,6,Summer,Afternoon (11-15),5.2,False,False
2025-11-25,BlueSky Air,Full-service,MAA-CCU,MAA,CCU,Sat,11,Post-Monsoon,Night (19-23),4.8,False,False
2025-09-18,Skyline National,Full-service,BOM-GOI,BOM,GOI,Fri,9,Monsoon,Afternoon (11-15),13.5,False,False
2025-03-26,Skyline National,Full-service,DEL-HYD,DEL,HYD,Thu,3,Spring,Afternoon (11-15),6.0,False,False
2025-10-17,BlueSky Air,Full-service,DEL-BOM,DEL,BOM,Fri,10,Post-Monsoon,Evening (15-19),14.2,False,False
2025-02-11,Metro Express,LCC,COK-BOM,COK,BOM,Tue,2,Winter,Early Morning (05-08),3.3,False,False
2025-10-16,Metro Express,LCC,BOM-BLR,BOM,BLR,Fri,10,Post-Monsoon,Early Morning (05-08),3.9,False,False
2025-08-19,IndiFly,LCC,MAA-CCU,MAA,CCU,Sat,8,Monsoon,Early Morning (05-08),2.8,False,False
2025-09-17,IndiFly,LCC,BOM-BLR,BOM,BLR,Sun,9,Monsoon,Morning (08-11),8.8,False,False
2025-08-09,BlueSky Air,Full-service,DEL-HYD,DEL,HYD,Tue,8,Monsoon,Early Morning (05-08),3.1,False,False
2025-06-10,Skyline National,Full-service,MAA-CCU,MAA,CCU,Sat,6,Summer,Morning (08-11),9.1,False,False
2025-07-23,IndiFly,LCC,BOM-BLR,BOM,BLR,Mon,7,Monsoon,Early Morning (05-08),9.2,False,False
2025-04-16,Skyline National,Full-service,BOM-GOI,BOM,GOI,Thu,4,Spring,Evening (15-19),2.0,False,False
2025-11-26,Coastal Wings,Regional/turboprop,DEL-AMD,DEL,AMD,Thu,11,Post-Monsoon,Early Morning (05-08),3.7,False,False
2025-11-26,IndiFly,LCC,BOM-COK,BOM,COK,Wed,11,Post-Monsoon,Early Morning (05-08),2.7,False,False
2025-11-28,Metro Express,LCC,DEL-AMD,DEL,AMD,Tue,11,Post-Monsoon,Night (19-23),3.1,False,False
2025-05-08,IndiFly,LCC,BOM-COK,BOM,COK,Mon,5,Summer,Night (19-23),8.8,False,False
2025-07-10,Metro Express,LCC,DEL-HYD,DEL,HYD,Thu,7,Monsoon,Night (19-23),5.7,False,False
2025-02-14,BlueSky Air,Full-service,DEL-CCU,DEL,CCU,Fri,2,Winter,Night (19-23),3.6,False,False
2025-09-16,BlueSky Air,Full-service,DEL-BOM,DEL,BOM,Sun,9,Monsoon,Early Morning (05-08),10.0,False,False
2025-11-23,Metro Express,LCC,BLR-COK,BLR,COK,Tue,11,Post-Monsoon,Afternoon (11-15),21.4,True,False
2025-04-03,Skyline National,Full-service,BOM-GOI,BOM,GOI,Wed,4,Spring,Night (19-23),25.0,True,False
2025-10-14,Skyline National,Full-service,BOM-COK,BOM,COK,Sun,10,Post-Monsoon,Afternoon (11-15),11.7,False,False
2025-10-23,IndiFly,LCC,DEL-BLR,DEL,BLR,Sat,10,Post-Monsoon,Early Morning (05-08),0.0,False,True
2025-11-20,Metro Express,LCC,BOM-GOI,BOM,GOI,Sat,11,Post-Monsoon,Morning (08-11),2.0,False,False
2025-06-01,IndiFly,LCC,DEL-HYD,DEL,HYD,Wed,6,Summer,Evening (15-19),6.6,False,False
2025-07-24,Metro Express,LCC,COK-BOM,COK,BOM,Fri,7,Monsoon,Early Morning (05-08),21.3,True,False
2025-01-06,Skyline National,Full-service,DEL-CCU,DEL,CCU,Wed,1,Winter,Night (19-23),10.0,False,False
2025-05-04,IndiFly,LCC,BOM-BLR,BOM,BLR,Wed,5,Summer,Early Morning (05-08),8.8,False,False
2025-05-13,IndiFly,LCC,DEL-HYD,DEL,HYD,Wed,5,Summer,Morning (08-11),3.6,False,False
2025-06-25,Metro Express,LCC,DEL-AMD,DEL,AMD,Sat,6,Summer,Morning (08-11),7.0,False,False
2025-12-20,Metro Express,LCC,DEL-HYD,DEL,HYD,Sun,12,Winter,Morning (08-11),28.2,True,False
2025-02-06,Metro Express,LCC,DEL-PNQ,DEL,PNQ,Sun,2,Winter,Afternoon (11-15),7.9,False,False
2025-12-17,Skyline National,Full-service,DEL-BOM,DEL,BOM,Tue,12,Winter,Afternoon (11-15),23.2,True,False
2025-10-28,Metro Express,LCC,BOM-COK,BOM,COK,Wed,10,Post-Monsoon,Evening (15-19),10.9,False,False
2025-08-12,BlueSky Air,Full-service,DEL-BOM,DEL,BOM,Thu,8,Monsoon,Night (19-23),13.5,False,False
2025-04-05,Metro Express,LCC,DEL-PNQ,DEL,PNQ,Wed,4,Spring,Evening (15-19),6.8,False,False
2025-07-20,Coastal Wings,Regional/turboprop,DEL-HYD,DEL,HYD,Tue,7,Monsoon,Evening (15-19),21.0,True,False
2025-03-01,Metro Express,LCC,BOM-BLR,BOM,BLR,Wed,3,Spring,Morning (08-11),5.3,False,False
2025-05-15,Metro Express,LCC,DEL-HYD,DEL,HYD,Sun,5,Summer,Afternoon (11-15),3.6,False,False
2025-12-05,IndiFly,LCC,DEL-BOM,DEL,BOM,Sat,12,Winter,Morning (08-11),7.2,False,False
2025-08-18,BlueSky Air,Full-service,DEL-BLR,DEL,BLR,Fri,8,Monsoon,Morning (08-11),4.6,False,False
2025-11-03,IndiFly,LCC,DEL-BLR,DEL,BLR,Tue,11,Post-Monsoon,Afternoon (11-15),2.7,False,False
2025-09-12,Skyline National,Full-service,DEL-BLR,DEL,BLR,Sun,9,Monsoon,Evening (15-19),6.6,False,False
2025-05-27,Metro Express,LCC,DEL-BOM,DEL,BOM,Wed,5,Summer,Evening (15-19),19.6,True,False
2025-01-12,BlueSky Air,Full-service,BLR-HYD,BLR,HYD,Fri,1,Winter,Afternoon (11-15),6.0,False,False
2025-11-17,IndiFly,LCC,BOM-COK,BOM,COK,Mon,11,Post-Monsoon,Morning (08-11),6.3,False,False
2025-01-06,Coastal Wings,Regional/turboprop,DEL-PNQ,DEL,PNQ,Mon,1,Winter,Early Morning (05-08),12.9,False,False
2025-02-09,BlueSky Air,Full-service,DEL-CCU,DEL,CCU,Fri,2,Winter,Afternoon (11-15),4.7,False,False
2025-02-27,BlueSky Air,Full-service,DEL-AMD,DEL,AMD,Sat,2,Winter,Afternoon (11-15),2.8,False,False
2025-09-23,Metro Express,LCC,DEL-BLR,DEL,BLR,Tue,9,Monsoon,Night (19-23),26.9,True,False
2025-07-13,IndiFly,LCC,DEL-BLR,DEL,BLR,Sun,7,Monsoon,Evening (15-19),4.3,False,False
2025-03-14,IndiFly,LCC,BOM-BLR,BOM,BLR,Thu,3,Spring,Afternoon (11-15),14.9,False,False
2025-02-04,Metro Express,LCC,BLR-COK,BLR,COK,Sun,2,Winter,Morning (08-11),4.6,False,False
2025-07-10,Metro Express,LCC,DEL-BOM,DEL,BOM,Sat,7,Monsoon,Early Morning (05-08),7.0,False,False
2025-02-16,IndiFly,LCC,BLR-HYD,BLR,HYD,Fri,2,Winter,Early Morning (05-08),2.0,False,False
2025-05-18,Metro Express,LCC,DEL-BOM,DEL,BOM,Sat,5,Summer,Early Morning (05-08),7.2,False,False
2025-08-07,IndiFly,LCC,BLR-COK,BLR,COK,Mon,8,Monsoon,Early Morning (05-08),17.6,True,False
2025-03-04,Skyline National,Full-service,DEL-PNQ,DEL,PNQ,Thu,3,Spring,Morning (08-11),5.3,False,False
2025-05-07,Skyline National,Full-service,DEL-CCU,DEL,CCU,Sun,5,Summer,Afternoon (11-15),8.8,False,False
2025-07-17,BlueSky Air,Full-service,DEL-BOM,DEL,BOM,Wed,7,Monsoon,Early Morning (05-08),4.6,False,False
2025-12-26,Coastal Wings,Regional/turboprop,DEL-GOI,DEL,GOI,Sun,12,Winter,Afternoon (11-15),25.2,True,False
2025-03-17,BlueSky Air,Full-service,BOM-GOI,BOM,GOI,Mon,3,Spring,Morning (08-11),4.2,False,False
2025-03-26,Coastal Wings,Regional/turboprop,BOM-COK,BOM,COK,Thu,3,Spring,Night (19-23),8.1,False,False
2025-05-25,BlueSky Air,Full-service,BLR-HYD,BLR,HYD,Fri,5,Summer,Afternoon (11-15),4.5,False,False
2025-07-10,Metro Express,LCC,DEL-CCU,DEL,CCU,Sun,7,Monsoon,Afternoon (11-15),8.7,False,False
2025-05-02,Metro Express,LCC,BLR-COK,BLR,COK,Fri,5,Summer,Afternoon (11-15),10.8,False,False
2025-08-11,Metro Express,LCC,DEL-BOM,DEL,BOM,Thu,8,Monsoon,Night (19-23),7.0,False,False
2025-07-27,IndiFly,LCC,DEL-BOM,DEL,BOM,Sun,7,Monsoon,Night (19-23),8.4,False,False
2025-08-26,Coastal Wings,Regional/turboprop,DEL-BLR,DEL,BLR,Fri,8,Monsoon,Evening (15-19),4.7,False,False
2025-02-19,IndiFly,LCC,BOM-GOI,BOM,GOI,Thu,2,Winter,Evening (15-19),3.4,False,False
2025-01-02,Coastal Wings,Regional/turboprop,BLR-HYD,BLR,HYD,Thu,1,Winter,Afternoon (11-15),13.5,False,False
2025-07-19,IndiFly,LCC,DEL-HYD,DEL,HYD,Mon,7,Monsoon,Evening (15-19),14.5,False,False
2025-09-07,IndiFly,LCC,BOM-COK,BOM,COK,Sat,9,Monsoon,Evening (15-19),6.0,False,False
2025-11-13,IndiFly,LCC,BOM-COK,BOM,COK,Wed,11,Post-Monsoon,Night (19-23),9.3,False,False
2025-12-21,IndiFly,LCC,DEL-HYD,DEL,HYD,Fri,12,Winter,Night (19-23),24.2,True,False
2025-01-25,Skyline National,Full-service,BLR-COK,BLR,COK,Thu,1,Winter,Night (19-23),5.9,False,False
2025-02-10,BlueSky Air,Full-service,BOM-BLR,BOM,BLR,Wed,2,Winter,Early Morning (05-08),2.4,False,False
2025-03-01,IndiFly,LCC,BOM-BLR,BOM,BLR,Sat,3,Spring,Morning (08-11),11.4,False,False
2025-01-09,IndiFly,LCC,DEL-GOI,DEL,GOI,Sun,1,Winter,Evening (15-19),23.2,True,False
2025-07-05,IndiFly,LCC,BOM-GOI,BOM,GOI,Mon,7,Monsoon,Early Morning (05-08),8.4,False,False
2025-07-26,Metro Express,LCC,HYD-MAA,HYD,MAA,Wed,7,Monsoon,Evening (15-19),9.4,False,False
2025-07-12,BlueSky Air,Full-service,DEL-HYD,DEL,HYD,Fri,7,Monsoon,Night (19-23),3.3,False,False
2025-03-28,BlueSky Air,Full-service,DEL-BLR,DEL,BLR,Sun,3,Spring,Early Morning (05-08),4.3,False,False
2025-12-23,IndiFly,LCC,MAA-CCU,MAA,CCU,Wed,12,Winter,Early Morning (05-08),6.1,False,False
2025-04-10,BlueSky Air,Full-service,BOM-GOI,BOM,GOI,Fri,4,Spring,Afternoon (11-15),8.6,False,False
2025-05-23,Coastal Wings,Regional/turboprop,DEL-CCU,DEL,CCU,Thu,5,Summer,Morning (08-11),12.7,False,False
2025-11-15,Metro Express,LCC,DEL-PNQ,DEL,PNQ,Sun,11,Post-Monsoon,Morning (08-11),6.3,False,False
2025-04-06,BlueSky Air,Full-service,DEL-BLR,DEL,BLR,Tue,4,Spring,Afternoon (11-15),3.5,False,False
2025-08-26,BlueSky Air,Full-service,MAA-CCU,MAA,CCU,Thu,8,Monsoon,Early Morning (05-08),1.9,False,False
2025-08-05,BlueSky Air,Full-service,BLR-COK,BLR,COK,Thu,8,Monsoon,Evening (15-19),14.0,False,False
2025-04-22,IndiFly,LCC,DEL-CCU,DEL,CCU,Mon,4,Spring,Evening (15-19),4.7,False,False
2025-03-20,BlueSky Air,Full-service,BOM-GOI,BOM,GOI,Sun,3,Spring,Early Morning (05-08),2.4,False,False
2025-06-06,BlueSky Air,Full-service,DEL-CCU,DEL,CCU,Thu,6,Summer,Morning (08-11),2.5,False,False
2025-03-06,Metro Express,LCC,DEL-HYD,DEL,HYD,Wed,3,Spring,Early Morning (05-08),7.3,False,False
2025-09-10,BlueSky Air,Full-service,BLR-COK,BLR,COK,Mon,9,Monsoon,Early Morning (05-08),20.7,True,False
2025-05-09,IndiFly,LCC,DEL-BLR,DEL,BLR,Sun,5,Summer,Night (19-23),2.8,False,False
2025-06-19,Skyline National,Full-service,DEL-BOM,DEL,BOM,Sat,6,Summer,Early Morning (05-08),8.9,False,False
2025-02-18,IndiFly,LCC,DEL-CCU,DEL,CCU,Tue,2,Winter,Evening (15-19),8.9,False,False
2025-04-06,BlueSky Air,Full-service,DEL-BOM,DEL,BOM,Sun,4,Spring,Early Morning (05-08),3.7,False,False
2025-06-03,Metro Express,LCC,DEL-BOM,DEL,BOM,Fri,6,Summer,Early Morning (05-08),8.3,False,False
2025-09-01,Skyline National,Full-service,BOM-GOI,BOM,GOI,Fri,9,Monsoon,Afternoon (11-15),9.7,False,False
2025-12-12,IndiFly,LCC,DEL-BOM,DEL,BOM,Thu,12,Winter,Early Morning (05-08),33.9,True,False
2025-08-27,IndiFly,LCC,BLR-HYD,BLR,HYD,Sat,8,Monsoon,Evening (15-19),3.9,False,False
2025-02-27,BlueSky Air,Full-service,DEL-CCU,DEL,CCU,Mon,2,Winter,Evening (15-19),3.4,False,False
2025-12-16,Metro Express,LCC,DEL-HYD,DEL,HYD,Tue,12,Winter,Night (19-23),5.6,False,False
2025-10-03,Skyline National,Full-service,DEL-BOM,DEL,BOM,Wed,10,Post-Monsoon,Evening (15-19),13.2,False,False
2025-02-26,Skyline National,Full-service,COK-BOM,COK,BOM,Wed,2,Winter,Night (19-23),4.8,False,False
2025-04-02,Skyline National,Full-service,BOM-COK,BOM,COK,Thu,4,Spring,Night (19-23),2.8,False,False
2025-03-17,BlueSky Air,Full-service,BOM-GOI,BOM,GOI,Thu,3,Spring,Night (19-23),2.4,False,False
2025-04-17,IndiFly,LCC,DEL-BOM,DEL,BOM,Thu,4,Spring,Evening (15-19),8.8,False,False
2025-11-24,IndiFly,LCC,DEL-GOI,DEL,GOI,Thu,11,Post-Monsoon,Evening (15-19),5.1,False,False
2025-08-17,BlueSky Air,Full-service,BOM-COK,BOM,COK,Sun,8,Monsoon,Morning (08-11),21.8,True,False
2025-05-03,Skyline National,Full-service,BOM-BLR,BOM,BLR,Tue,5,Summer,Early Morning (05-08),11.0,False,False
2025-12-04,Metro Express,LCC,BOM-COK,BOM,COK,Sun,12,Winter,Afternoon (11-15),4.3,False,False
2025-03-12,IndiFly,LCC,DEL-BLR,DEL,BLR,Sat,3,Spring,Afternoon (11-15),7.3,False,False
2025-10-05,IndiFly,LCC,DEL-CCU,DEL,CCU,Sat,10,Post-Monsoon,Night (19-23),7.5,False,False
2025-06-08,BlueSky Air,Full-service,BOM-BLR,BOM,BLR,Mon,6,Summer,Morning (08-11),13.4,False,False
2025-07-23,BlueSky Air,Full-service,BOM-BLR,BOM,BLR,Mon,7,Monsoon,Afternoon (11-15),5.1,False,False
2025-08-11,IndiFly,LCC,MAA-CCU,MAA,CCU,Tue,8,Monsoon,Night (19-23),17.3,True,False
2025-06-07,Skyline National,Full-service,DEL-CCU,DEL,CCU,Tue,6,Summer,Morning (08-11),7.3,False,False
2025-02-26,IndiFly,LCC,DEL-GOI,DEL,GOI,Thu,2,Winter,Early Morning (05-08),7.3,False,False
2025-12-12,BlueSky Air,Full-service,DEL-BOM,DEL,BOM,Sat,12,Winter,Evening (15-19),7.8,False,False
2025-05-27,IndiFly,LCC,DEL-AMD,DEL,AMD,Fri,5,Summer,Night (19-23),14.5,False,False
2025-08-21,Coastal Wings,Regional/turboprop,DEL-BOM,DEL,BOM,Wed,8,Monsoon,Evening (15-19),6.9,False,False
2025-08-04,Skyline National,Full-service,MAA-CCU,MAA,CCU,Fri,8,Monsoon,Morning (08-11),4.7,False,False
2025-04-23,IndiFly,LCC,HYD-MAA,HYD,MAA,Fri,4,Spring,Early Morning (05-08),5.5,False,False
2025-03-24,BlueSky Air,Full-service,DEL-CCU,DEL,CCU,Wed,3,Spring,Night (19-23),4.9,False,False
2025-02-08,Skyline National,Full-service,BOM-BLR,BOM,BLR,Tue,2,Winter,Morning (08-11),13.2,False,False
2025-07-19,IndiFly,LCC,DEL-BLR,DEL,BLR,Tue,7,Monsoon,Morning (08-11),3.3,False,False
2025-08-26,Skyline National,Full-service,DEL-AMD,DEL,AMD,Sun,8,Monsoon,Afternoon (11-15),18.3,True,False
2025-02-17,Coastal Wings,Regional/turboprop,HYD-MAA,HYD,MAA,Fri,2,Winter,Afternoon (11-15),4.4,False,False
2025-06-14,Metro Express,LCC,BOM-COK,BOM,COK,Wed,6,Summer,Night (19-23),17.3,True,False
2025-05-16,IndiFly,LCC,DEL-BLR,DEL,BLR,Thu,5,Summer,Night (19-23),7.2,False,False
2025-07-13,Coastal Wings,Regional/turboprop,BOM-BLR,BOM,BLR,Fri,7,Monsoon,Night (19-23),13.8,False,False
2025-10-08,IndiFly,LCC,DEL-BLR,DEL,BLR,Mon,10,Post-Monsoon,Night (19-23),3.6,False,False
2025-10-18,IndiFly,LCC,BOM-COK,BOM,COK,Sat,10,Post-Monsoon,Early Morning (05-08),8.9,False,False
2025-03-22,BlueSky Air,Full-service,BOM-BLR,BOM,BLR,Tue,3,Spring,Afternoon (11-15),8.3,False,False
2025-10-04,BlueSky Air,Full-service,DEL-HYD,DEL,HYD,Sun,10,Post-Monsoon,Morning (08-11),13.3,False,False
2025-11-09,Coastal Wings,Regional/turboprop,MAA-CCU,MAA,CCU,Mon,11,Post-Monsoon,Evening (15-19),11.6,False,False
2025-02-17,Coastal Wings,Regional/turboprop,BLR-HYD,BLR,HYD,Sun,2,Winter,Morning (08-11),4.2,False,False
2025-02-17,Metro Express,LCC,DEL-BLR,DEL,BLR,Sun,2,Winter,Afternoon (11-15),10.4,False,False
2025-09-11,IndiFly,LCC,DEL-BLR,DEL,BLR,Wed,9,Monsoon,Afternoon (11-15),0.0,False,True
2025-06-05,Skyline National,Full-service,DEL-BLR,DEL,BLR,Sun,6,Summer,Night (19-23),23.3,True,False
2025-02-28,IndiFly,LCC,COK-BOM,COK,BOM,Fri,2,Winter,Early Morning (05-08),5.9,False,False
2025-03-15,BlueSky Air,Full-service,DEL-BOM,DEL,BOM,Mon,3,Spring,Evening (15-19),5.7,False,False
2025-10-14,Metro Express,LCC,MAA-CCU,MAA,CCU,Sat,10,Post-Monsoon,Early Morning (05-08),4.1,False,False
2025-08-19,IndiFly,LCC,DEL-CCU,DEL,CCU,Sat,8,Monsoon,Night (19-23),8.9,False,False
2025-05-11,IndiFly,LCC,BOM-COK,BOM,COK,Fri,5,Summer,Early Morning (05-08),3.8,False,False
2025-04-08,Skyline National,Full-service,BOM-GOI,BOM,GOI,Mon,4,Spring,Early Morning (05-08),11.1,False,False
2025-03-08,BlueSky Air,Full-service,DEL-PNQ,DEL,PNQ,Wed,3,Spring,Night (19-23),3.5,False,False
2025-03-21,IndiFly,LCC,DEL-BOM,DEL,BOM,Fri,3,Spring,Night (19-23),22.8,True,False
2025-10-12,IndiFly,LCC,DEL-BOM,DEL,BOM,Tue,10,Post-Monsoon,Early Morning (05-08),9.6,False,False
2025-05-13,BlueSky Air,Full-service,BOM-BLR,BOM,BLR,Wed,5,Summer,Afternoon (11-15),4.9,False,False
2025-12-08,IndiFly,LCC,BOM-BLR,BOM,BLR,Sat,12,Winter,Evening (15-19),3.9,False,False
2025-04-28,IndiFly,LCC,DEL-BLR,DEL,BLR,Wed,4,Spring,Morning (08-11),4.3,False,False
2025-05-15,BlueSky Air,Full-service,COK-BOM,COK,BOM,Sun,5,Summer,Night (19-23),5.1,False,False
2025-10-01,Skyline National,Full-service,COK-BOM,COK,BOM,Fri,10,Post-Monsoon,Night (19-23),6.8,False,False
2025-02-18,IndiFly,LCC,DEL-BOM,DEL,BOM,Sun,2,Winter,Night (19-23),12.7,False,False
2025-10-26,Metro Express,LCC,BOM-GOI,BOM,GOI,Thu,10,Post-Monsoon,Morning (08-11),1.9,False,False
2025-06-13,IndiFly,LCC,BOM-BLR,BOM,BLR,Sat,6,Summer,Evening (15-19),9.0,False,False
2025-02-06,Metro Express,LCC,COK-BOM,COK,BOM,Tue,2,Winter,Morning (08-11),9.2,False,False
2025-07-06,IndiFly,LCC,DEL-BOM,DEL,BOM,Fri,7,Monsoon,Evening (15-19),4.5,False,False
2025-01-17,IndiFly,LCC,DEL-BLR,DEL,BLR,Tue,1,Winter,Morning (08-11),18.0,True,False
2025-04-15,IndiFly,LCC,DEL-AMD,DEL,AMD,Tue,4,Spring,Morning (08-11),10.8,False,False
2025-12-03,IndiFly,LCC,DEL-BLR,DEL,BLR,Fri,12,Winter,Afternoon (11-15),9.2,False,False
2025-09-11,Skyline National,Full-service,DEL-BLR,DEL,BLR,Sun,9,Monsoon,Morning (08-11),5.1,False,False
2025-02-10,Metro Express,LCC,BOM-BLR,BOM,BLR,Tue,2,Winter,Afternoon (11-15),2.7,False,False
2025-09-17,Skyline National,Full-service,DEL-BLR,DEL,BLR,Wed,9,Monsoon,Afternoon (11-15),6.5,False,False
2025-05-10,BlueSky Air,Full-service,DEL-GOI,DEL,GOI,Sat,5,Summer,Early Morning (05-08),9.0,False,False
2025-04-08,Skyline National,Full-service,DEL-HYD,DEL,HYD,Sun,4,Spring,Afternoon (11-15),13.2,False,False
2025-01-17,Metro Express,LCC,BOM-BLR,BOM,BLR,Fri,1,Winter,Early Morning (05-08),5.8,False,False
2025-11-11,Metro Express,LCC,BOM-BLR,BOM,BLR,Sat,11,Post-Monsoon,Evening (15-19),4.2,False,False
2025-05-16,IndiFly,LCC,DEL-BOM,DEL,BOM,Thu,5,Summer,Evening (15-19),6.6,False,False
2025-02-27,Skyline National,Full-service,DEL-BOM,DEL,BOM,Fri,2,Winter,Morning (08-11),7.3,False,False
2025-05-06,BlueSky Air,Full-service,DEL-BOM,DEL,BOM,Fri,5,Summer,Morning (08-11),4.4,False,False
2025-01-05,Metro Express,LCC,DEL-BLR,DEL,BLR,Mon,1,Winter,Early Morning (05-08),21.3,True,False
2025-07-01,Coastal Wings,Regional/turboprop,BOM-COK,BOM,COK,Thu,7,Monsoon,Morning (08-11),10.0,False,False
2025-07-28,Metro Express,LCC,DEL-BOM,DEL,BOM,Mon,7,Monsoon,Morning (08-11),6.0,False,False
2025-06-11,BlueSky Air,Full-service,DEL-BOM,DEL,BOM,Sat,6,Summer,Morning (08-11),5.5,False,False
2025-04-03,IndiFly,LCC,HYD-MAA,HYD,MAA,Sat,4,Spring,Early Morning (05-08),2.2,False,False
2025-04-24,IndiFly,LCC,BOM-GOI,BOM,GOI,Fri,4,Spring,Early Morning (05-08),2.0,False,False
2025-09-04,Coastal Wings,Regional/turboprop,BOM-COK,BOM,COK,Sun,9,Monsoon,Afternoon (11-15),13.5,False,False
2025-09-22,Skyline National,Full-service,DEL-GOI,DEL,GOI,Fri,9,Monsoon,Morning (08-11),5.7,False,False
2025-02-22,IndiFly,LCC,COK-BOM,COK,BOM,Tue,2,Winter,Afternoon (11-15),15.3,True,False
2025-06-10,Skyline National,Full-service,BOM-BLR,BOM,BLR,Tue,6,Summer,Night (19-23),5.0,False,False
2025-11-08,BlueSky Air,Full-service,BOM-BLR,BOM,BLR,Fri,11,Post-Monsoon,Night (19-23),4.1,False,False
2025-12-17,Metro Express,LCC,HYD-MAA,HYD,MAA,Mon,12,Winter,Early Morning (05-08),9.5,False,False
2025-01-07,Metro Express,LCC,MAA-CCU,MAA,CCU,Tue,1,Winter,Night (19-23),6.9,False,False
2025-08-08,Metro Express,LCC,MAA-CCU,MAA,CCU,Fri,8,Monsoon,Morning (08-11),11.2,False,False
2025-12-15,IndiFly,LCC,DEL-CCU,DEL,CCU,Sun,12,Winter,Evening (15-19),12.3,False,False
2025-08-16,IndiFly,LCC,DEL-BLR,DEL,BLR,Sun,8,Monsoon,Evening (15-19),8.1,False,False
2025-05-20,BlueSky Air,Full-service,DEL-HYD,DEL,HYD,Mon,5,Summer,Morning (08-11),4.2,False,False
2025-06-13,Coastal Wings,Regional/turboprop,DEL-CCU,DEL,CCU,Wed,6,Summer,Early Morning (05-08),3.4,False,False
2025-02-01,Metro Express,LCC,BLR-HYD,BLR,HYD,Wed,2,Winter,Evening (15-19),7.2,False,False
2025-08-07,Metro Express,LCC,COK-BOM,COK,BOM,Wed,8,Monsoon,Early Morning (05-08),21.6,True,False
2025-01-26,IndiFly,LCC,DEL-BLR,DEL,BLR,Mon,1,Winter,Night (19-23),9.1,False,False
2025-06-25,IndiFly,LCC,DEL-AMD,DEL,AMD,Thu,6,Summer,Afternoon (11-15),4.5,False,False
2025-03-03,Metro Express,LCC,BOM-GOI,BOM,GOI,Thu,3,Spring,Night (19-23),4.1,False,False
2025-02-23,Skyline National,Full-service,BOM-COK,BOM,COK,Fri,2,Winter,Morning (08-11),9.8,False,False
2025-11-03,Metro Express,LCC,BLR-HYD,BLR,HYD,Tue,11,Post-Monsoon,Afternoon (11-15),6.0,False,False
2025-12-19,BlueSky Air,Full-service,BOM-GOI,BOM,GOI,Fri,12,Winter,Evening (15-19),8.2,False,False
2025-08-20,Metro Express,LCC,DEL-PNQ,DEL,PNQ,Wed,8,Monsoon,Early Morning (05-08),5.0,False,False
2025-04-07,BlueSky Air,Full-service,DEL-BLR,DEL,BLR,Mon,4,Spring,Evening (15-19),7.0,False,False
2025-03-19,Metro Express,LCC,DEL-AMD,DEL,AMD,Fri,3,Spring,Morning (08-11),9.6,False,False
2025-07-07,Metro Express,LCC,BOM-BLR,BOM,BLR,Sun,7,Monsoon,Evening (15-19),6.9,False,False
2025-04-04,Skyline National,Full-service,DEL-CCU,DEL,CCU,Mon,4,Spring,Early Morning (05-08),17.8,True,False
2025-10-12,BlueSky Air,Full-service,DEL-BOM,DEL,BOM,Fri,10,Post-Monsoon,Afternoon (11-15),4.1,False,False
2025-01-17,BlueSky Air,Full-service,DEL-HYD,DEL,HYD,Sat,1,Winter,Afternoon (11-15),8.9,False,False
2025-10-22,IndiFly,LCC,BLR-HYD,BLR,HYD,Sun,10,Post-Monsoon,Morning (08-11),4.9,False,False
2025-02-25,BlueSky Air,Full-service,DEL-BOM,DEL,BOM,Sat,2,Winter,Morning (08-11),4.0,False,False
2025-05-03,IndiFly,LCC,BOM-GOI,BOM,GOI,Wed,5,Summer,Early Morning (05-08),3.1,False,False
2025-06-28,BlueSky Air,Full-service,DEL-AMD,DEL,AMD,Sat,6,Summer,Early Morning (05-08),0.0,False,True
2025-05-27,Metro Express,LCC,DEL-AMD,DEL,AMD,Fri,5,Summer,Afternoon (11-15),6.0,False,False
2025-07-13,Metro Express,LCC,DEL-CCU,DEL,CCU,Sun,7,Monsoon,Morning (08-11),10.2,False,False
2025-05-05,IndiFly,LCC,DEL-CCU,DEL,CCU,Mon,5,Summer,Evening (15-19),6.7,False,False
2025-03-06,IndiFly,LCC,DEL-GOI,DEL,GOI,Sun,3,Spring,Evening (15-19),10.4,False,False
2025-02-19,IndiFly,LCC,DEL-BLR,DEL,BLR,Thu,2,Winter,Evening (15-19),5.5,False,False
2025-11-01,Skyline National,Full-service,DEL-BOM,DEL,BOM,Sun,11,Post-Monsoon,Morning (08-11),5.8,False,False
2025-10-09,Skyline National,Full-service,DEL-AMD,DEL,AMD,Sun,10,Post-Monsoon,Early Morning (05-08),13.9,False,False
2025-10-19,Metro Express,LCC,DEL-BOM,DEL,BOM,Mon,10,Post-Monsoon,Night (19-23),14.8,False,False
2025-12-03,Metro Express,LCC,BLR-HYD,BLR,HYD,Tue,12,Winter,Early Morning (05-08),7.0,False,False
2025-09-24,BlueSky Air,Full-service,DEL-CCU,DEL,CCU,Mon,9,Monsoon,Morning (08-11),2.4,False,False
2025-09-18,Metro Express,LCC,DEL-PNQ,DEL,PNQ,Wed,9,Monsoon,Early Morning (05-08),5.8,False,False
2025-06-05,BlueSky Air,Full-service,DEL-GOI,DEL,GOI,Sat,6,Summer,Afternoon (11-15),7.0,False,False
2025-02-22,Skyline National,Full-service,DEL-GOI,DEL,GOI,Wed,2,Winter,Night (19-23),7.8,False,False
2025-11-03,IndiFly,LCC,DEL-CCU,DEL,CCU,Mon,11,Post-Monsoon,Morning (08-11),13.6,False,False
2025-09-02,Metro Express,LCC,DEL-BLR,DEL,BLR,Fri,9,Monsoon,Evening (15-19),3.9,False,False
2025-08-22,Skyline National,Full-service,BOM-GOI,BOM,GOI,Mon,8,Monsoon,Evening (15-19),6.8,False,False
2025-05-06,Coastal Wings,Regional/turboprop,BLR-HYD,BLR,HYD,Sat,5,Summer,Morning (08-11),3.2,False,False
2025-02-08,BlueSky Air,Full-service,BOM-BLR,BOM,BLR,Sun,2,Winter,Night (19-23),9.6,False,False
2025-05-12,IndiFly,LCC,DEL-HYD,DEL,HYD,Mon,5,Summer,Evening (15-19),4.0,False,False
2025-08-26,IndiFly,LCC,DEL-BLR,DEL,BLR,Fri,8,Monsoon,Evening (15-19),8.8,False,False
2025-05-01,Metro Express,LCC,DEL-PNQ,DEL,PNQ,Fri,5,Summer,Morning (08-11),12.2,False,False
2025-03-05,IndiFly,LCC,DEL-CCU,DEL,CCU,Wed,3,Spring,Evening (15-19),9.1,False,False
2025-01-24,Metro Express,LCC,DEL-BLR,DEL,BLR,Fri,1,Winter,Afternoon (11-15),15.7,True,False
2025-08-12,Coastal Wings,Regional/turboprop,DEL-HYD,DEL,HYD,Wed,8,Monsoon,Night (19-23),16.5,True,False
2025-08-11,IndiFly,LCC,DEL-BOM,DEL,BOM,Sat,8,Monsoon,Morning (08-11),14.9,False,False
2025-04-01,Metro Express,LCC,DEL-AMD,DEL,AMD,Sat,4,Spring,Afternoon (11-15),8.4,False,False
2025-12-14,IndiFly,LCC,DEL-GOI,DEL,GOI,Thu,12,Winter,Early Morning (05-08),23.4,True,False
2025-04-15,IndiFly,LCC,COK-BOM,COK,BOM,Sat,4,Spring,Evening (15-19),4.3,False,False
2025-09-18,IndiFly,LCC,BLR-HYD,BLR,HYD,Sat,9,Monsoon,Early Morning (05-08),2.7,False,False
2025-09-15,Skyline National,Full-service,DEL-BOM,DEL,BOM,Thu,9,Monsoon,Early Morning (05-08),3.7,False,False
2025-05-10,Metro Express,LCC,DEL-BLR,DEL,BLR,Tue,5,Summer,Early Morning (05-08),8.4,False,False
2025-08-21,Skyline National,Full-service,HYD-MAA,HYD,MAA,Sun,8,Monsoon,Morning (08-11),1.7,False,False
2025-12-09,Metro Express,LCC,BLR-HYD,BLR,HYD,Tue,12,Winter,Afternoon (11-15),18.7,True,False
2025-09-02,Skyline National,Full-service,MAA-CCU,MAA,CCU,Tue,9,Monsoon,Evening (15-19),3.4,False,False
2025-11-07,Skyline National,Full-service,DEL-PNQ,DEL,PNQ,Mon,11,Post-Monsoon,Night (19-23),19.5,True,False
2025-08-21,Skyline National,Full-service,DEL-CCU,DEL,CCU,Wed,8,Monsoon,Evening (15-19),11.0,False,False
2025-10-16,Metro Express,LCC,DEL-CCU,DEL,CCU,Wed,10,Post-Monsoon,Afternoon (11-15),12.9,False,False
2025-03-06,Metro Express,LCC,DEL-CCU,DEL,CCU,Tue,3,Spring,Early Morning (05-08),7.4,False,False
2025-07-09,Skyline National,Full-service,DEL-BOM,DEL,BOM,Thu,7,Monsoon,Early Morning (05-08),11.5,False,False
2025-06-27,Metro Express,LCC,DEL-BOM,DEL,BOM,Sun,6,Summer,Afternoon (11-15),3.8,False,False
2025-06-01,IndiFly,LCC,DEL-BLR,DEL,BLR,Mon,6,Summer,Early Morning (05-08),9.0,False,False
2025-02-27,BlueSky Air,Full-service,DEL-AMD,DEL,AMD,Fri,2,Winter,Early Morning (05-08),4.1,False,False
2025-11-24,Coastal Wings,Regional/turboprop,DEL-HYD,DEL,HYD,Tue,11,Post-Monsoon,Afternoon (11-15),4.4,False,False
2025-01-13,IndiFly,LCC,DEL-BOM,DEL,BOM,Tue,1,Winter,Early Morning (05-08),12.4,False,False
2025-11-12,Skyline National,Full-service,BOM-BLR,BOM,BLR,Sun,11,Post-Monsoon,Afternoon (11-15),8.2,False,False
2025-02-23,BlueSky Air,Full-service,DEL-HYD,DEL,HYD,Thu,2,Winter,Early Morning (05-08),3.8,False,False
2025-11-07,Skyline National,Full-service,DEL-PNQ,DEL,PNQ,Mon,11,Post-Monsoon,Afternoon (11-15),8.7,False,False
2025-03-01,IndiFly,LCC,BOM-BLR,BOM,BLR,Tue,3,Spring,Afternoon (11-15),6.5,False,False
2025-05-23,Metro Express,LCC,BOM-GOI,BOM,GOI,Tue,5,Summer,Night (19-23),3.1,False,False
2025-04-14,BlueSky Air,Full-service,DEL-BOM,DEL,BOM,Sat,4,Spring,Morning (08-11),4.8,False,False
2025-04-28,Metro Express,LCC,DEL-BLR,DEL,BLR,Fri,4,Spring,Morning (08-11),7.1,False,False
2025-01-14,IndiFly,LCC,BOM-BLR,BOM,BLR,Sat,1,Winter,Night (19-23),13.2,False,False
2025-02-14,IndiFly,LCC,DEL-AMD,DEL,AMD,Sat,2,Winter,Night (19-23),27.6,True,False
2025-02-09,Metro Express,LCC,DEL-BLR,DEL,BLR,Tue,2,Winter,Evening (15-19),22.1,True,False
2025-07-07,Metro Express,LCC,BOM-BLR,BOM,BLR,Fri,7,Monsoon,Afternoon (11-15),3.1,False,False
2025-08-12,IndiFly,LCC,BOM-BLR,BOM,BLR,Sat,8,Monsoon,Afternoon (11-15),11.9,False,False
2025-06-14,Metro Express,LCC,DEL-HYD,DEL,HYD,Wed,6,Summer,Morning (08-11),6.5,False,False
2025-12-03,Skyline National,Full-service,BLR-COK,BLR,COK,Tue,12,Winter,Morning (08-11),6.3,False,False
2025-05-01,Coastal Wings,Regional/turboprop,BLR-HYD,BLR,HYD,Tue,5,Summer,Early Morning (05-08),5.4,False,False
2025-11-10,IndiFly,LCC,DEL-BOM,DEL,BOM,Sat,11,Post-Monsoon,Night (19-23),6.5,False,False
2025-10-02,BlueSky Air,Full-service,DEL-BLR,DEL,BLR,Sun,10,Post-Monsoon,Early Morning (05-08),6.6,False,False
2025-10-02,IndiFly,LCC,BOM-BLR,BOM,BLR,Wed,10,Post-Monsoon,Afternoon (11-15),2.8,False,False
2025-10-25,Metro Express,LCC,BOM-COK,BOM,COK,Mon,10,Post-Monsoon,Early Morning (05-08),5.9,False,False
2025-08-12,IndiFly,LCC,DEL-CCU,DEL,CCU,Mon,8,Monsoon,Night (19-23),10.7,False,False
2025-06-04,IndiFly,LCC,BOM-BLR,BOM,BLR,Tue,6,Summer,Night (19-23),16.0,True,False
2025-01-22,Coastal Wings,Regional/turboprop,DEL-BLR,DEL,BLR,Sat,1,Winter,Afternoon (11-15),8.1,False,False
2025-06-19,Metro Express,LCC,COK-BOM,COK,BOM,Fri,6,Summer,Night (19-23),23.0,True,False
2025-06-11,Metro Express,LCC,DEL-HYD,DEL,HYD,Sun,6,Summer,Morning (08-11),3.3,False,False
2025-11-08,IndiFly,LCC,DEL-CCU,DEL,CCU,Tue,11,Post-Monsoon,Evening (15-19),4.0,False,False
2025-12-23,IndiFly,LCC,BLR-COK,BLR,COK,Fri,12,Winter,Early Morning (05-08),6.2,False,False
2025-09-04,Metro Express,LCC,BOM-BLR,BOM,BLR,Sun,9,Monsoon,Early Morning (05-08),22.3,True,False
2025-03-13,Metro Express,LCC,BOM-GOI,BOM,GOI,Mon,3,Spring,Early Morning (05-08),2.7,False,False
2025-04-12,Skyline National,Full-service,BOM-BLR,BOM,BLR,Wed,4,Spring,Evening (15-19),11.0,False,False
2025-02-07,IndiFly,LCC,DEL-BOM,DEL,BOM,Sun,2,Winter,Night (19-23),20.6,True,False
2025-12-22,IndiFly,LCC,DEL-BLR,DEL,BLR,Thu,12,Winter,Morning (08-11),8.3,False,False
2025-06-08,Metro Express,LCC,DEL-BLR,DEL,BLR,Fri,6,Summer,Morning (08-11),6.0,False,False
2025-03-01,Metro Express,LCC,DEL-BOM,DEL,BOM,Wed,3,Spring,Evening (15-19),11.5,False,False
2025-10-07,Coastal Wings,Regional/turboprop,DEL-HYD,DEL,HYD,Thu,10,Post-Monsoon,Night (19-23),3.0,False,False
2025-06-08,IndiFly,LCC,DEL-AMD,DEL,AMD,Tue,6,Summer,Night (19-23),4.7,False,False
2025-02-17,IndiFly,LCC,DEL-HYD,DEL,HYD,Mon,2,Winter,Evening (15-19),7.2,False,False
2025-05-17,IndiFly,LCC,BLR-COK,BLR,COK,Sat,5,Summer,Morning (08-11),4.7,False,False
2025-03-07,Skyline National,Full-service,DEL-HYD,DEL,HYD,Sat,3,Spring,Morning (08-11),7.6,False,False
2025-01-23,IndiFly,LCC,DEL-PNQ,DEL,PNQ,Sat,1,Winter,Afternoon (11-15),12.1,False,False
2025-07-14,Metro Express,LCC,DEL-PNQ,DEL,PNQ,Thu,7,Monsoon,Afternoon (11-15),3.1,False,False
2025-12-17,BlueSky Air,Full-service,BLR-HYD,BLR,HYD,Thu,12,Winter,Morning (08-11),5.0,False,False
2025-03-03,IndiFly,LCC,DEL-AMD,DEL,AMD,Wed,3,Spring,Early Morning (05-08),9.7,False,False
2025-10-09,IndiFly,LCC,BOM-COK,BOM,COK,Tue,10,Post-Monsoon,Night (19-23),20.6,True,False
2025-12-20,Metro Express,LCC,DEL-HYD,DEL,HYD,Sun,12,Winter,Night (19-23),0.0,False,True
2025-04-11,IndiFly,LCC,DEL-BOM,DEL,BOM,Thu,4,Spring,Afternoon (11-15),9.5,False,False
2025-06-25,IndiFly,LCC,DEL-BOM,DEL,BOM,Mon,6,Summer,Afternoon (11-15),8.2,False,False
2025-10-13,BlueSky Air,Full-service,DEL-BLR,DEL,BLR,Mon,10,Post-Monsoon,Morning (08-11),3.2,False,False
2025-10-05,IndiFly,LCC,BOM-COK,BOM,COK,Fri,10,Post-Monsoon,Morning (08-11),9.5,False,False
2025-12-22,IndiFly,LCC,BOM-BLR,BOM,BLR,Sat,12,Winter,Night (19-23),12.6,False,False
2025-06-19,Metro Express,LCC,DEL-PNQ,DEL,PNQ,Tue,6,Summer,Afternoon (11-15),22.6,True,False
2025-10-21,IndiFly,LCC,BOM-COK,BOM,COK,Thu,10,Post-Monsoon,Morning (08-11),16.7,True,False
2025-06-20,IndiFly,LCC,BLR-HYD,BLR,HYD,Mon,6,Summer,Night (19-23),2.8,False,False
2025-05-10,Skyline National,Full-service,DEL-BLR,DEL,BLR,Sat,5,Summer,Afternoon (11-15),8.7,False,False
2025-05-15,IndiFly,LCC,BLR-HYD,BLR,HYD,Sun,5,Summer,Evening (15-19),8.1,False,False
2025-08-21,BlueSky Air,Full-service,DEL-HYD,DEL,HYD,Tue,8,Monsoon,Morning (08-11),7.8,False,False
2025-02-21,BlueSky Air,Full-service,BLR-COK,BLR,COK,Sun,2,Winter,Afternoon (11-15),1.6,False,False
2025-09-28,IndiFly,LCC,DEL-BLR,DEL,BLR,Fri,9,Monsoon,Afternoon (11-15),18.9,True,False
2025-05-26,BlueSky Air,Full-service,BOM-COK,BOM,COK,Thu,5,Summer,Night (19-23),13.0,False,False
2025-08-01,Metro Express,LCC,DEL-PNQ,DEL,PNQ,Wed,8,Monsoon,Afternoon (11-15),7.3,False,False
2025-09-06,Metro Express,LCC,DEL-HYD,DEL,HYD,Mon,9,Monsoon,Evening (15-19),4.1,False,False
2025-02-25,Skyline National,Full-service,DEL-HYD,DEL,HYD,Tue,2,Winter,Night (19-23),8.7,False,False
2025-11-14,IndiFly,LCC,DEL-PNQ,DEL,PNQ,Sat,11,Post-Monsoon,Early Morning (05-08),3.8,False,False
2025-03-08,Metro Express,LCC,DEL-CCU,DEL,CCU,Sun,3,Spring,Evening (15-19),11.6,False,False
2025-09-11,BlueSky Air,Full-service,BOM-GOI,BOM,GOI,Sun,9,Monsoon,Night (19-23),5.6,False,False
2025-09-10,IndiFly,LCC,BOM-COK,BOM,COK,Wed,9,Monsoon,Afternoon (11-15),8.7,False,False
2025-12-15,IndiFly,LCC,BLR-COK,BLR,COK,Tue,12,Winter,Night (19-23),3.4,False,False
2025-04-08,BlueSky Air,Full-service,DEL-HYD,DEL,HYD,Sat,4,Spring,Morning (08-11),2.6,False,False
2025-11-03,IndiFly,LCC,DEL-BOM,DEL,BOM,Thu,11,Post-Monsoon,Early Morning (05-08),16.2,True,False
2025-02-13,BlueSky Air,Full-service,DEL-HYD,DEL,HYD,Sun,2,Winter,Afternoon (11-15),2.9,False,False
2025-09-24,Skyline National,Full-service,BOM-GOI,BOM,GOI,Thu,9,Monsoon,Morning (08-11),10.4,False,False
2025-03-13,Metro Express,LCC,DEL-AMD,DEL,AMD,Sat,3,Spring,Afternoon (11-15),22.8,True,False
2025-01-11,Metro Express,LCC,COK-BOM,COK,BOM,Tue,1,Winter,Night (19-23),2.8,False,False
2025-09-17,BlueSky Air,Full-service,DEL-BLR,DEL,BLR,Sat,9,Monsoon,Afternoon (11-15),10.4,False,False
2025-04-10,Skyline National,Full-service,DEL-BOM,DEL,BOM,Mon,4,Spring,Early Morning (05-08),6.0,False,False
2025-01-27,IndiFly,LCC,DEL-CCU,DEL,CCU,Tue,1,Winter,Morning (08-11),11.8,False,False
2025-01-20,IndiFly,LCC,DEL-BOM,DEL,BOM,Thu,1,Winter,Early Morning (05-08),12.1,False,False
2025-03-22,BlueSky Air,Full-service,DEL-BOM,DEL,BOM,Wed,3,Spring,Morning (08-11),4.7,False,False
2025-06-06,Skyline National,Full-service,BOM-BLR,BOM,BLR,Sun,6,Summer,Night (19-23),13.4,False,False
2025-03-02,BlueSky Air,Full-service,DEL-AMD,DEL,AMD,Mon,3,Spring,Morning (08-11),2.5,False,False
2025-04-20,Metro Express,LCC,BOM-COK,BOM,COK,Wed,4,Spring,Early Morning (05-08),2.4,False,False
2025-02-12,BlueSky Air,Full-service,MAA-CCU,MAA,CCU,Sun,2,Winter,Early Morning (05-08),15.5,True,False
2025-09-19,Metro Express,LCC,BLR-HYD,BLR,HYD,Thu,9,Monsoon,Early Morning (05-08),2.0,False,False
2025-07-26,Skyline National,Full-service,BLR-HYD,BLR,HYD,Thu,7,Monsoon,Early Morning (05-08),21.3,True,False
2025-06-23,IndiFly,LCC,DEL-BOM,DEL,BOM,Mon,6,Summer,Evening (15-19),5.9,False,False
2025-05-01,IndiFly,LCC,DEL-CCU,DEL,CCU,Sun,5,Summer,Evening (15-19),3.1,False,False
2025-04-17,Metro Express,LCC,DEL-BOM,DEL,BOM,Fri,4,Spring,Night (19-23),4.6,False,False
2025-11-12,IndiFly,LCC,DEL-BOM,DEL,BOM,Tue,11,Post-Monsoon,Early Morning (05-08),4.7,False,False
2025-03-14,BlueSky Air,Full-service,DEL-GOI,DEL,GOI,Sat,3,Spring,Afternoon (11-15),3.3,False,False
2025-11-06,BlueSky Air,Full-service,BOM-BLR,BOM,BLR,Thu,11,Post-Monsoon,Morning (08-11),3.2,False,False
2025-09-11,BlueSky Air,Full-service,DEL-PNQ,DEL,PNQ,Thu,9,Monsoon,Early Morning (05-08),8.9,False,False
2025-04-03,Metro Express,LCC,BLR-COK,BLR,COK,Fri,4,Spring,Morning (08-11),7.8,False,False
2025-04-20,IndiFly,LCC,BLR-COK,BLR,COK,Sat,4,Spring,Morning (08-11),3.2,False,False
2025-04-01,Coastal Wings,Regional/turboprop,DEL-BLR,DEL,BLR,Thu,4,Spring,Evening (15-19),11.4,False,False
2025-11-24,Metro Express,LCC,DEL-BLR,DEL,BLR,Mon,11,Post-Monsoon,Evening (15-19),4.4,False,False
2025-05-21,Skyline National,Full-service,BOM-GOI,BOM,GOI,Thu,5,Summer,Night (19-23),10.6,False,False
2025-07-27,IndiFly,LCC,DEL-BLR,DEL,BLR,Fri,7,Monsoon,Night (19-23),11.3,False,False
2025-02-04,IndiFly,LCC,DEL-CCU,DEL,CCU,Mon,2,Winter,Morning (08-11),2.1,False,False
2025-06-28,BlueSky Air,Full-service,DEL-BLR,DEL,BLR,Tue,6,Summer,Evening (15-19),5.6,False,False
2025-11-26,Skyline National,Full-service,DEL-BOM,DEL,BOM,Wed,11,Post-Monsoon,Early Morning (05-08),5.1,False,False
2025-09-21,IndiFly,LCC,BOM-BLR,BOM,BLR,Tue,9,Monsoon,Early Morning (05-08),4.3,False,False
2025-01-28,IndiFly,LCC,COK-BOM,COK,BOM,Mon,1,Winter,Early Morning (05-08),5.8,False,False
2025-02-10,Metro Express,LCC,BLR-HYD,BLR,HYD,Tue,2,Winter,Afternoon (11-15),6.4,False,False
2025-10-24,Metro Express,LCC,BLR-COK,BLR,COK,Sat,10,Post-Monsoon,Early Morning (05-08),3.2,False,False
2025-08-07,BlueSky Air,Full-service,BLR-HYD,BLR,HYD,Tue,8,Monsoon,Afternoon (11-15),16.6,True,False
2025-12-02,BlueSky Air,Full-service,HYD-MAA,HYD,MAA,Tue,12,Winter,Afternoon (11-15),4.7,False,False
2025-06-23,Skyline National,Full-service,DEL-PNQ,DEL,PNQ,Sun,6,Summer,Early Morning (05-08),5.8,False,False
2025-09-11,BlueSky Air,Full-service,DEL-BLR,DEL,BLR,Mon,9,Monsoon,Evening (15-19),5.0,False,False
2025-08-09,IndiFly,LCC,DEL-AMD,DEL,AMD,Sun,8,Monsoon,Afternoon (11-15),8.4,False,False
2025-02-04,Coastal Wings,Regional/turboprop,DEL-CCU,DEL,CCU,Fri,2,Winter,Night (19-23),4.2,False,False
2025-11-02,IndiFly,LCC,DEL-HYD,DEL,HYD,Wed,11,Post-Monsoon,Evening (15-19),16.8,True,False
2025-11-15,Metro Express,LCC,BOM-COK,BOM,COK,Sun,11,Post-Monsoon,Early Morning (05-08),2.9,False,False
2025-07-16,Metro Express,LCC,DEL-CCU,DEL,CCU,Sat,7,Monsoon,Morning (08-11),21.4,True,False
2025-08-26,Metro Express,LCC,COK-BOM,COK,BOM,Mon,8,Monsoon,Early Morning (05-08),25.9,True,False
2025-02-05,BlueSky Air,Full-service,BOM-BLR,BOM,BLR,Mon,2,Winter,Afternoon (11-15),15.5,True,False
2025-11-13,Metro Express,LCC,BOM-COK,BOM,COK,Fri,11,Post-Monsoon,Evening (15-19),14.9,False,False
2025-11-26,Metro Express,LCC,MAA-CCU,MAA,CCU,Wed,11,Post-Monsoon,Early Morning (05-08),6.7,False,False
2025-11-21,Metro Express,LCC,DEL-BOM,DEL,BOM,Sat,11,Post-Monsoon,Night (19-23),9.1,False,False
2025-10-26,Coastal Wings,Regional/turboprop,BLR-COK,BLR,COK,Sun,10,Post-Monsoon,Morning (08-11),2.8,False,False
2025-12-02,Skyline National,Full-service,DEL-BLR,DEL,BLR,Wed,12,Winter,Morning (08-11),21.1,True,False
2025-05-10,Skyline National,Full-service,BLR-HYD,BLR,HYD,Thu,5,Summer,Early Morning (05-08),1.6,False,False
2025-02-13,BlueSky Air,Full-service,BOM-COK,BOM,COK,Tue,2,Winter,Early Morning (05-08),7.8,False,False
2025-02-16,Skyline National,Full-service,BOM-BLR,BOM,BLR,Mon,2,Winter,Early Morning (05-08),3.7,False,False
2025-05-26,Coastal Wings,Regional/turboprop,COK-BOM,COK,BOM,Tue,5,Summer,Early Morning (05-08),17.1,True,False
2025-01-23,Skyline National,Full-service,BLR-HYD,BLR,HYD,Sun,1,Winter,Afternoon (11-15),4.5,False,False
2025-10-04,IndiFly,LCC,DEL-CCU,DEL,CCU,Sat,10,Post-Monsoon,Afternoon (11-15),6.9,False,False
2025-01-16,Skyline National,Full-service,BOM-BLR,BOM,BLR,Wed,1,Winter,Morning (08-11),11.2,False,False
2025-07-15,Metro Express,LCC,BOM-COK,BOM,COK,Tue,7,Monsoon,Morning (08-11),18.6,True,False
2025-01-02,IndiFly,LCC,BOM-BLR,BOM,BLR,Fri,1,Winter,Morning (08-11),7.1,False,False
2025-06-03,BlueSky Air,Full-service,DEL-AMD,DEL,AMD,Thu,6,Summer,Night (19-23),15.7,True,False
2025-10-28,IndiFly,LCC,DEL-BOM,DEL,BOM,Wed,10,Post-Monsoon,Early Morning (05-08),6.0,False,False
2025-12-24,Metro Express,LCC,MAA-CCU,MAA,CCU,Sun,12,Winter,Afternoon (11-15),30.7,True,False
2025-06-09,IndiFly,LCC,BOM-COK,BOM,COK,Thu,6,Summer,Early Morning (05-08),12.4,False,False
2025-02-08,IndiFly,LCC,DEL-CCU,DEL,CCU,Mon,2,Winter,Night (19-23),5.4,False,False
2025-06-21,Metro Express,LCC,DEL-BOM,DEL,BOM,Thu,6,Summer,Afternoon (11-15),13.6,False,False
2025-04-01,BlueSky Air,Full-service,MAA-CCU,MAA,CCU,Wed,4,Spring,Afternoon (11-15),5.0,False,False
2025-07-03,IndiFly,LCC,DEL-GOI,DEL,GOI,Mon,7,Monsoon,Night (19-23),12.7,False,False
2025-10-07,Skyline National,Full-service,DEL-BOM,DEL,BOM,Sat,10,Post-Monsoon,Early Morning (05-08),11.4,False,False
2025-02-10,Metro Express,LCC,DEL-HYD,DEL,HYD,Wed,2,Winter,Early Morning (05-08),6.8,False,False
2025-12-07,IndiFly,LCC,BOM-GOI,BOM,GOI,Thu,12,Winter,Evening (15-19),3.3,False,False
2025-09-20,Metro Express,LCC,DEL-BOM,DEL,BOM,Sat,9,Monsoon,Early Morning (05-08),5.7,False,False
2025-11-26,IndiFly,LCC,DEL-BOM,DEL,BOM,Sat,11,Post-Monsoon,Evening (15-19),8.0,False,False
2025-03-27,IndiFly,LCC,DEL-BLR,DEL,BLR,Sun,3,Spring,Afternoon (11-15),6.5,False,False
2025-12-15,Coastal Wings,Regional/turboprop,DEL-BLR,DEL,BLR,Wed,12,Winter,Afternoon (11-15),32.4,True,False
2025-06-05,BlueSky Air,Full-service,MAA-CCU,MAA,CCU,Mon,6,Summer,Afternoon (11-15),2.6,False,False
2025-04-01,BlueSky Air,Full-service,DEL-BLR,DEL,BLR,Fri,4,Spring,Afternoon (11-15),4.4,False,False
2025-10-23,Skyline National,Full-service,BOM-BLR,BOM,BLR,Wed,10,Post-Monsoon,Night (19-23),4.2,False,False
2025-04-25,IndiFly,LCC,DEL-BOM,DEL,BOM,Thu,4,Spring,Evening (15-19),4.6,False,False
2025-04-24,Metro Express,LCC,DEL-BOM,DEL,BOM,Tue,4,Spring,Night (19-23),6.0,False,False
2025-02-03,Skyline National,Full-service,COK-BOM,COK,BOM,Mon,2,Winter,Evening (15-19),14.3,False,False
2025-07-16,BlueSky Air,Full-service,MAA-CCU,MAA,CCU,Sat,7,Monsoon,Evening (15-19),1.8,False,False
2025-06-24,Coastal Wings,Regional/turboprop,BLR-HYD,BLR,HYD,Sat,6,Summer,Early Morning (05-08),8.0,False,False
2025-08-19,BlueSky Air,Full-service,DEL-BOM,DEL,BOM,Fri,8,Monsoon,Morning (08-11),6.4,False,False
2025-07-27,BlueSky Air,Full-service,DEL-CCU,DEL,CCU,Mon,7,Monsoon,Early Morning (05-08),13.8,False,False
2025-11-24,BlueSky Air,Full-service,DEL-HYD,DEL,HYD,Fri,11,Post-Monsoon,Evening (15-19),7.3,False,False
2025-09-14,Metro Express,LCC,HYD-MAA,HYD,MAA,Tue,9,Monsoon,Night (19-23),4.8,False,False
2025-09-17,BlueSky Air,Full-service,BOM-BLR,BOM,BLR,Sun,9,Monsoon,Afternoon (11-15),8.1,False,False
2025-08-19,IndiFly,LCC,DEL-HYD,DEL,HYD,Mon,8,Monsoon,Early Morning (05-08),4.3,False,False
2025-10-17,IndiFly,LCC,BOM-BLR,BOM,BLR,Sat,10,Post-Monsoon,Night (19-23),15.8,True,False
2025-10-06,BlueSky Air,Full-service,DEL-GOI,DEL,GOI,Sat,10,Post-Monsoon,Evening (15-19),2.8,False,False
2025-03-21,Coastal Wings,Regional/turboprop,DEL-PNQ,DEL,PNQ,Wed,3,Spring,Afternoon (11-15),9.7,False,False
2025-04-27,BlueSky Air,Full-service,DEL-CCU,DEL,CCU,Thu,4,Spring,Early Morning (05-08),7.1,False,False
2025-09-13,BlueSky Air,Full-service,BOM-BLR,BOM,BLR,Thu,9,Monsoon,Evening (15-19),2.5,False,False
2025-05-11,Skyline National,Full-service,COK-BOM,COK,BOM,Tue,5,Summer,Afternoon (11-15),8.6,False,False
2025-04-07,BlueSky Air,Full-service,COK-BOM,COK,BOM,Wed,4,Spring,Morning (08-11),4.4,False,False
2025-10-13,Coastal Wings,Regional/turboprop,BOM-BLR,BOM,BLR,Thu,10,Post-Monsoon,Night (19-23),16.8,True,False
2025-09-23,IndiFly,LCC,DEL-CCU,DEL,CCU,Fri,9,Monsoon,Night (19-23),15.3,True,False
2025-05-28,IndiFly,LCC,DEL-BOM,DEL,BOM,Mon,5,Summer,Night (19-23),5.0,False,False
2025-07-01,Skyline National,Full-service,COK-BOM,COK,BOM,Thu,7,Monsoon,Night (19-23),12.5,False,False
2025-10-22,Skyline National,Full-service,BOM-BLR,BOM,BLR,Wed,10,Post-Monsoon,Morning (08-11),6.0,False,False
2025-09-22,Metro Express,LCC,HYD-MAA,HYD,MAA,Sat,9,Monsoon,Evening (15-19),6.4,False,False
2025-12-11,Metro Express,LCC,BOM-BLR,BOM,BLR,Thu,12,Winter,Afternoon (11-15),4.2,False,False
2025-09-19,IndiFly,LCC,DEL-BOM,DEL,BOM,Sat,9,Monsoon,Afternoon (11-15),6.1,False,False
2025-07-15,IndiFly,LCC,BOM-GOI,BOM,GOI,Sun,7,Monsoon,Night (19-23),4.3,False,False
2025-01-04,Metro Express,LCC,BOM-BLR,BOM,BLR,Sat,1,Winter,Night (19-23),28.2,True,False
2025-02-25,Skyline National,Full-service,DEL-BLR,DEL,BLR,Thu,2,Winter,Evening (15-19),5.6,False,False
2025-06-08,IndiFly,LCC,HYD-MAA,HYD,MAA,Sat,6,Summer,Morning (08-11),11.9,False,False
2025-12-17,BlueSky Air,Full-service,DEL-BOM,DEL,BOM,Sun,12,Winter,Morning (08-11),22.2,True,False
2025-07-05,Metro Express,LCC,DEL-CCU,DEL,CCU,Mon,7,Monsoon,Morning (08-11),6.1,False,False
2025-05-02,IndiFly,LCC,DEL-BLR,DEL,BLR,Mon,5,Summer,Evening (15-19),8.9,False,False
2025-02-18,BlueSky Air,Full-service,BLR-HYD,BLR,HYD,Mon,2,Winter,Night (19-23),2.1,False,False
2025-04-25,BlueSky Air,Full-service,DEL-BOM,DEL,BOM,Mon,4,Spring,Afternoon (11-15),7.0,False,False
2025-04-09,IndiFly,LCC,DEL-HYD,DEL,HYD,Tue,4,Spring,Evening (15-19),4.9,False,False
2025-09-13,IndiFly,LCC,DEL-PNQ,DEL,PNQ,Sat,9,Monsoon,Afternoon (11-15),3.7,False,False
2025-06-15,IndiFly,LCC,BOM-GOI,BOM,GOI,Mon,6,Summer,Morning (08-11),12.6,False,False
2025-02-23,Metro Express,LCC,DEL-GOI,DEL,GOI,Sat,2,Winter,Night (19-23),11.6,False,False
2025-02-22,IndiFly,LCC,DEL-HYD,DEL,HYD,Tue,2,Winter,Evening (15-19),5.7,False,False
2025-04-19,IndiFly,LCC,DEL-BLR,DEL,BLR,Sat,4,Spring,Afternoon (11-15),6.6,False,False
2025-12-11,BlueSky Air,Full-service,DEL-BLR,DEL,BLR,Fri,12,Winter,Afternoon (11-15),11.0,False,False
2025-01-13,BlueSky Air,Full-service,DEL-GOI,DEL,GOI,Tue,1,Winter,Early Morning (05-08),33.8,True,False
2025-01-10,Metro Express,LCC,DEL-BOM,DEL,BOM,Tue,1,Winter,Early Morning (05-08),25.9,True,False
2025-07-23,Metro Express,LCC,BOM-BLR,BOM,BLR,Mon,7,Monsoon,Early Morning (05-08),8.0,False,False
2025-10-07,Coastal Wings,Regional/turboprop,DEL-AMD,DEL,AMD,Sun,10,Post-Monsoon,Afternoon (11-15),16.9,True,False
2025-12-02,Coastal Wings,Regional/turboprop,DEL-HYD,DEL,HYD,Sun,12,Winter,Evening (15-19),27.7,True,False
2025-11-24,IndiFly,LCC,DEL-BOM,DEL,BOM,Fri,11,Post-Monsoon,Afternoon (11-15),5.0,False,False
2025-04-13,IndiFly,LCC,DEL-BOM,DEL,BOM,Tue,4,Spring,Morning (08-11),7.4,False,False
2025-12-13,Skyline National,Full-service,DEL-BLR,DEL,BLR,Wed,12,Winter,Evening (15-19),0.0,False,True
2025-12-17,Metro Express,LCC,DEL-HYD,DEL,HYD,Sun,12,Winter,Afternoon (11-15),0.0,False,True
2025-06-09,Skyline National,Full-service,DEL-HYD,DEL,HYD,Thu,6,Summer,Morning (08-11),4.2,False,False
2025-05-28,Metro Express,LCC,BLR-COK,BLR,COK,Tue,5,Summer,Night (19-23),5.3,False,False
2025-12-15,IndiFly,LCC,DEL-BOM,DEL,BOM,Sun,12,Winter,Night (19-23),25.8,True,False
2025-07-20,Skyline National,Full-service,DEL-PNQ,DEL,PNQ,Sun,7,Monsoon,Afternoon (11-15),7.5,False,False
2025-02-06,IndiFly,LCC,BOM-GOI,BOM,GOI,Tue,2,Winter,Early Morning (05-08),2.6,False,False
2025-01-11,BlueSky Air,Full-service,DEL-CCU,DEL,CCU,Thu,1,Winter,Early Morning (05-08),10.1,False,False
2025-04-15,IndiFly,LCC,MAA-CCU,MAA,CCU,Fri,4,Spring,Night (19-23),1.7,False,False
2025-03-19,BlueSky Air,Full-service,DEL-HYD,DEL,HYD,Sun,3,Spring,Morning (08-11),4.5,False,False
2025-01-02,IndiFly,LCC,HYD-MAA,HYD,MAA,Sat,1,Winter,Evening (15-19),7.6,False,False
2025-12-19,IndiFly,LCC,DEL-AMD,DEL,AMD,Mon,12,Winter,Morning (08-11),24.5,True,False
2025-01-26,BlueSky Air,Full-service,DEL-HYD,DEL,HYD,Sun,1,Winter,Night (19-23),34.9,True,False
2025-02-08,IndiFly,LCC,DEL-BLR,DEL,BLR,Sat,2,Winter,Evening (15-19),4.0,False,False
2025-03-07,IndiFly,LCC,DEL-BOM,DEL,BOM,Sat,3,Spring,Early Morning (05-08),4.5,False,False
2025-09-04,Coastal Wings,Regional/turboprop,DEL-CCU,DEL,CCU,Wed,9,Monsoon,Night (19-23),10.7,False,False
2025-10-03,IndiFly,LCC,BOM-BLR,BOM,BLR,Thu,10,Post-Monsoon,Night (19-23),2.8,False,False
2025-11-05,Skyline National,Full-service,BOM-BLR,BOM,BLR,Mon,11,Post-Monsoon,Early Morning (05-08),8.2,False,False
2025-11-18,BlueSky Air,Full-service,DEL-BLR,DEL,BLR,Mon,11,Post-Monsoon,Evening (15-19),9.0,False,False
2025-12-04,BlueSky Air,Full-service,BOM-BLR,BOM,BLR,Fri,12,Winter,Night (19-23),6.5,False,False
2025-01-22,IndiFly,LCC,DEL-HYD,DEL,HYD,Mon,1,Winter,Afternoon (11-15),16.3,True,False
2025-01-03,Skyline National,Full-service,DEL-AMD,DEL,AMD,Sat,1,Winter,Morning (08-11),15.8,True,False
2025-11-01,IndiFly,LCC,BOM-COK,BOM,COK,Fri,11,Post-Monsoon,Afternoon (11-15),9.1,False,False
2025-12-22,Skyline National,Full-service,DEL-BOM,DEL,BOM,Fri,12,Winter,Night (19-23),17.0,True,False
2025-12-15,Metro Express,LCC,DEL-HYD,DEL,HYD,Fri,12,Winter,Evening (15-19),0.0,False,True
2025-10-15,IndiFly,LCC,BOM-BLR,BOM,BLR,Tue,10,Post-Monsoon,Morning (08-11),3.5,False,False
2025-01-15,Skyline National,Full-service,DEL-CCU,DEL,CCU,Sat,1,Winter,Early Morning (05-08),21.0,True,False
2025-03-27,Metro Express,LCC,DEL-BOM,DEL,BOM,Mon,3,Spring,Evening (15-19),16.6,True,False
2025-07-25,IndiFly,LCC,DEL-BOM,DEL,BOM,Mon,7,Monsoon,Afternoon (11-15),6.5,False,False
2025-06-26,Metro Express,LCC,DEL-BOM,DEL,BOM,Thu,6,Summer,Evening (15-19),4.7,False,False
2025-01-14,Metro Express,LCC,BOM-COK,BOM,COK,Mon,1,Winter,Morning (08-11),19.8,True,False
2025-05-16,BlueSky Air,Full-service,DEL-CCU,DEL,CCU,Mon,5,Summer,Morning (08-11),9.3,False,False
2025-03-19,BlueSky Air,Full-service,MAA-CCU,MAA,CCU,Mon,3,Spring,Early Morning (05-08),4.8,False,False
2025-06-08,IndiFly,LCC,BLR-COK,BLR,COK,Tue,6,Summer,Afternoon (11-15),15.9,True,False
2025-03-25,IndiFly,LCC,HYD-MAA,HYD,MAA,Mon,3,Spring,Afternoon (11-15),4.5,False,False
2025-05-02,IndiFly,LCC,DEL-BLR,DEL,BLR,Wed,5,Summer,Afternoon (11-15),5.5,False,False
2025-08-24,Metro Express,LCC,DEL-CCU,DEL,CCU,Wed,8,Monsoon,Evening (15-19),20.9,True,False
2025-12-22,IndiFly,LCC,COK-BOM,COK,BOM,Sat,12,Winter,Evening (15-19),12.7,False,False
2025-06-09,BlueSky Air,Full-service,DEL-BOM,DEL,BOM,Wed,6,Summer,Morning (08-11),14.4,False,False
2025-10-10,BlueSky Air,Full-service,BOM-BLR,BOM,BLR,Wed,10,Post-Monsoon,Night (19-23),3.6,False,False
2025-09-15,BlueSky Air,Full-service,BOM-BLR,BOM,BLR,Sun,9,Monsoon,Morning (08-11),4.7,False,False
2025-12-08,BlueSky Air,Full-service,COK-BOM,COK,BOM,Mon,12,Winter,Night (19-23),8.8,False,False
2025-05-15,IndiFly,LCC,BLR-COK,BLR,COK,Fri,5,Summer,Evening (15-19),5.2,False,False
2025-03-17,IndiFly,LCC,DEL-CCU,DEL,CCU,Sat,3,Spring,Night (19-23),2.3,False,False
2025-06-04,Skyline National,Full-service,BLR-HYD,BLR,HYD,Tue,6,Summer,Early Morning (05-08),10.8,False,False
2025-07-13,Coastal Wings,Regional/turboprop,BLR-COK,BLR,COK,Wed,7,Monsoon,Night (19-23),27.2,True,False
2025-08-22,Metro Express,LCC,BOM-BLR,BOM,BLR,Sat,8,Monsoon,Morning (08-11),5.9,False,False
2025-08-07,Coastal Wings,Regional/turboprop,BLR-COK,BLR,COK,Wed,8,Monsoon,Evening (15-19),14.9,False,False
2025-12-04,Metro Express,LCC,BOM-GOI,BOM,GOI,Sat,12,Winter,Morning (08-11),17.9,True,False
2025-06-15,Metro Express,LCC,DEL-AMD,DEL,AMD,Thu,6,Summer,Morning (08-11),5.8,False,False
2025-02-03,Metro Express,LCC,DEL-BOM,DEL,BOM,Mon,2,Winter,Afternoon (11-15),7.4,False,False
2025-11-14,IndiFly,LCC,COK-BOM,COK,BOM,Tue,11,Post-Monsoon,Morning (08-11),3.7,False,False
2025-06-14,Metro Express,LCC,BOM-BLR,BOM,BLR,Tue,6,Summer,Evening (15-19),4.5,False,False
2025-02-16,Metro Express,LCC,BOM-COK,BOM,COK,Sat,2,Winter,Morning (08-11),11.9,False,False
2025-09-14,IndiFly,LCC,BLR-COK,BLR,COK,Thu,9,Monsoon,Morning (08-11),13.3,False,False
2025-12-25,Metro Express,LCC,DEL-CCU,DEL,CCU,Mon,12,Winter,Afternoon (11-15),23.4,True,False
2025-01-21,BlueSky Air,Full-service,COK-BOM,COK,BOM,Sat,1,Winter,Morning (08-11),5.0,False,False
2025-01-17,Skyline National,Full-service,BOM-GOI,BOM,GOI,Sat,1,Winter,Night (19-23),32.1,True,False
2025-07-07,Skyline National,Full-service,DEL-BOM,DEL,BOM,Sat,7,Monsoon,Early Morning (05-08),5.2,False,False
2025-10-21,IndiFly,LCC,BOM-GOI,BOM,GOI,Tue,10,Post-Monsoon,Early Morning (05-08),3.2,False,False
2025-04-20,Coastal Wings,Regional/turboprop,DEL-HYD,DEL,HYD,Mon,4,Spring,Morning (08-11),12.7,False,False
2025-08-25,Skyline National,Full-service,BOM-GOI,BOM,GOI,Tue,8,Monsoon,Night (19-23),29.3,True,False
2025-06-23,Metro Express,LCC,DEL-HYD,DEL,HYD,Sun,6,Summer,Evening (15-19),7.8,False,False
2025-11-24,Metro Express,LCC,DEL-GOI,DEL,GOI,Tue,11,Post-Monsoon,Night (19-23),5.9,False,False
2025-08-06,Skyline National,Full-service,BOM-BLR,BOM,BLR,Wed,8,Monsoon,Evening (15-19),10.8,False,False
2025-07-04,Metro Express,LCC,COK-BOM,COK,BOM,Wed,7,Monsoon,Evening (15-19),32.2,True,False
2025-08-01,Metro Express,LCC,BLR-HYD,BLR,HYD,Tue,8,Monsoon,Evening (15-19),18.0,True,False
2025-04-27,Coastal Wings,Regional/turboprop,DEL-BOM,DEL,BOM,Tue,4,Spring,Evening (15-19),11.6,False,False
2025-03-10,Metro Express,LCC,DEL-HYD,DEL,HYD,Fri,3,Spring,Afternoon (11-15),10.8,False,False
2025-01-18,IndiFly,LCC,MAA-CCU,MAA,CCU,Sun,1,Winter,Night (19-23),6.7,False,False
2025-01-09,BlueSky Air,Full-service,BOM-COK,BOM,COK,Mon,1,Winter,Night (19-23),5.1,False,False
2025-01-13,Coastal Wings,Regional/turboprop,DEL-BOM,DEL,BOM,Tue,1,Winter,Morning (08-11),35.7,True,False
2025-01-17,IndiFly,LCC,BOM-GOI,BOM,GOI,Fri,1,Winter,Night (19-23),5.2,False,False
2025-09-23,Coastal Wings,Regional/turboprop,DEL-AMD,DEL,AMD,Sat,9,Monsoon,Afternoon (11-15),9.2,False,False
2025-10-08,Skyline National,Full-service,DEL-BLR,DEL,BLR,Fri,10,Post-Monsoon,Afternoon (11-15),10.0,False,False
2025-05-22,IndiFly,LCC,DEL-AMD,DEL,AMD,Wed,5,Summer,Morning (08-11),4.6,False,False
2025-02-19,IndiFly,LCC,DEL-BOM,DEL,BOM,Sat,2,Winter,Evening (15-19),5.8,False,False
2025-05-12,BlueSky Air,Full-service,DEL-BLR,DEL,BLR,Sat,5,Summer,Evening (15-19),5.8,False,False
2025-02-14,IndiFly,LCC,BOM-GOI,BOM,GOI,Tue,2,Winter,Night (19-23),11.2,False,False
2025-04-28,Coastal Wings,Regional/turboprop,DEL-BLR,DEL,BLR,Fri,4,Spring,Night (19-23),8.7,False,False
2025-01-24,Skyline National,Full-service,BOM-BLR,BOM,BLR,Sat,1,Winter,Evening (15-19),13.7,False,False
2025-07-05,IndiFly,LCC,HYD-MAA,HYD,MAA,Fri,7,Monsoon,Early Morning (05-08),9.5,False,False
2025-04-12,IndiFly,LCC,DEL-PNQ,DEL,PNQ,Thu,4,Spring,Early Morning (05-08),7.6,False,False
2025-09-06,Metro Express,LCC,DEL-BOM,DEL,BOM,Fri,9,Monsoon,Evening (15-19),21.1,True,False
2025-05-12,Metro Express,LCC,DEL-BOM,DEL,BOM,Thu,5,Summer,Morning (08-11),12.9,False,False
2025-08-13,IndiFly,LCC,MAA-CCU,MAA,CCU,Sat,8,Monsoon,Afternoon (11-15),13.6,False,False
2025-05-09,BlueSky Air,Full-service,DEL-HYD,DEL,HYD,Tue,5,Summer,Evening (15-19),4.8,False,False
2025-08-03,IndiFly,LCC,BLR-COK,BLR,COK,Thu,8,Monsoon,Evening (15-19),0.0,False,True
2025-12-22,BlueSky Air,Full-service,DEL-BOM,DEL,BOM,Mon,12,Winter,Night (19-23),21.1,True,False
2025-07-20,Coastal Wings,Regional/turboprop,DEL-CCU,DEL,CCU,Mon,7,Monsoon,Early Morning (05-08),2.4,False,False
2025-09-24,IndiFly,LCC,DEL-HYD,DEL,HYD,Fri,9,Monsoon,Morning (08-11),7.0,False,False
2025-02-21,Skyline National,Full-service,DEL-CCU,DEL,CCU,Mon,2,Winter,Evening (15-19),9.1,False,False
2025-05-26,IndiFly,LCC,DEL-PNQ,DEL,PNQ,Tue,5,Summer,Evening (15-19),7.6,False,False
2025-11-09,IndiFly,LCC,DEL-PNQ,DEL,PNQ,Thu,11,Post-Monsoon,Morning (08-11),3.0,False,False
2025-01-08,BlueSky Air,Full-service,DEL-BLR,DEL,BLR,Fri,1,Winter,Night (19-23),0.0,False,True
2025-11-15,Metro Express,LCC,DEL-BLR,DEL,BLR,Mon,11,Post-Monsoon,Morning (08-11),8.7,False,False
2025-03-04,Coastal Wings,Regional/turboprop,BOM-COK,BOM,COK,Mon,3,Spring,Afternoon (11-15),4.3,False,False
2025-10-21,IndiFly,LCC,DEL-PNQ,DEL,PNQ,Sat,10,Post-Monsoon,Morning (08-11),6.4,False,False
2025-07-27,IndiFly,LCC,BLR-HYD,BLR,HYD,Mon,7,Monsoon,Night (19-23),1.8,False,False
2025-10-08,BlueSky Air,Full-service,DEL-BLR,DEL,BLR,Sat,10,Post-Monsoon,Evening (15-19),8.1,False,False
2025-07-26,Metro Express,LCC,BLR-HYD,BLR,HYD,Mon,7,Monsoon,Night (19-23),9.8,False,False
2025-09-21,Coastal Wings,Regional/turboprop,BOM-BLR,BOM,BLR,Fri,9,Monsoon,Night (19-23),6.6,False,False
2025-01-24,Skyline National,Full-service,BOM-GOI,BOM,GOI,Wed,1,Winter,Morning (08-11),5.8,False,False
2025-09-02,Coastal Wings,Regional/turboprop,DEL-HYD,DEL,HYD,Wed,9,Monsoon,Evening (15-19),22.8,True,False
2025-06-21,Skyline National,Full-service,DEL-CCU,DEL,CCU,Sat,6,Summer,Night (19-23),6.0,False,False
2025-05-19,IndiFly,LCC,BOM-GOI,BOM,GOI,Mon,5,Summer,Morning (08-11),1.8,False,False
2025-10-07,IndiFly,LCC,BOM-COK,BOM,COK,Mon,10,Post-Monsoon,Evening (15-19),2.2,False,False
2025-10-24,Skyline National,Full-service,DEL-HYD,DEL,HYD,Wed,10,Post-Monsoon,Night (19-23),3.4,False,False
2025-02-09,Metro Express,LCC,BLR-HYD,BLR,HYD,Mon,2,Winter,Evening (15-19),19.1,True,False
2025-07-14,BlueSky Air,Full-service,DEL-BOM,DEL,BOM,Tue,7,Monsoon,Night (19-23),6.8,False,False
2025-03-25,IndiFly,LCC,DEL-GOI,DEL,GOI,Wed,3,Spring,Night (19-23),16.9,True,False
2025-04-11,BlueSky Air,Full-service,BOM-BLR,BOM,BLR,Thu,4,Spring,Afternoon (11-15),4.9,False,False
2025-03-28,Skyline National,Full-service,DEL-BOM,DEL,BOM,Mon,3,Spring,Early Morning (05-08),10.9,False,False
2025-05-16,Metro Express,LCC,BOM-BLR,BOM,BLR,Fri,5,Summer,Afternoon (11-15),8.2,False,False
2025-11-12,BlueSky Air,Full-service,DEL-BOM,DEL,BOM,Mon,11,Post-Monsoon,Afternoon (11-15),5.9,False,False
2025-09-19,BlueSky Air,Full-service,DEL-GOI,DEL,GOI,Sat,9,Monsoon,Early Morning (05-08),5.1,False,False
2025-12-20,Coastal Wings,Regional/turboprop,DEL-BLR,DEL,BLR,Fri,12,Winter,Early Morning (05-08),11.5,False,False
2025-08-11,IndiFly,LCC,DEL-BLR,DEL,BLR,Fri,8,Monsoon,Evening (15-19),3.7,False,False
2025-08-03,BlueSky Air,Full-service,BLR-HYD,BLR,HYD,Fri,8,Monsoon,Morning (08-11),2.0,False,False
2025-07-07,Metro Express,LCC,MAA-CCU,MAA,CCU,Mon,7,Monsoon,Evening (15-19),11.6,False,False
2025-12-15,Skyline National,Full-service,DEL-BOM,DEL,BOM,Fri,12,Winter,Evening (15-19),22.7,True,False
2025-12-22,IndiFly,LCC,BLR-HYD,BLR,HYD,Wed,12,Winter,Early Morning (05-08),2.2,False,False
2025-04-11,BlueSky Air,Full-service,COK-BOM,COK,BOM,Sat,4,Spring,Afternoon (11-15),9.7,False,False
2025-11-10,BlueSky Air,Full-service,DEL-BLR,DEL,BLR,Mon,11,Post-Monsoon,Night (19-23),5.1,False,False
2025-06-21,Skyline National,Full-service,BOM-BLR,BOM,BLR,Wed,6,Summer,Night (19-23),4.3,False,False
2025-06-08,BlueSky Air,Full-service,DEL-HYD,DEL,HYD,Sun,6,Summer,Afternoon (11-15),5.1,False,False
2025-10-27,Metro Express,LCC,BOM-COK,BOM,COK,Tue,10,Post-Monsoon,Evening (15-19),24.6,True,False
2025-08-07,IndiFly,LCC,COK-BOM,COK,BOM,Tue,8,Monsoon,Night (19-23),15.0,False,False
2025-05-05,Coastal Wings,Regional/turboprop,DEL-BOM,DEL,BOM,Sun,5,Summer,Afternoon (11-15),7.2,False,False
2025-11-17,IndiFly,LCC,BOM-BLR,BOM,BLR,Thu,11,Post-Monsoon,Night (19-23),4.9,False,False
2025-07-03,BlueSky Air,Full-service,DEL-CCU,DEL,CCU,Sun,7,Monsoon,Early Morning (05-08),7.1,False,False
2025-03-10,IndiFly,LCC,DEL-BOM,DEL,BOM,Thu,3,Spring,Night (19-23),7.4,False,False
2025-03-12,BlueSky Air,Full-service,DEL-BOM,DEL,BOM,Thu,3,Spring,Early Morning (05-08),4.5,False,False
2025-12-02,Skyline National,Full-service,BLR-COK,BLR,COK,Thu,12,Winter,Afternoon (11-15),4.8,False,False
2025-08-02,BlueSky Air,Full-service,BOM-COK,BOM,COK,Tue,8,Monsoon,Afternoon (11-15),9.7,False,False
2025-12-05,Skyline National,Full-service,COK-BOM,COK,BOM,Wed,12,Winter,Evening (15-19),7.3,False,False
2025-11-25,IndiFly,LCC,DEL-BOM,DEL,BOM,Mon,11,Post-Monsoon,Night (19-23),15.2,True,False
2025-10-04,Coastal Wings,Regional/turboprop,BOM-COK,BOM,COK,Sat,10,Post-Monsoon,Early Morning (05-08),12.4,False,False
2025-06-26,Metro Express,LCC,BOM-GOI,BOM,GOI,Fri,6,Summer,Evening (15-19),8.3,False,False
2025-09-09,IndiFly,LCC,DEL-BLR,DEL,BLR,Mon,9,Monsoon,Afternoon (11-15),6.7,False,False
2025-03-25,Metro Express,LCC,DEL-HYD,DEL,HYD,Mon,3,Spring,Early Morning (05-08),3.1,False,False
2025-07-17,Metro Express,LCC,BOM-BLR,BOM,BLR,Wed,7,Monsoon,Night (19-23),43.8,True,False
2025-05-14,Skyline National,Full-service,DEL-GOI,DEL,GOI,Sun,5,Summer,Morning (08-11),3.8,False,False
2025-07-05,IndiFly,LCC,HYD-MAA,HYD,MAA,Tue,7,Monsoon,Early Morning (05-08),2.3,False,False
2025-12-06,Skyline National,Full-service,COK-BOM,COK,BOM,Fri,12,Winter,Early Morning (05-08),4.8,False,False
2025-04-10,IndiFly,LCC,HYD-MAA,HYD,MAA,Tue,4,Spring,Night (19-23),4.1,False,False
2025-10-17,IndiFly,LCC,DEL-BLR,DEL,BLR,Thu,10,Post-Monsoon,Night (19-23),10.0,False,False
2025-04-12,BlueSky Air,Full-service,DEL-CCU,DEL,CCU,Fri,4,Spring,Early Morning (05-08),8.5,False,False
2025-12-10,Metro Express,LCC,BOM-GOI,BOM,GOI,Thu,12,Winter,Afternoon (11-15),8.2,False,False
2025-02-20,IndiFly,LCC,DEL-AMD,DEL,AMD,Fri,2,Winter,Afternoon (11-15),3.0,False,False
2025-03-18,Skyline National,Full-service,DEL-BLR,DEL,BLR,Fri,3,Spring,Early Morning (05-08),13.3,False,False
2025-02-25,Skyline National,Full-service,BOM-BLR,BOM,BLR,Tue,2,Winter,Night (19-23),8.9,False,False
2025-06-23,Skyline National,Full-service,DEL-BOM,DEL,BOM,Wed,6,Summer,Afternoon (11-15),6.5,False,False
2025-10-02,Coastal Wings,Regional/turboprop,DEL-HYD,DEL,HYD,Sun,10,Post-Monsoon,Afternoon (11-15),12.7,False,False
2025-12-16,IndiFly,LCC,DEL-BOM,DEL,BOM,Sun,12,Winter,Early Morning (05-08),17.5,True,False
2025-06-25,IndiFly,LCC,BOM-BLR,BOM,BLR,Wed,6,Summer,Morning (08-11),8.0,False,False
2025-04-06,IndiFly,LCC,DEL-BLR,DEL,BLR,Thu,4,Spring,Night (19-23),14.5,False,False
2025-10-16,IndiFly,LCC,BOM-BLR,BOM,BLR,Sat,10,Post-Monsoon,Night (19-23),3.9,False,False
2025-11-21,Metro Express,LCC,DEL-BOM,DEL,BOM,Tue,11,Post-Monsoon,Afternoon (11-15),4.8,False,False
2025-06-23,IndiFly,LCC,DEL-BOM,DEL,BOM,Sun,6,Summer,Afternoon (11-15),5.0,False,False
2025-01-17,IndiFly,LCC,BOM-GOI,BOM,GOI,Fri,1,Winter,Morning (08-11),6.0,False,False
2025-05-02,IndiFly,LCC,DEL-HYD,DEL,HYD,Mon,5,Summer,Morning (08-11),7.7,False,False
2025-08-13,IndiFly,LCC,MAA-CCU,MAA,CCU,Fri,8,Monsoon,Early Morning (05-08),9.3,False,False
2025-01-10,IndiFly,LCC,DEL-CCU,DEL,CCU,Sat,1,Winter,Morning (08-11),26.7,True,False
2025-01-14,Metro Express,LCC,BOM-BLR,BOM,BLR,Sun,1,Winter,Early Morning (05-08),2.7,False,False
2025-08-26,Coastal Wings,Regional/turboprop,BOM-COK,BOM,COK,Mon,8,Monsoon,Night (19-23),21.4,True,False
2025-01-18,Metro Express,LCC,BLR-HYD,BLR,HYD,Fri,1,Winter,Afternoon (11-15),4.6,False,False
2025-12-04,IndiFly,LCC,DEL-PNQ,DEL,PNQ,Wed,12,Winter,Evening (15-19),26.1,True,False
2025-09-05,IndiFly,LCC,BOM-COK,BOM,COK,Fri,9,Monsoon,Afternoon (11-15),15.4,True,False
2025-09-26,Skyline National,Full-service,DEL-CCU,DEL,CCU,Tue,9,Monsoon,Evening (15-19),14.1,False,False
2025-02-19,BlueSky Air,Full-service,BOM-GOI,BOM,GOI,Sat,2,Winter,Night (19-23),7.4,False,False
2025-08-11,BlueSky Air,Full-service,DEL-BOM,DEL,BOM,Sat,8,Monsoon,Night (19-23),20.1,True,False
2025-09-09,BlueSky Air,Full-service,DEL-HYD,DEL,HYD,Mon,9,Monsoon,Evening (15-19),11.8,False,False
2025-07-06,IndiFly,LCC,DEL-HYD,DEL,HYD,Mon,7,Monsoon,Afternoon (11-15),6.3,False,False
2025-10-21,IndiFly,LCC,BLR-HYD,BLR,HYD,Wed,10,Post-Monsoon,Evening (15-19),12.3,False,False
2025-01-06,BlueSky Air,Full-service,BOM-GOI,BOM,GOI,Thu,1,Winter,Morning (08-11),6.0,False,False
2025-04-03,Skyline National,Full-service,DEL-CCU,DEL,CCU,Wed,4,Spring,Early Morning (05-08),5.6,False,False
2025-03-19,BlueSky Air,Full-service,DEL-HYD,DEL,HYD,Sat,3,Spring,Evening (15-19),5.0,False,False
2025-03-08,Coastal Wings,Regional/turboprop,DEL-CCU,DEL,CCU,Mon,3,Spring,Morning (08-11),4.2,False,False
2025-02-18,IndiFly,LCC,DEL-BOM,DEL,BOM,Sat,2,Winter,Early Morning (05-08),4.3,False,False
2025-09-22,Metro Express,LCC,DEL-CCU,DEL,CCU,Mon,9,Monsoon,Night (19-23),3.4,False,False
2025-07-12,Skyline National,Full-service,DEL-AMD,DEL,AMD,Tue,7,Monsoon,Night (19-23),8.3,False,False
2025-06-23,Skyline National,Full-service,DEL-BOM,DEL,BOM,Mon,6,Summer,Early Morning (05-08),9.2,False,False
2025-06-21,Metro Express,LCC,BOM-GOI,BOM,GOI,Mon,6,Summer,Early Morning (05-08),0.0,False,True
2025-03-24,BlueSky Air,Full-service,DEL-BOM,DEL,BOM,Sun,3,Spring,Morning (08-11),4.0,False,False
2025-09-06,Coastal Wings,Regional/turboprop,DEL-BOM,DEL,BOM,Thu,9,Monsoon,Afternoon (11-15),3.7,False,False
2025-10-19,IndiFly,LCC,DEL-BOM,DEL,BOM,Mon,10,Post-Monsoon,Morning (08-11),3.8,False,False
2025-09-17,IndiFly,LCC,DEL-HYD,DEL,HYD,Sun,9,Monsoon,Night (19-23),7.3,False,False
2025-09-24,IndiFly,LCC,BLR-COK,BLR,COK,Tue,9,Monsoon,Morning (08-11),14.4,False,False
2025-08-20,BlueSky Air,Full-service,BOM-BLR,BOM,BLR,Fri,8,Monsoon,Evening (15-19),4.7,False,False
2025-05-16,Coastal Wings,Regional/turboprop,DEL-AMD,DEL,AMD,Wed,5,Summer,Early Morning (05-08),15.4,True,False
2025-06-24,Skyline National,Full-service,DEL-CCU,DEL,CCU,Thu,6,Summer,Early Morning (05-08),9.0,False,False
2025-11-22,IndiFly,LCC,BOM-COK,BOM,COK,Wed,11,Post-Monsoon,Afternoon (11-15),4.5,False,False
2025-02-16,Metro Express,LCC,BOM-GOI,BOM,GOI,Mon,2,Winter,Afternoon (11-15),6.9,False,False
2025-08-03,Metro Express,LCC,DEL-BOM,DEL,BOM,Mon,8,Monsoon,Night (19-23),10.5,False,False
2025-03-28,IndiFly,LCC,DEL-HYD,DEL,HYD,Fri,3,Spring,Early Morning (05-08),8.0,False,False
2025-11-28,IndiFly,LCC,BOM-GOI,BOM,GOI,Fri,11,Post-Monsoon,Morning (08-11),2.6,False,False
2025-04-09,IndiFly,LCC,BOM-GOI,BOM,GOI,Sat,4,Spring,Afternoon (11-15),4.3,False,False
2025-05-08,Metro Express,LCC,DEL-BLR,DEL,BLR,Sun,5,Summer,Afternoon (11-15),5.3,False,False
2025-04-20,Metro Express,LCC,DEL-HYD,DEL,HYD,Wed,4,Spring,Early Morning (05-08),12.1,False,False
2025-12-28,IndiFly,LCC,BOM-BLR,BOM,BLR,Fri,12,Winter,Evening (15-19),5.4,False,False
2025-08-16,Skyline National,Full-service,DEL-BLR,DEL,BLR,Sat,8,Monsoon,Afternoon (11-15),4.2,False,False
2025-07-01,Skyline National,Full-service,DEL-HYD,DEL,HYD,Mon,7,Monsoon,Early Morning (05-08),3.2,False,False
2025-08-17,Skyline National,Full-service,DEL-AMD,DEL,AMD,Thu,8,Monsoon,Early Morning (05-08),8.1,False,False
2025-10-28,BlueSky Air,Full-service,DEL-CCU,DEL,CCU,Tue,10,Post-Monsoon,Early Morning (05-08),2.4,False,False
2025-05-02,IndiFly,LCC,BOM-BLR,BOM,BLR,Sun,5,Summer,Evening (15-19),6.4,False,False
2025-07-23,BlueSky Air,Full-service,BLR-HYD,BLR,HYD,Thu,7,Monsoon,Evening (15-19),1.5,False,False
2025-03-27,Metro Express,LCC,DEL-CCU,DEL,CCU,Wed,3,Spring,Evening (15-19),17.8,True,False
2025-08-21,BlueSky Air,Full-service,BOM-GOI,BOM,GOI,Fri,8,Monsoon,Morning (08-11),7.1,False,False
2025-02-16,Coastal Wings,Regional/turboprop,BLR-HYD,BLR,HYD,Thu,2,Winter,Night (19-23),4.2,False,False
2025-01-11,Skyline National,Full-service,DEL-BOM,DEL,BOM,Tue,1,Winter,Night (19-23),19.6,True,False
2025-09-12,IndiFly,LCC,DEL-BOM,DEL,BOM,Sat,9,Monsoon,Evening (15-19),3.7,False,False
2025-12-10,Metro Express,LCC,COK-BOM,COK,BOM,Sat,12,Winter,Morning (08-11),6.8,False,False
2025-08-04,Metro Express,LCC,DEL-BLR,DEL,BLR,Wed,8,Monsoon,Night (19-23),10.1,False,False
2025-03-27,Metro Express,LCC,DEL-HYD,DEL,HYD,Mon,3,Spring,Early Morning (05-08),2.8,False,False
2025-03-13,IndiFly,LCC,BOM-BLR,BOM,BLR,Sun,3,Spring,Early Morning (05-08),5.7,False,False
2025-12-26,BlueSky Air,Full-service,DEL-CCU,DEL,CCU,Thu,12,Winter,Morning (08-11),15.8,True,False
2025-01-14,Metro Express,LCC,DEL-HYD,DEL,HYD,Sun,1,Winter,Afternoon (11-15),29.3,True,False
2025-12-05,BlueSky Air,Full-service,BOM-BLR,BOM,BLR,Sun,12,Winter,Night (19-23),3.8,False,False
2025-11-18,IndiFly,LCC,DEL-GOI,DEL,GOI,Mon,11,Post-Monsoon,Night (19-23),9.2,False,False
2025-10-02,Skyline National,Full-service,DEL-BOM,DEL,BOM,Fri,10,Post-Monsoon,Evening (15-19),15.4,True,False
2025-09-17,Metro Express,LCC,DEL-HYD,DEL,HYD,Mon,9,Monsoon,Afternoon (11-15),8.6,False,False
2025-01-14,Metro Express,LCC,DEL-HYD,DEL,HYD,Mon,1,Winter,Evening (15-19),15.9,True,False
2025-04-20,Metro Express,LCC,BOM-BLR,BOM,BLR,Mon,4,Spring,Night (19-23),9.6,False,False
2025-01-26,Skyline National,Full-service,BOM-BLR,BOM,BLR,Fri,1,Winter,Night (19-23),5.5,False,False
2025-09-17,IndiFly,LCC,DEL-BLR,DEL,BLR,Wed,9,Monsoon,Evening (15-19),7.3,False,False
2025-04-11,Metro Express,LCC,BLR-HYD,BLR,HYD,Thu,4,Spring,Afternoon (11-15),23.9,True,False
2025-04-06,Metro Express,LCC,BLR-HYD,BLR,HYD,Mon,4,Spring,Early Morning (05-08),11.8,False,False
2025-02-05,IndiFly,LCC,DEL-BOM,DEL,BOM,Thu,2,Winter,Night (19-23),11.6,False,False
2025-08-14,IndiFly,LCC,BOM-BLR,BOM,BLR,Mon,8,Monsoon,Night (19-23),12.4,False,False
2025-09-14,IndiFly,LCC,DEL-AMD,DEL,AMD,Tue,9,Monsoon,Morning (08-11),3.5,False,False
2025-03-25,BlueSky Air,Full-service,DEL-BOM,DEL,BOM,Thu,3,Spring,Morning (08-11),4.1,False,False
2025-07-27,Metro Express,LCC,DEL-BLR,DEL,BLR,Sun,7,Monsoon,Night (19-23),7.5,False,False
2025-12-27,IndiFly,LCC,DEL-BLR,DEL,BLR,Fri,12,Winter,Early Morning (05-08),10.4,False,False
2025-02-06,IndiFly,LCC,DEL-HYD,DEL,HYD,Sun,2,Winter,Early Morning (05-08),3.5,False,False
2025-05-03,Metro Express,LCC,BOM-COK,BOM,COK,Wed,5,Summer,Morning (08-11),19.9,True,False
2025-02-23,IndiFly,LCC,DEL-AMD,DEL,AMD,Fri,2,Winter,Early Morning (05-08),7.0,False,False
2025-01-06,Skyline National,Full-service,MAA-CCU,MAA,CCU,Sun,1,Winter,Evening (15-19),3.1,False,False
2025-08-26,IndiFly,LCC,BLR-HYD,BLR,HYD,Mon,8,Monsoon,Evening (15-19),10.3,False,False
2025-04-14,Skyline National,Full-service,DEL-AMD,DEL,AMD,Thu,4,Spring,Afternoon (11-15),9.9,False,False
2025-05-10,IndiFly,LCC,BOM-GOI,BOM,GOI,Thu,5,Summer,Early Morning (05-08),2.5,False,False
2025-10-25,Coastal Wings,Regional/turboprop,DEL-HYD,DEL,HYD,Thu,10,Post-Monsoon,Afternoon (11-15),8.4,False,False
2025-12-06,IndiFly,LCC,DEL-BOM,DEL,BOM,Fri,12,Winter,Early Morning (05-08),17.4,True,False
2025-03-21,Skyline National,Full-service,BOM-BLR,BOM,BLR,Fri,3,Spring,Early Morning (05-08),5.0,False,False
2025-05-06,Metro Express,LCC,COK-BOM,COK,BOM,Fri,5,Summer,Evening (15-19),5.0,False,False
2025-04-03,IndiFly,LCC,DEL-BOM,DEL,BOM,Thu,4,Spring,Afternoon (11-15),8.5,False,False
2025-11-20,IndiFly,LCC,DEL-BLR,DEL,BLR,Thu,11,Post-Monsoon,Evening (15-19),6.4,False,False
2025-10-18,IndiFly,LCC,BOM-COK,BOM,COK,Tue,10,Post-Monsoon,Afternoon (11-15),7.4,False,False
2025-09-10,BlueSky Air,Full-service,BOM-BLR,BOM,BLR,Mon,9,Monsoon,Afternoon (11-15),7.9,False,False
2025-11-25,IndiFly,LCC,DEL-PNQ,DEL,PNQ,Mon,11,Post-Monsoon,Early Morning (05-08),6.2,False,False
2025-12-01,IndiFly,LCC,BOM-GOI,BOM,GOI,Thu,12,Winter,Early Morning (05-08),4.7,False,False
2025-01-25,Metro Express,LCC,BOM-GOI,BOM,GOI,Sat,1,Winter,Morning (08-11),6.9,False,False
2025-01-18,IndiFly,LCC,DEL-CCU,DEL,CCU,Tue,1,Winter,Early Morning (05-08),4.7,False,False
2025-10-01,Metro Express,LCC,BOM-BLR,BOM,BLR,Sun,10,Post-Monsoon,Early Morning (05-08),4.9,False,False
2025-08-12,BlueSky Air,Full-service,DEL-BOM,DEL,BOM,Wed,8,Monsoon,Early Morning (05-08),6.9,False,False
2025-08-16,IndiFly,LCC,DEL-BOM,DEL,BOM,Mon,8,Monsoon,Early Morning (05-08),4.4,False,False
2025-04-27,Coastal Wings,Regional/turboprop,DEL-AMD,DEL,AMD,Fri,4,Spring,Early Morning (05-08),3.2,False,False
2025-02-21,BlueSky Air,Full-service,BLR-HYD,BLR,HYD,Fri,2,Winter,Night (19-23),3.7,False,False
2025-03-13,Skyline National,Full-service,DEL-BLR,DEL,BLR,Tue,3,Spring,Afternoon (11-15),14.4,False,False
2025-01-24,IndiFly,LCC,BOM-GOI,BOM,GOI,Sat,1,Winter,Night (19-23),5.3,False,False
2025-05-27,IndiFly,LCC,COK-BOM,COK,BOM,Thu,5,Summer,Early Morning (05-08),2.6,False,False
2025-04-21,Metro Express,LCC,BOM-GOI,BOM,GOI,Tue,4,Spring,Morning (08-11),5.3,False,False
2025-03-22,BlueSky Air,Full-service,DEL-BLR,DEL,BLR,Thu,3,Spring,Morning (08-11),3.0,False,False
2025-05-22,Coastal Wings,Regional/turboprop,DEL-CCU,DEL,CCU,Wed,5,Summer,Evening (15-19),3.1,False,False
2025-12-03,Skyline National,Full-service,BOM-GOI,BOM,GOI,Sat,12,Winter,Evening (15-19),17.2,True,False
2025-12-28,Coastal Wings,Regional/turboprop,DEL-BOM,DEL,BOM,Sat,12,Winter,Early Morning (05-08),22.1,True,False
2025-03-17,BlueSky Air,Full-service,DEL-HYD,DEL,HYD,Sat,3,Spring,Afternoon (11-15),3.4,False,False
2025-09-02,Metro Express,LCC,BOM-BLR,BOM,BLR,Sun,9,Monsoon,Early Morning (05-08),3.9,False,False
2025-06-11,Skyline National,Full-service,BOM-BLR,BOM,BLR,Wed,6,Summer,Evening (15-19),10.8,False,False
2025-11-15,IndiFly,LCC,HYD-MAA,HYD,MAA,Tue,11,Post-Monsoon,Afternoon (11-15),5.2,False,False
2025-09-07,IndiFly,LCC,DEL-PNQ,DEL,PNQ,Tue,9,Monsoon,Afternoon (11-15),5.1,False,False
2025-04-16,BlueSky Air,Full-service,DEL-PNQ,DEL,PNQ,Fri,4,Spring,Morning (08-11),3.3,False,False
2025-07-11,IndiFly,LCC,MAA-CCU,MAA,CCU,Tue,7,Monsoon,Early Morning (05-08),3.7,False,False
2025-08-02,Metro Express,LCC,COK-BOM,COK,BOM,Wed,8,Monsoon,Afternoon (11-15),17.8,True,False
2025-07-06,Skyline National,Full-service,DEL-BLR,DEL,BLR,Sun,7,Monsoon,Evening (15-19),3.8,False,False
2025-12-24,IndiFly,LCC,BLR-HYD,BLR,HYD,Tue,12,Winter,Evening (15-19),2.2,False,False
2025-11-21,Skyline National,Full-service,DEL-BOM,DEL,BOM,Sat,11,Post-Monsoon,Early Morning (05-08),3.4,False,False
2025-03-28,Coastal Wings,Regional/turboprop,DEL-CCU,DEL,CCU,Tue,3,Spring,Evening (15-19),24.7,True,False
2025-12-21,Skyline National,Full-service,DEL-CCU,DEL,CCU,Thu,12,Winter,Afternoon (11-15),16.9,True,False
2025-04-20,BlueSky Air,Full-service,DEL-CCU,DEL,CCU,Sat,4,Spring,Evening (15-19),5.5,False,False
2025-10-26,BlueSky Air,Full-service,BLR-HYD,BLR,HYD,Mon,10,Post-Monsoon,Early Morning (05-08),1.5,False,False
2025-04-11,BlueSky Air,Full-service,DEL-BLR,DEL,BLR,Mon,4,Spring,Night (19-23),4.4,False,False
2025-10-10,IndiFly,LCC,BLR-HYD,BLR,HYD,Sun,10,Post-Monsoon,Afternoon (11-15),4.8,False,False
2025-04-24,IndiFly,LCC,DEL-GOI,DEL,GOI,Sun,4,Spring,Early Morning (05-08),5.1,False,False
2025-07-27,IndiFly,LCC,BOM-COK,BOM,COK,Fri,7,Monsoon,Early Morning (05-08),8.1,False,False
2025-12-13,Coastal Wings,Regional/turboprop,BOM-BLR,BOM,BLR,Wed,12,Winter,Night (19-23),25.3,True,False
2025-03-07,Skyline National,Full-service,BOM-COK,BOM,COK,Fri,3,Spring,Afternoon (11-15),5.4,False,False
2025-01-17,IndiFly,LCC,DEL-CCU,DEL,CCU,Mon,1,Winter,Early Morning (05-08),6.3,False,False
2025-11-07,Metro Express,LCC,MAA-CCU,MAA,CCU,Fri,11,Post-Monsoon,Early Morning (05-08),10.3,False,False
2025-01-12,IndiFly,LCC,COK-BOM,COK,BOM,Tue,1,Winter,Afternoon (11-15),7.0,False,False
2025-01-10,Skyline National,Full-service,BOM-COK,BOM,COK,Sun,1,Winter,Night (19-23),5.2,False,False
2025-02-14,IndiFly,LCC,BLR-HYD,BLR,HYD,Mon,2,Winter,Evening (15-19),1.7,False,False
2025-09-20,IndiFly,LCC,HYD-MAA,HYD,MAA,Sat,9,Monsoon,Night (19-23),2.8,False,False
2025-02-01,IndiFly,LCC,BLR-COK,BLR,COK,Thu,2,Winter,Night (19-23),7.5,False,False
2025-10-15,BlueSky Air,Full-service,DEL-AMD,DEL,AMD,Sat,10,Post-Monsoon,Night (19-23),6.3,False,False
2025-02-02,Metro Express,LCC,DEL-PNQ,DEL,PNQ,Mon,2,Winter,Evening (15-19),5.8,False,False
2025-11-09,Skyline National,Full-service,COK-BOM,COK,BOM,Tue,11,Post-Monsoon,Early Morning (05-08),3.3,False,False
2025-08-25,IndiFly,LCC,DEL-BOM,DEL,BOM,Sat,8,Monsoon,Early Morning (05-08),4.4,False,False
2025-01-19,Metro Express,LCC,BLR-COK,BLR,COK,Sat,1,Winter,Morning (08-11),4.1,False,False
2025-11-10,IndiFly,LCC,BOM-GOI,BOM,GOI,Sat,11,Post-Monsoon,Afternoon (11-15),20.7,True,False
2025-07-23,Coastal Wings,Regional/turboprop,DEL-HYD,DEL,HYD,Fri,7,Monsoon,Afternoon (11-15),17.6,True,False
2025-04-15,BlueSky Air,Full-service,DEL-GOI,DEL,GOI,Tue,4,Spring,Early Morning (05-08),4.3,False,False
2025-01-04,IndiFly,LCC,DEL-BOM,DEL,BOM,Sun,1,Winter,Morning (08-11),10.3,False,False
2025-03-22,Metro Express,LCC,BOM-GOI,BOM,GOI,Tue,3,Spring,Night (19-23),4.9,False,False
2025-07-05,Coastal Wings,Regional/turboprop,BOM-BLR,BOM,BLR,Tue,7,Monsoon,Morning (08-11),4.2,False,False
2025-01-04,IndiFly,LCC,BOM-BLR,BOM,BLR,Wed,1,Winter,Evening (15-19),21.0,True,False
2025-07-04,Metro Express,LCC,DEL-BOM,DEL,BOM,Sat,7,Monsoon,Evening (15-19),7.6,False,False
2025-09-10,Metro Express,LCC,DEL-BOM,DEL,BOM,Tue,9,Monsoon,Night (19-23),12.2,False,False
2025-01-08,IndiFly,LCC,BLR-COK,BLR,COK,Sat,1,Winter,Early Morning (05-08),6.6,False,False
2025-03-27,Metro Express,LCC,BLR-HYD,BLR,HYD,Sun,3,Spring,Morning (08-11),4.0,False,False
2025-07-22,BlueSky Air,Full-service,DEL-HYD,DEL,HYD,Sat,7,Monsoon,Evening (15-19),3.3,False,False
2025-11-18,Skyline National,Full-service,DEL-HYD,DEL,HYD,Wed,11,Post-Monsoon,Evening (15-19),10.9,False,False
2025-07-12,Metro Express,LCC,DEL-BLR,DEL,BLR,Fri,7,Monsoon,Evening (15-19),10.7,False,False
2025-10-25,Metro Express,LCC,BOM-BLR,BOM,BLR,Wed,10,Post-Monsoon,Night (19-23),11.4,False,False
2025-05-10,Metro Express,LCC,DEL-HYD,DEL,HYD,Sun,5,Summer,Afternoon (11-15),9.7,False,False
2025-09-08,IndiFly,LCC,DEL-AMD,DEL,AMD,Wed,9,Monsoon,Night (19-23),29.8,True,False
2025-03-22,Metro Express,LCC,DEL-BLR,DEL,BLR,Wed,3,Spring,Early Morning (05-08),13.7,False,False
2025-06-06,Metro Express,LCC,BLR-COK,BLR,COK,Mon,6,Summer,Evening (15-19),33.6,True,False
2025-09-07,Skyline National,Full-service,BOM-GOI,BOM,GOI,Mon,9,Monsoon,Night (19-23),22.1,True,False
2025-03-03,BlueSky Air,Full-service,BOM-COK,BOM,COK,Sun,3,Spring,Morning (08-11),2.8,False,False
2025-06-12,IndiFly,LCC,DEL-CCU,DEL,CCU,Wed,6,Summer,Early Morning (05-08),13.4,False,False
2025-04-03,BlueSky Air,Full-service,DEL-BOM,DEL,BOM,Fri,4,Spring,Afternoon (11-15),4.9,False,False
2025-07-09,Metro Express,LCC,COK-BOM,COK,BOM,Sat,7,Monsoon,Night (19-23),32.5,True,False
2025-03-13,IndiFly,LCC,BOM-BLR,BOM,BLR,Wed,3,Spring,Night (19-23),4.8,False,False
2025-11-03,IndiFly,LCC,DEL-BLR,DEL,BLR,Sun,11,Post-Monsoon,Morning (08-11),5.1,False,False
2025-08-26,Coastal Wings,Regional/turboprop,BLR-HYD,BLR,HYD,Mon,8,Monsoon,Evening (15-19),1.5,False,False
2025-10-07,Metro Express,LCC,DEL-HYD,DEL,HYD,Sun,10,Post-Monsoon,Morning (08-11),7.3,False,False
2025-04-11,Skyline National,Full-service,DEL-BOM,DEL,BOM,Sun,4,Spring,Morning (08-11),10.8,False,False
2025-07-05,IndiFly,LCC,DEL-BOM,DEL,BOM,Mon,7,Monsoon,Morning (08-11),7.3,False,False
2025-09-02,Skyline National,Full-service,DEL-HYD,DEL,HYD,Tue,9,Monsoon,Early Morning (05-08),6.0,False,False
2025-07-01,IndiFly,LCC,DEL-HYD,DEL,HYD,Mon,7,Monsoon,Morning (08-11),8.0,False,False
2025-04-09,BlueSky Air,Full-service,DEL-CCU,DEL,CCU,Wed,4,Spring,Evening (15-19),8.1,False,False
2025-09-15,Metro Express,LCC,DEL-BOM,DEL,BOM,Fri,9,Monsoon,Evening (15-19),5.2,False,False
2025-02-20,Metro Express,LCC,COK-BOM,COK,BOM,Wed,2,Winter,Evening (15-19),2.4,False,False
2025-07-08,Metro Express,LCC,DEL-BOM,DEL,BOM,Wed,7,Monsoon,Early Morning (05-08),10.7,False,False
2025-10-07,Coastal Wings,Regional/turboprop,COK-BOM,COK,BOM,Mon,10,Post-Monsoon,Morning (08-11),5.5,False,False
2025-11-08,IndiFly,LCC,DEL-BOM,DEL,BOM,Tue,11,Post-Monsoon,Early Morning (05-08),4.8,False,False
2025-05-14,Metro Express,LCC,DEL-CCU,DEL,CCU,Mon,5,Summer,Evening (15-19),7.4,False,False
2025-08-10,BlueSky Air,Full-service,BOM-BLR,BOM,BLR,Sat,8,Monsoon,Evening (15-19),8.5,False,False
2025-12-20,BlueSky Air,Full-service,DEL-HYD,DEL,HYD,Sat,12,Winter,Early Morning (05-08),18.2,True,False
2025-01-05,Metro Express,LCC,DEL-BOM,DEL,BOM,Sat,1,Winter,Evening (15-19),23.8,True,False
2025-01-14,Metro Express,LCC,BOM-BLR,BOM,BLR,Thu,1,Winter,Morning (08-11),5.8,False,False
2025-11-01,Skyline National,Full-service,BLR-HYD,BLR,HYD,Tue,11,Post-Monsoon,Night (19-23),14.8,False,False
2025-07-10,Skyline National,Full-service,BLR-HYD,BLR,HYD,Sun,7,Monsoon,Evening (15-19),1.5,False,False
2025-06-13,BlueSky Air,Full-service,DEL-BOM,DEL,BOM,Mon,6,Summer,Early Morning (05-08),5.4,False,False
2025-06-03,BlueSky Air,Full-service,DEL-BOM,DEL,BOM,Thu,6,Summer,Evening (15-19),9.6,False,False
2025-05-06,Skyline National,Full-service,DEL-PNQ,DEL,PNQ,Tue,5,Summer,Night (19-23),9.5,False,False
2025-07-17,Metro Express,LCC,DEL-BOM,DEL,BOM,Mon,7,Monsoon,Evening (15-19),14.3,False,False
2025-01-27,Skyline National,Full-service,DEL-AMD,DEL,AMD,Mon,1,Winter,Evening (15-19),22.1,True,False
2025-02-05,Metro Express,LCC,BOM-BLR,BOM,BLR,Mon,2,Winter,Night (19-23),13.6,False,False
2025-05-03,Metro Express,LCC,BLR-HYD,BLR,HYD,Fri,5,Summer,Night (19-23),13.7,False,False
2025-05-19,Skyline National,Full-service,HYD-MAA,HYD,MAA,Wed,5,Summer,Afternoon (11-15),6.3,False,False
2025-03-04,BlueSky Air,Full-service,DEL-GOI,DEL,GOI,Fri,3,Spring,Evening (15-19),7.3,False,False
2025-02-10,Coastal Wings,Regional/turboprop,DEL-BLR,DEL,BLR,Tue,2,Winter,Night (19-23),3.7,False,False
2025-12-15,Metro Express,LCC,COK-BOM,COK,BOM,Sat,12,Winter,Evening (15-19),12.2,False,False
2025-11-08,Metro Express,LCC,BOM-GOI,BOM,GOI,Mon,11,Post-Monsoon,Evening (15-19),6.5,False,False
2025-05-08,BlueSky Air,Full-service,MAA-CCU,MAA,CCU,Sun,5,Summer,Evening (15-19),2.3,False,False
2025-09-17,IndiFly,LCC,BOM-GOI,BOM,GOI,Wed,9,Monsoon,Morning (08-11),5.2,False,False
2025-09-18,IndiFly,LCC,BLR-HYD,BLR,HYD,Thu,9,Monsoon,Early Morning (05-08),11.5,False,False
2025-10-05,BlueSky Air,Full-service,DEL-BLR,DEL,BLR,Sun,10,Post-Monsoon,Morning (08-11),2.9,False,False
2025-07-18,Coastal Wings,Regional/turboprop,DEL-BOM,DEL,BOM,Sun,7,Monsoon,Early Morning (05-08),4.6,False,False
2025-11-21,Metro Express,LCC,DEL-HYD,DEL,HYD,Sat,11,Post-Monsoon,Early Morning (05-08),7.0,False,False
2025-07-14,BlueSky Air,Full-service,HYD-MAA,HYD,MAA,Wed,7,Monsoon,Evening (15-19),8.6,False,False
2025-01-02,IndiFly,LCC,BLR-COK,BLR,COK,Sun,1,Winter,Early Morning (05-08),8.3,False,False
2025-08-11,Metro Express,LCC,DEL-PNQ,DEL,PNQ,Tue,8,Monsoon,Evening (15-19),30.7,True,False
2025-11-21,IndiFly,LCC,DEL-BOM,DEL,BOM,Sat,11,Post-Monsoon,Afternoon (11-15),9.5,False,False
2025-02-17,BlueSky Air,Full-service,DEL-BLR,DEL,BLR,Wed,2,Winter,Afternoon (11-15),6.9,False,False
2025-05-20,Skyline National,Full-service,DEL-AMD,DEL,AMD,Tue,5,Summer,Early Morning (05-08),7.7,False,False
2025-02-14,BlueSky Air,Full-service,DEL-HYD,DEL,HYD,Sun,2,Winter,Afternoon (11-15),3.2,False,False
2025-01-28,BlueSky Air,Full-service,DEL-BOM,DEL,BOM,Fri,1,Winter,Early Morning (05-08),27.9,True,False
2025-02-20,Skyline National,Full-service,BOM-GOI,BOM,GOI,Wed,2,Winter,Night (19-23),6.0,False,False
2025-09-14,IndiFly,LCC,BOM-COK,BOM,COK,Sun,9,Monsoon,Morning (08-11),17.9,True,False
2025-03-26,BlueSky Air,Full-service,BOM-COK,BOM,COK,Thu,3,Spring,Early Morning (05-08),12.0,False,False
2025-12-08,Coastal Wings,Regional/turboprop,BOM-BLR,BOM,BLR,Mon,12,Winter,Early Morning (05-08),3.1,False,False
2025-10-04,IndiFly,LCC,BOM-COK,BOM,COK,Tue,10,Post-Monsoon,Evening (15-19),9.2,False,False
2025-07-04,IndiFly,LCC,DEL-GOI,DEL,GOI,Tue,7,Monsoon,Evening (15-19),8.3,False,False
2025-10-03,Skyline National,Full-service,DEL-BOM,DEL,BOM,Tue,10,Post-Monsoon,Early Morning (05-08),11.1,False,False
2025-10-12,BlueSky Air,Full-service,BOM-GOI,BOM,GOI,Fri,10,Post-Monsoon,Night (19-23),5.0,False,False
2025-07-18,IndiFly,LCC,BLR-HYD,BLR,HYD,Mon,7,Monsoon,Evening (15-19),5.3,False,False
2025-04-28,BlueSky Air,Full-service,DEL-BOM,DEL,BOM,Thu,4,Spring,Morning (08-11),4.2,False,False
2025-01-17,Skyline National,Full-service,BOM-GOI,BOM,GOI,Mon,1,Winter,Morning (08-11),10.9,False,False
2025-08-18,Coastal Wings,Regional/turboprop,DEL-PNQ,DEL,PNQ,Tue,8,Monsoon,Morning (08-11),6.5,False,False
2025-07-09,BlueSky Air,Full-service,DEL-AMD,DEL,AMD,Sun,7,Monsoon,Night (19-23),27.4,True,False
2025-10-23,Skyline National,Full-service,BLR-COK,BLR,COK,Thu,10,Post-Monsoon,Morning (08-11),5.4,False,False
2025-06-12,Coastal Wings,Regional/turboprop,DEL-BLR,DEL,BLR,Tue,6,Summer,Evening (15-19),16.2,True,False
2025-05-15,Skyline National,Full-service,DEL-CCU,DEL,CCU,Wed,5,Summer,Early Morning (05-08),9.6,False,False
2025-07-17,BlueSky Air,Full-service,DEL-PNQ,DEL,PNQ,Sun,7,Monsoon,Night (19-23),6.2,False,False
2025-09-07,Skyline National,Full-service,DEL-BLR,DEL,BLR,Sun,9,Monsoon,Night (19-23),2.9,False,False
2025-12-03,Coastal Wings,Regional/turboprop,BLR-HYD,BLR,HYD,Tue,12,Winter,Early Morning (05-08),3.0,False,False
2025-02-02,Coastal Wings,Regional/turboprop,HYD-MAA,HYD,MAA,Tue,2,Winter,Night (19-23),16.7,True,False
2025-10-02,BlueSky Air,Full-service,DEL-AMD,DEL,AMD,Mon,10,Post-Monsoon,Night (19-23),4.6,False,False
2025-11-04,Skyline National,Full-service,DEL-BLR,DEL,BLR,Fri,11,Post-Monsoon,Early Morning (05-08),6.9,False,False
2025-10-23,Skyline National,Full-service,DEL-BOM,DEL,BOM,Thu,10,Post-Monsoon,Night (19-23),16.8,True,False
2025-10-28,IndiFly,LCC,BLR-HYD,BLR,HYD,Fri,10,Post-Monsoon,Morning (08-11),3.5,False,False
2025-10-16,Metro Express,LCC,DEL-HYD,DEL,HYD,Wed,10,Post-Monsoon,Evening (15-19),7.4,False,False
2025-02-25,BlueSky Air,Full-service,BOM-GOI,BOM,GOI,Sat,2,Winter,Night (19-23),9.6,False,False
2025-12-26,Metro Express,LCC,DEL-PNQ,DEL,PNQ,Mon,12,Winter,Afternoon (11-15),20.1,True,False
2025-04-22,BlueSky Air,Full-service,DEL-GOI,DEL,GOI,Wed,4,Spring,Afternoon (11-15),3.0,False,False
2025-09-13,BlueSky Air,Full-service,DEL-BLR,DEL,BLR,Thu,9,Monsoon,Morning (08-11),4.8,False,False
2025-03-18,Coastal Wings,Regional/turboprop,DEL-BOM,DEL,BOM,Mon,3,Spring,Night (19-23),8.9,False,False
2025-04-22,Metro Express,LCC,DEL-BLR,DEL,BLR,Sat,4,Spring,Early Morning (05-08),12.0,False,False
2025-05-13,IndiFly,LCC,BOM-GOI,BOM,GOI,Sat,5,Summer,Night (19-23),7.1,False,False
2025-01-25,IndiFly,LCC,BLR-HYD,BLR,HYD,Sat,1,Winter,Early Morning (05-08),4.9,False,False
2025-10-01,Skyline National,Full-service,BOM-GOI,BOM,GOI,Fri,10,Post-Monsoon,Evening (15-19),9.5,False,False
2025-02-03,IndiFly,LCC,BOM-GOI,BOM,GOI,Wed,2,Winter,Evening (15-19),3.3,False,False
2025-07-03,BlueSky Air,Full-service,BLR-COK,BLR,COK,Sun,7,Monsoon,Night (19-23),8.0,False,False
2025-11-17,IndiFly,LCC,DEL-HYD,DEL,HYD,Mon,11,Post-Monsoon,Evening (15-19),13.9,False,False
2025-02-26,Metro Express,LCC,BOM-COK,BOM,COK,Mon,2,Winter,Evening (15-19),4.2,False,False
2025-10-23,Metro Express,LCC,DEL-PNQ,DEL,PNQ,Thu,10,Post-Monsoon,Afternoon (11-15),3.2,False,False
2025-08-17,Metro Express,LCC,BLR-COK,BLR,COK,Mon,8,Monsoon,Morning (08-11),17.9,True,False
2025-03-04,IndiFly,LCC,DEL-BLR,DEL,BLR,Sun,3,Spring,Early Morning (05-08),3.0,False,False
2025-10-26,Skyline National,Full-service,DEL-BOM,DEL,BOM,Thu,10,Post-Monsoon,Night (19-23),8.6,False,False
2025-05-19,Skyline National,Full-service,BOM-GOI,BOM,GOI,Fri,5,Summer,Early Morning (05-08),5.9,False,False
2025-01-11,Metro Express,LCC,MAA-CCU,MAA,CCU,Wed,1,Winter,Afternoon (11-15),2.7,False,False
2025-04-16,Metro Express,LCC,DEL-PNQ,DEL,PNQ,Mon,4,Spring,Early Morning (05-08),4.2,False,False
2025-12-23,Metro Express,LCC,BOM-GOI,BOM,GOI,Wed,12,Winter,Afternoon (11-15),24.3,True,False
2025-02-24,Coastal Wings,Regional/turboprop,DEL-CCU,DEL,CCU,Tue,2,Winter,Evening (15-19),12.4,False,False
2025-10-16,BlueSky Air,Full-service,DEL-CCU,DEL,CCU,Sat,10,Post-Monsoon,Evening (15-19),3.6,False,False
2025-02-03,IndiFly,LCC,DEL-BOM,DEL,BOM,Sat,2,Winter,Early Morning (05-08),3.2,False,False
2025-08-11,Metro Express,LCC,DEL-BLR,DEL,BLR,Thu,8,Monsoon,Evening (15-19),6.8,False,False
2025-07-23,BlueSky Air,Full-service,BLR-COK,BLR,COK,Sat,7,Monsoon,Evening (15-19),9.5,False,False
2025-07-25,Coastal Wings,Regional/turboprop,DEL-HYD,DEL,HYD,Thu,7,Monsoon,Afternoon (11-15),2.8,False,False
2025-08-22,IndiFly,LCC,DEL-AMD,DEL,AMD,Fri,8,Monsoon,Evening (15-19),15.0,True,False
2025-05-16,BlueSky Air,Full-service,DEL-HYD,DEL,HYD,Fri,5,Summer,Evening (15-19),10.6,False,False
2025-02-08,Metro Express,LCC,DEL-BLR,DEL,BLR,Mon,2,Winter,Evening (15-19),7.6,False,False
2025-08-05,BlueSky Air,Full-service,BOM-COK,BOM,COK,Fri,8,Monsoon,Morning (08-11),7.7,False,False
2025-09-01,IndiFly,LCC,DEL-AMD,DEL,AMD,Thu,9,Monsoon,Afternoon (11-15),2.6,False,False
2025-11-01,BlueSky Air,Full-service,BLR-HYD,BLR,HYD,Tue,11,Post-Monsoon,Evening (15-19),2.5,False,False
2025-12-27,Metro Express,LCC,BOM-BLR,BOM,BLR,Sat,12,Winter,Morning (08-11),3.5,False,False
2025-05-13,Coastal Wings,Regional/turboprop,BOM-GOI,BOM,GOI,Sat,5,Summer,Night (19-23),13.5,False,False
2025-01-26,Metro Express,LCC,MAA-CCU,MAA,CCU,Tue,1,Winter,Morning (08-11),1.6,False,False
2025-01-24,BlueSky Air,Full-service,DEL-HYD,DEL,HYD,Mon,1,Winter,Afternoon (11-15),13.1,False,False
2025-05-27,BlueSky Air,Full-service,BOM-GOI,BOM,GOI,Mon,5,Summer,Morning (08-11),14.3,False,False
2025-06-16,Coastal Wings,Regional/turboprop,DEL-BOM,DEL,BOM,Thu,6,Summer,Morning (08-11),10.4,False,False
2025-09-26,BlueSky Air,Full-service,DEL-BOM,DEL,BOM,Mon,9,Monsoon,Afternoon (11-15),5.1,False,False
2025-04-13,IndiFly,LCC,BOM-BLR,BOM,BLR,Wed,4,Spring,Morning (08-11),4.4,False,False
2025-01-21,Coastal Wings,Regional/turboprop,DEL-HYD,DEL,HYD,Tue,1,Winter,Evening (15-19),13.3,False,False
2025-04-28,Metro Express,LCC,DEL-BOM,DEL,BOM,Wed,4,Spring,Night (19-23),10.3,False,False
2025-12-02,Skyline National,Full-service,DEL-CCU,DEL,CCU,Fri,12,Winter,Evening (15-19),24.2,True,False
2025-02-23,BlueSky Air,Full-service,BLR-COK,BLR,COK,Mon,2,Winter,Night (19-23),3.2,False,False
2025-02-06,BlueSky Air,Full-service,BOM-GOI,BOM,GOI,Tue,2,Winter,Evening (15-19),5.6,False,False
2025-02-18,IndiFly,LCC,DEL-GOI,DEL,GOI,Thu,2,Winter,Afternoon (11-15),10.5,False,False
2025-09-14,IndiFly,LCC,DEL-CCU,DEL,CCU,Tue,9,Monsoon,Evening (15-19),8.1,False,False
2025-08-04,BlueSky Air,Full-service,BOM-BLR,BOM,BLR,Wed,8,Monsoon,Early Morning (05-08),2.3,False,False
2025-12-03,IndiFly,LCC,DEL-BLR,DEL,BLR,Tue,12,Winter,Morning (08-11),14.5,False,False
2025-03-28,BlueSky Air,Full-service,BOM-BLR,BOM,BLR,Thu,3,Spring,Afternoon (11-15),9.0,False,False
2025-07-26,BlueSky Air,Full-service,BOM-BLR,BOM,BLR,Sun,7,Monsoon,Night (19-23),2.5,False,False
2025-06-26,BlueSky Air,Full-service,BOM-GOI,BOM,GOI,Wed,6,Summer,Early Morning (05-08),17.2,True,False
2025-06-28,IndiFly,LCC,MAA-CCU,MAA,CCU,Sun,6,Summer,Morning (08-11),2.5,False,False
2025-05-03,BlueSky Air,Full-service,DEL-BOM,DEL,BOM,Mon,5,Summer,Morning (08-11),5.1,False,False
2025-09-17,Metro Express,LCC,BLR-HYD,BLR,HYD,Mon,9,Monsoon,Night (19-23),16.2,True,False
2025-12-04,IndiFly,LCC,DEL-BOM,DEL,BOM,Sat,12,Winter,Evening (15-19),26.1,True,False
2025-02-10,IndiFly,LCC,DEL-BLR,DEL,BLR,Wed,2,Winter,Afternoon (11-15),6.0,False,False
2025-06-09,IndiFly,LCC,BOM-COK,BOM,COK,Fri,6,Summer,Morning (08-11),33.8,True,False
2025-07-12,Skyline National,Full-service,DEL-BLR,DEL,BLR,Sun,7,Monsoon,Night (19-23),9.6,False,False
2025-05-28,IndiFly,LCC,DEL-AMD,DEL,AMD,Tue,5,Summer,Night (19-23),21.3,True,False
2025-12-03,Coastal Wings,Regional/turboprop,DEL-CCU,DEL,CCU,Thu,12,Winter,Early Morning (05-08),25.7,True,False
2025-12-21,Metro Express,LCC,DEL-PNQ,DEL,PNQ,Thu,12,Winter,Early Morning (05-08),0.0,False,True
2025-10-22,Metro Express,LCC,BOM-COK,BOM,COK,Tue,10,Post-Monsoon,Early Morning (05-08),5.4,False,False
2025-12-16,Metro Express,LCC,DEL-BOM,DEL,BOM,Thu,12,Winter,Night (19-23),15.3,True,False
2025-10-22,IndiFly,LCC,DEL-AMD,DEL,AMD,Wed,10,Post-Monsoon,Afternoon (11-15),4.6,False,False
2025-06-15,BlueSky Air,Full-service,BLR-HYD,BLR,HYD,Fri,6,Summer,Evening (15-19),7.6,False,False
2025-02-20,BlueSky Air,Full-service,DEL-CCU,DEL,CCU,Sat,2,Winter,Afternoon (11-15),7.0,False,False
2025-03-13,Metro Express,LCC,MAA-CCU,MAA,CCU,Sun,3,Spring,Night (19-23),7.4,False,False
2025-04-04,Metro Express,LCC,DEL-BOM,DEL,BOM,Wed,4,Spring,Night (19-23),3.6,False,False
2025-03-09,IndiFly,LCC,MAA-CCU,MAA,CCU,Thu,3,Spring,Afternoon (11-15),5.9,False,False
2025-08-24,BlueSky Air,Full-service,DEL-CCU,DEL,CCU,Mon,8,Monsoon,Afternoon (11-15),2.5,False,False
2025-03-19,IndiFly,LCC,BOM-GOI,BOM,GOI,Fri,3,Spring,Evening (15-19),7.3,False,False
2025-06-28,Metro Express,LCC,BOM-BLR,BOM,BLR,Sat,6,Summer,Afternoon (11-15),3.1,False,False
2025-11-11,IndiFly,LCC,DEL-BLR,DEL,BLR,Sun,11,Post-Monsoon,Afternoon (11-15),9.6,False,False
2025-11-26,BlueSky Air,Full-service,BLR-COK,BLR,COK,Wed,11,Post-Monsoon,Night (19-23),6.1,False,False
2025-06-07,IndiFly,LCC,COK-BOM,COK,BOM,Fri,6,Summer,Evening (15-19),13.2,False,False
2025-11-03,Coastal Wings,Regional/turboprop,DEL-BLR,DEL,BLR,Mon,11,Post-Monsoon,Night (19-23),4.5,False,False
2025-01-14,BlueSky Air,Full-service,BOM-BLR,BOM,BLR,Sun,1,Winter,Morning (08-11),8.3,False,False
2025-07-19,IndiFly,LCC,BLR-HYD,BLR,HYD,Thu,7,Monsoon,Morning (08-11),3.3,False,False
2025-06-14,BlueSky Air,Full-service,BOM-GOI,BOM,GOI,Sun,6,Summer,Night (19-23),23.8,True,False
2025-05-28,IndiFly,LCC,DEL-AMD,DEL,AMD,Sun,5,Summer,Early Morning (05-08),5.5,False,False
2025-04-04,IndiFly,LCC,DEL-GOI,DEL,GOI,Sat,4,Spring,Afternoon (11-15),4.8,False,False
2025-12-26,Metro Express,LCC,DEL-BOM,DEL,BOM,Sun,12,Winter,Afternoon (11-15),33.2,True,False
2025-08-07,BlueSky Air,Full-service,BOM-GOI,BOM,GOI,Sun,8,Monsoon,Evening (15-19),6.3,False,False
2025-09-17,BlueSky Air,Full-service,DEL-HYD,DEL,HYD,Sun,9,Monsoon,Afternoon (11-15),4.5,False,False
2025-06-13,IndiFly,LCC,DEL-PNQ,DEL,PNQ,Sun,6,Summer,Afternoon (11-15),4.7,False,False
2025-03-05,IndiFly,LCC,DEL-HYD,DEL,HYD,Wed,3,Spring,Afternoon (11-15),7.4,False,False
2025-02-25,Coastal Wings,Regional/turboprop,DEL-BOM,DEL,BOM,Fri,2,Winter,Night (19-23),7.6,False,False
2025-05-02,Coastal Wings,Regional/turboprop,BOM-BLR,BOM,BLR,Tue,5,Summer,Early Morning (05-08),4.3,False,False
2025-03-16,Metro Express,LCC,DEL-BOM,DEL,BOM,Mon,3,Spring,Night (19-23),5.6,False,False
2025-05-22,IndiFly,LCC,DEL-AMD,DEL,AMD,Fri,5,Summer,Morning (08-11),8.0,False,False
2025-11-17,Skyline National,Full-service,HYD-MAA,HYD,MAA,Wed,11,Post-Monsoon,Morning (08-11),6.5,False,False
2025-07-14,BlueSky Air,Full-service,COK-BOM,COK,BOM,Sun,7,Monsoon,Early Morning (05-08),23.9,True,False
2025-09-24,Skyline National,Full-service,BLR-HYD,BLR,HYD,Thu,9,Monsoon,Early Morning (05-08),5.3,False,False
2025-11-26,IndiFly,LCC,MAA-CCU,MAA,CCU,Thu,11,Post-Monsoon,Night (19-23),4.5,False,False
2025-04-21,Metro Express,LCC,DEL-AMD,DEL,AMD,Mon,4,Spring,Night (19-23),16.3,True,False
2025-03-08,Metro Express,LCC,DEL-CCU,DEL,CCU,Tue,3,Spring,Afternoon (11-15),5.1,False,False
2025-04-17,BlueSky Air,Full-service,MAA-CCU,MAA,CCU,Fri,4,Spring,Night (19-23),3.9,False,False
2025-12-07,BlueSky Air,Full-service,BOM-BLR,BOM,BLR,Tue,12,Winter,Night (19-23),3.7,False,False
2025-07-25,Skyline National,Full-service,DEL-BLR,DEL,BLR,Thu,7,Monsoon,Early Morning (05-08),4.6,False,False
2025-05-24,IndiFly,LCC,BOM-BLR,BOM,BLR,Sat,5,Summer,Afternoon (11-15),5.5,False,False
2025-06-18,Coastal Wings,Regional/turboprop,COK-BOM,COK,BOM,Fri,6,Summer,Morning (08-11),18.4,True,False
2025-05-09,IndiFly,LCC,BOM-GOI,BOM,GOI,Sat,5,Summer,Evening (15-19),5.2,False,False
2025-02-04,IndiFly,LCC,BOM-COK,BOM,COK,Sun,2,Winter,Night (19-23),2.4,False,False
2025-03-04,BlueSky Air,Full-service,DEL-GOI,DEL,GOI,Sun,3,Spring,Night (19-23),6.3,False,False
2025-08-14,Skyline National,Full-service,BOM-COK,BOM,COK,Tue,8,Monsoon,Morning (08-11),9.6,False,False
2025-11-20,IndiFly,LCC,DEL-PNQ,DEL,PNQ,Fri,11,Post-Monsoon,Evening (15-19),4.4,False,False
2025-11-17,Metro Express,LCC,DEL-PNQ,DEL,PNQ,Mon,11,Post-Monsoon,Early Morning (05-08),2.6,False,False
2025-09-22,BlueSky Air,Full-service,BOM-COK,BOM,COK,Sat,9,Monsoon,Afternoon (11-15),7.4,False,False
2025-09-13,BlueSky Air,Full-service,DEL-BOM,DEL,BOM,Thu,9,Monsoon,Afternoon (11-15),7.0,False,False
2025-07-05,IndiFly,LCC,DEL-BLR,DEL,BLR,Tue,7,Monsoon,Night (19-23),5.1,False,False
2025-07-19,IndiFly,LCC,BOM-BLR,BOM,BLR,Wed,7,Monsoon,Morning (08-11),9.6,False,False
2025-03-01,Coastal Wings,Regional/turboprop,DEL-CCU,DEL,CCU,Wed,3,Spring,Morning (08-11),8.8,False,False
2025-10-03,IndiFly,LCC,DEL-HYD,DEL,HYD,Thu,10,Post-Monsoon,Early Morning (05-08),8.4,False,False
2025-10-05,Skyline National,Full-service,DEL-BLR,DEL,BLR,Wed,10,Post-Monsoon,Early Morning (05-08),8.6,False,False
2025-06-26,Coastal Wings,Regional/turboprop,COK-BOM,COK,BOM,Mon,6,Summer,Afternoon (11-15),3.0,False,False
2025-09-06,Metro Express,LCC,COK-BOM,COK,BOM,Tue,9,Monsoon,Early Morning (05-08),7.6,False,False
2025-09-16,Metro Express,LCC,COK-BOM,COK,BOM,Fri,9,Monsoon,Night (19-23),11.5,False,False
2025-01-22,Metro Express,LCC,BOM-GOI,BOM,GOI,Tue,1,Winter,Night (19-23),8.5,False,False
2025-01-07,Skyline National,Full-service,DEL-CCU,DEL,CCU,Thu,1,Winter,Afternoon (11-15),20.7,True,False
2025-06-16,IndiFly,LCC,DEL-BLR,DEL,BLR,Fri,6,Summer,Early Morning (05-08),3.5,False,False
2025-01-18,Skyline National,Full-service,BLR-HYD,BLR,HYD,Tue,1,Winter,Morning (08-11),5.3,False,False
2025-05-03,BlueSky Air,Full-service,DEL-HYD,DEL,HYD,Wed,5,Summer,Afternoon (11-15),5.8,False,False
2025-10-09,IndiFly,LCC,DEL-CCU,DEL,CCU,Mon,10,Post-Monsoon,Afternoon (11-15),3.9,False,False
2025-09-23,BlueSky Air,Full-service,DEL-PNQ,DEL,PNQ,Sat,9,Monsoon,Early Morning (05-08),4.4,False,False
2025-08-27,Metro Express,LCC,MAA-CCU,MAA,CCU,Wed,8,Monsoon,Night (19-23),6.4,False,False
2025-02-21,BlueSky Air,Full-service,BOM-COK,BOM,COK,Tue,2,Winter,Evening (15-19),2.0,False,False
2025-04-24,BlueSky Air,Full-service,DEL-PNQ,DEL,PNQ,Thu,4,Spring,Night (19-23),4.1,False,False
2025-09-25,BlueSky Air,Full-service,MAA-CCU,MAA,CCU,Tue,9,Monsoon,Evening (15-19),2.9,False,False
2025-09-24,IndiFly,LCC,DEL-PNQ,DEL,PNQ,Sun,9,Monsoon,Afternoon (11-15),6.9,False,False
2025-09-22,IndiFly,LCC,DEL-BOM,DEL,BOM,Sat,9,Monsoon,Early Morning (05-08),5.2,False,False
2025-08-03,BlueSky Air,Full-service,BOM-BLR,BOM,BLR,Fri,8,Monsoon,Night (19-23),7.2,False,False
2025-02-28,BlueSky Air,Full-service,DEL-AMD,DEL,AMD,Tue,2,Winter,Early Morning (05-08),2.7,False,False
2025-01-15,Metro Express,LCC,HYD-MAA,HYD,MAA,Wed,1,Winter,Morning (08-11),17.6,True,False
2025-07-27,Metro Express,LCC,DEL-HYD,DEL,HYD,Mon,7,Monsoon,Early Morning (05-08),6.5,False,False
2025-06-17,IndiFly,LCC,DEL-HYD,DEL,HYD,Fri,6,Summer,Afternoon (11-15),3.5,False,False
2025-05-20,BlueSky Air,Full-service,BOM-GOI,BOM,GOI,Mon,5,Summer,Morning (08-11),6.7,False,False
2025-04-08,Metro Express,LCC,MAA-CCU,MAA,CCU,Tue,4,Spring,Afternoon (11-15),5.8,False,False
2025-11-10,IndiFly,LCC,DEL-BOM,DEL,BOM,Sat,11,Post-Monsoon,Afternoon (11-15),3.7,False,False
2025-06-03,IndiFly,LCC,BOM-COK,BOM,COK,Tue,6,Summer,Early Morning (05-08),4.0,False,False
2025-08-21,BlueSky Air,Full-service,BLR-COK,BLR,COK,Sun,8,Monsoon,Night (19-23),12.8,False,False
2025-08-17,Coastal Wings,Regional/turboprop,DEL-BLR,DEL,BLR,Sun,8,Monsoon,Evening (15-19),13.9,False,False
2025-10-09,Skyline National,Full-service,DEL-BLR,DEL,BLR,Sun,10,Post-Monsoon,Evening (15-19),3.6,False,False
2025-09-22,Skyline National,Full-service,BOM-COK,BOM,COK,Sat,9,Monsoon,Early Morning (05-08),16.5,True,False
2025-03-22,Metro Express,LCC,BOM-COK,BOM,COK,Sun,3,Spring,Evening (15-19),6.9,False,False
2025-03-24,IndiFly,LCC,COK-BOM,COK,BOM,Mon,3,Spring,Morning (08-11),14.6,False,False
2025-08-16,Metro Express,LCC,DEL-HYD,DEL,HYD,Fri,8,Monsoon,Night (19-23),4.7,False,False
2025-05-12,IndiFly,LCC,DEL-BOM,DEL,BOM,Wed,5,Summer,Early Morning (05-08),4.1,False,False
2025-08-17,IndiFly,LCC,BOM-GOI,BOM,GOI,Mon,8,Monsoon,Night (19-23),11.1,False,False
2025-03-03,Skyline National,Full-service,BOM-GOI,BOM,GOI,Sat,3,Spring,Morning (08-11),2.7,False,False
2025-03-03,BlueSky Air,Full-service,DEL-BOM,DEL,BOM,Mon,3,Spring,Morning (08-11),3.8,False,False
2025-07-10,Coastal Wings,Regional/turboprop,BLR-HYD,BLR,HYD,Wed,7,Monsoon,Morning (08-11),7.1,False,False
2025-03-26,IndiFly,LCC,DEL-BOM,DEL,BOM,Wed,3,Spring,Morning (08-11),8.8,False,False
2025-03-07,Skyline National,Full-service,DEL-BOM,DEL,BOM,Sat,3,Spring,Afternoon (11-15),8.2,False,False
2025-04-06,Skyline National,Full-service,DEL-BLR,DEL,BLR,Sun,4,Spring,Evening (15-19),5.1,False,False
2025-10-27,Skyline National,Full-service,BOM-COK,BOM,COK,Wed,10,Post-Monsoon,Morning (08-11),4.2,False,False
2025-04-26,IndiFly,LCC,DEL-BOM,DEL,BOM,Sat,4,Spring,Morning (08-11),7.8,False,False
2025-06-05,Metro Express,LCC,DEL-GOI,DEL,GOI,Wed,6,Summer,Afternoon (11-15),20.5,True,False
2025-02-23,Coastal Wings,Regional/turboprop,DEL-PNQ,DEL,PNQ,Tue,2,Winter,Night (19-23),3.9,False,False
2025-01-23,IndiFly,LCC,DEL-AMD,DEL,AMD,Sun,1,Winter,Early Morning (05-08),19.9,True,False
2025-01-07,BlueSky Air,Full-service,DEL-HYD,DEL,HYD,Wed,1,Winter,Afternoon (11-15),8.8,False,False
2025-06-12,Skyline National,Full-service,DEL-CCU,DEL,CCU,Thu,6,Summer,Morning (08-11),2.4,False,False
2025-08-04,Skyline National,Full-service,DEL-BOM,DEL,BOM,Wed,8,Monsoon,Morning (08-11),5.5,False,False
2025-05-25,IndiFly,LCC,DEL-BLR,DEL,BLR,Thu,5,Summer,Afternoon (11-15),4.3,False,False
2025-10-20,IndiFly,LCC,DEL-GOI,DEL,GOI,Thu,10,Post-Monsoon,Early Morning (05-08),7.9,False,False
2025-04-02,IndiFly,LCC,DEL-BLR,DEL,BLR,Fri,4,Spring,Early Morning (05-08),3.4,False,False
2025-06-05,IndiFly,LCC,DEL-BOM,DEL,BOM,Mon,6,Summer,Afternoon (11-15),4.8,False,False
2025-08-08,Metro Express,LCC,BOM-COK,BOM,COK,Sat,8,Monsoon,Morning (08-11),17.1,True,False
2025-10-20,BlueSky Air,Full-service,DEL-GOI,DEL,GOI,Fri,10,Post-Monsoon,Evening (15-19),5.5,False,False
2025-07-19,BlueSky Air,Full-service,DEL-BLR,DEL,BLR,Thu,7,Monsoon,Evening (15-19),7.2,False,False
2025-08-08,Skyline National,Full-service,DEL-BLR,DEL,BLR,Sun,8,Monsoon,Night (19-23),5.3,False,False
2025-11-15,Skyline National,Full-service,DEL-CCU,DEL,CCU,Sat,11,Post-Monsoon,Morning (08-11),5.5,False,False
2025-07-23,Skyline National,Full-service,COK-BOM,COK,BOM,Thu,7,Monsoon,Morning (08-11),8.6,False,False
2025-11-05,BlueSky Air,Full-service,DEL-GOI,DEL,GOI,Sat,11,Post-Monsoon,Evening (15-19),2.8,False,False
2025-11-26,Metro Express,LCC,BOM-GOI,BOM,GOI,Sun,11,Post-Monsoon,Early Morning (05-08),11.6,False,False
2025-10-02,BlueSky Air,Full-service,DEL-CCU,DEL,CCU,Fri,10,Post-Monsoon,Afternoon (11-15),3.8,False,False
2025-03-02,Coastal Wings,Regional/turboprop,MAA-CCU,MAA,CCU,Mon,3,Spring,Afternoon (11-15),7.6,False,False
2025-11-09,Skyline National,Full-service,DEL-CCU,DEL,CCU,Sat,11,Post-Monsoon,Early Morning (05-08),0.0,False,True
2025-08-24,BlueSky Air,Full-service,DEL-BLR,DEL,BLR,Mon,8,Monsoon,Night (19-23),4.0,False,False
2025-03-16,Coastal Wings,Regional/turboprop,DEL-HYD,DEL,HYD,Tue,3,Spring,Morning (08-11),2.6,False,False
2025-06-01,Coastal Wings,Regional/turboprop,BOM-GOI,BOM,GOI,Thu,6,Summer,Early Morning (05-08),9.7,False,False
2025-06-15,Metro Express,LCC,BOM-COK,BOM,COK,Thu,6,Summer,Night (19-23),34.4,True,False
2025-11-11,Metro Express,LCC,MAA-CCU,MAA,CCU,Wed,11,Post-Monsoon,Night (19-23),2.2,False,False
2025-11-20,Skyline National,Full-service,BOM-BLR,BOM,BLR,Tue,11,Post-Monsoon,Afternoon (11-15),3.6,False,False
2025-10-23,Metro Express,LCC,COK-BOM,COK,BOM,Tue,10,Post-Monsoon,Morning (08-11),9.4,False,False
2025-09-05,IndiFly,LCC,BOM-BLR,BOM,BLR,Tue,9,Monsoon,Evening (15-19),8.6,False,False
2025-08-17,IndiFly,LCC,DEL-HYD,DEL,HYD,Mon,8,Monsoon,Evening (15-19),8.5,False,False
2025-12-11,IndiFly,LCC,DEL-AMD,DEL,AMD,Sun,12,Winter,Morning (08-11),27.1,True,False
2025-04-25,Skyline National,Full-service,BOM-BLR,BOM,BLR,Fri,4,Spring,Morning (08-11),2.7,False,False
2025-10-24,Metro Express,LCC,DEL-BOM,DEL,BOM,Mon,10,Post-Monsoon,Afternoon (11-15),8.4,False,False
2025-06-02,Metro Express,LCC,DEL-CCU,DEL,CCU,Fri,6,Summer,Afternoon (11-15),3.5,False,False
2025-12-24,IndiFly,LCC,BOM-BLR,BOM,BLR,Fri,12,Winter,Evening (15-19),15.5,True,False
2025-04-08,BlueSky Air,Full-service,BOM-COK,BOM,COK,Tue,4,Spring,Morning (08-11),7.4,False,False
2025-01-11,IndiFly,LCC,BLR-HYD,BLR,HYD,Sun,1,Winter,Night (19-23),3.2,False,False
2025-06-19,Coastal Wings,Regional/turboprop,BOM-COK,BOM,COK,Sat,6,Summer,Afternoon (11-15),5.3,False,False
2025-05-13,Metro Express,LCC,DEL-HYD,DEL,HYD,Wed,5,Summer,Early Morning (05-08),4.3,False,False
2025-05-27,Skyline National,Full-service,BOM-GOI,BOM,GOI,Tue,5,Summer,Afternoon (11-15),10.0,False,False
2025-02-20,BlueSky Air,Full-service,BLR-COK,BLR,COK,Tue,2,Winter,Evening (15-19),4.7,False,False
2025-04-17,Metro Express,LCC,BOM-COK,BOM,COK,Mon,4,Spring,Night (19-23),23.7,True,False
2025-08-14,Skyline National,Full-service,DEL-BLR,DEL,BLR,Sun,8,Monsoon,Early Morning (05-08),4.4,False,False
2025-08-01,BlueSky Air,Full-service,BOM-COK,BOM,COK,Sun,8,Monsoon,Morning (08-11),12.7,False,False
2025-02-08,BlueSky Air,Full-service,BOM-GOI,BOM,GOI,Thu,2,Winter,Early Morning (05-08),14.0,False,False
2025-10-01,Metro Express,LCC,DEL-BOM,DEL,BOM,Tue,10,Post-Monsoon,Early Morning (05-08),6.9,False,False
2025-01-16,BlueSky Air,Full-service,DEL-HYD,DEL,HYD,Mon,1,Winter,Evening (15-19),17.9,True,False
2025-07-18,Skyline National,Full-service,DEL-BOM,DEL,BOM,Wed,7,Monsoon,Evening (15-19),7.1,False,False
2025-11-03,BlueSky Air,Full-service,BOM-GOI,BOM,GOI,Sat,11,Post-Monsoon,Early Morning (05-08),2.8,False,False
2025-04-02,IndiFly,LCC,DEL-PNQ,DEL,PNQ,Sat,4,Spring,Afternoon (11-15),14.5,False,False
2025-05-12,Skyline National,Full-service,MAA-CCU,MAA,CCU,Thu,5,Summer,Morning (08-11),1.7,False,False
2025-11-27,Metro Express,LCC,DEL-PNQ,DEL,PNQ,Wed,11,Post-Monsoon,Night (19-23),19.9,True,False
2025-02-15,BlueSky Air,Full-service,DEL-CCU,DEL,CCU,Sun,2,Winter,Afternoon (11-15),2.3,False,False
2025-03-15,IndiFly,LCC,DEL-BLR,DEL,BLR,Tue,3,Spring,Afternoon (11-15),3.6,False,False
2025-02-15,Coastal Wings,Regional/turboprop,BLR-COK,BLR,COK,Mon,2,Winter,Morning (08-11),2.1,False,False
2025-08-17,IndiFly,LCC,DEL-CCU,DEL,CCU,Mon,8,Monsoon,Early Morning (05-08),4.5,False,False
2025-11-18,IndiFly,LCC,BOM-BLR,BOM,BLR,Tue,11,Post-Monsoon,Morning (08-11),3.3,False,False
2025-11-25,Skyline National,Full-service,COK-BOM,COK,BOM,Sat,11,Post-Monsoon,Morning (08-11),8.8,False,False
2025-06-15,IndiFly,LCC,DEL-BOM,DEL,BOM,Fri,6,Summer,Afternoon (11-15),9.8,False,False
2025-12-20,Metro Express,LCC,DEL-BLR,DEL,BLR,Mon,12,Winter,Early Morning (05-08),20.5,True,False
2025-03-21,Skyline National,Full-service,DEL-BLR,DEL,BLR,Sun,3,Spring,Early Morning (05-08),5.8,False,False
2025-01-10,BlueSky Air,Full-service,DEL-BLR,DEL,BLR,Tue,1,Winter,Night (19-23),21.5,True,False
2025-02-07,Coastal Wings,Regional/turboprop,DEL-BOM,DEL,BOM,Thu,2,Winter,Afternoon (11-15),12.5,False,False
2025-12-23,IndiFly,LCC,BOM-BLR,BOM,BLR,Fri,12,Winter,Evening (15-19),2.8,False,False
2025-07-10,BlueSky Air,Full-service,BOM-BLR,BOM,BLR,Tue,7,Monsoon,Early Morning (05-08),5.5,False,False
2025-08-04,Metro Express,LCC,BOM-COK,BOM,COK,Sat,8,Monsoon,Evening (15-19),9.7,False,False
2025-04-09,BlueSky Air,Full-service,BOM-GOI,BOM,GOI,Fri,4,Spring,Morning (08-11),5.7,False,False
2025-01-04,IndiFly,LCC,BOM-GOI,BOM,GOI,Thu,1,Winter,Morning (08-11),2.5,False,False
2025-11-03,Skyline National,Full-service,DEL-BOM,DEL,BOM,Thu,11,Post-Monsoon,Night (19-23),25.9,True,False
2025-07-10,Metro Express,LCC,DEL-BLR,DEL,BLR,Sat,7,Monsoon,Early Morning (05-08),8.1,False,False
2025-09-21,IndiFly,LCC,DEL-BOM,DEL,BOM,Mon,9,Monsoon,Evening (15-19),8.1,False,False
2025-06-10,Metro Express,LCC,BLR-COK,BLR,COK,Sun,6,Summer,Night (19-23),11.4,False,False
2025-01-10,Skyline National,Full-service,DEL-CCU,DEL,CCU,Sun,1,Winter,Early Morning (05-08),22.5,True,False
2025-07-06,IndiFly,LCC,DEL-AMD,DEL,AMD,Mon,7,Monsoon,Night (19-23),9.7,False,False
2025-06-25,IndiFly,LCC,DEL-BLR,DEL,BLR,Thu,6,Summer,Morning (08-11),6.4,False,False
2025-09-04,Metro Express,LCC,DEL-PNQ,DEL,PNQ,Wed,9,Monsoon,Evening (15-19),8.6,False,False
2025-06-11,Skyline National,Full-service,BOM-COK,BOM,COK,Sun,6,Summer,Afternoon (11-15),13.4,False,False
2025-02-07,Metro Express,LCC,DEL-GOI,DEL,GOI,Sun,2,Winter,Afternoon (11-15),2.8,False,False
2025-03-19,IndiFly,LCC,DEL-BLR,DEL,BLR,Thu,3,Spring,Afternoon (11-15),28.2,True,False
2025-11-24,IndiFly,LCC,DEL-BOM,DEL,BOM,Thu,11,Post-Monsoon,Night (19-23),3.3,False,False
2025-09-18,BlueSky Air,Full-service,DEL-BOM,DEL,BOM,Fri,9,Monsoon,Evening (15-19),15.5,True,False
2025-11-12,BlueSky Air,Full-service,DEL-BOM,DEL,BOM,Tue,11,Post-Monsoon,Early Morning (05-08),10.0,False,False
2025-10-22,IndiFly,LCC,DEL-PNQ,DEL,PNQ,Sat,10,Post-Monsoon,Afternoon (11-15),11.0,False,False
2025-04-22,IndiFly,LCC,DEL-CCU,DEL,CCU,Sat,4,Spring,Afternoon (11-15),3.7,False,False
2025-12-28,IndiFly,LCC,DEL-CCU,DEL,CCU,Sun,12,Winter,Evening (15-19),23.0,True,False
2025-07-20,IndiFly,LCC,DEL-AMD,DEL,AMD,Mon,7,Monsoon,Afternoon (11-15),13.1,False,False
2025-11-18,IndiFly,LCC,COK-BOM,COK,BOM,Thu,11,Post-Monsoon,Evening (15-19),2.6,False,False
2025-08-10,BlueSky Air,Full-service,DEL-CCU,DEL,CCU,Wed,8,Monsoon,Morning (08-11),2.8,False,False
2025-01-09,IndiFly,LCC,MAA-CCU,MAA,CCU,Mon,1,Winter,Night (19-23),3.3,False,False
2025-05-03,Skyline National,Full-service,DEL-CCU,DEL,CCU,Mon,5,Summer,Morning (08-11),8.8,False,False
2025-04-22,IndiFly,LCC,DEL-CCU,DEL,CCU,Sat,4,Spring,Early Morning (05-08),3.5,False,False
2025-01-26,Metro Express,LCC,DEL-BLR,DEL,BLR,Tue,1,Winter,Afternoon (11-15),17.4,True,False
2025-01-03,BlueSky Air,Full-service,DEL-BOM,DEL,BOM,Mon,1,Winter,Night (19-23),14.5,False,False
2025-01-08,IndiFly,LCC,BOM-GOI,BOM,GOI,Fri,1,Winter,Early Morning (05-08),6.9,False,False
2025-04-05,Skyline National,Full-service,BOM-COK,BOM,COK,Fri,4,Spring,Morning (08-11),3.6,False,False
2025-08-13,IndiFly,LCC,DEL-AMD,DEL,AMD,Tue,8,Monsoon,Night (19-23),11.1,False,False
2025-06-06,Metro Express,LCC,BOM-GOI,BOM,GOI,Sat,6,Summer,Evening (15-19),10.4,False,False
2025-12-10,IndiFly,LCC,DEL-BLR,DEL,BLR,Fri,12,Winter,Early Morning (05-08),44.0,True,False
2025-05-10,IndiFly,LCC,COK-BOM,COK,BOM,Fri,5,Summer,Morning (08-11),3.5,False,False
2025-09-20,Coastal Wings,Regional/turboprop,BOM-BLR,BOM,BLR,Thu,9,Monsoon,Early Morning (05-08),9.0,False,False
2025-08-11,Skyline National,Full-service,DEL-CCU,DEL,CCU,Sat,8,Monsoon,Evening (15-19),6.9,False,False
2025-12-23,Metro Express,LCC,BOM-BLR,BOM,BLR,Sat,12,Winter,Night (19-23),3.6,False,False
2025-03-14,Metro Express,LCC,MAA-CCU,MAA,CCU,Wed,3,Spring,Afternoon (11-15),1.6,False,False
2025-07-25,Metro Express,LCC,DEL-HYD,DEL,HYD,Thu,7,Monsoon,Morning (08-11),3.2,False,False
2025-08-27,IndiFly,LCC,BOM-BLR,BOM,BLR,Sat,8,Monsoon,Morning (08-11),3.3,False,False
2025-08-18,Metro Express,LCC,DEL-AMD,DEL,AMD,Thu,8,Monsoon,Early Morning (05-08),4.2,False,False
2025-12-21,Metro Express,LCC,DEL-HYD,DEL,HYD,Sun,12,Winter,Morning (08-11),30.8,True,False
2025-02-24,BlueSky Air,Full-service,DEL-BLR,DEL,BLR,Fri,2,Winter,Night (19-23),10.6,False,False
2025-03-15,Skyline National,Full-service,DEL-BLR,DEL,BLR,Sat,3,Spring,Afternoon (11-15),10.8,False,False
2025-05-14,BlueSky Air,Full-service,BLR-HYD,BLR,HYD,Thu,5,Summer,Afternoon (11-15),6.5,False,False
2025-01-05,BlueSky Air,Full-service,DEL-PNQ,DEL,PNQ,Sat,1,Winter,Night (19-23),16.0,True,False
2025-06-24,IndiFly,LCC,DEL-BOM,DEL,BOM,Mon,6,Summer,Early Morning (05-08),5.1,False,False
2025-10-01,Skyline National,Full-service,DEL-BOM,DEL,BOM,Thu,10,Post-Monsoon,Afternoon (11-15),8.4,False,False
2025-11-10,IndiFly,LCC,DEL-BLR,DEL,BLR,Thu,11,Post-Monsoon,Afternoon (11-15),3.4,False,False
2025-08-25,BlueSky Air,Full-service,DEL-AMD,DEL,AMD,Tue,8,Monsoon,Afternoon (11-15),2.8,False,False
2025-01-22,IndiFly,LCC,DEL-BLR,DEL,BLR,Thu,1,Winter,Afternoon (11-15),17.8,True,False
2025-04-15,Metro Express,LCC,DEL-BLR,DEL,BLR,Tue,4,Spring,Morning (08-11),2.9,False,False
2025-04-03,Metro Express,LCC,DEL-HYD,DEL,HYD,Mon,4,Spring,Afternoon (11-15),7.7,False,False
2025-05-10,BlueSky Air,Full-service,BOM-BLR,BOM,BLR,Mon,5,Summer,Early Morning (05-08),5.4,False,False
2025-11-07,IndiFly,LCC,BOM-COK,BOM,COK,Wed,11,Post-Monsoon,Early Morning (05-08),4.2,False,False
2025-06-11,Metro Express,LCC,HYD-MAA,HYD,MAA,Wed,6,Summer,Night (19-23),7.3,False,False
2025-09-15,IndiFly,LCC,BOM-BLR,BOM,BLR,Mon,9,Monsoon,Night (19-23),9.9,False,False
2025-07-07,Coastal Wings,Regional/turboprop,COK-BOM,COK,BOM,Fri,7,Monsoon,Afternoon (11-15),16.9,True,False
2025-12-11,Coastal Wings,Regional/turboprop,DEL-BOM,DEL,BOM,Thu,12,Winter,Night (19-23),36.3,True,False
2025-03-28,IndiFly,LCC,BLR-COK,BLR,COK,Fri,3,Spring,Morning (08-11),2.2,False,False
2025-12-12,IndiFly,LCC,BOM-COK,BOM,COK,Thu,12,Winter,Afternoon (11-15),3.7,False,False
2025-08-14,BlueSky Air,Full-service,DEL-CCU,DEL,CCU,Sat,8,Monsoon,Afternoon (11-15),7.1,False,False
2025-06-03,BlueSky Air,Full-service,DEL-BOM,DEL,BOM,Thu,6,Summer,Night (19-23),8.9,False,False
2025-09-13,BlueSky Air,Full-service,DEL-BLR,DEL,BLR,Fri,9,Monsoon,Evening (15-19),9.2,False,False
2025-12-15,Skyline National,Full-service,DEL-HYD,DEL,HYD,Sat,12,Winter,Morning (08-11),25.8,True,False
2025-06-24,IndiFly,LCC,DEL-GOI,DEL,GOI,Sat,6,Summer,Afternoon (11-15),17.3,True,False
2025-12-09,BlueSky Air,Full-service,DEL-PNQ,DEL,PNQ,Sun,12,Winter,Night (19-23),14.2,False,False
2025-11-24,IndiFly,LCC,DEL-GOI,DEL,GOI,Sun,11,Post-Monsoon,Morning (08-11),4.6,False,False
2025-09-08,Skyline National,Full-service,DEL-BOM,DEL,BOM,Wed,9,Monsoon,Afternoon (11-15),17.6,True,False
2025-03-24,IndiFly,LCC,DEL-BOM,DEL,BOM,Thu,3,Spring,Morning (08-11),4.4,False,False
2025-01-13,Metro Express,LCC,DEL-AMD,DEL,AMD,Tue,1,Winter,Morning (08-11),18.2,True,False
2025-12-18,IndiFly,LCC,BOM-COK,BOM,COK,Sat,12,Winter,Night (19-23),10.9,False,False
2025-10-20,IndiFly,LCC,DEL-HYD,DEL,HYD,Tue,10,Post-Monsoon,Evening (15-19),4.8,False,False
2025-12-11,BlueSky Air,Full-service,DEL-BLR,DEL,BLR,Sat,12,Winter,Morning (08-11),20.1,True,False
2025-03-28,IndiFly,LCC,MAA-CCU,MAA,CCU,Thu,3,Spring,Early Morning (05-08),2.1,False,False
2025-02-20,IndiFly,LCC,DEL-AMD,DEL,AMD,Fri,2,Winter,Night (19-23),13.0,False,False
2025-12-11,Skyline National,Full-service,DEL-BOM,DEL,BOM,Fri,12,Winter,Morning (08-11),10.1,False,False
2025-05-05,Skyline National,Full-service,DEL-HYD,DEL,HYD,Fri,5,Summer,Evening (15-19),3.9,False,False
2025-02-06,Metro Express,LCC,BOM-COK,BOM,COK,Tue,2,Winter,Afternoon (11-15),22.0,True,False
2025-12-28,Skyline National,Full-service,BLR-HYD,BLR,HYD,Thu,12,Winter,Early Morning (05-08),14.6,False,False
2025-08-22,IndiFly,LCC,BOM-BLR,BOM,BLR,Tue,8,Monsoon,Evening (15-19),4.4,False,False
2025-09-19,IndiFly,LCC,DEL-CCU,DEL,CCU,Wed,9,Monsoon,Morning (08-11),8.5,False,False
2025-02-23,Coastal Wings,Regional/turboprop,BOM-BLR,BOM,BLR,Sun,2,Winter,Evening (15-19),6.5,False,False
2025-03-12,Metro Express,LCC,DEL-CCU,DEL,CCU,Mon,3,Spring,Night (19-23),18.6,True,False
2025-12-24,BlueSky Air,Full-service,DEL-BLR,DEL,BLR,Mon,12,Winter,Afternoon (11-15),0.0,False,True
2025-04-08,IndiFly,LCC,DEL-AMD,DEL,AMD,Fri,4,Spring,Night (19-23),9.9,False,False
2025-07-12,BlueSky Air,Full-service,DEL-PNQ,DEL,PNQ,Mon,7,Monsoon,Night (19-23),7.4,False,False
2025-07-10,Metro Express,LCC,DEL-BLR,DEL,BLR,Wed,7,Monsoon,Evening (15-19),3.2,False,False
2025-11-07,Skyline National,Full-service,DEL-CCU,DEL,CCU,Wed,11,Post-Monsoon,Afternoon (11-15),14.5,False,False
2025-03-04,Metro Express,LCC,DEL-HYD,DEL,HYD,Sat,3,Spring,Night (19-23),5.3,False,False
2025-08-16,Metro Express,LCC,DEL-GOI,DEL,GOI,Tue,8,Monsoon,Afternoon (11-15),42.4,True,False
2025-01-15,BlueSky Air,Full-service,BOM-GOI,BOM,GOI,Tue,1,Winter,Night (19-23),4.2,False,False
2025-09-20,Skyline National,Full-service,DEL-BOM,DEL,BOM,Sat,9,Monsoon,Night (19-23),4.6,False,False
2025-04-24,IndiFly,LCC,COK-BOM,COK,BOM,Thu,4,Spring,Afternoon (11-15),14.3,False,False
2025-11-01,BlueSky Air,Full-service,DEL-BOM,DEL,BOM,Wed,11,Post-Monsoon,Afternoon (11-15),6.8,False,False
2025-07-15,Metro Express,LCC,DEL-PNQ,DEL,PNQ,Wed,7,Monsoon,Night (19-23),7.1,False,False
2025-09-01,Skyline National,Full-service,DEL-AMD,DEL,AMD,Wed,9,Monsoon,Morning (08-11),3.7,False,False
2025-11-01,Skyline National,Full-service,BOM-COK,BOM,COK,Sun,11,Post-Monsoon,Evening (15-19),3.0,False,False
2025-01-02,BlueSky Air,Full-service,BOM-COK,BOM,COK,Fri,1,Winter,Night (19-23),7.6,False,False
2025-02-14,Skyline National,Full-service,DEL-BOM,DEL,BOM,Thu,2,Winter,Morning (08-11),9.2,False,False
2025-05-03,Skyline National,Full-service,BOM-BLR,BOM,BLR,Wed,5,Summer,Night (19-23),9.4,False,False
2025-06-18,Coastal Wings,Regional/turboprop,DEL-BLR,DEL,BLR,Fri,6,Summer,Early Morning (05-08),9.8,False,False
2025-10-18,Metro Express,LCC,BOM-BLR,BOM,BLR,Wed,10,Post-Monsoon,Afternoon (11-15),6.4,False,False
2025-10-09,BlueSky Air,Full-service,DEL-CCU,DEL,CCU,Sat,10,Post-Monsoon,Afternoon (11-15),6.6,False,False
2025-08-05,Metro Express,LCC,DEL-AMD,DEL,AMD,Thu,8,Monsoon,Evening (15-19),15.4,True,False
2025-01-22,IndiFly,LCC,COK-BOM,COK,BOM,Sat,1,Winter,Afternoon (11-15),3.3,False,False
2025-03-02,BlueSky Air,Full-service,DEL-BLR,DEL,BLR,Mon,3,Spring,Evening (15-19),13.7,False,False
2025-03-22,Metro Express,LCC,DEL-BOM,DEL,BOM,Thu,3,Spring,Afternoon (11-15),10.1,False,False
2025-07-16,Skyline National,Full-service,DEL-BLR,DEL,BLR,Sat,7,Monsoon,Early Morning (05-08),8.1,False,False
2025-07-03,BlueSky Air,Full-service,BOM-COK,BOM,COK,Thu,7,Monsoon,Early Morning (05-08),4.4,False,False
2025-09-22,BlueSky Air,Full-service,DEL-CCU,DEL,CCU,Sat,9,Monsoon,Evening (15-19),5.5,False,False
2025-05-25,Metro Express,LCC,BOM-GOI,BOM,GOI,Tue,5,Summer,Early Morning (05-08),3.6,False,False
2025-05-10,Coastal Wings,Regional/turboprop,DEL-GOI,DEL,GOI,Wed,5,Summer,Morning (08-11),3.4,False,False
2025-06-24,Metro Express,LCC,BOM-COK,BOM,COK,Thu,6,Summer,Night (19-23),23.2,True,False
2025-11-21,IndiFly,LCC,DEL-AMD,DEL,AMD,Mon,11,Post-Monsoon,Morning (08-11),3.4,False,False
2025-11-28,Skyline National,Full-service,DEL-AMD,DEL,AMD,Fri,11,Post-Monsoon,Night (19-23),4.8,False,False
2025-02-23,IndiFly,LCC,DEL-AMD,DEL,AMD,Thu,2,Winter,Night (19-23),10.5,False,False
2025-08-05,IndiFly,LCC,HYD-MAA,HYD,MAA,Thu,8,Monsoon,Early Morning (05-08),10.1,False,False
2025-01-11,Metro Express,LCC,DEL-BOM,DEL,BOM,Fri,1,Winter,Evening (15-19),55.9,True,False
2025-03-18,IndiFly,LCC,BOM-BLR,BOM,BLR,Fri,3,Spring,Afternoon (11-15),3.0,False,False
2025-10-16,Skyline National,Full-service,BOM-BLR,BOM,BLR,Tue,10,Post-Monsoon,Evening (15-19),9.1,False,False
2025-05-23,Skyline National,Full-service,BOM-BLR,BOM,BLR,Fri,5,Summer,Morning (08-11),3.0,False,False
2025-10-25,Skyline National,Full-service,BOM-BLR,BOM,BLR,Tue,10,Post-Monsoon,Morning (08-11),5.2,False,False
2025-09-16,IndiFly,LCC,DEL-CCU,DEL,CCU,Mon,9,Monsoon,Morning (08-11),3.9,False,False
2025-10-22,Metro Express,LCC,COK-BOM,COK,BOM,Sun,10,Post-Monsoon,Early Morning (05-08),8.3,False,False
2025-01-16,Skyline National,Full-service,DEL-HYD,DEL,HYD,Tue,1,Winter,Morning (08-11),13.2,False,False
2025-03-04,Metro Express,LCC,BOM-COK,BOM,COK,Tue,3,Spring,Evening (15-19),12.0,False,False
2025-03-26,Coastal Wings,Regional/turboprop,BOM-GOI,BOM,GOI,Thu,3,Spring,Early Morning (05-08),4.9,False,False
2025-08-11,BlueSky Air,Full-service,DEL-CCU,DEL,CCU,Mon,8,Monsoon,Early Morning (05-08),3.5,False,False
2025-04-20,IndiFly,LCC,DEL-BLR,DEL,BLR,Fri,4,Spring,Night (19-23),7.6,False,False
2025-06-22,Coastal Wings,Regional/turboprop,BOM-GOI,BOM,GOI,Sat,6,Summer,Afternoon (11-15),36.7,True,False
2025-12-20,IndiFly,LCC,BOM-COK,BOM,COK,Thu,12,Winter,Early Morning (05-08),2.0,False,False
2025-09-10,Metro Express,LCC,BOM-BLR,BOM,BLR,Mon,9,Monsoon,Night (19-23),4.0,False,False
2025-06-05,Metro Express,LCC,COK-BOM,COK,BOM,Fri,6,Summer,Morning (08-11),9.5,False,False
2025-08-06,BlueSky Air,Full-service,BOM-BLR,BOM,BLR,Mon,8,Monsoon,Afternoon (11-15),3.8,False,False
2025-02-27,IndiFly,LCC,DEL-AMD,DEL,AMD,Thu,2,Winter,Evening (15-19),7.2,False,False
2025-05-12,IndiFly,LCC,DEL-AMD,DEL,AMD,Sat,5,Summer,Early Morning (05-08),5.3,False,False
2025-06-26,Metro Express,LCC,DEL-BOM,DEL,BOM,Wed,6,Summer,Night (19-23),3.9,False,False
2025-09-16,Coastal Wings,Regional/turboprop,BLR-HYD,BLR,HYD,Tue,9,Monsoon,Night (19-23),12.0,False,False
2025-04-08,Metro Express,LCC,DEL-HYD,DEL,HYD,Thu,4,Spring,Night (19-23),3.2,False,False
2025-08-03,BlueSky Air,Full-service,MAA-CCU,MAA,CCU,Sat,8,Monsoon,Early Morning (05-08),9.5,False,False
2025-02-01,Skyline National,Full-service,DEL-HYD,DEL,HYD,Sat,2,Winter,Afternoon (11-15),15.8,True,False
2025-08-16,Coastal Wings,Regional/turboprop,BOM-BLR,BOM,BLR,Sun,8,Monsoon,Evening (15-19),10.7,False,False
2025-07-28,BlueSky Air,Full-service,DEL-BOM,DEL,BOM,Fri,7,Monsoon,Early Morning (05-08),3.2,False,False
2025-08-07,IndiFly,LCC,HYD-MAA,HYD,MAA,Mon,8,Monsoon,Evening (15-19),3.0,False,False
2025-08-18,BlueSky Air,Full-service,BOM-BLR,BOM,BLR,Sat,8,Monsoon,Afternoon (11-15),3.1,False,False
2025-12-13,Skyline National,Full-service,BOM-BLR,BOM,BLR,Wed,12,Winter,Night (19-23),18.0,True,False
2025-04-04,Coastal Wings,Regional/turboprop,BOM-COK,BOM,COK,Thu,4,Spring,Night (19-23),9.0,False,False
2025-08-11,IndiFly,LCC,DEL-PNQ,DEL,PNQ,Tue,8,Monsoon,Evening (15-19),2.5,False,False
2025-05-12,IndiFly,LCC,DEL-CCU,DEL,CCU,Thu,5,Summer,Night (19-23),8.8,False,False
2025-11-16,Skyline National,Full-service,DEL-CCU,DEL,CCU,Mon,11,Post-Monsoon,Night (19-23),3.9,False,False
2025-04-09,BlueSky Air,Full-service,DEL-BOM,DEL,BOM,Fri,4,Spring,Evening (15-19),6.8,False,False
2025-07-15,Skyline National,Full-service,DEL-BLR,DEL,BLR,Sun,7,Monsoon,Afternoon (11-15),5.9,False,False
2025-09-14,IndiFly,LCC,DEL-BOM,DEL,BOM,Thu,9,Monsoon,Evening (15-19),9.2,False,False
2025-12-23,Skyline National,Full-service,BLR-HYD,BLR,HYD,Mon,12,Winter,Night (19-23),17.5,True,False
2025-11-09,Metro Express,LCC,DEL-AMD,DEL,AMD,Thu,11,Post-Monsoon,Morning (08-11),7.7,False,False
2025-04-17,IndiFly,LCC,DEL-HYD,DEL,HYD,Fri,4,Spring,Evening (15-19),8.2,False,False
2025-11-19,Metro Express,LCC,DEL-AMD,DEL,AMD,Thu,11,Post-Monsoon,Afternoon (11-15),7.8,False,False
2025-09-11,Coastal Wings,Regional/turboprop,DEL-CCU,DEL,CCU,Mon,9,Monsoon,Afternoon (11-15),7.4,False,False
2025-12-22,Metro Express,LCC,DEL-AMD,DEL,AMD,Wed,12,Winter,Night (19-23),7.9,False,False
2025-05-24,Metro Express,LCC,DEL-BOM,DEL,BOM,Fri,5,Summer,Night (19-23),15.8,True,False
2025-02-22,Metro Express,LCC,DEL-HYD,DEL,HYD,Fri,2,Winter,Morning (08-11),3.5,False,False
2025-03-21,IndiFly,LCC,DEL-CCU,DEL,CCU,Thu,3,Spring,Night (19-23),13.5,False,False
2025-09-02,Metro Express,LCC,DEL-GOI,DEL,GOI,Sun,9,Monsoon,Early Morning (05-08),8.7,False,False
2025-09-01,BlueSky Air,Full-service,BLR-HYD,BLR,HYD,Fri,9,Monsoon,Night (19-23),2.0,False,False
2025-12-27,IndiFly,LCC,DEL-BOM,DEL,BOM,Wed,12,Winter,Evening (15-19),16.4,True,False
2025-08-05,Metro Express,LCC,DEL-HYD,DEL,HYD,Thu,8,Monsoon,Night (19-23),11.0,False,False
2025-07-07,BlueSky Air,Full-service,MAA-CCU,MAA,CCU,Tue,7,Monsoon,Evening (15-19),1.5,False,False
2025-02-25,Metro Express,LCC,DEL-HYD,DEL,HYD,Wed,2,Winter,Morning (08-11),2.6,False,False
2025-08-23,Metro Express,LCC,DEL-BLR,DEL,BLR,Thu,8,Monsoon,Early Morning (05-08),4.2,False,False
2025-05-09,Metro Express,LCC,DEL-BOM,DEL,BOM,Thu,5,Summer,Early Morning (05-08),7.0,False,False
2025-12-22,IndiFly,LCC,DEL-HYD,DEL,HYD,Sat,12,Winter,Evening (15-19),7.0,False,False
2025-11-28,BlueSky Air,Full-service,BOM-GOI,BOM,GOI,Sat,11,Post-Monsoon,Afternoon (11-15),4.2,False,False
2025-01-15,IndiFly,LCC,DEL-CCU,DEL,CCU,Mon,1,Winter,Early Morning (05-08),24.3,True,False
2025-06-13,Skyline National,Full-service,BLR-HYD,BLR,HYD,Tue,6,Summer,Early Morning (05-08),3.6,False,False
2025-09-17,IndiFly,LCC,BOM-COK,BOM,COK,Sun,9,Monsoon,Early Morning (05-08),8.7,False,False
2025-01-19,BlueSky Air,Full-service,DEL-BLR,DEL,BLR,Thu,1,Winter,Evening (15-19),23.9,True,False
2025-02-15,Skyline National,Full-service,DEL-BOM,DEL,BOM,Fri,2,Winter,Early Morning (05-08),6.4,False,False
2025-04-01,Metro Express,LCC,BOM-GOI,BOM,GOI,Sat,4,Spring,Evening (15-19),6.8,False,False
2025-05-05,Skyline National,Full-service,DEL-HYD,DEL,HYD,Sun,5,Summer,Night (19-23),8.3,False,False
2025-10-04,IndiFly,LCC,DEL-BOM,DEL,BOM,Tue,10,Post-Monsoon,Morning (08-11),12.0,False,False
2025-09-04,IndiFly,LCC,BOM-GOI,BOM,GOI,Sat,9,Monsoon,Evening (15-19),10.1,False,False
2025-07-27,IndiFly,LCC,DEL-BOM,DEL,BOM,Sun,7,Monsoon,Afternoon (11-15),16.4,True,False
2025-08-03,BlueSky Air,Full-service,BOM-GOI,BOM,GOI,Sat,8,Monsoon,Afternoon (11-15),3.6,False,False
2025-11-08,BlueSky Air,Full-service,DEL-BLR,DEL,BLR,Thu,11,Post-Monsoon,Night (19-23),2.8,False,False
2025-01-26,Metro Express,LCC,DEL-PNQ,DEL,PNQ,Sun,1,Winter,Early Morning (05-08),30.4,True,False
2025-08-12,BlueSky Air,Full-service,DEL-HYD,DEL,HYD,Mon,8,Monsoon,Evening (15-19),5.3,False,False
2025-10-28,Metro Express,LCC,DEL-BOM,DEL,BOM,Sat,10,Post-Monsoon,Night (19-23),10.7,False,False
2025-04-20,IndiFly,LCC,DEL-GOI,DEL,GOI,Thu,4,Spring,Evening (15-19),4.5,False,False
2025-01-04,IndiFly,LCC,DEL-HYD,DEL,HYD,Wed,1,Winter,Afternoon (11-15),27.0,True,False
2025-05-24,IndiFly,LCC,DEL-PNQ,DEL,PNQ,Fri,5,Summer,Evening (15-19),5.5,False,False
2025-04-19,Skyline National,Full-service,DEL-GOI,DEL,GOI,Sun,4,Spring,Morning (08-11),7.8,False,False
2025-05-23,Metro Express,LCC,BOM-GOI,BOM,GOI,Fri,5,Summer,Night (19-23),9.5,False,False
2025-03-15,Skyline National,Full-service,BOM-COK,BOM,COK,Sat,3,Spring,Night (19-23),2.5,False,False
2025-10-11,BlueSky Air,Full-service,BOM-GOI,BOM,GOI,Thu,10,Post-Monsoon,Night (19-23),9.1,False,False
2025-02-20,Coastal Wings,Regional/turboprop,DEL-GOI,DEL,GOI,Tue,2,Winter,Morning (08-11),9.1,False,False
2025-02-15,IndiFly,LCC,DEL-PNQ,DEL,PNQ,Mon,2,Winter,Morning (08-11),9.7,False,False
2025-09-04,Metro Express,LCC,BOM-BLR,BOM,BLR,Thu,9,Monsoon,Afternoon (11-15),4.9,False,False
2025-05-06,BlueSky Air,Full-service,BOM-BLR,BOM,BLR,Sat,5,Summer,Evening (15-19),8.9,False,False
2025-04-26,Skyline National,Full-service,BOM-BLR,BOM,BLR,Fri,4,Spring,Night (19-23),10.9,False,False
2025-02-10,BlueSky Air,Full-service,DEL-AMD,DEL,AMD,Fri,2,Winter,Early Morning (05-08),7.1,False,False
2025-11-11,Metro Express,LCC,DEL-HYD,DEL,HYD,Mon,11,Post-Monsoon,Morning (08-11),2.7,False,False
2025-07-12,Metro Express,LCC,DEL-CCU,DEL,CCU,Mon,7,Monsoon,Early Morning (05-08),4.7,False,False
2025-11-22,Skyline National,Full-service,DEL-AMD,DEL,AMD,Sat,11,Post-Monsoon,Evening (15-19),7.0,False,False
2025-08-16,Skyline National,Full-service,HYD-MAA,HYD,MAA,Sat,8,Monsoon,Evening (15-19),11.6,False,False
2025-12-24,IndiFly,LCC,DEL-PNQ,DEL,PNQ,Sun,12,Winter,Morning (08-11),30.8,True,False
2025-04-14,Metro Express,LCC,BLR-HYD,BLR,HYD,Fri,4,Spring,Evening (15-19),2.8,False,False
2025-08-06,Skyline National,Full-service,DEL-AMD,DEL,AMD,Sun,8,Monsoon,Night (19-23),11.6,False,False
2025-10-04,IndiFly,LCC,DEL-AMD,DEL,AMD,Thu,10,Post-Monsoon,Morning (08-11),5.3,False,False
2025-04-11,Metro Express,LCC,DEL-BOM,DEL,BOM,Thu,4,Spring,Night (19-23),3.7,False,False
2025-01-06,Metro Express,LCC,DEL-BOM,DEL,BOM,Mon,1,Winter,Early Morning (05-08),34.1,True,False
2025-01-21,Coastal Wings,Regional/turboprop,DEL-CCU,DEL,CCU,Wed,1,Winter,Night (19-23),17.3,True,False
2025-11-07,IndiFly,LCC,DEL-PNQ,DEL,PNQ,Wed,11,Post-Monsoon,Evening (15-19),12.5,False,False
2025-05-07,IndiFly,LCC,DEL-BLR,DEL,BLR,Sun,5,Summer,Early Morning (05-08),4.6,False,False
2025-07-21,IndiFly,LCC,DEL-BOM,DEL,BOM,Mon,7,Monsoon,Morning (08-11),4.1,False,False
2025-11-22,BlueSky Air,Full-service,COK-BOM,COK,BOM,Sat,11,Post-Monsoon,Afternoon (11-15),7.7,False,False
2025-11-24,Skyline National,Full-service,DEL-BOM,DEL,BOM,Fri,11,Post-Monsoon,Early Morning (05-08),19.0,True,False
2025-12-27,BlueSky Air,Full-service,DEL-CCU,DEL,CCU,Fri,12,Winter,Afternoon (11-15),19.9,True,False
2025-04-15,Skyline National,Full-service,BOM-GOI,BOM,GOI,Mon,4,Spring,Evening (15-19),13.4,False,False
2025-07-28,IndiFly,LCC,DEL-BLR,DEL,BLR,Mon,7,Monsoon,Morning (08-11),3.9,False,False
2025-04-08,Metro Express,LCC,BOM-BLR,BOM,BLR,Sat,4,Spring,Night (19-23),3.5,False,False
2025-12-22,Metro Express,LCC,DEL-PNQ,DEL,PNQ,Sun,12,Winter,Afternoon (11-15),21.8,True,False
2025-04-09,Skyline National,Full-service,DEL-BLR,DEL,BLR,Sat,4,Spring,Evening (15-19),0.0,False,True
2025-03-13,Metro Express,LCC,DEL-BLR,DEL,BLR,Fri,3,Spring,Evening (15-19),13.4,False,False
2025-01-19,BlueSky Air,Full-service,BLR-HYD,BLR,HYD,Sat,1,Winter,Afternoon (11-15),0.0,False,True
2025-11-28,IndiFly,LCC,DEL-BLR,DEL,BLR,Sat,11,Post-Monsoon,Morning (08-11),2.6,False,False
2025-09-19,Metro Express,LCC,BOM-GOI,BOM,GOI,Wed,9,Monsoon,Evening (15-19),15.7,True,False
2025-02-07,IndiFly,LCC,DEL-PNQ,DEL,PNQ,Mon,2,Winter,Morning (08-11),7.1,False,False
2025-12-07,IndiFly,LCC,DEL-CCU,DEL,CCU,Tue,12,Winter,Early Morning (05-08),21.1,True,False
2025-08-12,IndiFly,LCC,DEL-BOM,DEL,BOM,Tue,8,Monsoon,Early Morning (05-08),5.5,False,False
2025-12-06,Coastal Wings,Regional/turboprop,DEL-BOM,DEL,BOM,Tue,12,Winter,Night (19-23),0.0,False,True
2025-07-05,IndiFly,LCC,BOM-BLR,BOM,BLR,Thu,7,Monsoon,Afternoon (11-15),2.3,False,False
2025-11-06,Metro Express,LCC,BLR-HYD,BLR,HYD,Wed,11,Post-Monsoon,Early Morning (05-08),9.2,False,False
2025-09-18,Metro Express,LCC,BLR-HYD,BLR,HYD,Mon,9,Monsoon,Morning (08-11),8.1,False,False
2025-07-20,IndiFly,LCC,BOM-GOI,BOM,GOI,Wed,7,Monsoon,Early Morning (05-08),8.2,False,False
2025-05-06,BlueSky Air,Full-service,DEL-AMD,DEL,AMD,Fri,5,Summer,Morning (08-11),8.4,False,False
2025-05-25,IndiFly,LCC,DEL-GOI,DEL,GOI,Tue,5,Summer,Afternoon (11-15),4.7,False,False
2025-09-12,Metro Express,LCC,BLR-HYD,BLR,HYD,Thu,9,Monsoon,Evening (15-19),8.5,False,False
2025-01-02,Metro Express,LCC,DEL-BOM,DEL,BOM,Sun,1,Winter,Morning (08-11),16.4,True,False
2025-06-19,IndiFly,LCC,COK-BOM,COK,BOM,Sun,6,Summer,Afternoon (11-15),8.0,False,False
2025-04-20,IndiFly,LCC,BOM-GOI,BOM,GOI,Wed,4,Spring,Evening (15-19),13.9,False,False
2025-04-22,BlueSky Air,Full-service,BOM-BLR,BOM,BLR,Sun,4,Spring,Morning (08-11),3.5,False,False
2025-01-14,Metro Express,LCC,DEL-CCU,DEL,CCU,Fri,1,Winter,Early Morning (05-08),27.6,True,False
2025-07-25,IndiFly,LCC,DEL-AMD,DEL,AMD,Tue,7,Monsoon,Night (19-23),5.8,False,False
2025-04-11,Metro Express,LCC,BOM-GOI,BOM,GOI,Sat,4,Spring,Morning (08-11),2.5,False,False
2025-08-20,Coastal Wings,Regional/turboprop,DEL-CCU,DEL,CCU,Sat,8,Monsoon,Early Morning (05-08),2.5,False,False
2025-07-04,Coastal Wings,Regional/turboprop,DEL-GOI,DEL,GOI,Thu,7,Monsoon,Morning (08-11),0.0,False,True
2025-01-20,BlueSky Air,Full-service,BOM-GOI,BOM,GOI,Sat,1,Winter,Early Morning (05-08),6.1,False,False
2025-08-25,IndiFly,LCC,BLR-COK,BLR,COK,Mon,8,Monsoon,Early Morning (05-08),5.5,False,False
2025-09-13,IndiFly,LCC,BOM-BLR,BOM,BLR,Fri,9,Monsoon,Evening (15-19),10.6,False,False
2025-02-10,Skyline National,Full-service,DEL-CCU,DEL,CCU,Fri,2,Winter,Morning (08-11),9.5,False,False
2025-12-03,Skyline National,Full-service,BOM-BLR,BOM,BLR,Tue,12,Winter,Morning (08-11),12.1,False,False
2025-10-03,Coastal Wings,Regional/turboprop,DEL-BOM,DEL,BOM,Tue,10,Post-Monsoon,Evening (15-19),5.5,False,False
2025-06-27,IndiFly,LCC,BLR-HYD,BLR,HYD,Tue,6,Summer,Evening (15-19),8.2,False,False
2025-11-19,IndiFly,LCC,DEL-PNQ,DEL,PNQ,Thu,11,Post-Monsoon,Afternoon (11-15),5.9,False,False
2025-09-13,BlueSky Air,Full-service,DEL-AMD,DEL,AMD,Tue,9,Monsoon,Afternoon (11-15),5.4,False,False
2025-02-27,Metro Express,LCC,BLR-HYD,BLR,HYD,Mon,2,Winter,Evening (15-19),11.8,False,False
2025-09-24,BlueSky Air,Full-service,COK-BOM,COK,BOM,Thu,9,Monsoon,Early Morning (05-08),15.5,True,False
2025-08-24,Metro Express,LCC,DEL-AMD,DEL,AMD,Tue,8,Monsoon,Early Morning (05-08),5.3,False,False
2025-12-20,IndiFly,LCC,BLR-COK,BLR,COK,Tue,12,Winter,Morning (08-11),1.8,False,False
2025-03-22,BlueSky Air,Full-service,BOM-COK,BOM,COK,Fri,3,Spring,Early Morning (05-08),3.2,False,False
2025-03-24,Metro Express,LCC,BOM-COK,BOM,COK,Sun,3,Spring,Morning (08-11),10.0,False,False
2025-02-24,Metro Express,LCC,DEL-GOI,DEL,GOI,Tue,2,Winter,Morning (08-11),12.0,False,False
2025-05-25,Metro Express,LCC,DEL-BLR,DEL,BLR,Wed,5,Summer,Evening (15-19),5.0,False,False
2025-12-13,Metro Express,LCC,DEL-BOM,DEL,BOM,Sat,12,Winter,Evening (15-19),7.7,False,False
2025-03-23,BlueSky Air,Full-service,DEL-PNQ,DEL,PNQ,Fri,3,Spring,Early Morning (05-08),5.7,False,False
2025-03-15,Skyline National,Full-service,BLR-COK,BLR,COK,Mon,3,Spring,Afternoon (11-15),6.0,False,False
2025-07-10,IndiFly,LCC,DEL-PNQ,DEL,PNQ,Tue,7,Monsoon,Morning (08-11),3.7,False,False
2025-08-21,IndiFly,LCC,BOM-BLR,BOM,BLR,Thu,8,Monsoon,Afternoon (11-15),12.0,False,False
2025-02-15,BlueSky Air,Full-service,BLR-COK,BLR,COK,Mon,2,Winter,Early Morning (05-08),2.2,False,False
2025-03-25,IndiFly,LCC,DEL-BOM,DEL,BOM,Thu,3,Spring,Night (19-23),9.2,False,False
2025-03-15,Metro Express,LCC,COK-BOM,COK,BOM,Sun,3,Spring,Early Morning (05-08),2.7,False,False
2025-02-16,BlueSky Air,Full-service,DEL-PNQ,DEL,PNQ,Fri,2,Winter,Night (19-23),12.3,False,False
2025-06-14,Metro Express,LCC,MAA-CCU,MAA,CCU,Tue,6,Summer,Afternoon (11-15),8.3,False,False
2025-11-01,Metro Express,LCC,DEL-AMD,DEL,AMD,Wed,11,Post-Monsoon,Evening (15-19),6.8,False,False
2025-09-12,Metro Express,LCC,BLR-COK,BLR,COK,Tue,9,Monsoon,Morning (08-11),33.7,True,False
2025-09-16,BlueSky Air,Full-service,DEL-PNQ,DEL,PNQ,Mon,9,Monsoon,Night (19-23),2.8,False,False
2025-05-07,Metro Express,LCC,BOM-BLR,BOM,BLR,Mon,5,Summer,Morning (08-11),3.3,False,False
2025-06-10,Metro Express,LCC,DEL-PNQ,DEL,PNQ,Thu,6,Summer,Night (19-23),10.9,False,False
2025-01-09,BlueSky Air,Full-service,BOM-COK,BOM,COK,Sun,1,Winter,Afternoon (11-15),6.8,False,False
2025-08-19,BlueSky Air,Full-service,DEL-BLR,DEL,BLR,Fri,8,Monsoon,Early Morning (05-08),2.8,False,False
2025-08-02,IndiFly,LCC,BOM-GOI,BOM,GOI,Sun,8,Monsoon,Afternoon (11-15),19.9,True,False
2025-12-05,Coastal Wings,Regional/turboprop,DEL-HYD,DEL,HYD,Thu,12,Winter,Early Morning (05-08),16.8,True,False
2025-11-11,IndiFly,LCC,DEL-CCU,DEL,CCU,Mon,11,Post-Monsoon,Afternoon (11-15),4.2,False,False
2025-09-27,Coastal Wings,Regional/turboprop,DEL-CCU,DEL,CCU,Tue,9,Monsoon,Morning (08-11),11.2,False,False
2025-04-15,Metro Express,LCC,DEL-BOM,DEL,BOM,Tue,4,Spring,Morning (08-11),16.4,True,False
2025-10-17,IndiFly,LCC,BOM-GOI,BOM,GOI,Fri,10,Post-Monsoon,Early Morning (05-08),8.9,False,False
2025-10-21,IndiFly,LCC,DEL-BOM,DEL,BOM,Sat,10,Post-Monsoon,Night (19-23),7.1,False,False
2025-09-14,IndiFly,LCC,DEL-AMD,DEL,AMD,Fri,9,Monsoon,Afternoon (11-15),2.6,False,False
2025-02-02,Skyline National,Full-service,DEL-CCU,DEL,CCU,Fri,2,Winter,Early Morning (05-08),4.1,False,False
2025-06-01,IndiFly,LCC,DEL-HYD,DEL,HYD,Fri,6,Summer,Night (19-23),11.4,False,False
2025-11-13,Metro Express,LCC,BOM-COK,BOM,COK,Wed,11,Post-Monsoon,Night (19-23),12.9,False,False
2025-01-08,IndiFly,LCC,BOM-COK,BOM,COK,Tue,1,Winter,Afternoon (11-15),3.0,False,False
2025-12-06,Skyline National,Full-service,DEL-CCU,DEL,CCU,Tue,12,Winter,Morning (08-11),21.0,True,False
2025-11-11,IndiFly,LCC,BOM-COK,BOM,COK,Mon,11,Post-Monsoon,Evening (15-19),10.3,False,False
2025-08-16,Metro Express,LCC,DEL-HYD,DEL,HYD,Thu,8,Monsoon,Afternoon (11-15),15.5,True,False
2025-04-28,Skyline National,Full-service,BOM-GOI,BOM,GOI,Mon,4,Spring,Afternoon (11-15),4.1,False,False
2025-01-13,Metro Express,LCC,DEL-BOM,DEL,BOM,Sat,1,Winter,Afternoon (11-15),15.5,True,False
2025-10-25,Metro Express,LCC,BOM-GOI,BOM,GOI,Sun,10,Post-Monsoon,Night (19-23),7.6,False,False
2025-12-28,Metro Express,LCC,DEL-BOM,DEL,BOM,Sat,12,Winter,Afternoon (11-15),15.2,True,False
2025-02-12,IndiFly,LCC,MAA-CCU,MAA,CCU,Mon,2,Winter,Early Morning (05-08),3.8,False,False
2025-06-21,IndiFly,LCC,DEL-AMD,DEL,AMD,Fri,6,Summer,Morning (08-11),3.4,False,False
2025-12-15,Skyline National,Full-service,COK-BOM,COK,BOM,Fri,12,Winter,Morning (08-11),5.8,False,False
2025-06-16,BlueSky Air,Full-service,DEL-BLR,DEL,BLR,Sat,6,Summer,Afternoon (11-15),4.9,False,False
2025-03-09,IndiFly,LCC,DEL-PNQ,DEL,PNQ,Sat,3,Spring,Evening (15-19),16.1,True,False
2025-12-06,Metro Express,LCC,DEL-BLR,DEL,BLR,Wed,12,Winter,Afternoon (11-15),0.0,False,True
2025-10-26,BlueSky Air,Full-service,DEL-BLR,DEL,BLR,Wed,10,Post-Monsoon,Evening (15-19),7.5,False,False
2025-12-06,Metro Express,LCC,BOM-BLR,BOM,BLR,Wed,12,Winter,Night (19-23),6.3,False,False
2025-11-06,Metro Express,LCC,DEL-BLR,DEL,BLR,Wed,11,Post-Monsoon,Afternoon (11-15),11.6,False,False
2025-03-19,Metro Express,LCC,DEL-CCU,DEL,CCU,Sun,3,Spring,Evening (15-19),3.9,False,False
2025-01-23,IndiFly,LCC,DEL-AMD,DEL,AMD,Thu,1,Winter,Morning (08-11),12.0,False,False
2025-05-10,Skyline National,Full-service,DEL-BOM,DEL,BOM,Sun,5,Summer,Night (19-23),24.8,True,False
2025-01-06,BlueSky Air,Full-service,DEL-PNQ,DEL,PNQ,Wed,1,Winter,Evening (15-19),43.6,True,False
2025-10-16,IndiFly,LCC,MAA-CCU,MAA,CCU,Wed,10,Post-Monsoon,Early Morning (05-08),3.8,False,False
2025-06-26,Metro Express,LCC,BLR-HYD,BLR,HYD,Sun,6,Summer,Afternoon (11-15),2.5,False,False
2025-06-07,Skyline National,Full-service,MAA-CCU,MAA,CCU,Sun,6,Summer,Afternoon (11-15),4.9,False,False
2025-03-01,BlueSky Air,Full-service,DEL-BOM,DEL,BOM,Thu,3,Spring,Early Morning (05-08),5.4,False,False
2025-04-16,Skyline National,Full-service,BOM-COK,BOM,COK,Tue,4,Spring,Morning (08-11),4.6,False,False
2025-05-23,Metro Express,LCC,DEL-BLR,DEL,BLR,Fri,5,Summer,Evening (15-19),3.6,False,False
2025-01-12,Metro Express,LCC,DEL-CCU,DEL,CCU,Tue,1,Winter,Afternoon (11-15),34.9,True,False
2025-04-04,IndiFly,LCC,MAA-CCU,MAA,CCU,Tue,4,Spring,Early Morning (05-08),2.4,False,False
2025-11-12,Metro Express,LCC,DEL-PNQ,DEL,PNQ,Wed,11,Post-Monsoon,Early Morning (05-08),14.9,False,False
2025-01-26,BlueSky Air,Full-service,BLR-HYD,BLR,HYD,Mon,1,Winter,Afternoon (11-15),8.0,False,False
2025-01-20,IndiFly,LCC,DEL-AMD,DEL,AMD,Sat,1,Winter,Morning (08-11),14.2,False,False
2025-12-24,IndiFly,LCC,DEL-AMD,DEL,AMD,Mon,12,Winter,Night (19-23),17.1,True,False
2025-03-28,BlueSky Air,Full-service,DEL-BLR,DEL,BLR,Mon,3,Spring,Evening (15-19),5.4,False,False
2025-02-20,BlueSky Air,Full-service,MAA-CCU,MAA,CCU,Sun,2,Winter,Early Morning (05-08),4.1,False,False
2025-05-15,BlueSky Air,Full-service,DEL-BOM,DEL,BOM,Sat,5,Summer,Evening (15-19),3.3,False,False
2025-01-03,Metro Express,LCC,MAA-CCU,MAA,CCU,Thu,1,Winter,Night (19-23),6.1,False,False
2025-01-20,Skyline National,Full-service,BOM-COK,BOM,COK,Tue,1,Winter,Early Morning (05-08),7.0,False,False
2025-05-16,IndiFly,LCC,BOM-BLR,BOM,BLR,Mon,5,Summer,Afternoon (11-15),12.5,False,False
2025-10-13,IndiFly,LCC,BOM-BLR,BOM,BLR,Wed,10,Post-Monsoon,Early Morning (05-08),3.4,False,False
2025-02-24,Skyline National,Full-service,DEL-BLR,DEL,BLR,Mon,2,Winter,Early Morning (05-08),8.3,False,False
2025-05-22,Metro Express,LCC,DEL-BLR,DEL,BLR,Wed,5,Summer,Morning (08-11),3.1,False,False
2025-05-01,IndiFly,LCC,DEL-BOM,DEL,BOM,Sun,5,Summer,Afternoon (11-15),5.4,False,False
2025-03-21,IndiFly,LCC,DEL-AMD,DEL,AMD,Thu,3,Spring,Evening (15-19),4.4,False,False
2025-02-22,Skyline National,Full-service,MAA-CCU,MAA,CCU,Sat,2,Winter,Morning (08-11),3.6,False,False
2025-10-22,IndiFly,LCC,DEL-BOM,DEL,BOM,Wed,10,Post-Monsoon,Evening (15-19),15.9,True,False
2025-01-15,Coastal Wings,Regional/turboprop,DEL-PNQ,DEL,PNQ,Tue,1,Winter,Morning (08-11),27.4,True,False
2025-03-02,IndiFly,LCC,BLR-COK,BLR,COK,Sun,3,Spring,Afternoon (11-15),7.0,False,False
2025-09-10,IndiFly,LCC,DEL-PNQ,DEL,PNQ,Wed,9,Monsoon,Evening (15-19),8.8,False,False
2025-08-11,Metro Express,LCC,DEL-PNQ,DEL,PNQ,Sun,8,Monsoon,Early Morning (05-08),5.2,False,False
2025-09-14,BlueSky Air,Full-service,DEL-BOM,DEL,BOM,Tue,9,Monsoon,Early Morning (05-08),4.7,False,False
2025-02-08,Metro Express,LCC,MAA-CCU,MAA,CCU,Mon,2,Winter,Night (19-23),21.1,True,False
2025-11-14,IndiFly,LCC,BOM-BLR,BOM,BLR,Wed,11,Post-Monsoon,Evening (15-19),7.7,False,False
2025-03-03,IndiFly,LCC,BOM-BLR,BOM,BLR,Wed,3,Spring,Morning (08-11),3.1,False,False
2025-02-19,Skyline National,Full-service,DEL-HYD,DEL,HYD,Wed,2,Winter,Evening (15-19),6.5,False,False
2025-01-09,IndiFly,LCC,DEL-CCU,DEL,CCU,Wed,1,Winter,Morning (08-11),13.8,False,False
2025-05-02,Skyline National,Full-service,BOM-COK,BOM,COK,Sat,5,Summer,Evening (15-19),8.7,False,False
2025-09-28,Coastal Wings,Regional/turboprop,DEL-AMD,DEL,AMD,Sun,9,Monsoon,Afternoon (11-15),5.0,False,False
2025-02-18,Skyline National,Full-service,DEL-BOM,DEL,BOM,Mon,2,Winter,Early Morning (05-08),3.4,False,False
2025-06-06,Metro Express,LCC,BOM-GOI,BOM,GOI,Mon,6,Summer,Night (19-23),11.7,False,False
2025-08-14,Metro Express,LCC,BLR-COK,BLR,COK,Wed,8,Monsoon,Morning (08-11),17.0,True,False
2025-10-15,BlueSky Air,Full-service,BOM-COK,BOM,COK,Thu,10,Post-Monsoon,Night (19-23),10.1,False,False
2025-08-24,Coastal Wings,Regional/turboprop,BOM-GOI,BOM,GOI,Wed,8,Monsoon,Early Morning (05-08),10.7,False,False
2025-03-08,IndiFly,LCC,BOM-BLR,BOM,BLR,Tue,3,Spring,Morning (08-11),4.1,False,False
2025-04-23,BlueSky Air,Full-service,BOM-GOI,BOM,GOI,Fri,4,Spring,Morning (08-11),5.0,False,False
2025-07-14,IndiFly,LCC,BOM-GOI,BOM,GOI,Mon,7,Monsoon,Evening (15-19),16.2,True,False
2025-02-08,IndiFly,LCC,DEL-BLR,DEL,BLR,Fri,2,Winter,Early Morning (05-08),5.0,False,False
2025-01-22,BlueSky Air,Full-service,DEL-BLR,DEL,BLR,Thu,1,Winter,Morning (08-11),25.1,True,False
2025-04-17,Metro Express,LCC,DEL-BLR,DEL,BLR,Sun,4,Spring,Afternoon (11-15),9.1,False,False
2025-02-17,Skyline National,Full-service,DEL-AMD,DEL,AMD,Mon,2,Winter,Early Morning (05-08),6.7,False,False
2025-11-10,IndiFly,LCC,DEL-HYD,DEL,HYD,Mon,11,Post-Monsoon,Evening (15-19),5.3,False,False
2025-07-20,Metro Express,LCC,BLR-HYD,BLR,HYD,Fri,7,Monsoon,Morning (08-11),17.7,True,False
2025-02-26,Skyline National,Full-service,DEL-BOM,DEL,BOM,Fri,2,Winter,Night (19-23),9.9,False,False
2025-08-15,Skyline National,Full-service,DEL-CCU,DEL,CCU,Sat,8,Monsoon,Night (19-23),3.6,False,False
2025-09-15,Metro Express,LCC,BLR-COK,BLR,COK,Sun,9,Monsoon,Morning (08-11),22.1,True,False
2025-06-15,IndiFly,LCC,MAA-CCU,MAA,CCU,Wed,6,Summer,Morning (08-11),5.3,False,False
2025-05-18,Skyline National,Full-service,DEL-CCU,DEL,CCU,Mon,5,Summer,Morning (08-11),3.1,False,False
2025-06-12,Coastal Wings,Regional/turboprop,BOM-COK,BOM,COK,Fri,6,Summer,Morning (08-11),7.4,False,False
2025-12-10,Skyline National,Full-service,DEL-BOM,DEL,BOM,Sun,12,Winter,Evening (15-19),12.8,False,False
2025-12-09,IndiFly,LCC,BOM-BLR,BOM,BLR,Wed,12,Winter,Afternoon (11-15),4.7,False,False
2025-09-27,IndiFly,LCC,DEL-BOM,DEL,BOM,Tue,9,Monsoon,Afternoon (11-15),4.0,False,False
2025-07-25,IndiFly,LCC,DEL-CCU,DEL,CCU,Tue,7,Monsoon,Early Morning (05-08),2.4,False,False
2025-04-27,BlueSky Air,Full-service,DEL-BOM,DEL,BOM,Sat,4,Spring,Evening (15-19),16.9,True,False
2025-08-24,IndiFly,LCC,DEL-BOM,DEL,BOM,Thu,8,Monsoon,Early Morning (05-08),7.6,False,False
2025-09-25,IndiFly,LCC,COK-BOM,COK,BOM,Sun,9,Monsoon,Afternoon (11-15),7.8,False,False
2025-04-06,Coastal Wings,Regional/turboprop,DEL-GOI,DEL,GOI,Fri,4,Spring,Afternoon (11-15),8.7,False,False
2025-02-24,IndiFly,LCC,DEL-HYD,DEL,HYD,Sun,2,Winter,Afternoon (11-15),4.6,False,False
2025-08-21,Coastal Wings,Regional/turboprop,DEL-BOM,DEL,BOM,Wed,8,Monsoon,Afternoon (11-15),8.9,False,False
2025-10-16,Skyline National,Full-service,BOM-BLR,BOM,BLR,Thu,10,Post-Monsoon,Morning (08-11),10.0,False,False
2025-02-16,IndiFly,LCC,DEL-BLR,DEL,BLR,Sat,2,Winter,Night (19-23),19.1,True,False
2025-08-23,Metro Express,LCC,BOM-COK,BOM,COK,Sat,8,Monsoon,Morning (08-11),11.0,False,False
2025-01-10,IndiFly,LCC,DEL-BOM,DEL,BOM,Mon,1,Winter,Morning (08-11),15.2,True,False
2025-08-24,IndiFly,LCC,BLR-HYD,BLR,HYD,Mon,8,Monsoon,Early Morning (05-08),5.1,False,False
2025-02-14,Skyline National,Full-service,DEL-BOM,DEL,BOM,Sat,2,Winter,Morning (08-11),5.7,False,False
2025-02-19,Skyline National,Full-service,BOM-GOI,BOM,GOI,Thu,2,Winter,Evening (15-19),8.1,False,False
2025-07-27,IndiFly,LCC,DEL-AMD,DEL,AMD,Mon,7,Monsoon,Afternoon (11-15),7.7,False,False
2025-09-21,Skyline National,Full-service,BLR-HYD,BLR,HYD,Wed,9,Monsoon,Evening (15-19),2.9,False,False
2025-09-13,BlueSky Air,Full-service,BLR-HYD,BLR,HYD,Wed,9,Monsoon,Night (19-23),3.2,False,False
2025-03-14,BlueSky Air,Full-service,BOM-BLR,BOM,BLR,Wed,3,Spring,Night (19-23),6.8,False,False
2025-02-11,Metro Express,LCC,BLR-COK,BLR,COK,Wed,2,Winter,Early Morning (05-08),5.6,False,False
2025-07-18,IndiFly,LCC,DEL-BOM,DEL,BOM,Mon,7,Monsoon,Afternoon (11-15),8.2,False,False
2025-09-22,IndiFly,LCC,BOM-BLR,BOM,BLR,Wed,9,Monsoon,Afternoon (11-15),11.0,False,False
2025-07-17,IndiFly,LCC,DEL-HYD,DEL,HYD,Sun,7,Monsoon,Evening (15-19),9.1,False,False
2025-03-07,Metro Express,LCC,DEL-PNQ,DEL,PNQ,Wed,3,Spring,Evening (15-19),9.8,False,False
2025-06-03,Skyline National,Full-service,BOM-BLR,BOM,BLR,Sun,6,Summer,Morning (08-11),3.6,False,False
2025-07-04,Metro Express,LCC,DEL-GOI,DEL,GOI,Fri,7,Monsoon,Early Morning (05-08),17.6,True,False
2025-07-04,Metro Express,LCC,DEL-BLR,DEL,BLR,Wed,7,Monsoon,Evening (15-19),6.2,False,False
2025-03-16,Skyline National,Full-service,DEL-HYD,DEL,HYD,Wed,3,Spring,Afternoon (11-15),4.2,False,False
2025-02-28,IndiFly,LCC,DEL-HYD,DEL,HYD,Sat,2,Winter,Evening (15-19),10.4,False,False
2025-05-26,BlueSky Air,Full-service,BOM-GOI,BOM,GOI,Sun,5,Summer,Afternoon (11-15),2.8,False,False
2025-06-28,Skyline National,Full-service,DEL-BLR,DEL,BLR,Fri,6,Summer,Evening (15-19),14.2,False,False
2025-11-17,BlueSky Air,Full-service,BLR-COK,BLR,COK,Wed,11,Post-Monsoon,Morning (08-11),4.1,False,False
2025-02-11,BlueSky Air,Full-service,BOM-COK,BOM,COK,Wed,2,Winter,Morning (08-11),2.3,False,False
2025-05-16,BlueSky Air,Full-service,DEL-PNQ,DEL,PNQ,Sat,5,Summer,Morning (08-11),10.0,False,False
2025-06-18,IndiFly,LCC,DEL-PNQ,DEL,PNQ,Wed,6,Summer,Morning (08-11),6.5,False,False
2025-08-03,IndiFly,LCC,DEL-PNQ,DEL,PNQ,Thu,8,Monsoon,Night (19-23),9.6,False,False
2025-10-20,Skyline National,Full-service,MAA-CCU,MAA,CCU,Sun,10,Post-Monsoon,Morning (08-11),6.5,False,False
2025-10-15,Metro Express,LCC,DEL-BLR,DEL,BLR,Tue,10,Post-Monsoon,Afternoon (11-15),11.3,False,False
2025-01-01,BlueSky Air,Full-service,DEL-BOM,DEL,BOM,Sun,1,Winter,Evening (15-19),17.2,True,False
2025-02-17,Coastal Wings,Regional/turboprop,DEL-BLR,DEL,BLR,Fri,2,Winter,Morning (08-11),3.6,False,False
2025-02-04,IndiFly,LCC,BLR-COK,BLR,COK,Sat,2,Winter,Afternoon (11-15),6.6,False,False
2025-09-21,BlueSky Air,Full-service,DEL-BLR,DEL,BLR,Wed,9,Monsoon,Early Morning (05-08),8.7,False,False
2025-06-19,IndiFly,LCC,DEL-PNQ,DEL,PNQ,Wed,6,Summer,Evening (15-19),4.4,False,False
2025-10-22,Skyline National,Full-service,BOM-GOI,BOM,GOI,Fri,10,Post-Monsoon,Morning (08-11),5.7,False,False
2025-01-13,IndiFly,LCC,BOM-GOI,BOM,GOI,Fri,1,Winter,Evening (15-19),12.3,False,False
2025-02-20,IndiFly,LCC,DEL-BOM,DEL,BOM,Sat,2,Winter,Morning (08-11),4.7,False,False
2025-12-11,Skyline National,Full-service,DEL-AMD,DEL,AMD,Mon,12,Winter,Night (19-23),18.7,True,False
2025-01-12,Metro Express,LCC,DEL-AMD,DEL,AMD,Wed,1,Winter,Evening (15-19),14.3,False,False
2025-01-10,Skyline National,Full-service,COK-BOM,COK,BOM,Sun,1,Winter,Afternoon (11-15),11.0,False,False
2025-07-02,IndiFly,LCC,COK-BOM,COK,BOM,Mon,7,Monsoon,Evening (15-19),10.3,False,False
2025-07-09,Skyline National,Full-service,BOM-GOI,BOM,GOI,Wed,7,Monsoon,Night (19-23),31.7,True,False
2025-07-19,IndiFly,LCC,COK-BOM,COK,BOM,Wed,7,Monsoon,Morning (08-11),13.6,False,False
2025-12-20,Metro Express,LCC,DEL-AMD,DEL,AMD,Wed,12,Winter,Afternoon (11-15),13.6,False,False
2025-03-18,Metro Express,LCC,DEL-AMD,DEL,AMD,Sat,3,Spring,Morning (08-11),6.7,False,False
2025-08-12,Skyline National,Full-service,BOM-GOI,BOM,GOI,Tue,8,Monsoon,Night (19-23),4.5,False,False
2025-03-16,Skyline National,Full-service,DEL-BLR,DEL,BLR,Thu,3,Spring,Morning (08-11),4.2,False,False
2025-03-11,Skyline National,Full-service,BOM-GOI,BOM,GOI,Mon,3,Spring,Early Morning (05-08),4.2,False,False
2025-05-14,Metro Express,LCC,DEL-BLR,DEL,BLR,Sat,5,Summer,Early Morning (05-08),5.6,False,False
2025-06-12,BlueSky Air,Full-service,DEL-BOM,DEL,BOM,Wed,6,Summer,Early Morning (05-08),7.4,False,False
2025-01-23,BlueSky Air,Full-service,DEL-HYD,DEL,HYD,Thu,1,Winter,Afternoon (11-15),32.9,True,False
2025-08-06,Metro Express,LCC,COK-BOM,COK,BOM,Tue,8,Monsoon,Night (19-23),5.0,False,False
2025-10-14,Metro Express,LCC,HYD-MAA,HYD,MAA,Sat,10,Post-Monsoon,Night (19-23),3.0,False,False
2025-08-08,IndiFly,LCC,DEL-BOM,DEL,BOM,Sat,8,Monsoon,Early Morning (05-08),3.7,False,False
2025-05-07,Skyline National,Full-service,BLR-HYD,BLR,HYD,Mon,5,Summer,Early Morning (05-08),8.1,False,False
2025-01-10,IndiFly,LCC,BOM-COK,BOM,COK,Tue,1,Winter,Afternoon (11-15),2.6,False,False
2025-04-14,Metro Express,LCC,BOM-GOI,BOM,GOI,Mon,4,Spring,Night (19-23),7.8,False,False
2025-02-07,IndiFly,LCC,BLR-COK,BLR,COK,Mon,2,Winter,Early Morning (05-08),4.7,False,False
2025-02-17,IndiFly,LCC,BLR-COK,BLR,COK,Tue,2,Winter,Morning (08-11),2.3,False,False
2025-12-23,BlueSky Air,Full-service,BLR-COK,BLR,COK,Fri,12,Winter,Early Morning (05-08),3.9,False,False
2025-03-21,IndiFly,LCC,BOM-BLR,BOM,BLR,Sat,3,Spring,Morning (08-11),4.6,False,False
2025-03-07,IndiFly,LCC,DEL-HYD,DEL,HYD,Sat,3,Spring,Evening (15-19),4.0,False,False
2025-05-13,Skyline National,Full-service,DEL-PNQ,DEL,PNQ,Fri,5,Summer,Night (19-23),9.1,False,False
2025-12-03,IndiFly,LCC,BOM-BLR,BOM,BLR,Tue,12,Winter,Afternoon (11-15),3.8,False,False
2025-10-15,BlueSky Air,Full-service,COK-BOM,COK,BOM,Sun,10,Post-Monsoon,Night (19-23),7.6,False,False
2025-07-16,IndiFly,LCC,BOM-GOI,BOM,GOI,Fri,7,Monsoon,Evening (15-19),7.2,False,False
2025-10-22,BlueSky Air,Full-service,COK-BOM,COK,BOM,Wed,10,Post-Monsoon,Night (19-23),3.2,False,False
2025-05-18,Metro Express,LCC,DEL-BOM,DEL,BOM,Mon,5,Summer,Early Morning (05-08),18.6,True,False
2025-10-24,IndiFly,LCC,COK-BOM,COK,BOM,Tue,10,Post-Monsoon,Morning (08-11),3.2,False,False
2025-03-07,BlueSky Air,Full-service,BOM-BLR,BOM,BLR,Sun,3,Spring,Morning (08-11),7.6,False,False
2025-02-02,BlueSky Air,Full-service,BOM-GOI,BOM,GOI,Wed,2,Winter,Early Morning (05-08),3.8,False,False
2025-02-28,Metro Express,LCC,DEL-AMD,DEL,AMD,Mon,2,Winter,Morning (08-11),2.2,False,False
2025-12-09,Metro Express,LCC,MAA-CCU,MAA,CCU,Mon,12,Winter,Morning (08-11),8.9,False,False
2025-09-18,Metro Express,LCC,DEL-BOM,DEL,BOM,Mon,9,Monsoon,Afternoon (11-15),3.6,False,False
2025-11-17,BlueSky Air,Full-service,DEL-BOM,DEL,BOM,Tue,11,Post-Monsoon,Early Morning (05-08),3.9,False,False
2025-09-11,IndiFly,LCC,BOM-BLR,BOM,BLR,Sun,9,Monsoon,Early Morning (05-08),8.6,False,False
2025-06-27,IndiFly,LCC,DEL-AMD,DEL,AMD,Mon,6,Summer,Evening (15-19),5.8,False,False
2025-02-03,Metro Express,LCC,DEL-CCU,DEL,CCU,Sat,2,Winter,Morning (08-11),4.0,False,False
2025-05-19,BlueSky Air,Full-service,MAA-CCU,MAA,CCU,Tue,5,Summer,Evening (15-19),2.5,False,False
2025-05-23,BlueSky Air,Full-service,DEL-HYD,DEL,HYD,Thu,5,Summer,Night (19-23),3.8,False,False
2025-10-25,IndiFly,LCC,DEL-HYD,DEL,HYD,Sat,10,Post-Monsoon,Morning (08-11),3.1,False,False
2025-08-28,Metro Express,LCC,COK-BOM,COK,BOM,Sat,8,Monsoon,Night (19-23),0.0,False,True
2025-01-01,Metro Express,LCC,DEL-CCU,DEL,CCU,Sat,1,Winter,Early Morning (05-08),38.7,True,False
2025-06-03,BlueSky Air,Full-service,BOM-GOI,BOM,GOI,Thu,6,Summer,Early Morning (05-08),13.0,False,False
2025-07-11,Coastal Wings,Regional/turboprop,DEL-BLR,DEL,BLR,Sat,7,Monsoon,Morning (08-11),5.2,False,False
2025-06-20,IndiFly,LCC,DEL-BOM,DEL,BOM,Mon,6,Summer,Morning (08-11),8.2,False,False
2025-11-17,IndiFly,LCC,DEL-BLR,DEL,BLR,Tue,11,Post-Monsoon,Evening (15-19),4.3,False,False
2025-10-26,Metro Express,LCC,DEL-BLR,DEL,BLR,Sun,10,Post-Monsoon,Night (19-23),3.2,False,False
2025-10-09,IndiFly,LCC,BLR-HYD,BLR,HYD,Mon,10,Post-Monsoon,Night (19-23),4.7,False,False
2025-11-19,Metro Express,LCC,DEL-BOM,DEL,BOM,Tue,11,Post-Monsoon,Evening (15-19),4.8,False,False
2025-03-18,IndiFly,LCC,HYD-MAA,HYD,MAA,Wed,3,Spring,Night (19-23),5.1,False,False
2025-03-27,Metro Express,LCC,MAA-CCU,MAA,CCU,Fri,3,Spring,Evening (15-19),3.1,False,False
2025-05-09,Metro Express,LCC,DEL-CCU,DEL,CCU,Mon,5,Summer,Night (19-23),9.8,False,False
2025-05-20,Coastal Wings,Regional/turboprop,DEL-HYD,DEL,HYD,Thu,5,Summer,Morning (08-11),3.7,False,False
2025-07-27,IndiFly,LCC,DEL-HYD,DEL,HYD,Sat,7,Monsoon,Afternoon (11-15),16.5,True,False
2025-10-08,Metro Express,LCC,DEL-PNQ,DEL,PNQ,Sun,10,Post-Monsoon,Morning (08-11),6.3,False,False
2025-11-07,Metro Express,LCC,DEL-BOM,DEL,BOM,Sat,11,Post-Monsoon,Early Morning (05-08),4.2,False,False
2025-10-10,Metro Express,LCC,HYD-MAA,HYD,MAA,Fri,10,Post-Monsoon,Early Morning (05-08),5.5,False,False
2025-05-10,IndiFly,LCC,BLR-HYD,BLR,HYD,Thu,5,Summer,Morning (08-11),2.7,False,False
2025-09-09,Metro Express,LCC,DEL-CCU,DEL,CCU,Fri,9,Monsoon,Night (19-23),2.2,False,False
2025-11-25,Coastal Wings,Regional/turboprop,BOM-GOI,BOM,GOI,Mon,11,Post-Monsoon,Afternoon (11-15),8.7,False,False
2025-04-26,IndiFly,LCC,DEL-CCU,DEL,CCU,Tue,4,Spring,Evening (15-19),2.7,False,False
2025-04-06,BlueSky Air,Full-service,BOM-BLR,BOM,BLR,Tue,4,Spring,Night (19-23),3.6,False,False
2025-06-10,IndiFly,LCC,BOM-GOI,BOM,GOI,Tue,6,Summer,Morning (08-11),8.9,False,False
2025-05-05,Skyline National,Full-service,DEL-BOM,DEL,BOM,Tue,5,Summer,Morning (08-11),4.7,False,False
2025-12-17,IndiFly,LCC,DEL-HYD,DEL,HYD,Wed,12,Winter,Evening (15-19),10.2,False,False
2025-12-07,IndiFly,LCC,DEL-AMD,DEL,AMD,Sat,12,Winter,Evening (15-19),13.2,False,False
2025-10-05,BlueSky Air,Full-service,BLR-HYD,BLR,HYD,Mon,10,Post-Monsoon,Morning (08-11),4.0,False,False
2025-04-04,IndiFly,LCC,BOM-BLR,BOM,BLR,Thu,4,Spring,Afternoon (11-15),9.6,False,False
2025-09-04,IndiFly,LCC,DEL-BOM,DEL,BOM,Sun,9,Monsoon,Evening (15-19),7.6,False,False
2025-06-02,Skyline National,Full-service,BLR-COK,BLR,COK,Tue,6,Summer,Early Morning (05-08),9.7,False,False
2025-08-14,Metro Express,LCC,DEL-HYD,DEL,HYD,Sun,8,Monsoon,Night (19-23),10.8,False,False
2025-01-21,IndiFly,LCC,BOM-BLR,BOM,BLR,Sun,1,Winter,Morning (08-11),4.7,False,False
2025-10-15,BlueSky Air,Full-service,BOM-BLR,BOM,BLR,Tue,10,Post-Monsoon,Early Morning (05-08),7.5,False,False
2025-05-28,BlueSky Air,Full-service,DEL-AMD,DEL,AMD,Tue,5,Summer,Early Morning (05-08),2.9,False,False
2025-07-15,Metro Express,LCC,DEL-BLR,DEL,BLR,Sun,7,Monsoon,Early Morning (05-08),16.7,True,False
2025-02-24,Metro Express,LCC,DEL-PNQ,DEL,PNQ,Sun,2,Winter,Early Morning (05-08),3.9,False,False
2025-03-08,IndiFly,LCC,HYD-MAA,HYD,MAA,Wed,3,Spring,Evening (15-19),3.5,False,False
2025-07-23,IndiFly,LCC,DEL-BLR,DEL,BLR,Sun,7,Monsoon,Morning (08-11),6.3,False,False
2025-04-17,IndiFly,LCC,MAA-CCU,MAA,CCU,Tue,4,Spring,Morning (08-11),6.8,False,False
2025-10-21,Coastal Wings,Regional/turboprop,DEL-BLR,DEL,BLR,Thu,10,Post-Monsoon,Early Morning (05-08),12.0,False,False
2025-12-24,BlueSky Air,Full-service,BLR-HYD,BLR,HYD,Mon,12,Winter,Afternoon (11-15),6.2,False,False
2025-02-01,BlueSky Air,Full-service,DEL-CCU,DEL,CCU,Wed,2,Winter,Night (19-23),6.4,False,False
2025-07-25,Coastal Wings,Regional/turboprop,DEL-PNQ,DEL,PNQ,Sun,7,Monsoon,Night (19-23),5.0,False,False
2025-11-03,BlueSky Air,Full-service,BOM-BLR,BOM,BLR,Sun,11,Post-Monsoon,Morning (08-11),2.9,False,False
2025-05-05,IndiFly,LCC,DEL-HYD,DEL,HYD,Sat,5,Summer,Morning (08-11),3.1,False,False
2025-01-02,BlueSky Air,Full-service,DEL-CCU,DEL,CCU,Sat,1,Winter,Night (19-23),12.8,False,False
2025-10-07,BlueSky Air,Full-service,DEL-PNQ,DEL,PNQ,Sun,10,Post-Monsoon,Evening (15-19),4.0,False,False
2025-03-17,BlueSky Air,Full-service,BOM-COK,BOM,COK,Fri,3,Spring,Afternoon (11-15),11.0,False,False
2025-03-23,Metro Express,LCC,DEL-BOM,DEL,BOM,Thu,3,Spring,Morning (08-11),3.7,False,False
2025-03-24,IndiFly,LCC,COK-BOM,COK,BOM,Wed,3,Spring,Evening (15-19),4.7,False,False
2025-04-05,BlueSky Air,Full-service,COK-BOM,COK,BOM,Wed,4,Spring,Morning (08-11),10.7,False,False
2025-08-06,Metro Express,LCC,DEL-CCU,DEL,CCU,Fri,8,Monsoon,Afternoon (11-15),4.0,False,False
2025-01-06,IndiFly,LCC,DEL-HYD,DEL,HYD,Tue,1,Winter,Afternoon (11-15),8.5,False,False
2025-04-10,BlueSky Air,Full-service,BLR-HYD,BLR,HYD,Mon,4,Spring,Night (19-23),5.1,False,False
2025-08-16,IndiFly,LCC,DEL-GOI,DEL,GOI,Sun,8,Monsoon,Evening (15-19),12.4,False,False
2025-09-28,Coastal Wings,Regional/turboprop,DEL-BOM,DEL,BOM,Thu,9,Monsoon,Night (19-23),21.6,True,False
2025-11-09,IndiFly,LCC,DEL-AMD,DEL,AMD,Tue,11,Post-Monsoon,Early Morning (05-08),9.3,False,False
2025-04-22,BlueSky Air,Full-service,DEL-BOM,DEL,BOM,Wed,4,Spring,Morning (08-11),4.2,False,False
2025-06-25,IndiFly,LCC,BLR-COK,BLR,COK,Mon,6,Summer,Evening (15-19),21.2,True,False
2025-04-06,Metro Express,LCC,BOM-COK,BOM,COK,Sun,4,Spring,Early Morning (05-08),1.9,False,False
2025-11-01,Metro Express,LCC,BLR-COK,BLR,COK,Sat,11,Post-Monsoon,Afternoon (11-15),9.0,False,False
2025-04-28,IndiFly,LCC,DEL-BOM,DEL,BOM,Sun,4,Spring,Early Morning (05-08),9.2,False,False
2025-03-19,Metro Express,LCC,COK-BOM,COK,BOM,Mon,3,Spring,Night (19-23),4.6,False,False
2025-03-26,IndiFly,LCC,DEL-BLR,DEL,BLR,Mon,3,Spring,Afternoon (11-15),2.8,False,False
2025-06-24,BlueSky Air,Full-service,DEL-HYD,DEL,HYD,Mon,6,Summer,Early Morning (05-08),6.1,False,False
2025-01-11,Skyline National,Full-service,BOM-GOI,BOM,GOI,Fri,1,Winter,Night (19-23),8.1,False,False
2025-06-01,IndiFly,LCC,DEL-HYD,DEL,HYD,Thu,6,Summer,Afternoon (11-15),9.5,False,False
2025-11-23,IndiFly,LCC,BOM-BLR,BOM,BLR,Wed,11,Post-Monsoon,Evening (15-19),9.1,False,False
2025-04-27,Skyline National,Full-service,COK-BOM,COK,BOM,Tue,4,Spring,Night (19-23),13.6,False,False
2025-12-11,Coastal Wings,Regional/turboprop,DEL-BLR,DEL,BLR,Sun,12,Winter,Early Morning (05-08),16.9,True,False
2025-06-09,Metro Express,LCC,DEL-BOM,DEL,BOM,Thu,6,Summer,Evening (15-19),15.2,True,False
2025-07-09,IndiFly,LCC,DEL-PNQ,DEL,PNQ,Sun,7,Monsoon,Morning (08-11),4.8,False,False
2025-07-17,Metro Express,LCC,DEL-CCU,DEL,CCU,Fri,7,Monsoon,Early Morning (05-08),13.2,False,False
2025-01-24,IndiFly,LCC,BOM-GOI,BOM,GOI,Mon,1,Winter,Early Morning (05-08),9.5,False,False
2025-12-16,Coastal Wings,Regional/turboprop,DEL-BLR,DEL,BLR,Mon,12,Winter,Evening (15-19),22.1,True,False
2025-02-27,IndiFly,LCC,BOM-BLR,BOM,BLR,Wed,2,Winter,Early Morning (05-08),3.5,False,False
2025-10-10,Coastal Wings,Regional/turboprop,BOM-BLR,BOM,BLR,Mon,10,Post-Monsoon,Morning (08-11),11.3,False,False
2025-12-02,Skyline National,Full-service,DEL-BOM,DEL,BOM,Mon,12,Winter,Evening (15-19),27.9,True,False
2025-05-11,BlueSky Air,Full-service,DEL-BOM,DEL,BOM,Fri,5,Summer,Evening (15-19),7.7,False,False
2025-06-04,BlueSky Air,Full-service,COK-BOM,COK,BOM,Fri,6,Summer,Afternoon (11-15),17.2,True,False
2025-08-14,Skyline National,Full-service,DEL-BLR,DEL,BLR,Fri,8,Monsoon,Early Morning (05-08),11.5,False,False
2025-03-05,IndiFly,LCC,DEL-CCU,DEL,CCU,Mon,3,Spring,Morning (08-11),2.3,False,False
2025-08-15,Metro Express,LCC,DEL-CCU,DEL,CCU,Thu,8,Monsoon,Afternoon (11-15),3.4,False,False
2025-08-15,Skyline National,Full-service,DEL-HYD,DEL,HYD,Wed,8,Monsoon,Morning (08-11),5.5,False,False
2025-11-22,IndiFly,LCC,DEL-BLR,DEL,BLR,Fri,11,Post-Monsoon,Early Morning (05-08),5.0,False,False
2025-06-07,IndiFly,LCC,DEL-BLR,DEL,BLR,Wed,6,Summer,Early Morning (05-08),3.5,False,False
2025-04-22,Metro Express,LCC,BOM-COK,BOM,COK,Sat,4,Spring,Evening (15-19),20.1,True,False
2025-02-07,IndiFly,LCC,BOM-BLR,BOM,BLR,Mon,2,Winter,Evening (15-19),17.5,True,False
2025-04-28,Skyline National,Full-service,BOM-GOI,BOM,GOI,Fri,4,Spring,Afternoon (11-15),4.1,False,False
2025-11-02,BlueSky Air,Full-service,BOM-BLR,BOM,BLR,Thu,11,Post-Monsoon,Afternoon (11-15),3.2,False,False
2025-11-27,Skyline National,Full-service,DEL-AMD,DEL,AMD,Fri,11,Post-Monsoon,Morning (08-11),5.3,False,False
2025-05-15,BlueSky Air,Full-service,DEL-BOM,DEL,BOM,Wed,5,Summer,Early Morning (05-08),4.8,False,False
2025-12-14,Metro Express,LCC,DEL-BOM,DEL,BOM,Mon,12,Winter,Morning (08-11),17.6,True,False
2025-03-18,IndiFly,LCC,BLR-HYD,BLR,HYD,Thu,3,Spring,Evening (15-19),5.0,False,False
2025-10-14,Metro Express,LCC,DEL-BLR,DEL,BLR,Wed,10,Post-Monsoon,Morning (08-11),17.0,True,False
2025-08-03,IndiFly,LCC,BOM-BLR,BOM,BLR,Thu,8,Monsoon,Evening (15-19),19.0,True,False
2025-12-09,Metro Express,LCC,BOM-GOI,BOM,GOI,Fri,12,Winter,Afternoon (11-15),6.0,False,False
2025-07-01,Skyline National,Full-service,DEL-AMD,DEL,AMD,Mon,7,Monsoon,Afternoon (11-15),4.5,False,False
2025-12-25,Metro Express,LCC,MAA-CCU,MAA,CCU,Mon,12,Winter,Early Morning (05-08),5.0,False,False
2025-07-01,Coastal Wings,Regional/turboprop,DEL-HYD,DEL,HYD,Tue,7,Monsoon,Night (19-23),18.6,True,False
2025-12-15,IndiFly,LCC,BOM-COK,BOM,COK,Sat,12,Winter,Early Morning (05-08),3.5,False,False
2025-04-07,Coastal Wings,Regional/turboprop,DEL-CCU,DEL,CCU,Mon,4,Spring,Evening (15-19),5.9,False,False
2025-01-18,IndiFly,LCC,DEL-CCU,DEL,CCU,Thu,1,Winter,Night (19-23),7.0,False,False
2025-08-09,Metro Express,LCC,MAA-CCU,MAA,CCU,Wed,8,Monsoon,Evening (15-19),8.7,False,False
2025-03-25,BlueSky Air,Full-service,HYD-MAA,HYD,MAA,Mon,3,Spring,Morning (08-11),4.9,False,False
2025-09-05,Coastal Wings,Regional/turboprop,MAA-CCU,MAA,CCU,Wed,9,Monsoon,Night (19-23),24.9,True,False
2025-04-26,IndiFly,LCC,DEL-BOM,DEL,BOM,Fri,4,Spring,Morning (08-11),7.6,False,False
2025-02-13,Metro Express,LCC,BOM-BLR,BOM,BLR,Sun,2,Winter,Night (19-23),3.1,False,False
2025-01-25,Metro Express,LCC,DEL-BLR,DEL,BLR,Sat,1,Winter,Night (19-23),9.9,False,False
2025-11-12,Coastal Wings,Regional/turboprop,MAA-CCU,MAA,CCU,Mon,11,Post-Monsoon,Morning (08-11),3.7,False,False
2025-12-24,Metro Express,LCC,BOM-BLR,BOM,BLR,Sat,12,Winter,Afternoon (11-15),17.6,True,False
2025-01-14,BlueSky Air,Full-service,DEL-HYD,DEL,HYD,Fri,1,Winter,Night (19-23),35.8,True,False
2025-11-06,IndiFly,LCC,DEL-BOM,DEL,BOM,Mon,11,Post-Monsoon,Evening (15-19),8.4,False,False
2025-07-10,IndiFly,LCC,DEL-BOM,DEL,BOM,Sat,7,Monsoon,Night (19-23),9.2,False,False
2025-09-26,Metro Express,LCC,BOM-BLR,BOM,BLR,Fri,9,Monsoon,Morning (08-11),3.2,False,False
2025-01-04,Coastal Wings,Regional/turboprop,BOM-COK,BOM,COK,Mon,1,Winter,Early Morning (05-08),3.8,False,False
2025-02-20,IndiFly,LCC,DEL-GOI,DEL,GOI,Fri,2,Winter,Early Morning (05-08),10.3,False,False
2025-01-28,BlueSky Air,Full-service,DEL-BLR,DEL,BLR,Tue,1,Winter,Evening (15-19),40.8,True,False
2025-10-16,Metro Express,LCC,DEL-PNQ,DEL,PNQ,Mon,10,Post-Monsoon,Early Morning (05-08),4.6,False,False
2025-12-06,Skyline National,Full-service,BOM-COK,BOM,COK,Sat,12,Winter,Early Morning (05-08),3.6,False,False
2025-04-20,BlueSky Air,Full-service,BOM-COK,BOM,COK,Sat,4,Spring,Evening (15-19),2.8,False,False
2025-05-28,BlueSky Air,Full-service,DEL-BLR,DEL,BLR,Sat,5,Summer,Early Morning (05-08),3.8,False,False
2025-02-07,Skyline National,Full-service,DEL-BLR,DEL,BLR,Sat,2,Winter,Night (19-23),3.4,False,False
2025-09-25,Metro Express,LCC,BLR-COK,BLR,COK,Tue,9,Monsoon,Early Morning (05-08),10.8,False,False
2025-05-16,IndiFly,LCC,DEL-HYD,DEL,HYD,Sun,5,Summer,Morning (08-11),3.4,False,False
2025-04-03,IndiFly,LCC,BOM-BLR,BOM,BLR,Fri,4,Spring,Night (19-23),12.3,False,False
2025-10-02,Metro Express,LCC,DEL-PNQ,DEL,PNQ,Wed,10,Post-Monsoon,Afternoon (11-15),4.1,False,False
2025-07-18,Metro Express,LCC,DEL-PNQ,DEL,PNQ,Sat,7,Monsoon,Afternoon (11-15),3.2,False,False
2025-07-20,IndiFly,LCC,DEL-CCU,DEL,CCU,Thu,7,Monsoon,Morning (08-11),2.4,False,False
2025-12-10,IndiFly,LCC,DEL-HYD,DEL,HYD,Sun,12,Winter,Early Morning (05-08),15.7,True,False
2025-05-08,BlueSky Air,Full-service,DEL-BOM,DEL,BOM,Wed,5,Summer,Evening (15-19),3.9,False,False
2025-08-23,Skyline National,Full-service,DEL-CCU,DEL,CCU,Fri,8,Monsoon,Afternoon (11-15),17.6,True,False
2025-08-15,Skyline National,Full-service,MAA-CCU,MAA,CCU,Fri,8,Monsoon,Night (19-23),23.8,True,False
2025-11-22,BlueSky Air,Full-service,BOM-GOI,BOM,GOI,Tue,11,Post-Monsoon,Early Morning (05-08),4.0,False,False
2025-05-16,Coastal Wings,Regional/turboprop,MAA-CCU,MAA,CCU,Sun,5,Summer,Afternoon (11-15),3.0,False,False
2025-11-21,BlueSky Air,Full-service,DEL-BOM,DEL,BOM,Mon,11,Post-Monsoon,Early Morning (05-08),5.3,False,False
2025-12-25,Coastal Wings,Regional/turboprop,COK-BOM,COK,BOM,Fri,12,Winter,Early Morning (05-08),10.2,False,False
2025-05-01,Coastal Wings,Regional/turboprop,DEL-BOM,DEL,BOM,Sat,5,Summer,Afternoon (11-15),8.7,False,False
2025-03-13,Metro Express,LCC,DEL-BOM,DEL,BOM,Tue,3,Spring,Afternoon (11-15),6.2,False,False
2025-06-02,IndiFly,LCC,DEL-AMD,DEL,AMD,Sat,6,Summer,Afternoon (11-15),6.3,False,False
2025-12-18,Skyline National,Full-service,BLR-HYD,BLR,HYD,Sat,12,Winter,Morning (08-11),10.3,False,False
2025-10-15,Metro Express,LCC,DEL-PNQ,DEL,PNQ,Mon,10,Post-Monsoon,Afternoon (11-15),10.1,False,False
2025-05-10,IndiFly,LCC,BOM-GOI,BOM,GOI,Sun,5,Summer,Evening (15-19),8.1,False,False
2025-12-04,Metro Express,LCC,DEL-BLR,DEL,BLR,Sat,12,Winter,Early Morning (05-08),13.4,False,False
2025-07-03,BlueSky Air,Full-service,DEL-AMD,DEL,AMD,Wed,7,Monsoon,Morning (08-11),6.4,False,False
2025-02-02,Skyline National,Full-service,BOM-BLR,BOM,BLR,Mon,2,Winter,Morning (08-11),4.7,False,False
2025-05-24,IndiFly,LCC,BOM-COK,BOM,COK,Tue,5,Summer,Early Morning (05-08),4.8,False,False
2025-08-25,IndiFly,LCC,BLR-HYD,BLR,HYD,Sun,8,Monsoon,Afternoon (11-15),2.2,False,False
2025-11-20,Metro Express,LCC,BLR-COK,BLR,COK,Wed,11,Post-Monsoon,Morning (08-11),2.7,False,False
2025-11-18,IndiFly,LCC,COK-BOM,COK,BOM,Tue,11,Post-Monsoon,Morning (08-11),2.3,False,False
2025-02-07,Coastal Wings,Regional/turboprop,BOM-COK,BOM,COK,Mon,2,Winter,Early Morning (05-08),4.6,False,False
2025-04-09,IndiFly,LCC,BOM-BLR,BOM,BLR,Sat,4,Spring,Early Morning (05-08),3.1,False,False
2025-12-26,BlueSky Air,Full-service,DEL-CCU,DEL,CCU,Tue,12,Winter,Afternoon (11-15),20.0,True,False
2025-03-11,IndiFly,LCC,DEL-BLR,DEL,BLR,Fri,3,Spring,Evening (15-19),11.7,False,False
2025-12-07,Skyline National,Full-service,BOM-BLR,BOM,BLR,Sat,12,Winter,Evening (15-19),4.0,False,False
2025-01-11,BlueSky Air,Full-service,DEL-BOM,DEL,BOM,Sat,1,Winter,Night (19-23),18.2,True,False
2025-11-15,BlueSky Air,Full-service,DEL-BOM,DEL,BOM,Tue,11,Post-Monsoon,Morning (08-11),7.2,False,False
2025-06-03,IndiFly,LCC,DEL-BLR,DEL,BLR,Wed,6,Summer,Night (19-23),4.8,False,False
2025-05-03,Metro Express,LCC,DEL-PNQ,DEL,PNQ,Wed,5,Summer,Morning (08-11),11.2,False,False
2025-06-14,IndiFly,LCC,BOM-BLR,BOM,BLR,Tue,6,Summer,Evening (15-19),8.8,False,False
2025-02-08,Coastal Wings,Regional/turboprop,DEL-AMD,DEL,AMD,Sun,2,Winter,Night (19-23),2.7,False,False
2025-10-19,IndiFly,LCC,BOM-COK,BOM,COK,Tue,10,Post-Monsoon,Morning (08-11),2.8,False,False
2025-02-12,Coastal Wings,Regional/turboprop,DEL-BOM,DEL,BOM,Thu,2,Winter,Afternoon (11-15),8.5,False,False
2025-09-11,IndiFly,LCC,DEL-CCU,DEL,CCU,Mon,9,Monsoon,Afternoon (11-15),8.0,False,False
2025-03-07,Metro Express,LCC,DEL-HYD,DEL,HYD,Sun,3,Spring,Evening (15-19),21.6,True,False
2025-02-06,Metro Express,LCC,COK-BOM,COK,BOM,Tue,2,Winter,Early Morning (05-08),3.0,False,False
2025-11-17,IndiFly,LCC,BLR-COK,BLR,COK,Tue,11,Post-Monsoon,Early Morning (05-08),17.7,True,False
2025-09-18,Metro Express,LCC,DEL-BOM,DEL,BOM,Sun,9,Monsoon,Early Morning (05-08),9.7,False,False
2025-10-26,Metro Express,LCC,DEL-PNQ,DEL,PNQ,Sat,10,Post-Monsoon,Night (19-23),6.9,False,False
2025-12-04,Skyline National,Full-service,DEL-BOM,DEL,BOM,Wed,12,Winter,Evening (15-19),5.2,False,False
2025-05-16,IndiFly,LCC,BLR-HYD,BLR,HYD,Sat,5,Summer,Early Morning (05-08),4.9,False,False
2025-10-09,IndiFly,LCC,BOM-BLR,BOM,BLR,Sat,10,Post-Monsoon,Evening (15-19),8.6,False,False
2025-01-15,BlueSky Air,Full-service,DEL-HYD,DEL,HYD,Thu,1,Winter,Afternoon (11-15),20.2,True,False
2025-10-12,IndiFly,LCC,DEL-BOM,DEL,BOM,Mon,10,Post-Monsoon,Evening (15-19),7.5,False,False
2025-12-14,IndiFly,LCC,BLR-COK,BLR,COK,Thu,12,Winter,Afternoon (11-15),8.7,False,False
2025-06-21,Metro Express,LCC,BOM-GOI,BOM,GOI,Fri,6,Summer,Afternoon (11-15),4.8,False,False
2025-09-21,Coastal Wings,Regional/turboprop,BOM-BLR,BOM,BLR,Wed,9,Monsoon,Early Morning (05-08),3.1,False,False
2025-02-13,Metro Express,LCC,BOM-COK,BOM,COK,Tue,2,Winter,Afternoon (11-15),18.2,True,False
2025-11-14,Coastal Wings,Regional/turboprop,BOM-BLR,BOM,BLR,Mon,11,Post-Monsoon,Morning (08-11),9.2,False,False
2025-02-19,IndiFly,LCC,HYD-MAA,HYD,MAA,Thu,2,Winter,Evening (15-19),5.5,False,False
2025-07-20,BlueSky Air,Full-service,DEL-BLR,DEL,BLR,Mon,7,Monsoon,Early Morning (05-08),5.5,False,False
2025-12-14,BlueSky Air,Full-service,DEL-HYD,DEL,HYD,Sun,12,Winter,Afternoon (11-15),0.0,False,True
2025-12-10,BlueSky Air,Full-service,DEL-CCU,DEL,CCU,Mon,12,Winter,Early Morning (05-08),26.9,True,False
2025-08-18,BlueSky Air,Full-service,DEL-CCU,DEL,CCU,Sun,8,Monsoon,Afternoon (11-15),4.1,False,False
2025-07-12,IndiFly,LCC,DEL-GOI,DEL,GOI,Tue,7,Monsoon,Night (19-23),16.5,True,False
2025-08-27,BlueSky Air,Full-service,COK-BOM,COK,BOM,Fri,8,Monsoon,Night (19-23),14.0,False,False
2025-08-08,BlueSky Air,Full-service,DEL-BLR,DEL,BLR,Tue,8,Monsoon,Evening (15-19),5.2,False,False
2025-05-18,Metro Express,LCC,COK-BOM,COK,BOM,Wed,5,Summer,Evening (15-19),1.8,False,False
2025-10-17,IndiFly,LCC,DEL-HYD,DEL,HYD,Tue,10,Post-Monsoon,Afternoon (11-15),6.0,False,False
2025-03-25,Metro Express,LCC,DEL-HYD,DEL,HYD,Sat,3,Spring,Evening (15-19),12.2,False,False
2025-02-27,IndiFly,LCC,MAA-CCU,MAA,CCU,Sat,2,Winter,Evening (15-19),13.7,False,False
2025-08-17,IndiFly,LCC,DEL-CCU,DEL,CCU,Sat,8,Monsoon,Afternoon (11-15),4.8,False,False
2025-05-04,Metro Express,LCC,DEL-BLR,DEL,BLR,Fri,5,Summer,Morning (08-11),7.2,False,False
2025-03-26,BlueSky Air,Full-service,BOM-GOI,BOM,GOI,Fri,3,Spring,Night (19-23),2.9,False,False
2025-02-09,Metro Express,LCC,MAA-CCU,MAA,CCU,Thu,2,Winter,Night (19-23),12.8,False,False
2025-10-12,IndiFly,LCC,DEL-BOM,DEL,BOM,Tue,10,Post-Monsoon,Early Morning (05-08),7.4,False,False
2025-11-08,Skyline National,Full-service,HYD-MAA,HYD,MAA,Mon,11,Post-Monsoon,Morning (08-11),6.4,False,False
2025-04-22,Metro Express,LCC,DEL-CCU,DEL,CCU,Fri,4,Spring,Afternoon (11-15),6.8,False,False
2025-02-17,IndiFly,LCC,BOM-BLR,BOM,BLR,Sun,2,Winter,Evening (15-19),10.5,False,False
2025-08-04,Metro Express,LCC,COK-BOM,COK,BOM,Sun,8,Monsoon,Night (19-23),24.5,True,False
2025-06-17,IndiFly,LCC,BOM-GOI,BOM,GOI,Thu,6,Summer,Early Morning (05-08),31.5,True,False
2025-11-19,Coastal Wings,Regional/turboprop,DEL-BLR,DEL,BLR,Wed,11,Post-Monsoon,Night (19-23),7.0,False,False
2025-07-02,BlueSky Air,Full-service,DEL-BOM,DEL,BOM,Tue,7,Monsoon,Early Morning (05-08),5.9,False,False
2025-07-08,Metro Express,LCC,DEL-BLR,DEL,BLR,Sun,7,Monsoon,Morning (08-11),6.2,False,False
2025-10-26,BlueSky Air,Full-service,BLR-COK,BLR,COK,Tue,10,Post-Monsoon,Morning (08-11),1.6,False,False
2025-09-23,BlueSky Air,Full-service,BLR-HYD,BLR,HYD,Wed,9,Monsoon,Early Morning (05-08),3.7,False,False
2025-02-09,BlueSky Air,Full-service,DEL-PNQ,DEL,PNQ,Mon,2,Winter,Early Morning (05-08),2.8,False,False
2025-09-06,BlueSky Air,Full-service,BLR-HYD,BLR,HYD,Sat,9,Monsoon,Evening (15-19),5.3,False,False
2025-08-01,Skyline National,Full-service,BOM-COK,BOM,COK,Sun,8,Monsoon,Night (19-23),4.8,False,False
2025-02-20,IndiFly,LCC,BLR-COK,BLR,COK,Fri,2,Winter,Early Morning (05-08),4.0,False,False
2025-01-19,IndiFly,LCC,BLR-HYD,BLR,HYD,Mon,1,Winter,Evening (15-19),2.9,False,False
2025-12-09,BlueSky Air,Full-service,DEL-HYD,DEL,HYD,Wed,12,Winter,Afternoon (11-15),14.8,False,False
2025-03-05,BlueSky Air,Full-service,MAA-CCU,MAA,CCU,Mon,3,Spring,Early Morning (05-08),11.6,False,False
2025-11-28,Skyline National,Full-service,COK-BOM,COK,BOM,Tue,11,Post-Monsoon,Morning (08-11),3.5,False,False
2025-04-23,Coastal Wings,Regional/turboprop,BOM-GOI,BOM,GOI,Sun,4,Spring,Afternoon (11-15),3.1,False,False
2025-11-14,Metro Express,LCC,BOM-BLR,BOM,BLR,Thu,11,Post-Monsoon,Early Morning (05-08),4.4,False,False
2025-12-21,Metro Express,LCC,BOM-COK,BOM,COK,Wed,12,Winter,Afternoon (11-15),2.6,False,False
2025-12-04,BlueSky Air,Full-service,DEL-HYD,DEL,HYD,Thu,12,Winter,Evening (15-19),22.1,True,False
2025-05-22,Skyline National,Full-service,COK-BOM,COK,BOM,Mon,5,Summer,Night (19-23),2.9,False,False
2025-01-28,IndiFly,LCC,BOM-BLR,BOM,BLR,Mon,1,Winter,Afternoon (11-15),3.6,False,False
2025-03-17,Coastal Wings,Regional/turboprop,DEL-BOM,DEL,BOM,Sat,3,Spring,Afternoon (11-15),12.4,False,False
2025-02-22,Metro Express,LCC,DEL-BOM,DEL,BOM,Fri,2,Winter,Evening (15-19),17.6,True,False
2025-04-11,Coastal Wings,Regional/turboprop,BOM-BLR,BOM,BLR,Sun,4,Spring,Early Morning (05-08),5.3,False,False
2025-07-12,IndiFly,LCC,DEL-PNQ,DEL,PNQ,Fri,7,Monsoon,Night (19-23),10.6,False,False
2025-01-24,Coastal Wings,Regional/turboprop,DEL-BOM,DEL,BOM,Fri,1,Winter,Afternoon (11-15),27.4,True,False
2025-10-25,Metro Express,LCC,BOM-BLR,BOM,BLR,Sat,10,Post-Monsoon,Evening (15-19),7.6,False,False
2025-08-05,BlueSky Air,Full-service,DEL-AMD,DEL,AMD,Sat,8,Monsoon,Night (19-23),3.1,False,False
2025-10-11,IndiFly,LCC,BLR-COK,BLR,COK,Tue,10,Post-Monsoon,Morning (08-11),6.9,False,False
2025-09-24,Skyline National,Full-service,DEL-BLR,DEL,BLR,Thu,9,Monsoon,Morning (08-11),4.2,False,False
2025-06-28,BlueSky Air,Full-service,DEL-BOM,DEL,BOM,Wed,6,Summer,Morning (08-11),4.1,False,False
2025-01-19,IndiFly,LCC,BLR-HYD,BLR,HYD,Mon,1,Winter,Afternoon (11-15),14.1,False,False
2025-05-07,Skyline National,Full-service,BOM-GOI,BOM,GOI,Fri,5,Summer,Early Morning (05-08),6.0,False,False
2025-08-13,Metro Express,LCC,HYD-MAA,HYD,MAA,Fri,8,Monsoon,Night (19-23),8.6,False,False
2025-04-04,Skyline National,Full-service,DEL-BOM,DEL,BOM,Wed,4,Spring,Afternoon (11-15),20.7,True,False
2025-07-24,IndiFly,LCC,BOM-COK,BOM,COK,Sat,7,Monsoon,Morning (08-11),7.8,False,False
2025-12-17,IndiFly,LCC,BOM-BLR,BOM,BLR,Wed,12,Winter,Night (19-23),21.1,True,False
2025-08-12,BlueSky Air,Full-service,MAA-CCU,MAA,CCU,Fri,8,Monsoon,Evening (15-19),3.0,False,False
2025-01-23,BlueSky Air,Full-service,DEL-BOM,DEL,BOM,Thu,1,Winter,Morning (08-11),9.9,False,False
2025-01-21,BlueSky Air,Full-service,BLR-HYD,BLR,HYD,Mon,1,Winter,Early Morning (05-08),2.3,False,False
2025-08-11,BlueSky Air,Full-service,MAA-CCU,MAA,CCU,Mon,8,Monsoon,Afternoon (11-15),2.4,False,False
2025-09-16,BlueSky Air,Full-service,DEL-PNQ,DEL,PNQ,Sun,9,Monsoon,Evening (15-19),5.4,False,False
2025-10-17,BlueSky Air,Full-service,COK-BOM,COK,BOM,Wed,10,Post-Monsoon,Evening (15-19),10.0,False,False
2025-05-25,IndiFly,LCC,BOM-GOI,BOM,GOI,Thu,5,Summer,Evening (15-19),6.8,False,False
2025-09-19,Skyline National,Full-service,DEL-BOM,DEL,BOM,Mon,9,Monsoon,Morning (08-11),8.9,False,False
2025-09-08,Metro Express,LCC,DEL-BOM,DEL,BOM,Thu,9,Monsoon,Early Morning (05-08),9.7,False,False
2025-05-18,Metro Express,LCC,BLR-HYD,BLR,HYD,Thu,5,Summer,Afternoon (11-15),9.9,False,False
2025-07-28,Coastal Wings,Regional/turboprop,DEL-BOM,DEL,BOM,Tue,7,Monsoon,Morning (08-11),5.9,False,False
2025-03-17,Metro Express,LCC,DEL-CCU,DEL,CCU,Thu,3,Spring,Evening (15-19),5.0,False,False
2025-06-01,Skyline National,Full-service,DEL-BOM,DEL,BOM,Tue,6,Summer,Morning (08-11),18.6,True,False
2025-12-10,BlueSky Air,Full-service,DEL-BLR,DEL,BLR,Wed,12,Winter,Early Morning (05-08),13.8,False,False
2025-11-06,BlueSky Air,Full-service,DEL-AMD,DEL,AMD,Thu,11,Post-Monsoon,Early Morning (05-08),4.0,False,False
2025-03-23,Metro Express,LCC,DEL-CCU,DEL,CCU,Tue,3,Spring,Night (19-23),10.3,False,False
2025-11-03,Skyline National,Full-service,DEL-HYD,DEL,HYD,Tue,11,Post-Monsoon,Evening (15-19),10.5,False,False
2025-12-15,IndiFly,LCC,DEL-AMD,DEL,AMD,Sun,12,Winter,Evening (15-19),14.8,False,False
2025-09-14,Coastal Wings,Regional/turboprop,MAA-CCU,MAA,CCU,Thu,9,Monsoon,Early Morning (05-08),5.7,False,False
2025-01-15,BlueSky Air,Full-service,DEL-BOM,DEL,BOM,Mon,1,Winter,Afternoon (11-15),11.6,False,False
2025-03-18,IndiFly,LCC,DEL-BLR,DEL,BLR,Fri,3,Spring,Afternoon (11-15),5.1,False,False
2025-01-12,BlueSky Air,Full-service,BLR-COK,BLR,COK,Wed,1,Winter,Early Morning (05-08),6.1,False,False
2025-09-20,Skyline National,Full-service,BOM-BLR,BOM,BLR,Wed,9,Monsoon,Morning (08-11),11.6,False,False
2025-06-22,Metro Express,LCC,BOM-BLR,BOM,BLR,Mon,6,Summer,Afternoon (11-15),4.4,False,False
2025-01-18,IndiFly,LCC,BOM-BLR,BOM,BLR,Wed,1,Winter,Evening (15-19),5.0,False,False
2025-12-01,BlueSky Air,Full-service,MAA-CCU,MAA,CCU,Sat,12,Winter,Morning (08-11),2.5,False,False
2025-09-18,BlueSky Air,Full-service,HYD-MAA,HYD,MAA,Mon,9,Monsoon,Evening (15-19),9.8,False,False
2025-12-10,Metro Express,LCC,BLR-HYD,BLR,HYD,Sun,12,Winter,Afternoon (11-15),6.1,False,False
2025-04-25,Metro Express,LCC,DEL-PNQ,DEL,PNQ,Wed,4,Spring,Early Morning (05-08),2.9,False,False
2025-11-20,Skyline National,Full-service,DEL-BOM,DEL,BOM,Thu,11,Post-Monsoon,Night (19-23),5.2,False,False
2025-11-21,Metro Express,LCC,HYD-MAA,HYD,MAA,Wed,11,Post-Monsoon,Morning (08-11),2.1,False,False
2025-08-20,BlueSky Air,Full-service,DEL-PNQ,DEL,PNQ,Mon,8,Monsoon,Evening (15-19),3.2,False,False
2025-09-23,Metro Express,LCC,BOM-COK,BOM,COK,Sun,9,Monsoon,Morning (08-11),3.6,False,False
2025-08-08,Skyline National,Full-service,DEL-HYD,DEL,HYD,Mon,8,Monsoon,Afternoon (11-15),8.7,False,False
2025-12-16,IndiFly,LCC,DEL-BOM,DEL,BOM,Sun,12,Winter,Night (19-23),17.5,True,False
2025-12-26,Coastal Wings,Regional/turboprop,DEL-BOM,DEL,BOM,Mon,12,Winter,Early Morning (05-08),32.9,True,False
2025-04-27,BlueSky Air,Full-service,DEL-PNQ,DEL,PNQ,Sun,4,Spring,Afternoon (11-15),2.8,False,False
2025-09-09,BlueSky Air,Full-service,DEL-HYD,DEL,HYD,Thu,9,Monsoon,Early Morning (05-08),4.1,False,False
2025-08-21,Metro Express,LCC,DEL-GOI,DEL,GOI,Sun,8,Monsoon,Early Morning (05-08),14.6,False,False
2025-09-28,Skyline National,Full-service,DEL-BOM,DEL,BOM,Thu,9,Monsoon,Night (19-23),3.3,False,False
2025-02-16,IndiFly,LCC,DEL-HYD,DEL,HYD,Tue,2,Winter,Morning (08-11),5.0,False,False
2025-08-06,IndiFly,LCC,BOM-GOI,BOM,GOI,Sun,8,Monsoon,Early Morning (05-08),10.2,False,False
2025-05-15,IndiFly,LCC,DEL-BLR,DEL,BLR,Fri,5,Summer,Evening (15-19),3.8,False,False
2025-04-16,Metro Express,LCC,BOM-COK,BOM,COK,Tue,4,Spring,Morning (08-11),4.9,False,False
2025-09-07,BlueSky Air,Full-service,BOM-COK,BOM,COK,Sun,9,Monsoon,Afternoon (11-15),12.9,False,False
2025-01-25,Skyline National,Full-service,DEL-BLR,DEL,BLR,Sat,1,Winter,Morning (08-11),13.8,False,False
